doi,title,authors,year,journal,type,core,review_status,domains,finding,dichotomy_use,limitation,url
10.1007/978-3-032-24416-1_7,Mars Unveiled: Atmosphere and Surface,Steven Hobbs,2026,Sensing Mars: Remote Sensing to Understand the Red Planet,book-chapter,False,Discovery candidate — not screened,Atmosphere,,,,https://doi.org/10.1007/978-3-032-24416-1_7
10.1007/s11214-026-01278-7,Mars Express: Genesis and Infancy,J.-P. Bibring; J.-L. Bertaux; R. Bonnet; R. Bonneville; O. Korablev; Y. Langevin; L. Frécon; V. Poinsignon; R. Schmidt,2026,Space Science Reviews,journal-article,False,Discovery candidate — not screened,Missions,,,,https://doi.org/10.1007/s11214-026-01278-7
10.1007/s12583-026-0512-6,Water Retention in Martian Clays Under Modern Martian Environments,Zihan Zhang; Jie Meng; Li Wang; Dongpo Wang; Changdong Li; Helge Hellevang; Gongji Zhang,2026,Journal of Earth Science,journal-article,False,Discovery candidate — not screened,Dichotomy,,,,https://doi.org/10.1007/s12583-026-0512-6
10.1016/j.asr.2025.12.052,Late Amazonian glaciation in the Acheron Fossae region of Mars,Tanisha Ghosh; Reet Kamal Tiwari; Rishitosh K. Sinha; Rajiv R. Bharti,2026,Advances in Space Research,journal-article,False,Discovery candidate — not screened,Surface and water,,,,https://doi.org/10.1016/j.asr.2025.12.052
10.1016/j.epsl.2026.119948,Linking planetary–scale spatio-temporal trends in magma compositions and volcanic resurfacing on Mars,Arka Pratim Chatterjee; Meredith Townsend; Christian Huber; James W. Head; Olivier Bachmann,2026,Earth and Planetary Science Letters,journal-article,False,Discovery candidate — not screened,Surface and water,,,,https://doi.org/10.1016/j.epsl.2026.119948
10.1016/j.epsl.2026.120002,Corrigendum to Gravity-driven fold-thrust belt at the Martian dichotomy Earth Planet. Sci. Lett. 671 (2025) 119645,F. Carboni; O. Karagoz; J.B. Ruh; T. Kenkmann,2026,Earth and Planetary Science Letters,journal-article,False,Discovery candidate — not screened,Dichotomy,,,,https://doi.org/10.1016/j.epsl.2026.120002
10.1016/j.gca.2026.06.002,FTIR constraints on Martian mantle water from clinopyroxene in nakhlite and shergottite meteorites,Ioana-Bogdana Radu; Cécile Deligny; Henrik Skogby; Roland Stalder; Jeremy J. Bellucci; Martin J. Whitehouse,2026,Geochimica et Cosmochimica Acta,journal-article,False,Discovery candidate — not screened,Meteorite magnetism; Meteorite geochemistry,,,,https://doi.org/10.1016/j.gca.2026.06.002
10.1016/j.icarus.2025.116833,The influence of Mars’ continental-scale topographic structures on its hemispheric asymmetry in baroclinic wave activity,Márton Mester; R. John Wilson; Jeffery L. Hollingsworth; Melinda A. Kahre,2026,Icarus,journal-article,False,Discovery candidate — not screened,Dichotomy,,,,https://doi.org/10.1016/j.icarus.2025.116833
10.1016/s0262-4079(26)00696-2,Martian living,Alison Flood,2026,New Scientist,journal-article,False,Discovery candidate — not screened,Dichotomy,,,,https://doi.org/10.1016/s0262-4079(26)00696-2
10.1029/2025gc012641,3D Local Measurement of the Magnetic Field Strength Inside Martian Meteorite NWA 7034 by Polarimetric Neutron Imaging,Cédric Holme Qvistgaard; Estrid Buhl Naver; Alexander Wolfertz; Vahid Karimi; Takenao Shinohara; Joseph Don Parker; Tetsuya Kai; Hirotoshi Hayashida; Søren Schmidt; Luise Theil Kuhn,2026,"Geochemistry, Geophysics, Geosystems",journal-article,False,Discovery candidate — not screened,Meteorite magnetism; Meteorite provenance,,,,https://doi.org/10.1029/2025gc012641
10.1029/2025gl118933,"Quantifying High‐Frequency Migrating Tides in the Atmosphere of Mars With Observations From EMIRS, Curiosity and Perseverance",Aishwarya Kumar; Scott L. England; R. John Wilson; Amanda S. Brecht,2026,Geophysical Research Letters,journal-article,False,Discovery candidate — not screened,Missions,,,,https://doi.org/10.1029/2025gl118933
10.1029/2025ja034918,Statistical Study of Short Large‐Amplitude Magnetic Structures at Mars Observed by MAVEN,Tsz Kiu Wong Chan; Tomas Karlsson; Sofia Bergman,2026,Journal of Geophysical Research: Space Physics,journal-article,False,Discovery candidate — not screened,Magnetism; Atmosphere,,,,https://doi.org/10.1029/2025ja034918
10.1029/2025je009107,"In Situ Carbonation of Sedimentary and Igneous Rocks of Ultramafic Composition in Jezero Crater, Mars",E. Clavé; O. Beyssac; P. Beck; C. Royer; L. Mandon; N. Mangold; O. Forni; E. Dehouck; C. Bedford; A. Udry; S. Schröder; S. Bernard; C. Quantin‐Nataf; M. Loche; J. Aramendia; A. Brown; G. Caravaca; E. Cardarelli; L. Coloma; S. A. Connell; T. Fouchet; J. R. Johnson; G. Lopez‐Reyes; J. M. Madariaga; J. A. Manrique; S. Maurice; P.‐Y. Meslin; S. Le Mouélic; A. M. Ollila; P. Pilleri; C. Pilorget; K. Rammelkamp; F. Seel; J. I. Simon; U. Wolf; A. Zastrow; S. Clegg; O. Gasnault; R. C. Wiens; A. Cousin,2026,Journal of Geophysical Research: Planets,journal-article,False,Discovery candidate — not screened,Missions,,,,https://doi.org/10.1029/2025je009107
10.1029/2025je009353,Shortwave Infrared Microimaging Spectroscopy of the Martian Meteorites,J. K. Miura; B. L. Ehlmann; R. Greenberger; E. Cutts,2026,Journal of Geophysical Research: Planets,journal-article,False,Discovery candidate — not screened,Meteorite magnetism,,,,https://doi.org/10.1029/2025je009353
10.1029/2025je009393,Ferromagnesian Clay Diversity Across Mars' Crustal Dichotomy: A Window Into Early Aqueous Environments,Jeremy Brossier; Francesca Altieri; Maria Cristina De Sanctis; Alessandro Frigeri; Marco Ferrari; Simone De Angelis; Enrico Bruschini; Monica Rasmussen; Janko Trisic Ponce,2026,Journal of Geophysical Research: Planets,journal-article,True,Abstract consulted,Surface and evolution,Orbital observations document diverse clay-bearing terrains along the dichotomy region.,Tests heterogeneous alteration histories and substrate composition.,"Spectral exposure, dust and observational coverage bias comparisons between hemispheres.",https://doi.org/10.1029/2025je009393
10.1029/2025je009486,Regional Mapping of MAVEN Orbital Magnetometer Data: Implications for the Nature of Crustal Field Sources and the Duration of the Mars Dynamo,L. L. Hood; T. Matlock; D. A. Crown; D. A. Williams; J. S. Oliveira; J. Halekas; B. Langlais; R. Lillis,2026,Journal of Geophysical Research: Planets,journal-article,False,Discovery candidate — not screened,Magnetism,,,,https://doi.org/10.1029/2025je009486
10.1029/2025rg000882,Composition of the Martian Crust and Its Relationship to the Martian Mantle: A Post‐InSight View,S. M. McLennan; A. Khan; P. A. Sossi; K. W. Cheng; C. Liebske,2026,Reviews of Geophysics,journal-article,False,Discovery candidate — not screened,Meteorite geochemistry,,,,https://doi.org/10.1029/2025rg000882
10.1029/2025sw004618,MAVEN EUVM Data Products for Space Weather at Mars,P. C. Chamberlin; G. A. DiBraccio; R. J. Borelli; Y. M. Collado‐Vega; S. Curry; F. G. Eparvier; C. O. Lee; M. L. Mays; E. M. B. Thiemann; C. Wiegand,2026,Space Weather,journal-article,False,Discovery candidate — not screened,Magnetism,,,,https://doi.org/10.1029/2025sw004618
10.1029/2026gl122393,Crustal Density Differences Along Mars' Dichotomy Boundary From Gravity and Topography,Sander Goossens; Terence J. Sabaka,2026,Geophysical Research Letters,journal-article,True,Abstract consulted,Interior,Orbital tracking analysis provides a constraint on the contrast in bulk crustal density between hemispheres.,Helps distinguish a thickness contrast from a density contrast.,Numerical densities were not reliably preserved in harvested abstract equations; consult the original figures before quantitative reuse.,https://doi.org/10.1029/2026gl122393
10.1029/2026gl122537,"Corundum Discovered by SuperCam and the Perseverance Rover at Jezero Crater, Mars",A. M. Ollila; O. Beyssac; A. Fau; O. Forni; E. Clavé; P. Beck; C. C. Bedford; V. Payre; E. Dehouck; S. A. Connell; J. A. Manrique; P. Pilleri; O. Gasnault; G. M. Martinez; A. Udry; S. Bernard; P. Gasda; T. Acosta‐Maeda; R. B. Anderson; T. S. J. Gabriel; F. Calef; J. F. Bell; J. Maki; S. Schröder; C. Quantin‐Nataf; J. R. Johnson; B. Chide; K. Rammelkamp; F. Poulet; C. Royer; M. Rock; N. L. Lanza; S. K. Sharma; G. Lopez‐Reyes; T. Fouchet; J. Comellas; A. Zastrow; E. Cloutis; R. C. Wiens; A. Cousin; S. Maurice; S. Clegg; P. Bernardi; T. Nelson,2026,Geophysical Research Letters,journal-article,False,Discovery candidate — not screened,Missions,,,,https://doi.org/10.1029/2026gl122537
10.1029/2026je009678,Viscosity and Thermal Conductivity of Iron‐Rich Silicate Melts at the Martian Core‐Mantle Boundary: Implications for a Basal Molten Layer,Xiaoguang Niu; Ruixi Liu; Zhiming Zhang; Yicheng Sun; Guangjun Guo; Shengxuan Huang; Yang Li; Zhigang Zhang,2026,Journal of Geophysical Research: Planets,journal-article,False,Discovery candidate — not screened,Interior,,,,https://doi.org/10.1029/2026je009678
10.1029/2026je009718,Early Water on Mars Hindered Subduction‐Driven Plate Tectonics,Subhendu Pramanik; David Hernández‐Uribe; Andrew J. Dombard,2026,Journal of Geophysical Research: Planets,journal-article,False,Discovery candidate — not screened,Volcanism and tectonics,,,,https://doi.org/10.1029/2026je009718
10.1029/2026je009722,Mechanisms of Vesicle Evolution in the Fusion Crust of the Martian Meteorite NWA 10645,Chunjie Cao; Duojun Wang; Kenan Han; Kewei Shen; Kexuan Zhang,2026,Journal of Geophysical Research: Planets,journal-article,False,Discovery candidate — not screened,Meteorite geochemistry,,,,https://doi.org/10.1029/2026je009722
10.1038/s41467-026-72209-x,"Partially melted low velocity zones reveal an active upper mantle beneath Elysium Planitia, Mars",Mingwei Dai; Daoyuan Sun; Chenyang Zhao; Zhu Mao; Ningyu Sun; Huixing Bi,2026,Nature Communications,journal-article,False,Discovery candidate — not screened,Volcanism and tectonics,,,,https://doi.org/10.1038/s41467-026-72209-x
10.1038/s41550-026-02907-5,Seismic evidence for a melt-depleted lower crust and transcrustal magmatism on Mars,T. Mackay-Champion; M. Anderson Loake; R. Palin; J. Wade; J.-M. Kendall,2026,Nature Astronomy,journal-article,True,Selected full-text sections consulted,Interior,Seismic and petrological modelling interprets a lower-crustal layer beneath InSight as melt-depleted ultramafic material.,Adds lithological differentiation without requiring plate tectonics.,A local seismic anchor and phase-equilibrium models do not establish global lower-crustal uniformity.,https://doi.org/10.1038/s41550-026-02907-5
10.1038/s41550-026-02917-3,Primary evaporite in southern Utopia Planitia on Mars from Zhurong rover observations,Jiacheng Liu; Bo Wu; Wenyuan Gao; James W. Head; Joseph R. Michalski; Mei-Fu Zhou; Anthony E. Williams-Jones; Xingao Hou; Zongcheng Ling; Zhongchen Wu; Changqing Liu; Yuqi Qian; Honglei Lin; Sen Hu; Yu Sun; Wei Tan; Xiao Wang; Guochun Zhao,2026,Nature Astronomy,journal-article,False,Discovery candidate — not screened,Surface and water,,,,https://doi.org/10.1038/s41550-026-02917-3
10.1038/s41586-026-10893-x,Tidal tomography reveals a thermal anomaly beneath Mars’s crustal dichotomy,Alexander Berne; Nicholas Wagner; Isamu Matsuyama; Sander Goossens; Antonio Genova; Marc Rovira-Navarro; Amirhossein Bagheri; Chuan Qin; Angela Marusiak; Douglas Hemingway; Harriet C. P. Lau; Kar Wai Cheng; Shijie Zhong; Francis Nimmo,2026,Nature,journal-article,True,Selected full-text sections consulted,Interior,Orbiter tracking reveals asymmetric seasonal tidal gravity; inversion supports a hotter southern mantle.,Adds a present-day interior constraint; atmospheric pressure loading is explicitly modelled with MCD.,Convection and crustal insulation remain alternatives. Atmospheric and elastic-model sensitivity must accompany the inversion.,https://doi.org/10.1038/s41586-026-10893-x
10.1038/s43247-026-03227-2,Igneous and sedimentary origins of Jezero crater units from X-ray crystal mapping on Mars,Brendan J. Orenstein; David T. Flannery; Michael W. M. Jones; Eleanor L. Moreland; Kirsten L. Siebach; Michael M. Tice; Allan H. Treiman; Briony Horgan; Balz Kamber; Athanasios Klidaras; Luke Nothdurft; Yang Liu; Edward A. Cloutis; Abigail C. Allwood; Scott VanBommel,2026,Communications Earth & Environment,journal-article,False,Discovery candidate — not screened,Missions,,,,https://doi.org/10.1038/s43247-026-03227-2
10.1038/s44453-026-00048-7,Remanent crustal strain on Mars in non-poikilitic olivine of NWA 7721,Yaozhu Li; Szilvia Kalácska; Phil J. A. McCausland; Roberta L. Flemming; Callum J. Hetherington; Bo Zhao; Can Yildirim; Carsten Detlefs,2026,npj Space Exploration,journal-article,False,Discovery candidate — not screened,Meteorite magnetism; Meteorite geochemistry,,,,https://doi.org/10.1038/s44453-026-00048-7
10.1038/scientificamerican072026-338xwiuaanm1eke7rmb42m,Martian Shadow,Joseph Howlett,2026,Scientific American,journal-article,False,Discovery candidate — not screened,Dichotomy,,,,https://doi.org/10.1038/scientificamerican072026-338xwiuaanm1eke7rmb42m
10.1080/00107514.2026.2644293,Martian impact craters: a morphological perspective,B. Ishak,2026,Contemporary Physics,journal-article,False,Discovery candidate — not screened,Meteorite provenance,,,,https://doi.org/10.1080/00107514.2026.2644293
10.1088/1674-4527/ae50db,Space Waterspout on Mars: MAVEN Observations of Siphoning Ion Escape from Mars through an Open Flux Tube,Pu Yang; Xiao-Jun Xu; Heng-Yan Man; Si-Qi Yi; Xing Wang; Lei Luo; Wen-Jing Zhao; Pei-Shan He; Zi-Lu Zhou; Hui Li; Jun Cui,2026,Research in Astronomy and Astrophysics,journal-article,False,Discovery candidate — not screened,Atmosphere,,,,https://doi.org/10.1088/1674-4527/ae50db
10.1126/sciadv.aea3420,A Noachian hydrosphere component in the 4.1-Ga Martian meteorite Teghaza 001,Lee Saper; Yang Liu; Yunbin Guan; Chi Ma; Elizabeth Ann Bell; Carl B. Agee,2026,Science Advances,journal-article,False,Discovery candidate — not screened,Meteorite magnetism,,,,https://doi.org/10.1126/sciadv.aea3420
10.1126/sciadv.aed5787,A plagioclase-rich protocrust on Mars formed by magma ocean crystallization,Xue Wang; Yanhao Lin; Wim van Westrenen,2026,Science Advances,journal-article,True,Abstract consulted,Meteorite geochemistry and provenance,Experiments explore buoyant differentiated protocrust formation during oxidized magma-ocean crystallization.,Expands possible initial crustal compositions for dichotomy models.,"Laboratory conditions and extrapolation to a global magma ocean are model assumptions, not direct mapping of Mars.",https://doi.org/10.1126/sciadv.aed5787
10.1126/science.adu8264,"Carbonated ultramafic igneous rocks in Jezero crater, Mars",Kenneth H. Williford; Kenneth A. Farley; Briony H. N. Horgan; Brad Garczynski; Allan H. Treiman; Sanjeev Gupta; Alexander J. Jones; Sandra Siljeström; Elise Clavé; Lisa Mayhew; Jeffrey T. Osterhout; Eleni Ravanis; Kathryn M. Stack; Sarah Fagents; Candice C. Bedford; Tanja Bosak; Sergei V. Bykov; David Flannery; Kevin P. Hand; Michael W. M. Jones; Linda Kah; Athanasios Klidaras; Justin Maki; Lucia Mandon; Elias Mansbach; Francis M. McCubbin; Justin I. Simon; Anushree Srivastava; Kyle Uckert; Roger C. Wiens; Sanna Alwmark; Julene Aramendia; Robert Barnes; Pierre Beck; James F. Bell; Sylvain Bernard; Rohit Bhartia; Michael S. Bramble; Adrian J. Brown; Adrian Broz; Denise Buckner; David C. Catling; Edward Cloutis; Stephanie Connell; Andrea Corpolongo; Andrew D. Czaja; Erwin Dehouck; Teresa Fornaro; Olivier Forni; Nikole C. Haney; Keyron Hickman-Lewis; William Hug; Ari Koeppel; Juan Manuel Madariaga; Jesús Martínez-Frías; Jorge I. Núñez; Brendan J. Orenstein; Yu Yu Phua; Cedric Pilorget; Nicolas Randazzo; Clément Royer; Eva L. Scheller; Nicole Schmitz; Susanne Schröder; Mark A. Sephton; Shiv Sharma; Sunanda Sharma; David Shuster; Kimberly P. Sinclair; Andrew Steele; Christian Tate; Benjamin Weiss; Amy J. Williams; Z. Uriah Wolf; R. Aileen Yingst,2026,Science,journal-article,False,Discovery candidate — not screened,Missions,,,,https://doi.org/10.1126/science.adu8264
10.1144/gslspecpub2025-35,Martian chronology,Hunter R. Edwards; Joseph E. Gutierrez; James M. D. Day,2026,"Geological Society, London, Special Publications",journal-article,False,Discovery candidate — not screened,Dichotomy,,,,https://doi.org/10.1144/gslspecpub2025-35
10.21203/rs.3.rs-10379955/v1,No solid evidence for an inner core on Mars,Marjolein Visser; Federico Munch; Amir Khan; Daniel Andrew Frost; Domenico Giardini,2026,,posted-content,False,Discovery candidate — not screened,Interior,,,,https://doi.org/10.21203/rs.3.rs-10379955/v1
10.21203/rs.3.rs-10733550/v1,True polar wander of Mars during the Late Amazonian revealed by polar ice caps,Tao Wang; Shubin Xu; Jing Shi; Zheng Gong; Ling Chen,2026,,posted-content,False,Discovery candidate — not screened,Gravity and topography,,,,https://doi.org/10.21203/rs.3.rs-10733550/v1
10.2138/am-2025-9919,"Most nakhlite martian meteorites were magmas, not crystal cumulates",Allan H. Treiman,2026,American Mineralogist,journal-article,False,Discovery candidate — not screened,Meteorite magnetism,,,,https://doi.org/10.2138/am-2025-9919
10.2139/ssrn.7123182,Martian Chapar-Khaneh,Mehdi Ebrahimi,2026,,posted-content,False,Discovery candidate — not screened,Dichotomy,,,,https://doi.org/10.2139/ssrn.7123182
10.22541/essoar.15001847/v1,An Axial and Reversing Dynamo on Mars Before 4.0 Ga,JunFeng Qin; Michael Manga; Sarah C Steele; Robert James Lillis; Benoit Langlais; Shannon M. Curry,2026,,posted-content,False,Discovery candidate — not screened,Magnetism,,,,https://doi.org/10.22541/essoar.15001847/v1
10.22541/essoar.15001996/v1,Teghaza 001: An ancient Martian gabbroic diorite derived from previously unsampled Martian crust and mantle,Yang Liu; Lee Saper; Elizabeth Ann Bell; Chi Ma; Haoyu Li; Jinping Hu; Yunbin Guan; Hayward Melton; Alicia M. Cruz-Uribe; Teng Ee Yap; Francois L.H. Tissot; Claire E. Bucholz; Karen Ziegler; Carl B. Agee,2026,,posted-content,False,Discovery candidate — not screened,Meteorite geochemistry,,,,https://doi.org/10.22541/essoar.15001996/v1
10.22541/essoar.175443228.85241644/v3,Primitive crust buried below southern highland of Mars,Shuoran Yu; Nan Zhang; Mingjie Zhang; Long Xiao,2026,,posted-content,False,Discovery candidate — not screened,Gravity and topography; Meteorite geochemistry; Chronology,,,,https://doi.org/10.22541/essoar.175443228.85241644/v3
10.2307/jj.36106107.14,Martian Sleep,,2026,The Sleepless Ape,book-chapter,False,Discovery candidate — not screened,Dichotomy,,,,https://doi.org/10.2307/jj.36106107.14
10.3847/1538-4357/ae32ef,Primitive Crust Buried Below the Southern Highland of Mars,Shuoran Yu; Nan Zhang; Mingjie Zhang; Long Xiao,2026,The Astrophysical Journal,journal-article,False,Discovery candidate — not screened,Gravity and topography; Meteorite geochemistry; Chronology,,,,https://doi.org/10.3847/1538-4357/ae32ef
10.5194/egusphere-egu26-10624,Dust escape from Mars,Martin Bødker Bonde Enghoff; Peter Siegbjørn Jørgensen; Mathias Benn; John Leif Jørgensen; John E.P. Connerney,2026,,posted-content,False,Discovery candidate — not screened,Atmosphere,,,,https://doi.org/10.5194/egusphere-egu26-10624
10.5194/egusphere-egu26-10791,Assessing the Role of Water–Rock Interactions in Martian Crustal Magnetization,Anna Mittelholz; Gaia Stucky de Quay; Adrien Broquet; Timothee Delcourt; Catherine Johnson; Max Moorkamp; Luju Ojha,2026,,posted-content,False,Discovery candidate — not screened,Magnetism,,,,https://doi.org/10.5194/egusphere-egu26-10791
10.5194/egusphere-egu26-13312,"Using Mastcam Multispectral Data from Curiosity to Correct Orbital Observations of Gale Crater, Mars",Alivia Eng; Frances Rivera-Hernández; Nicolas Thomas; Livio Tornabene; Adomas Valantinas; James Wray,2026,,posted-content,False,Discovery candidate — not screened,Missions,,,,https://doi.org/10.5194/egusphere-egu26-13312
10.5194/egusphere-egu26-14203,Constraining the stratigraphic fill of Mars’ northern lowlands from buried-crater statistics: implications for resurfacing history and volatile budgets,Francesco Salese; Eric Hiatt; Monica Pondrelli; Marc Hesse; Matilda Soldano; Alberto Fairén,2026,,posted-content,False,Discovery candidate — not screened,Chronology,,,,https://doi.org/10.5194/egusphere-egu26-14203
10.5194/egusphere-egu26-14982,"Perseverance-Exposed Broken Rock Interiors and Subsurface Regolith in Jezero Crater, Mars.",Grady Robbins; Jim Bell; Jeff Johnson; Melissa Rice; Olivier Gasnault,2026,,posted-content,False,Discovery candidate — not screened,Missions,,,,https://doi.org/10.5194/egusphere-egu26-14982
10.5194/egusphere-egu26-15381,Constraints on Shallow Subsurface Water Ice in Southern Utopia Planitia from Mars Rover Penetrating Radar,Yi Xu; Iraklis Giannakis; Xindong Meng; Ling Zhang; Roberto Bugiolacchi; Jiannan Zhao,2026,,posted-content,False,Discovery candidate — not screened,Surface and water,,,,https://doi.org/10.5194/egusphere-egu26-15381
10.5194/egusphere-egu26-16580,Crustal Structural Layering and Regional Stratigraphic Variations on Mars,Ling Chen; Xu Wang; Xin Wang; Yike Liu; Jinhai Zhang; Yongxin Pan,2026,,posted-content,False,Discovery candidate — not screened,Magnetism,,,,https://doi.org/10.5194/egusphere-egu26-16580
10.5194/epsc2026-1004,Martian Ionospheric Variability from Mars Express and MAVEN Radio Occultations,Ananya Krishnan; Ozgur Karatekin; Olivier Witasse,2026,,posted-content,False,Discovery candidate — not screened,Magnetism,,,,https://doi.org/10.5194/epsc2026-1004
10.5194/epsc2026-169,20 Years of Mars Science from MRO HiRISE,Alfred McEwen; Shane Byrne,2026,,posted-content,False,Discovery candidate — not screened,Missions,,,,https://doi.org/10.5194/epsc2026-169
10.5194/epsc2026-312,Sky Spectroscopy with the Perseverance and Curiosity Mars Rovers: Latest results for Molecular Oxygen and Water Vapor,Timothy McConnochie; Co-authors,2026,,posted-content,False,Discovery candidate — not screened,Missions,,,,https://doi.org/10.5194/epsc2026-312
10.5194/epsc2026-444,"The returned sample science of the samples collected by NASA Perseverance rover at Jezero Crater, Mars",Sandra Siljeström; Chris Herd; Tanja Bosak; Ken Farley; Kathryn Stack; Kathleen Benison; Andy Czaja; Vinciane Debaille; Elisabeth Hausrath; Keyron Hickman-Lewis; Lisa Mayhew; Mark Sephton; David Shuster; Justin Simon; Maria-Paz Zorzano,2026,,posted-content,False,Discovery candidate — not screened,Missions,,,,https://doi.org/10.5194/epsc2026-444
10.5194/epsc2026-599,"The formation of long-wavelength variations in crustal thickness on Mars, Mercury and the Moon.",Valentin Bonnet Gibet; Chloé Michaut; Nicola Tosi,2026,,posted-content,False,Discovery candidate — not screened,Interior,,,,https://doi.org/10.5194/epsc2026-599
10.5194/epsc2026-752,Potential Crustal Magnetic Field Shielding Using Mars Radar Observations,Caitlin Hanna; Beatriz Sánchez-Cano; Dikshita Meggi; Simon Joyce; Maria Contreras-Dominguez; Mark Lester; Adrian Martindale; Marco Cartacci; Olivier Witasse; Jared Espley; Jingnan Guo; Christina Lee; Christopher Fowler; Bruce Campbell,2026,,posted-content,False,Discovery candidate — not screened,Magnetism,,,,https://doi.org/10.5194/epsc2026-752
10.5194/epsc2026-753,Martian resources and restoration/terraforming of Martian environment,Leszek Czechowski,2026,,posted-content,False,Discovery candidate — not screened,Dichotomy,,,,https://doi.org/10.5194/epsc2026-753
10.5194/epsc2026-771,Investigating mantle flow on Mars,Riva Alkahal; Bart Root; Cedric Thieulot; Dominic Dirkx,2026,,posted-content,False,Discovery candidate — not screened,Interior,,,,https://doi.org/10.5194/epsc2026-771
10.5194/epsc2026-813,A Unified Climatology of Mars’ Atmospheric Thermal Structure and Variability from MAVEN and TGO Observations,Miguel Angel Lopez-Valverde; Francisco Gonzalez-Galindo; Juan Alday; Edward Thiemann; Scott Evans; Sumedha Gupta; Anna Fedorova; Denis Belyaev; Loic Trompet; Nicholas Jones; Sonal Jain; Marcin Pilinski; Francois Forget; Ehuoarn MIllour; Ian Thomas; Ann Carine Vandaele; Nicholas Schneider,2026,,posted-content,False,Discovery candidate — not screened,Atmosphere,,,,https://doi.org/10.5194/epsc2026-813
10.5194/isprs-annals-x-4-w8-2025-541-2026,MAVEN Observations Uncover Enhanced Electron Density Variations in Mars' Crustal Magnetic Field Regions,Anita Mohebbi; Somaiyeh Sabri,2026,"ISPRS Annals of the Photogrammetry, Remote Sensing and Spatial Information Sciences",journal-article,False,Discovery candidate — not screened,Interior; Magnetism; Atmosphere,,,,https://doi.org/10.5194/isprs-annals-x-4-w8-2025-541-2026
10.62486/978-9915-704-15-9.ch18,Martian Republicanism,Julio César Arranz Flores; Brenda García Herrera,2026,"Latin American Memories, Conflicts, and Futurities: Identity, justice, and social change (Spanish Version)",book-chapter,False,Discovery candidate — not screened,Dichotomy,,,,https://doi.org/10.62486/978-9915-704-15-9.ch18
10.64076/iedc260111.20,About the Origin of the Planet Mars,Anatoliy Vidmachenko,2026,"proceedings of the 2nd International Scientific Conference “Advances in Science, Technology, and Society”",proceedings-article,False,Discovery candidate — not screened,Dichotomy,,,,https://doi.org/10.64076/iedc260111.20
10.7185/geochemlet.2619,Expanding Mars’ lithologic diversity: discovery of a garnet-bearing clast in NWA 8171,T.V. Kizovski; L.F. White; A. Černok; K.T. Tait; V.E. Di Cecco; X. Chu; J.M. Tomacic; R.I. Nicklin; J.R. Darling,2026,Geochemical Perspectives Letters,journal-article,False,Discovery candidate — not screened,Meteorite geochemistry,,,,https://doi.org/10.7185/geochemlet.2619
10.7551/mitpress/15341.001.0001,Becoming Martian,Scott Solomon,2026,,book,False,Discovery candidate — not screened,Dichotomy,,,,https://doi.org/10.7551/mitpress/15341.001.0001
10.7551/mitpress/15341.003.0008,Martian Minds,,2026,Becoming Martian,book-chapter,False,Discovery candidate — not screened,Dichotomy,,,,https://doi.org/10.7551/mitpress/15341.003.0008
10.7551/mitpress/16039.003.0021,The Martian Mind,,2026,Last and First Men,book-chapter,False,Discovery candidate — not screened,Dichotomy,,,,https://doi.org/10.7551/mitpress/16039.003.0021
10.1007/978-3-031-83848-4,Martian Aeolian Geomorphology,Zhibao Dong; Chao Li; Ping Lü,2025,,book,False,Discovery candidate — not screened,Dichotomy,,,,https://doi.org/10.1007/978-3-031-83848-4
10.1007/978-3-031-83848-4_5,Atmosphere of Mars,Zhibao Dong; Chao Li; Ping Lü,2025,Martian Aeolian Geomorphology,book-chapter,False,Discovery candidate — not screened,Atmosphere,,,,https://doi.org/10.1007/978-3-031-83848-4_5
10.1007/s11214-025-01194-2,Curation and Storage of Astromaterials: A Magnetic Perspective,Jérôme Gattacceca; Clara Maurel; Aurore Hutzler; Pierre Rochette; Benjamin P. Weiss,2025,Space Science Reviews,journal-article,True,Selected full-text sections consulted,Meteorite magnetism,"Describes terrestrial chemical, viscous and strong-field contamination and practical curation controls.",Makes Earth overprints a separate observation-history branch from secondary Martian remanence.,Curation sections consulted. High coercivity or unblocking temperature alone cannot establish an ancient origin.,https://doi.org/10.1007/s11214-025-01194-2
10.1007/s11214-025-01204-3,Correction to: Photogeologic Map of the Perseverance Rover Field Site in Jezero Crater Constructed by the Mars 2020 Science Team,Kathryn M. Stack; Nathan R. Williams; Fred Calef; Vivian Z. Sun; Kenneth H. Williford; Kenneth A. Farley; Sigurd Eide; David Flannery; Cory Hughes; Samantha R. Jacob; Linda C. Kah; Forrest Meyen; Antonio Molina; Cathy Quantin Nataf; Melissa Rice; Patrick Russell; Eva Scheller; Christina H. Seeger; William J. Abbey; Jacob B. Adler; Hans Amundsen; Ryan B. Anderson; Stanley M. Angel; Gorka Arana; James Atkins; Megan Barrington; Tor Berger; Rose Borden; Beau Boring; Adrian Brown; Brandi L. Carrier; Pamela Conrad; Henning Dypvik; Sarah A. Fagents; Zachary E. Gallegos; Brad Garczynski; Keenan Golder; Felipe Gomez; Yulia Goreva; Sanjeev Gupta; Svein-Erik Hamran; Taryn Hicks; Eric D. Hinterman; Briony N. Horgan; Joel Hurowitz; Jeffrey R. Johnson; Jeremie Lasue; Rachel E. Kronyak; Yang Liu; Juan Manuel Madariaga; Nicolas Mangold; John McClean; Noah Miklusicak; Daniel Nunes; Corrine Rojas; Kirby Runyon; Nicole Schmitz; Noel Scudder; Emily Shaver; Jason SooHoo; Russell Spaulding; Evan Stanish; Leslie K. Tamppari; Michael M. Tice; Nathalie Turenne; Peter A. Willis; R. Aileen Yingst,2025,Space Science Reviews,journal-article,False,Discovery candidate — not screened,Missions,,,,https://doi.org/10.1007/s11214-025-01204-3
10.1007/s11214-025-01225-y,Mars Science and Exploration After Mars Express,Dmitrij Titov; Patrick Martin; Colin Wilson; Olivier Witasse; Alejandro Cardesín-Moinelo; Håkan Svedhem; Claire Parfitt; Daniel Paardekooper; Jorge L. Vago; Elliot Sefton-Nash; Gerhard Kminek; Agustin Chicarro,2025,Space Science Reviews,journal-article,False,Discovery candidate — not screened,Missions,,,,https://doi.org/10.1007/s11214-025-01225-y
10.1016/b978-0-443-21614-5.00009-2,Clays in Martian meteorites,,2025,Developments in Clay Science Clay on Mars,book-chapter,False,Discovery candidate — not screened,Meteorite magnetism; Meteorite geochemistry,,,,https://doi.org/10.1016/b978-0-443-21614-5.00009-2
10.1016/b978-0-443-21614-5.00010-9,Interstratified clay minerals on Mars,,2025,Developments in Clay Science Clay on Mars,book-chapter,False,Discovery candidate — not screened,Surface and water,,,,https://doi.org/10.1016/b978-0-443-21614-5.00010-9
10.1016/j.asr.2024.12.044,Production and test procedures for in-situ Mars concrete research: A case study for on-ground Mars constructions in Jezero Crater according to MEDA data from 2020 perseverance Mars rover,Muslum Murat Maras; Abdullah Ates; Baris Baykant Alagoz,2025,Advances in Space Research,journal-article,False,Discovery candidate — not screened,Missions,,,,https://doi.org/10.1016/j.asr.2024.12.044
10.1016/j.clema.2025.100336,Development of a mineralogically replicated Martian regolith simulant informed by Martian meteorites,Yutong Deng; Feng Li; Siqi Zhou; Xinyang Tao; Jiayuan Liu; Zhiqian Lin,2025,Cleaner Materials,journal-article,False,Discovery candidate — not screened,Meteorite magnetism,,,,https://doi.org/10.1016/j.clema.2025.100336
10.1016/j.epsl.2024.119155,Crustal thickness effects on chemical differentiation and hydrology on Mars,Cin-Ty Lee; Duncan Keller; Rajdeep Dasgupta; Kirsten Siebach; Patrick McGovern; Jackson Borchardt; Julin Zhang,2025,Earth and Planetary Science Letters,journal-article,False,Discovery candidate — not screened,Interior; Magnetism,,,,https://doi.org/10.1016/j.epsl.2024.119155
10.1016/j.epsl.2025.119625,A massive primordial atmosphere on early Mars,Sarah Joiret; Alessandro Morbidelli; Rafael de Sousa Ribeiro; Guillaume Avice; Paolo Sossi,2025,Earth and Planetary Science Letters,journal-article,False,Discovery candidate — not screened,Surface and water,,,,https://doi.org/10.1016/j.epsl.2025.119625
10.1016/j.epsl.2025.119645,Gravity-driven fold-thrust belt at the Martian dichotomy,F. Carboni; O. Karagoz; J.B. Ruh; T. Kenkmann,2025,Earth and Planetary Science Letters,journal-article,False,Discovery candidate — not screened,Dichotomy; Gravity and topography,,,,https://doi.org/10.1016/j.epsl.2025.119645
10.1016/j.gca.2024.11.014,Timing of crustal reworking on Mars inferred from the Lu-Hf isotope systematics of igneous clasts in NWA 7533,Ninna K. Jensen; Alexander A. Nemchin; Gavin Kenny; Martin J. Whitehouse; James N. Connelly; Takashi Mikouchi; Martin Bizzarro,2025,Geochimica et Cosmochimica Acta,journal-article,False,Discovery candidate — not screened,Meteorite geochemistry,,,,https://doi.org/10.1016/j.gca.2024.11.014
10.1016/j.gca.2025.01.028,Tardi-magmatic iddingsite in the Martian Nakhlite NWA 817,V. Megevand; J.-C. Viennet; C. Le Guillou; F. Guyot; S. Bernard,2025,Geochimica et Cosmochimica Acta,journal-article,False,Discovery candidate — not screened,Meteorite magnetism,,,,https://doi.org/10.1016/j.gca.2025.01.028
10.1016/j.icarus.2024.116299,"Soil diversity at Jezero crater and Comparison to Gale crater, Mars",A. Cousin; P.-Y. Meslin; O. Forni; O. Beyssac; E. Clavé; E. Hausrath; P. Beck; E. Dehouck; S. Schröder; T. Fouchet; C. Bedford; J. Johnson; P. Pilleri; J. Lasue; O. Gasnault; N. Martin; B. Chide; A. Udry; R. Sullivan; A. Vaughan; I. Poblacion; G. Arana; J.M. Madariaga; S. Clegg; S. Maurice; R.C. Wiens,2025,Icarus,journal-article,False,Discovery candidate — not screened,Missions,,,,https://doi.org/10.1016/j.icarus.2024.116299
10.1016/j.pss.2025.106073,The InSight Mars lander's meteor search,Mark T. Lemmon; Ingrid J. Daubar; Maria E. Banks; Jeremie Vaubaillon; Eleanor K. Sansom; Justin N. Maki,2025,Planetary and Space Science,journal-article,False,Discovery candidate — not screened,Interior,,,,https://doi.org/10.1016/j.pss.2025.106073
10.1016/s0262-4079(25)00121-6,Mars may have a solid inner core just like Earth,James Dinneen,2025,New Scientist,journal-article,False,Discovery candidate — not screened,Interior,,,,https://doi.org/10.1016/s0262-4079(25)00121-6
10.1017/9781316651162,Martian Impact Craters,Peter J. Mouginis-Mark; Joseph M. Boyce,2025,,monograph,False,Discovery candidate — not screened,Dichotomy; Meteorite provenance,,,,https://doi.org/10.1017/9781316651162
10.1017/9781316651162.010,Remaining Puzzles Concerning Martian Craters,,2025,Martian Impact Craters,book-chapter,False,Discovery candidate — not screened,Meteorite provenance,,,,https://doi.org/10.1017/9781316651162.010
10.1029/2024gl113926,Mars' Hemispheric Magnetic Field From a Full‐Sphere Dynamo,C. Yan; A. Barik; S. Stanley; A. Mittelholz; A.‐C. Plesa; C.‐L. Johnson,2025,Geophysical Research Letters,journal-article,True,Abstract consulted,Magnetism,Explores hemispherical magnetic-field generation in dynamo models without an inner core.,Tests how early core geometry affects asymmetric magnetism.,An early fully liquid core and a present solid inner core are different temporal hypotheses.,https://doi.org/10.1029/2024gl113926
10.1029/2024je008486,Martian Highlands Differentiation Concomitant to Dichotomy Formation,Valentin Bonnet Gibet; Chloé Michaut; Thomas Bodin; Mark Wieczorek; Fabien Dubuffet,2025,Journal of Geophysical Research: Planets,journal-article,True,Abstract consulted,Interior,Thermal models explore differentiation and partial melting of the thick southern crust.,"Connects heat-producing elements, crust thickness and lithological diversity.",Conditional petrological and thermal calculations do not map observed melt throughout the south.,https://doi.org/10.1029/2024je008486
10.1029/2024je008539,"The Brac/Dourbes Olivine‐Cumulate Rock, Séítah Formation, Jezero Crater Floor, Mars: Its Parent Magma, and Relation to Basalts of the Máaz Formation",Allan H. Treiman; Juan D. Hernández‐Montenegro; Roger C. Wiens; Larry Wade; Scott VanBommel; Jason Van Beek; Arya Udry; Mike M. Tice; Mariek E. Schmidt; Kelsey Moore; Yang Liu; Peter Lawson; Abigail Knight; David Arge Klevang; Tanya Kizovski; Michael M. W. Jones; Joel A. Hurowitz; Robert Hodyss; Jesper Henneke; David Flannery; Robert Denise; Vinciane Debaille; Morgan L. Cable; Adrian Brown; Olivier Beyssac; Paul Asimow; Abigail C. Allwood,2025,Journal of Geophysical Research: Planets,journal-article,False,Discovery candidate — not screened,Interior,,,,https://doi.org/10.1029/2024je008539
10.1029/2024je008661,Impact‐Related Hydrothermal Conditions in Complex Craters on Mars,J. E. Hedgepeth; K. Miljković; H. C. Branco; A. C. Plesa; E. G. Jones,2025,Journal of Geophysical Research: Planets,journal-article,False,Discovery candidate — not screened,Chronology,,,,https://doi.org/10.1029/2024je008661
10.1029/2024je008819,The Subsurface Structure of the Martian Utopia Basin Revealed by the Radar Data of the Zhurong Rover,Huitang Li; Qinghong Sheng; Bo Wang; Jun Li; Xiao Ling,2025,Journal of Geophysical Research: Planets,journal-article,False,Discovery candidate — not screened,Surface and water,,,,https://doi.org/10.1029/2024je008819
10.1029/2024je008832,Gravity and Magnetic Field Signatures in Hydrothermally Affected Regions on Mars,Anna Mittelholz; Max Moorkamp; Adrien Broquet; Lujendra Ojha,2025,Journal of Geophysical Research: Planets,journal-article,True,Selected full-text sections consulted,Magnetism,Joint regional gravity and magnetic interpretation explores thermal and chemical modification in potentially hydrothermal settings.,"Provides an existing physical precedent for connecting heat production, fluids and magnetic preservation.",Discussion and data statement consulted. Regional non-unique inversions are not a unique origin model for the global dichotomy.,https://doi.org/10.1029/2024je008832
10.1029/2024je008846,Dayside Magnetic Reconnection With Outflow Below the Mars' Escape Velocity: MAVEN Observation,Hengyan Man; Xiaojun Xu; Xiaohua Deng; Pu Yang; Jun Cui; Jing Wang; Lei Luo; Zhihong Zhong; Zilu Zhou; Xing Wang; Siqi Yi; Peishan He; Wenjing Zhao,2025,Journal of Geophysical Research: Planets,journal-article,False,Discovery candidate — not screened,Magnetism; Atmosphere,,,,https://doi.org/10.1029/2024je008846
10.1029/2024je008851,Modeling Lake Bonneville Paleoshoreline Erosion at Mars‐Like Rates and Durations: Implications for the Preservation of Erosional Martian Shorelines and Viability as Evidence for a Martian Ocean,Zachary J. Baran; Benjamin T. Cardenas,2025,Journal of Geophysical Research: Planets,journal-article,False,Discovery candidate — not screened,Surface and water,,,,https://doi.org/10.1029/2024je008851
10.1029/2024je008883,Recurring Ice Ages at Martian Mid‐Latitudes Evidenced by Characterizing Double Layered Ejecta (DLE) Craters,Shengli Niu; Feng Zhang; James W. Head; Yanan Dang; Dijun Guo; Yang Liu; Yongliao Zou,2025,Journal of Geophysical Research: Planets,journal-article,False,Discovery candidate — not screened,Meteorite provenance,,,,https://doi.org/10.1029/2024je008883
10.1029/2024je008927,Uncovering Shallow Crustal Structures of Mars Beneath the InSight Landing Site Using P‐Wave Particle Motions,Xu Wang; Ling Chen; Xin Wang,2025,Journal of Geophysical Research: Planets,journal-article,False,Discovery candidate — not screened,Interior,,,,https://doi.org/10.1029/2024je008927
10.1029/2025eo250367,Scientists May Have Finally Detected a Solid Inner Core on Mars,Javier Barbuzano,2025,Eos,journal-article,False,Discovery candidate — not screened,Interior,,,,https://doi.org/10.1029/2025eo250367
10.1029/2025gl118868,Statistical Analysis of Multiple Bow Shock Crossings at Mars,Niklas J. T. Edberg; David J. Andrews; Long Cheng; Konstantin Kim; Katerina Stergiopoulou; Mark Lester; Cyril Simon Wedlund; Jasper S. Halekas; Shannon M. Curry,2025,Geophysical Research Letters,journal-article,False,Discovery candidate — not screened,Magnetism,,,,https://doi.org/10.1029/2025gl118868
10.1029/2025gl118950,Exploring Magnetic Reconnection in the Collisional Ionosphere of Mars With MAVEN,Y. Harada; T. E. Cravens; D. A. Brain; J. S. Halekas; J. G. Luhmann; C. M. Fowler; K. G. Hanley; J. P. McFadden,2025,Geophysical Research Letters,journal-article,False,Discovery candidate — not screened,Magnetism; Atmosphere,,,,https://doi.org/10.1029/2025gl118950
10.1029/2025je008931,Geological History of the Dichotomy in the Southern Utopia Planitia of Mars,Tengfei Zhang; Jun Huang; Le Wang; Lukas Wueller; Wajiha Iqbal; Xiaozhong Ding; Long Xiao; Harald Hiesinger,2025,Journal of Geophysical Research: Planets,journal-article,True,Abstract consulted,Surface and evolution,"Geological mapping reconstructs volcanic, tectonic and aqueous modifications in southern Utopia.",Provides a regional northern-lowland case study for separating formation from resurfacing.,Regional stratigraphic interpretations cannot be generalized to all northern plains.,https://doi.org/10.1029/2025je008931
10.1029/2025je008986,"Scales of Martian Crustal Magnetization Constrained by MAVEN, InSight, and Zhurong",O. M. Romeo; M. Manga; R. J. Lillis; A. Mittelholz,2025,Journal of Geophysical Research: Planets,journal-article,False,Discovery candidate — not screened,Magnetism,,,,https://doi.org/10.1029/2025je008986
10.1029/2025je009097,Estimating Jezero Crater Rock Density and Strength Using Perseverance Drill Data: Implications for Future Mars Missions and Analog Mars Studies,J. Tuggle; L. C. Kah; K. Kaplan; K. L. Kriechbaum; L. R. Shiraishi; E. Duffy,2025,Journal of Geophysical Research: Planets,journal-article,False,Discovery candidate — not screened,Missions,,,,https://doi.org/10.1029/2025je009097
10.1029/2025je009114,"Nighttime and Early Morning Atmospheric Waves and Transient Turbulence at Jezero Crater, Mars, Observed by the Perseverance Rover",A. Munguira; R. Hueso; A. Sánchez‐Lavega; T. del Rio‐Gaztelurrutia; T. Bertrand; G. M. Martínez,2025,Journal of Geophysical Research: Planets,journal-article,False,Discovery candidate — not screened,Missions,,,,https://doi.org/10.1029/2025je009114
10.1029/2025je009196,"In Situ Observation of Weathering Rinds at the Zhurong Landing Site, Mars",Qing Zhang; John Carter; Mathieu Vincendon; François Poulet; Maxime Pineau; Lin Guo; Zhaopeng Chen; Dawei Liu; Bin Liu; Xin Ren; Jean‐Pierre Bibring; Jianjun Liu; Chunlai Li,2025,Journal of Geophysical Research: Planets,journal-article,False,Discovery candidate — not screened,Surface and water,,,,https://doi.org/10.1029/2025je009196
10.1029/2025je009213,The Impact of a Long‐Lived Basal Magma Ocean on the Thermochemical Evolution of Mars,Kar Wai Cheng; Maxim D. Ballmer; Paul J. Tackley; Amir Khan,2025,Journal of Geophysical Research: Planets,journal-article,False,Discovery candidate — not screened,Interior,,,,https://doi.org/10.1029/2025je009213
10.1029/2025je009243,"Abrasion Patch Dehydration Experiment at Bright Angel, Jezero Crater, Using SuperCam Onboard the Mars 2020 Perseverance Rover",S. A. Connell; R. C. Wiens; L. Mandon; C. C. Bedford; S. Siljeström; S. Schröder; G. M. Martínez; Á. Vicente‐Retortillo; E. A. Cloutis; D. M. Applin; A. Broz; C. Royer; J. R. Johnson; J. Van Beek; T. Nelson; E. Clavé; F. Poulet; P. Beck; E. Dehouck; T. Fornaro; T. Fouchet; A. Jones; A. Alberini; A. Cousin; K. Hand; K. Uckert; J. A. Rodríguez‐Manfredi; K. M. Stack; the Mars 2020 team,2025,Journal of Geophysical Research: Planets,journal-article,False,Discovery candidate — not screened,Missions,,,,https://doi.org/10.1029/2025je009243
10.1038/s41561-024-01626-8,Episodic warm climates on early Mars primed by crustal hydration,Danica Adams; Markus Scheucher; Renyu Hu; Bethany L. Ehlmann; Trent B. Thomas; Robin Wordsworth; Eva Scheller; Rob Lillis; Kayla Smith; Heike Rauer; Yuk L. Yung,2025,Nature Geoscience,journal-article,False,Discovery candidate — not screened,Magnetism,,,,https://doi.org/10.1038/s41561-024-01626-8
10.1038/s41561-024-01634-8,Dichotomy retreat and aqueous alteration on Noachian Mars recorded in highland remnants,Joseph D. McNeil; Peter Fawdon; Matthew R. Balme; Angela L. Coe; Javier Cuadros; Stuart M. R. Turner,2025,Nature Geoscience,journal-article,True,Abstract consulted,Surface and evolution,Erosional remnants near the dichotomy boundary indicate substantial removal of ancient highland material.,Separates retreat of the visible boundary from the original crustal boundary.,Regional erosion does not by itself explain the initial hemispheric crustal contrast.,https://doi.org/10.1038/s41561-024-01634-8
10.1038/s41561-025-01641-3,Author Correction: An ongoing satellite–ring cycle of Mars and the origins of Phobos and Deimos,Andrew J. Hesselbrock; David A. Minton,2025,Nature Geoscience,journal-article,False,Discovery candidate — not screened,Moons and impacts,,,,https://doi.org/10.1038/s41561-025-01641-3
10.1038/s41561-025-01653-z,Evidence for pre-Noachian granitic rocks on Mars from quartz in meteorite NWA 7533,V. Malarewicz; O. Beyssac; B. Zanda; J. Marin-Carbonne; H. Leroux; D. Rubatto; A. S. Bouvier; D. Deldicque; S. Pont; S. Bernard; E. Bloch; S. Bouley; M. Humayun; R. H. Hewins,2025,Nature Geoscience,journal-article,False,Discovery candidate — not screened,Meteorite geochemistry,,,,https://doi.org/10.1038/s41561-025-01653-z
10.1038/s41561-025-01817-x,An orbital gravity mission could decipher the global dichotomy on Mars,Michael Manuel Sori; Anton Ermakov; James Tuttle Keane,2025,Nature Geoscience,journal-article,False,Discovery candidate — not screened,Dichotomy; Gravity and topography; Magnetism; Chronology; Surface and water,,,,https://doi.org/10.1038/s41561-025-01817-x
10.1038/s41586-025-09361-9,Seismic detection of a 600-km solid inner core in Mars,Huixing Bi; Daoyuan Sun; Ningyu Sun; Zhu Mao; Mingwei Dai; Douglas Hemingway,2025,Nature,journal-article,True,Abstract consulted,Interior,Seismic phases are interpreted as evidence for a roughly 600-km-radius solid inner core.,Requires testing present-day interior models separately from early full-sphere dynamo models.,Phase identification and inversion assumptions matter. Consult the linked author correction before reuse.,https://doi.org/10.1038/s41586-025-09361-9
10.1038/s41586-025-09981-1,Author Correction: Seismic detection of a 600-km solid inner core in Mars,Huixing Bi; Daoyuan Sun; Ningyu Sun; Zhu Mao; Mingwei Dai; Douglas Hemingway,2025,Nature,journal-article,True,Selected full-text sections consulted,Interior,Corrects a Methods citation for the effect of light elements on liquid-core properties.,Keeps the inner-core source trail current.,"The notice corrects a reference, not the reported inner-core radius; it is not a separate independent result.",https://doi.org/10.1038/s41586-025-09981-1
10.1038/s41598-025-33031-5,"Recent production rates of cosmogenic nuclides in the igneous rocks of Jezero crater floor, Mars",M. -P. Zorzano; A. C. García-Herrera; J. Martín-Torres,2025,Scientific Reports,journal-article,False,Discovery candidate — not screened,Missions,,,,https://doi.org/10.1038/s41598-025-33031-5
10.1038/s43247-025-02664-9,Evidence for weak seismic attenuation in Mars’ deep mantle,Jiaqi Li; Junlin Hua; Thomas P. Ferrand; Laurent Pou; Quancheng Huang; Laetitia Allibert; Haoran Meng; Henri Samuel; Zhicheng Jing; Wenzhong Wang; Ting Yang; Tong Zhou,2025,Communications Earth & Environment,journal-article,False,Discovery candidate — not screened,Interior,,,,https://doi.org/10.1038/s43247-025-02664-9
10.1038/s43247-025-02713-3,Recent aqueous alteration associated to sedimentary volcanism on Mars,M. Pineau; J. Carter; A. Lagain; E. Ravier; N. Mangold; L. Le Deit; C. Quantin-Nataf; A. Zanella,2025,Communications Earth & Environment,journal-article,False,Discovery candidate — not screened,Volcanism and tectonics,,,,https://doi.org/10.1038/s43247-025-02713-3
10.1038/s43247-025-02791-3,"Early thinning, late persistence, diachronous boundaries, and a regional dichotomy in Mars' young sedimentary rocks",Madison L. Turner; Sabrina Y. Khan; Kevin W. Lewis; Axel Noblet; Edwin S. Kite,2025,Communications Earth & Environment,journal-article,False,Discovery candidate — not screened,Dichotomy; Chronology,,,,https://doi.org/10.1038/s43247-025-02791-3
10.1038/s43247-025-03004-7,Widespread ancient anorthosites in the lower crust of Mars,Michael S. Phillips; Christina E. Viviano; A. Deanne Rogers; Linae Larson; Livio Tornabene; Alexander Trowbridge; Jeffrey E. Moersch; Harry Y. McSween Jr,2025,Communications Earth & Environment,journal-article,False,Discovery candidate — not screened,Meteorite geochemistry; Chronology,,,,https://doi.org/10.1038/s43247-025-03004-7
10.1063/5.0301882,The comparison of flux rope and crustal field observations on Mars,Chang Lu; Xiaojun Xu; Hengyan Man,2025,Physics of Fluids,journal-article,False,Discovery candidate — not screened,Magnetism,,,,https://doi.org/10.1063/5.0301882
10.1073/pnas.2404259121,What we can learn about Mars from the magnetism of returned samples,Benjamin P. Weiss; Elias N. Mansbach; Clara Maurel; Courtney J. Sprain; Nicholas L. Swanson-Hysell; Wyn Williams,2025,Proceedings of the National Academy of Sciences,journal-article,True,Selected full-text sections consulted,Meteorite magnetism,"Reviews how geologically contextualized, oriented returned samples could resolve magnetic history and thermal or aqueous alteration.","Identifies missing ages, orientations and source lithologies in the current evidence.",Existing meteorites are sparse and commonly reset. Proposed sample-return science is not an accomplished laboratory measurement.,https://doi.org/10.1073/pnas.2404259121
10.1073/pnas.2422213122,Ancient ocean coastal deposits imaged on Mars,Jianhui Li; Hai Liu; Xu Meng; Diwen Duan; Haijing Lu; Jinhai Zhang; Fengshou Zhang; Derek Elsworth; Benjamin T. Cardenas; Michael Manga; Bin Zhou; Guangyou Fang,2025,Proceedings of the National Academy of Sciences,journal-article,False,Discovery candidate — not screened,Surface and water,,,,https://doi.org/10.1073/pnas.2422213122
10.1093/nsr/nwaf505,"Multipolarized radar reveals shallow subsurface structure and middle-late Amazonian aqueous activity in Utopia Planitia, Mars",Yike Liu; Tianfan Yan; Xiaoguang Qin; Ling Chen; Jinhai Zhang; Yang Liu; Yangting Lin; Fuyuan Wu; Ross N Mitchell; Zhendong Zhang; Jiangjie Zhang; Haiwei Wang; Chao Li; Yibo Wang; Bin He; Yikang Zheng; Lei Zhang; Juan Li; Kaichang Di; Wenhui Wan; Honglei Lin; Jiangang Wang; Jinlai Hao; Xin Wang; Pan Zhao; Xu Wang; Yongxin Pan,2025,National Science Review,journal-article,False,Discovery candidate — not screened,Surface and water,,,,https://doi.org/10.1093/nsr/nwaf505
10.1109/jstars.2025.3540377,Visual Localization and Topographic Mapping for Zhurong Rover in Tianwen-1 Mars Mission,Wenhui Wan; Jia Wang; Zhaoqin Liu; Kaichang Di; Man Peng; Yexin Wang; Bin Liu; Guolin Hu; Shaojin Han; Xin Li; Tianyi Yu; Lichun Li; Chuankai Liu,2025,IEEE Journal of Selected Topics in Applied Earth Observations and Remote Sensing,journal-article,False,Discovery candidate — not screened,Surface and water,,,,https://doi.org/10.1109/jstars.2025.3540377
10.1111/maps.14316,Location of NWA 6148 and NWA 10153 in the nakhlite body and their aqueous alteration,Kakeru Kukihara; Masaaki Miyahara; Akira Yamaguchi; Yoshio Takahashi; Yasuo Takeichi; Naotaka Tomioka; Eiji Ohtani,2025,Meteoritics & Planetary Science,journal-article,False,Discovery candidate — not screened,Meteorite magnetism,,,,https://doi.org/10.1111/maps.14316
10.1117/12.3077296,An improved YOLO-based detection algorithm for Mars craters,Qiudong Wang,2025,Second International Conference on Advanced Image Processing Technology (AIPT 2025),proceedings-article,False,Discovery candidate — not screened,Chronology,,,,https://doi.org/10.1117/12.3077296
10.1130/abs/2025am-10906,Understanding Martian Macrostratigraphy,University of Chicago; Madison Turner; Edwin Kite,2025,Geological Society of America Abstracts with Programs,proceedings-article,False,Discovery candidate — not screened,Dichotomy,,,,https://doi.org/10.1130/abs/2025am-10906
10.1130/abs/2025am-5646,Physical and Chemical Evolution of Plume Magmatism and Mantle Sources on Mars,Univ Tennessee - KnoxvilleDept Earth & Planetary Sciences; Harry McSween,2025,Geological Society of America Abstracts with Programs,proceedings-article,False,Discovery candidate — not screened,Volcanism and tectonics,,,,https://doi.org/10.1130/abs/2025am-5646
10.1130/abs/2025am-7206,Post-Shield Mantle Plume Lavas From Mars: The Nakhlites,Lunar and Planetary Institute (USRA); Allan Treiman,2025,Geological Society of America Abstracts with Programs,proceedings-article,False,Discovery candidate — not screened,Volcanism and tectonics,,,,https://doi.org/10.1130/abs/2025am-7206
10.1130/g52988.1,Topography and mineralogy of clay deposits signify an epoch of warm and humid climate on early Mars,Athanasios Klidaras; Ryan Navarre; Briony Horgan; William H. Farrand; Adrian Broz; Timothy A. Goudge; Rhianna Moore,2025,Geology,journal-article,False,Discovery candidate — not screened,Surface and water,,,,https://doi.org/10.1130/g52988.1
10.14770/jgsk.2025.036,"Topography, geology and geochemistry of Mars: an Overview",Byeon-Gak Choi,2025,Journal of the Geological Society of Korea,journal-article,False,Discovery candidate — not screened,Gravity and topography,,,,https://doi.org/10.14770/jgsk.2025.036
10.14770/jgsk.2025.040,Unlocking Martian geology with Martian meteorites,Changkun Park,2025,Journal of the Geological Society of Korea,journal-article,False,Discovery candidate — not screened,Dichotomy; Meteorite magnetism; Meteorite geochemistry,,,,https://doi.org/10.14770/jgsk.2025.040
10.21203/rs.3.rs-5925346/v1,Evidence for Weak Seismic Attenuation in Mars’ Deep Mantle,Jiaqi Li; Junlin Hua; Thomas Ferrand; Laurent Pou; Quancheng Huang; Laetitia Allibert; Haoran Meng; Henri Samuel; Zhicheng Jing; Wenzhong Wang; Ting Yang; Tong Zhou,2025,,posted-content,False,Discovery candidate — not screened,Interior,,,,https://doi.org/10.21203/rs.3.rs-5925346/v1
10.21203/rs.3.rs-6823461/v1,Ancient Anorthosites on Mars: Widespread in the Lower Crust,Michael Phillips; Christina Viviano; A. Deanne Rogers; Linae Larson; Livio Tornabene; Alexander Trowbridge; Jeffrey Moersch; Harry McSween,2025,,posted-content,False,Discovery candidate — not screened,Meteorite geochemistry; Chronology,,,,https://doi.org/10.21203/rs.3.rs-6823461/v1
10.21203/rs.3.rs-8264602/v1,Large Carbonate Reservoir in Mars’ Crust,Eva Scheller; Michael Tice; Tanja Bosak; Robin Wordsworth; Joel Hurowitz; Benjamin Weiss,2025,,posted-content,False,Discovery candidate — not screened,Gravity and topography; Magnetism; Meteorite geochemistry; Chronology; Surface and water; Missions,,,,https://doi.org/10.21203/rs.3.rs-8264602/v1
10.22541/au.175192233.32986876/v1,The Mars–Venus Impact Ejection Hypothesis: A Proposed Alternative Origin for Mars,Justin L Dickinson,2025,,posted-content,False,Discovery candidate — not screened,Dichotomy; Magnetism,,,,https://doi.org/10.22541/au.175192233.32986876/v1
10.22541/essoar.175009026.66913090/v1,The impact of a long-lived Basal Magma Ocean on the thermochemical evolution of Mars,Kar Wai Cheng; Maxim Dionys Ballmer; Paul James Tackley; Amir Khan,2025,,posted-content,False,Discovery candidate — not screened,Interior,,,,https://doi.org/10.22541/essoar.175009026.66913090/v1
10.22541/essoar.175275496.67220245/v1,MAVEN EUVM Data Products for Space Weather at Mars,Phillip C Chamberlin; Gina A. DiBraccio; Rita J Borelli; Yaireska Marie Collado-Vega; Shannon M. Curry; Francis G. Eparvier; Christina O. Lee; M. Leila Mays; Edward Michael Benjamin Thiemann; Chiu Wiegand,2025,,posted-content,False,Discovery candidate — not screened,Magnetism,,,,https://doi.org/10.22541/essoar.175275496.67220245/v1
10.22541/essoar.175443228.85241644/v1,Primitive crust buried below southern highland of Mars,Shuoran Yu; Nan Zhang; Mingjie Zhang; Long Xiao,2025,,posted-content,False,Discovery candidate — not screened,Gravity and topography; Meteorite geochemistry; Chronology,,,,https://doi.org/10.22541/essoar.175443228.85241644/v1
10.22541/essoar.175443228.85241644/v2,Primitive crust buried below southern highland of Mars,Shuoran Yu; Nan Zhang; Mingjie Zhang; Long Xiao,2025,,posted-content,False,Discovery candidate — not screened,Gravity and topography; Meteorite geochemistry; Chronology,,,,https://doi.org/10.22541/essoar.175443228.85241644/v2
10.22541/essoar.175682776.61447164/v1,"Quantifying High-Frequency Migrating Tides in the Atmosphere of Mars with Observations from EMIRS, Curiosity and Perseverance",Aishwarya Sukesh Kumar; Scott L England; John Wilson; Amanda S. Brecht,2025,,posted-content,False,Discovery candidate — not screened,Missions,,,,https://doi.org/10.22541/essoar.175682776.61447164/v1
10.22541/essoar.176235473.32635438/v1,"Evidence for plutonic magmatism in the Noachian clay-bearing crust of Nili Fossae, Mars",Adomas Valantinas; John F Mustard; Adriano Tullo; Michael Stephen Bramble; James Head,2025,,posted-content,False,Discovery candidate — not screened,Surface and water,,,,https://doi.org/10.22541/essoar.176235473.32635438/v1
10.22541/essoar.176495120.01406209/v1,Statistical study of Short Large-Amplitude Magnetic Structures (SLAMS) at Mars observed by MAVEN,Tsz Kiu Wong Chan; Tomas Karlsson; Sofia Bergman,2025,,posted-content,False,Discovery candidate — not screened,Magnetism; Atmosphere,,,,https://doi.org/10.22541/essoar.176495120.01406209/v1
10.3847/1538-3881/ad9c3c,Atmospheric Distribution and Escape of Odd Nitrogen on Mars,Hao 浩 Gu 顾; Xiaoshu 晓姝 Wu 吴; Jun 峻 Cui 崔; Xu 旭 Huang 黄; Wenlong 文龙 Li 李; Jinjin 金锦 Zhao 赵; Lei 磊 Li 李,2025,The Astronomical Journal,journal-article,False,Discovery candidate — not screened,Atmosphere,,,,https://doi.org/10.3847/1538-3881/ad9c3c
10.3847/1538-4357/ae11b3,Statistical Investigations of the Radial Interplanetary Magnetic Field Component Impact on the Magnetotail Current Sheet Structure of Mars: MAVEN Observations,Yuanzheng Wen; Zhaojin Rong; Hans Nilsson; Chi Zhang; Han-Wen Shen; Jiawei Gao,2025,The Astrophysical Journal,journal-article,False,Discovery candidate — not screened,Magnetism; Atmosphere,,,,https://doi.org/10.3847/1538-4357/ae11b3
10.3847/psj/adbaf0,Probing Lateral Density Variations in the Crust from Gravity and Topography: Applications to the Moon and Mars,Sander Goossens; Terence J. Sabaka,2025,The Planetary Science Journal,journal-article,False,Discovery candidate — not screened,Gravity and topography,,,,https://doi.org/10.3847/psj/adbaf0
10.5194/egusphere-egu24-10733,Tianwen-1 and MAVEN Observed Multiple Ion Escape Channels of Mars during an Interplanetary Coronal Mass Ejection,Fuhao Qiao; Lei Li; Lianghai Xie; Wenya Li; Linggao Kong; Binbin Tang; Taifeng Jin; Yiteng Zhang; Aibing Zhang; Limin Wang; Jijie Ma,2025,,posted-content,False,Discovery candidate — not screened,Atmosphere,,,,https://doi.org/10.5194/egusphere-egu24-10733
10.5194/egusphere-egu24-15635,Shallow Crustal Structures of Mars Beneath the InSight Landing Site Revealed by Frequency-Dependent P-wave Particle Motions,Xu Wang; Ling Chen; Xin Wang,2025,,posted-content,False,Discovery candidate — not screened,Interior,,,,https://doi.org/10.5194/egusphere-egu24-15635
10.5194/egusphere-egu24-22090,Combined impact and interior evolution models in three dimensions indicate a southern impact origin of the Martian Dichotomy,Kar Wai Cheng; Harry Ballantyne; Gregor Golabek; Martin Jutzi; Antoine Rozel; Paul Tackley,2025,,posted-content,False,Discovery candidate — not screened,Dichotomy,,,,https://doi.org/10.5194/egusphere-egu24-22090
10.5194/egusphere-egu24-5382,MAVEN Observations of the Interloop Magnetic Reconnections at Mars,Guo Chen; Can Huang; Ying Zhang; Yasong Ge; Aimin Du; Rongsheng Wang; Lei Wang; Lican Shan; Christian Mazelle; Hao Luo,2025,,posted-content,False,Discovery candidate — not screened,Magnetism; Atmosphere,,,,https://doi.org/10.5194/egusphere-egu24-5382
10.5194/egusphere-egu25-12526,Ion acceleration at Mars Bow Shock - Results from MAVEN,Karim Meziane; Christian Mazelle; Cyril Simon-Wedlund; Jasper Halekas; Abdelhaq Hamza; Cesar Bertucci; David Mitchell; Jared Espley,2025,,posted-content,False,Discovery candidate — not screened,Magnetism,,,,https://doi.org/10.5194/egusphere-egu25-12526
10.5194/egusphere-egu25-12899,Influence of intrinsic thermal conductivity of a stably stratified molten silicate layer above Mars's core : insights from mantle convection simulations,Kar Wai Cheng; Frédéric Deschamps; Henri Samuel,2025,,posted-content,False,Discovery candidate — not screened,Interior,,,,https://doi.org/10.5194/egusphere-egu25-12899
10.5194/egusphere-egu25-13763,Validation of the AWSoM Solar Wind Magnetic Field Model with Upstream Mars Solar Wind Conditions from MAVEN Observations,Gangkai Poh; Jacob Gruesbeck; Nishtha Sachdeva; Zhenguang Huang; Gina DiBraccio,2025,,posted-content,False,Discovery candidate — not screened,Magnetism; Atmosphere,,,,https://doi.org/10.5194/egusphere-egu25-13763
10.5194/egusphere-egu25-14497,Layered subsurface in Utopia Basin of Mars revealed by Zhurong rover radar,Chao Li; Jinhai Zhang; Ling Chen; Lei Zhang; Yongxin Pan,2025,,posted-content,False,Discovery candidate — not screened,Surface and water,,,,https://doi.org/10.5194/egusphere-egu25-14497
10.5194/egusphere-egu25-17926,Combined neutron and X-ray tomography of Martian meteorite NWA 7034 to locate hydrous phases,Estrid Naver; Katrine Wulff Nikolajsen; Martin Sæbye Carøe; Jens Frydenvang; Martin Bizzarro; Jakob Sauer Jørgensen; Henning Friis Poulsen; Luise Theil Kuhn,2025,,posted-content,False,Discovery candidate — not screened,Meteorite magnetism; Meteorite provenance,,,,https://doi.org/10.5194/egusphere-egu25-17926
10.5194/egusphere-egu25-2747,Rapid Response of the Mars’ Induced Magnetosphere to an Interplanetary Magnetic Field Rotation: Tianwen-1 and MAVEN Observations,Rentong Lin; Shiyong Huang; Zhigang Yuan; Yuming Wang; Honghong Wu; Kui Jiang; Zhuxuan Zou; Tielong Zhang; Sibo Xu; Yue Dong; Qiyang Xiong; Huxing Huang,2025,,posted-content,False,Discovery candidate — not screened,Magnetism; Atmosphere,,,,https://doi.org/10.5194/egusphere-egu25-2747
10.5194/egusphere-egu25-3289,Electromagnetic Sounding on Mars with InSight,Anna Mittelholz; Alexander Grayver; Catherine L. Johnson; Federico Munch,2025,,posted-content,False,Discovery candidate — not screened,Interior,,,,https://doi.org/10.5194/egusphere-egu25-3289
10.5194/egusphere-egu25-3972,Evidence for Ancient Ocean Coastal Deposits Revealed by Zhurong Rover Radar on Mars,Li Jianhui; Liu Hai; Meng xu; Duan Diwen; Lu Haijing; Zhang Jinhai; Zhang Fengshou; Elsworthd Derek; Cardenas Benjamin T.; Manga Michael; Zhou Bin; Fang Guangyou,2025,,posted-content,False,Discovery candidate — not screened,Surface and water,,,,https://doi.org/10.5194/egusphere-egu25-3972
10.5194/egusphere-egu25-5415,"The characteristic and size-frequency distribution of rocks at Zhurong landing site, Mars",Xiukuo Sun; Juan Li; Shouding Li; Yanfang Wu; Shuo Zhang; Bo Zheng; Zhaobin Zhang; Tao Xu; Xinshuo Chen; Yiming Diao; Xiao Li,2025,,posted-content,False,Discovery candidate — not screened,Surface and water,,,,https://doi.org/10.5194/egusphere-egu25-5415
10.5194/egusphere-egu25-6974,Regional Mapping of MAVEN Orbital Magnetometer Data: Implications for the Nature of Crustal Field Sources and the Duration of the Mars Dynamo,Lon Hood; Travis Matlock; David Williams; David Crown; Joana Oliveira; Jasper Halekas; Benoit Langlais; Robert Lillis,2025,,posted-content,False,Discovery candidate — not screened,Magnetism,,,,https://doi.org/10.5194/egusphere-egu25-6974
10.5194/egusphere-egu25-7877,"Investigation of near-infrared spectroscopic characteristics of plagioclase in the Martian crust, implications from Martian meteorites",Guixin Xing; Lu Pan; Junfeng Chen; Yuyan Zhao,2025,,posted-content,False,Discovery candidate — not screened,Meteorite geochemistry,,,,https://doi.org/10.5194/egusphere-egu25-7877
10.5194/egusphere-egu25-8533,Coupled dichotomy retreat and aqueous alteration on Noachian Mars,Joseph McNeil; Peter Fawdon; Matthew Balme; Angela Coe; Javier Cuadros; Stuart Turner,2025,,posted-content,False,Discovery candidate — not screened,Dichotomy; Gravity and topography; Magnetism; Chronology; Surface and water; Volcanism and tectonics; Atmosphere,,,,https://doi.org/10.5194/egusphere-egu25-8533
10.5194/epsc-dps2025-1167,Comparing plasma measurements at Mars during close conjunctions of MAVEN and Mars Express,Judit Bergfalk; Dave Brain; Robin Ramstad; Neesha Schnepf; Shannon Curry; Yaxue Dong; David Mitchell; Shaosui Xu; Gwen Hanley; James McFadden; Mats Holmström; Futaana Yoshifumi; Jasper Halekas; Jared Espley,2025,,posted-content,False,Discovery candidate — not screened,Magnetism,,,,https://doi.org/10.5194/epsc-dps2025-1167
10.5194/epsc-dps2025-1547,Supervised Deep Learning for Mapping Small Craters on Mars,Cédric Millot; Cathy Quantin-Nataf; Matthieu Volat,2025,,posted-content,False,Discovery candidate — not screened,Chronology,,,,https://doi.org/10.5194/epsc-dps2025-1547
10.5194/epsc-dps2025-1580,Experimental ice:silicate craters and their application to Mars,Jack Ethan Finch; Penny Wozniakiewicz; Jon Tandy; Mark Burchell; Elliot Sefton-Nash; Luke Alesbrook; Detlef Koschny; Chrysa Avdellidou; Vassilia Spathis,2025,,posted-content,False,Discovery candidate — not screened,Chronology,,,,https://doi.org/10.5194/epsc-dps2025-1580
10.5194/epsc-dps2025-314,Gravity-driven tectonics at the dichotomy boundary (Mars),Filippo Carboni; Oguzcan Karagoz; Jonas Ruh; Thomas Kenkmann,2025,,posted-content,False,Discovery candidate — not screened,Dichotomy; Gravity and topography; Magnetism; Chronology; Surface and water; Volcanism and tectonics; Atmosphere,,,,https://doi.org/10.5194/epsc-dps2025-314
10.5194/epsc-dps2025-467,Clay Minerals Distribution across the Martian Crustal Dichotomy: Insights into Aqueous Environments on Early Mars,Jeremy Brossier; Francesca Altieri; Maria Cristina De Sanctis; Alessandro Frigeri; Marco Ferrari; Simone De Angelis; Enrico Bruschini; Andrea Apuzzo; Monica Rasmussen; Janko Trisic Ponce,2025,,posted-content,False,Discovery candidate — not screened,Dichotomy; Chronology,,,,https://doi.org/10.5194/epsc-dps2025-467
10.5194/epsc-dps2025-9,The primordial atmosphere of Mars was massive,Sarah Joiret; Alessandro Morbidelli; Rafael de Sousa Ribeiro; Guillaume Avice,2025,,posted-content,False,Discovery candidate — not screened,Surface and water,,,,https://doi.org/10.5194/epsc-dps2025-9
10.5194/epsc-dps2025-931,Constraining Martian Ice Deposits from an Effective Density Approach to Gravity and Topography and Implications for a future Mars Gravity Mission,Abigail Dunnigan; Michael Sori,2025,,posted-content,False,Discovery candidate — not screened,Gravity and topography,,,,https://doi.org/10.5194/epsc-dps2025-931
10.64628/ab.ft3f49r7x,"Mars has a solid inner core, resolving a longstanding planetary mystery – new study",Kevin Olsen; Mhairi Reid,2025,,posted-content,False,Discovery candidate — not screened,Interior,,,,https://doi.org/10.64628/ab.ft3f49r7x
10.7185/gold2025.31089,Resolving magmatic halogen signatures in nakhlite meteorites,Matthieu Almayrac; Lorraine Ruzié-Hamilton; Ray Burgess,2025,Goldschmidt2025 abstracts,proceedings-article,False,Discovery candidate — not screened,Meteorite magnetism,,,,https://doi.org/10.7185/gold2025.31089
10.7185/gold2025.31542,Could a layer of liquid silicate be present at Mars’ core-mantle boundary?,Megan Duncan; Matthew Weller; Scott King,2025,Goldschmidt2025 abstracts,proceedings-article,False,Discovery candidate — not screened,Interior,,,,https://doi.org/10.7185/gold2025.31542
10.7185/gold2025.31786,Discovery of a primitive Mg-rich clast within a proto-breccia fragment in NWA 7533,Ninna Korsgaard Jensen; Martin Bizzarro; Alexander Nemchin; Takashi Mikouchi,2025,Goldschmidt2025 abstracts,proceedings-article,False,Discovery candidate — not screened,Meteorite geochemistry,,,,https://doi.org/10.7185/gold2025.31786
10.1016/j.asr.2023.07.025,Design of Mars global longitudinal coverage constellation leveraging resonant and periodic orbits in Mars-Phobos-Deimos system,Gabriele Montesi; Federico De Grossi; Christian Circi,2024,Advances in Space Research,journal-article,False,Discovery candidate — not screened,Moons and impacts,,,,https://doi.org/10.1016/j.asr.2023.07.025
10.1016/j.icarus.2024.115972,Polyphase tectonics on Mars: Insight from the Claritas Fossae,Evandro Balbi; Gabriele Ferretti; Silvano Tosi; Laura Crispini; Paola Cianfarra,2024,Icarus,journal-article,False,Discovery candidate — not screened,Volcanism and tectonics,,,,https://doi.org/10.1016/j.icarus.2024.115972
10.1016/j.icarus.2024.116102,MRO overview: Sixteen years in Mars orbit,Richard Zurek; Leslie Tamppari; M. Dan Johnston; Scott Murchie; Alfred McEwen; Shane Byrne; Roberto Seu; Nathaniel Putzig; David Kass; Michael Malin; Bruce Cantor,2024,Icarus,journal-article,False,Discovery candidate — not screened,Missions,,,,https://doi.org/10.1016/j.icarus.2024.116102
10.1016/j.icarus.2024.116137,Combined impact and interior evolution models in three dimensions indicate a southern impact origin of the Martian Dichotomy,Kar Wai Cheng; Harry A. Ballantyne; Gregor J. Golabek; Martin Jutzi; Antoine B. Rozel; Paul J. Tackley,2024,Icarus,journal-article,True,Abstract consulted,Dichotomy,Coupled impact and long-term mantle models build thicker crust on the impacted southern hemisphere.,Tests an impact followed by geological evolution rather than an instantaneous crater alone.,Model preference is conditional on impact parameters and mantle viscosity; data are available on request.,https://doi.org/10.1016/j.icarus.2024.116137
10.1016/j.icarus.2024.116192,The dayside ionosphere of Mars observed by MAVEN NGIMS,Yuni Lee; Mehdi Benna; Paul Mahaffy,2024,Icarus,journal-article,False,Discovery candidate — not screened,Magnetism,,,,https://doi.org/10.1016/j.icarus.2024.116192
10.1016/j.icarus.2024.116226,"Origin of ice in the Medusae Fossae Formation, equatorial Mars",James L. Fastook; James W. Head,2024,Icarus,journal-article,False,Discovery candidate — not screened,Dichotomy,,,,https://doi.org/10.1016/j.icarus.2024.116226
10.1016/j.icarus.2024.116283,"Moisture cycles in Jezero crater, Mars",Hannu Savijärvi; Jouni Polkko; Maria Hieta; German Martinez; Maria-Paz Zorzano; Leslie Tamppari; Ari-Matti Harri,2024,Icarus,journal-article,False,Discovery candidate — not screened,Missions,,,,https://doi.org/10.1016/j.icarus.2024.116283
10.1016/j.pss.2024.105924,"Clay mineralogy in west Chryse Planitia, Mars: Comparison with present and future landing sites",Jeremy Brossier; Francesca Altieri; Maria Cristina De Sanctis; Alessandro Frigeri; Marco Ferrari; Simone De Angelis; Enrico Bruschini,2024,Planetary and Space Science,journal-article,False,Discovery candidate — not screened,Surface and water,,,,https://doi.org/10.1016/j.pss.2024.105924
10.1016/s0262-4079(24)00539-6,A single meteorite created a billion craters on Mars,Leah Crane,2024,New Scientist,journal-article,False,Discovery candidate — not screened,Chronology,,,,https://doi.org/10.1016/s0262-4079(24)00539-6
10.1016/s0262-4079(24)01517-3,Strange meteorites traced to their source craters on Mars,Leah Crane,2024,New Scientist,journal-article,False,Discovery candidate — not screened,Chronology; Surface and water,,,,https://doi.org/10.1016/s0262-4079(24)01517-3
10.1029/2023gl105701,Constraints on Lateral Variations of Martian Crustal Thickness From Seismological and Gravity Field Measurements,Mélanie Drilleau; Henri Samuel; Raphaël F. Garcia; Attilio Rivoldini; Clément Perrin; Mark Wieczorek; Philippe Lognonné; William B. Banerdt,2024,Geophysical Research Letters,journal-article,True,Abstract consulted,Interior,Joint inversion of marsquake and geophysical information admits alternative thermal and crustal structures.,Tests compatibility between seismic structure and global geophysical constraints.,"Event locations, temperature and structure trade off; this is not a second global seismic network.",https://doi.org/10.1029/2023gl105701
10.1029/2023gl106788,Magnetic Field Signatures of Craters on Mars,A. Mittelholz; S. C. Steele; R. R. Fu; C. L. Johnson; R. J. Lillis; G. Stucky de Quay,2024,Geophysical Research Letters,journal-article,False,Discovery candidate — not screened,Magnetism; Chronology,,,,https://doi.org/10.1029/2023gl106788
10.1029/2023gl107675,Atmospheric Escape From Earth and Mars: Response to Solar and Solar Wind Drivers of Oxygen Escape,W. K. Peterson; D. A. Brain; N. R. Schnepf; Y. Dong; P. Chamberlin; A. W. Yau,2024,Geophysical Research Letters,journal-article,False,Discovery candidate — not screened,Atmosphere,,,,https://doi.org/10.1029/2023gl107675
10.1029/2024av001241,"Astrobiological Potential of Rocks Acquired by the Perseverance Rover at a Sedimentary Fan Front in Jezero Crater, Mars",T. Bosak; D. L. Shuster; E. L. Scheller; S. Siljeström; M. J. Zawaski; L. Mandon; J. I. Simon; B. P. Weiss; K. M. Stack; E. N. Mansbach; A. H. Treiman; K. C. Benison; A. J. Brown; A. D. Czaja; K. A. Farley; E. M. Hausrath; K. Hickman‐Lewis; C. D. K. Herd; J. R. Johnson; L. E. Mayhew; M. E. Minitti; K. H. Williford; B. V. Wogsland; M.‐P. Zorzano; A. C. Allwood; H. E. F. Amundsen; J. F. Bell; K. Benzerara; S. Bernard; O. Beyssac; D. K. Buckner; M. Cable; F. Calef; G. Caravaca; D. C. Catling; E. Clavé; E. Cloutis; B. A. Cohen; A. Cousin; E. Dehouck; A. G. Fairén; D. T. Flannery; T. Fornaro; O. Forni; T. Fouchet; E. Gibbons; F. Gomez Gomez; S. Gupta; K. P. Hand; J. A. Hurowitz; H. Kalucha; D. A. K. Pedersen; G. Lopes‐Reyes; J. N. Maki; S. Maurice; J. I. Nuñez; N. Randazzo; J. W. Rice; C. Royer; M. A. Sephton; S. Sharma; A. Steele; C. D. Tate; K. Uckert; A. Udry; R. C. Wiens; A. Williams,2024,AGU Advances,journal-article,False,Discovery candidate — not screened,Missions,,,,https://doi.org/10.1029/2024av001241
10.1029/2024eo240528,Martian Meteorite Points to Ancient Hydrothermal Activity,Katherine Kornei,2024,Eos,journal-article,False,Discovery candidate — not screened,Meteorite magnetism,,,,https://doi.org/10.1029/2024eo240528
10.1029/2024gl110921,Constraints on the Origin of the Martian Dichotomy From Southern Highlands Marsquakes,Weijia Sun; Hrvoje Tkalčić,2024,Geophysical Research Letters,journal-article,True,Abstract consulted,Interior,Different attenuation inferred along Terra Cimmeria and Cerberus paths is interpreted as a thermal contrast.,Provides a potential mantle-related expression of the dichotomy.,"Limited paths, scattering and source effects complicate temperature inference; present contrast does not uniquely date its cause.",https://doi.org/10.1029/2024gl110921
10.1029/2024gl111676,Space Weather Induces Changes in the Composition of Atmospheric Escape at Mars,K. G. Hanley; D. L. Mitchell; R. Lillis; C. M. Fowler; J. P. McFadden; R. Jolitz; S. Xu; M. Benna; J. Espley; F. Eparvier; S. Curry,2024,Geophysical Research Letters,journal-article,False,Discovery candidate — not screened,Atmosphere,,,,https://doi.org/10.1029/2024gl111676
10.1029/2024je008461,"Water‐Limited Hydrothermalism and Volcanic Resurfacing of Eridania Basin, Mars",Emmy B. Hughes; James Wray; Suniti Karunatillake; Grace Fanson; Elise Harrington; Don R. Hood,2024,Journal of Geophysical Research: Planets,journal-article,False,Discovery candidate — not screened,Surface and water,,,,https://doi.org/10.1029/2024je008461
10.1029/2024je008505,Likely Ferromagnetic Minerals Identified by the Perseverance Rover and Implications for Future Paleomagnetic Analyses of Returned Martian Samples,Elias N. Mansbach; Tanya V. Kizovski; Eva L. Scheller; Tanja Bosak; Lucia Mandon; Briony Horgan; Roger C. Wiens; Christopher D. K. Herd; Sunanda Sharma; Jeffrey R. Johnson; Travis S. J. Gabriel; Olivier Forni; Yang Liu; Mariek E. Schmidt; Benjamin P. Weiss,2024,Journal of Geophysical Research: Planets,journal-article,True,Abstract consulted,Meteorite magnetism,Perseverance observations identify potential iron-oxide magnetic carriers in igneous rocks.,Helps prioritize contextualized samples for future rock-magnetic work.,Spectral identification of possible carriers is not a direct ancient paleofield measurement.,https://doi.org/10.1029/2024je008505
10.1038/s41467-024-51092-4,Weak magnetism of Martian impact basins may reflect cooling in a reversing dynamo,S. C. Steele; R. R. Fu; A. Mittelholz; A. I. Ermakov; R. I. Citron; R. J. Lillis,2024,Nature Communications,journal-article,True,Selected full-text sections consulted,Magnetism,Cooling and polarity reversals can suppress orbital anomalies above impact basins despite an active dynamo.,Tests whether weak basin magnetism actually requires post-dynamo formation.,The explored basin-size range is much smaller than Borealis; a direct extrapolation is not validated.,https://doi.org/10.1038/s41467-024-51092-4
10.1038/s41550-023-02191-7,Diverse volcanism and crustal recycling on early Mars,Joseph R. Michalski; A. Deanne Rogers; Christopher S. Edwards; Aster Cowart; Long Xiao,2024,Nature Astronomy,journal-article,False,Discovery candidate — not screened,Interior; Magnetism,,,,https://doi.org/10.1038/s41550-023-02191-7
10.1038/s41550-024-02343-3,Hypothesis of an ancient northern ocean on Mars and insights from the Zhurong rover,Le Wang; Jun Huang,2024,Nature Astronomy,journal-article,False,Discovery candidate — not screened,Surface and water,,,,https://doi.org/10.1038/s41550-024-02343-3
10.1038/s41586-023-06930-8,Author Correction: Geophysical evidence for an enriched molten silicate layer above Mars’s core,Henri Samuel; Mélanie Drilleau; Attilio Rivoldini; Zongbo Xu; Quancheng Huang; Raphaël F. Garcia; Vedran Lekić; Jessica C. E. Irving; James Badro; Philippe H. Lognonné; James A. D. Connolly; Taichi Kawamura; Tamara Gudkova; William B. Banerdt,2024,Nature,journal-article,False,Discovery candidate — not screened,Interior,,,,https://doi.org/10.1038/s41586-023-06930-8
10.1051/0004-6361/202348385,Width of the quasi-perpendicular bow shock region at Mars,Sara Nesbit-Östman; Herbert Gunell; Maria Hamrin; Hermann Opgenoorth; Laila Andersson,2024,Astronomy & Astrophysics,journal-article,False,Discovery candidate — not screened,Magnetism,,,,https://doi.org/10.1051/0004-6361/202348385
10.1109/aero58975.2024.10521228,The Last Days of Mars InSight,Scott G. C. Edgington; James W. Ashley; W. Bruce Banerdt; Jessica E. Cameron; Blake R. Charlton; Kathya Zamora Garcia; Scott G. Lever; Mark P. Panning; Charles P. Scott; Emily Eelkema Stough,2024,2024 IEEE Aerospace Conference,proceedings-article,False,Discovery candidate — not screened,Interior,,,,https://doi.org/10.1109/aero58975.2024.10521228
10.1109/igarss53475.2024.10640721,Geological Features of Martian Coastline Revealed by Mars Rover Penetrating Radar (Roper) Onboard Zhurong Rover,Li Jianhui; Liu Hai; Meng Xu; Duan Diwen,2024,IGARSS 2024 - 2024 IEEE International Geoscience and Remote Sensing Symposium,proceedings-article,False,Discovery candidate — not screened,Surface and water,,,,https://doi.org/10.1109/igarss53475.2024.10640721
10.1109/igarss53475.2024.10642003,Icebergs on Early Mars,Alberto G. Fairén; Christopher Woodworth-Lynas,2024,IGARSS 2024 - 2024 IEEE International Geoscience and Remote Sensing Symposium,proceedings-article,False,Discovery candidate — not screened,Meteorite geochemistry; Chronology,,,,https://doi.org/10.1109/igarss53475.2024.10642003
10.1109/tgrs.2024.3350030,Radiation Pattern Compensation Reverse Time Migration of Zhurong Mars Rover Penetrating Radar,Shichao Zhong; Yibo Wang; Yikang Zheng; Ling Chen,2024,IEEE Transactions on Geoscience and Remote Sensing,journal-article,False,Discovery candidate — not screened,Surface and water,,,,https://doi.org/10.1109/tgrs.2024.3350030
10.1111/1755-6724.15189,The Source Crater of Depleted Shergottites,Fanglu LUO; Zhiyong XIAO; Rui XU; Yiren CHANG; Yizhen MA; Wei CAO; Yunhua WU; Yichen WANG,2024,Acta Geologica Sinica - English Edition,journal-article,False,Discovery candidate — not screened,Meteorite provenance,,,,https://doi.org/10.1111/1755-6724.15189
10.1111/maps.14136,The Martian crustal field recorded in Antarctic meteorite Grove Mountains 020090,Ting Cao; Huapei Wang; Shaochen Hu; Kaixian Qi,2024,Meteoritics & Planetary Science,journal-article,True,Abstract consulted,Meteorite magnetism,GRV 020090 is interpreted to preserve a Martian thermal remanence; shock loss makes 1.6 microtesla a lower bound.,Adds an Antarctic shergottite constraint and a local-crustal-field interpretation.,Abstract and data statement consulted; a proposed source region and lower bound are not a global dynamo measurement.,https://doi.org/10.1111/maps.14136
10.1126/sciadv.adn2378,The source craters of the martian meteorites: Implications for the igneous evolution of Mars,Christopher D. K. Herd; Jarret S. Hamilton; Erin L. Walton; Livio L. Tornabene; Anthony Lagain; Gretchen K. Benedix; Alex I. Sheen; H. J. Melosh; Brandon C. Johnson; Sean E. Wiggins; Thomas G. Sharp; James R. Darling,2024,Science Advances,journal-article,True,Abstract consulted,Meteorite geochemistry and provenance,Links groups of Martian meteorites to candidate source craters through ejection and geological modelling.,Allows explicit provenance hypotheses for comparing meteorites with mapped provinces.,Meteorites from the same launch group must not be counted as independent regional observations.,https://doi.org/10.1126/sciadv.adn2378
10.1126/sciadv.adq3694,Zircon trace element evidence for early hydrothermal activity on Mars,Jack Gillespie; Aaron J. Cavosie; Denis Fougerouse; Cristiana L. Ciobanu; William D. A. Rickard; David W. Saxey; Gretchen K. Benedix; Phil A. Bland,2024,Science Advances,journal-article,True,Abstract consulted,Meteorite geochemistry and provenance,Nanometre-scale mineral and chemical evidence in ancient zircon is interpreted as early hydrothermal activity.,Links water–rock interaction to early crustal modification and possible magnetic carriers.,A local grain-scale environment does not establish a planet-wide ocean or magnetic field.,https://doi.org/10.1126/sciadv.adq3694
10.1126/science.zgfv9bh,NASA’s Mars rover probes ancient shorelines for signs of life,,2024,AAAS Articles DO Group,dataset,False,Discovery candidate — not screened,Surface and water,,,,https://doi.org/10.1126/science.zgfv9bh
10.1130/abs/2024am-402047,PETROLOGY FINDINGS AND FALLBACKS SURROUNDING MARTIAN METEORITES,Not Provided; Arya Udry; Amanda M. Ostwald; Lydia J. Hallis,2024,Geological Society of America Abstracts with Programs,proceedings-article,False,Discovery candidate — not screened,Meteorite magnetism,,,,https://doi.org/10.1130/abs/2024am-402047
10.1130/abs/2024am-403124,POSSIBLE YOUNG LACUSTRINE DELTAS AND YARDANGS ON THE MARTIAN DICHOTOMY BOUNDARY,University of New Mexico; Joshua Williams; Louis A. Scuderi; Horton E. Newsom; Sebastian A. Los,2024,Geological Society of America Abstracts with Programs,proceedings-article,False,Discovery candidate — not screened,Dichotomy,,,,https://doi.org/10.1130/abs/2024am-403124
10.1130/abs/2024am-404209,EXPLORATION OF CARBONATE-RICH ROCKS IN THE MARGIN UNIT OF JEZERO CRATER ON MARS BY THE PERSEVERANCE ROVER,Purdue University; Briony Horgan; Bradley Garczynski; Candice Bedford; Elise Clave; Sanjeev Gupta; Joel Hurowitz; Alex Jones; Eleni Ravanis; Michael M. Tice; Kenneth H. Williford,2024,Geological Society of America Abstracts with Programs,proceedings-article,False,Discovery candidate — not screened,Missions,,,,https://doi.org/10.1130/abs/2024am-404209
10.1145/3704137.3704169,Z3DVS : A 3D visualization System for Zhurong Mars Rover Science Operations,Xingye Gao; Wei Zuo; Zhoubin Zhang; Chunlai Li,2024,Proceedings of the 2024 8th International Conference on Advances in Artificial Intelligence,proceedings-article,False,Discovery candidate — not screened,Surface and water,,,,https://doi.org/10.1145/3704137.3704169
10.1190/iceg2023-024.1,3D imaging of Mars’ shallow subsurface with orbital radar data,Frederick J. Foss; Nathaniel E. Putzig; Matthew R. Perry; Gareth A. Morgan; Aaron T. Russell; Bruce A. Campbell; Stewart A. Levin; John W. Holt; Michael S. Christoffersen; Isaac B. Smith,2024,"Seventh International Conference on Engineering Geophysics, Al Ain, UAE, 16–19 October 2023",proceedings-article,False,Discovery candidate — not screened,Surface and water,,,,https://doi.org/10.1190/iceg2023-024.1
10.2110/sepmmisc.24.125,"The Mars 2020 Perseverance Rover’s Exploration of the Sedimentary Rock Record in Jezero Crater, Mars",Kathryn Stack; The Mars 2020 Science Team,2024,The Past is the Key to a Sustainable Future,book-chapter,False,Discovery candidate — not screened,Missions,,,,https://doi.org/10.2110/sepmmisc.24.125
10.21203/rs.3.rs-4423842/v1,Seismic Detection of a 600-km Solid Inner Core on Mars,Daoyuan Sun; Huixing Bi; Ningyu Sun; Zhu Mao; Mingwei Dai; Douglas Hemingway,2024,,posted-content,False,Discovery candidate — not screened,Interior,,,,https://doi.org/10.21203/rs.3.rs-4423842/v1
10.21203/rs.3.rs-4627592/v1,Subsurface Water in Mars' Shallow Diluvium Deposits: Evidence from Tianwen-1 Radar Observations,Chunyu Ding; Changzhi Jiang; Yan Su; Jiawei Li; Ravi Sharma; Yuanzhou Liu,2024,,posted-content,False,Discovery candidate — not screened,Surface and water,,,,https://doi.org/10.21203/rs.3.rs-4627592/v1
10.21203/rs.3.rs-4961109/v1,Dust Surrounding Mars Detected by MAVEN,Shengyi Ye; Guangzhou Wang; Han Wu; Jian Wang,2024,,posted-content,False,Discovery candidate — not screened,Magnetism; Atmosphere,,,,https://doi.org/10.21203/rs.3.rs-4961109/v1
10.22541/au.170602175.59675849/v1,The subsurface structure of the Martian Utopian Basin revealed by the radar data of the Zhurong rover,Huitang Li; Bo Wang; Jun Li; Hong Qing Sheng; Xiao Ling,2024,,posted-content,False,Discovery candidate — not screened,Surface and water,,,,https://doi.org/10.22541/au.170602175.59675849/v1
10.22541/essoar.171691156.61838813/v1,Martian Highlands Differentiation Concomitant to Dichotomy FormationMartian Highlands Differentiation Concomitant to Dichotomy FormationMartian Highlands Differentiation Concomitant to Dichotomy FormationMartian Highlands Differentiation Concomitant to Dichotomy Formation,Valentin Bonnet Gibet; Chloe Michaut; Thomas Bodin; Mark A. Wieczorek; Fabien Dubuffet,2024,,posted-content,False,Discovery candidate — not screened,Dichotomy,,,,https://doi.org/10.22541/essoar.171691156.61838813/v1
10.22541/essoar.172711250.01323367/v1,Primitive crust buried below southern highland of the Mars,Shuoran Yu; Nan Zhang; Mingjie Zhang; Long Xiao,2024,,posted-content,False,Discovery candidate — not screened,Gravity and topography; Meteorite geochemistry; Chronology,,,,https://doi.org/10.22541/essoar.172711250.01323367/v1
10.22541/essoar.173031774.49736782/v1,Paleo-ocean and Evolution of Mars Revealed by Seismic Crustal Stratigraphy,Xiaoxin Wang; Xiao Xiao; Lianxing Wen,2024,,posted-content,False,Discovery candidate — not screened,Magnetism,,,,https://doi.org/10.22541/essoar.173031774.49736782/v1
10.33140/jmtcm.03.01.02,"Irregularly Shaped Satellites-Phobos & Deimos-Moons of Mars, and Their Evolutionary History",,2024,Journal of Mathematical Techniques and Computational Mathematics,journal-article,False,Discovery candidate — not screened,Moons and impacts,,,,https://doi.org/10.33140/jmtcm.03.01.02
10.3389/fspas.2024.1270079,"The characteristic and size–frequency distribution of rocks at the Zhurong landing site, Mars",Xiukuo Sun; Shouding Li; Juan Li; Yanfang Wu; Shuo Zhang; Bo Zheng; Zhaobin Zhang; Tao Xu; Xinshuo Chen; Yiming Diao,2024,Frontiers in Astronomy and Space Sciences,journal-article,False,Discovery candidate — not screened,Surface and water,,,,https://doi.org/10.3389/fspas.2024.1270079
10.3390/rs16050824,Water Ice Resources on the Shallow Subsurface of Mars: Indications to Rover-Mounted Radar Observation,Naihuan Zheng; Chunyu Ding; Yan Su; Roberto Orosei,2024,Remote Sensing,journal-article,False,Discovery candidate — not screened,Surface and water,,,,https://doi.org/10.3390/rs16050824
10.3726/b20809,Martian Linguistics,,2024,,monograph,False,Discovery candidate — not screened,Dichotomy,,,,https://doi.org/10.3726/b20809
10.3847/1538-4357/ad8232,Joint Observation of a Series of Magnetic Holes by Tianwen-1 and MAVEN on Mars,T. Y. Zhou; H. S. Fu; Z. Z. Guo; J. B. Cao; Y. M. Wang; W. D. Fu; Z. Wang; M. Ge,2024,The Astrophysical Journal,journal-article,False,Discovery candidate — not screened,Magnetism; Atmosphere,,,,https://doi.org/10.3847/1538-4357/ad8232
10.3847/1538-4357/ad93ad,Observations of the Crustal Mini-magnetopause Reconnection at Mars,Xinzhi Qiu; Yiqun Yu; Jing Wang; Lihui Chai; Fan Gong; Longhui Liu; Jinbin Cao,2024,The Astrophysical Journal,journal-article,False,Discovery candidate — not screened,Magnetism,,,,https://doi.org/10.3847/1538-4357/ad93ad
10.46427/gold2024.21350,Mg isotope evidence that magnesite in Martian meteorite ALH84001 precipitated as hydromagnesite,Surjyendu Bhattacharjee; John Eiler; Damanveer Grewal; Carl Swindle; John Valley; Clara Blättler; Chi Ma; Paul Asimow; Theodore Present; Guan Yunbin; Maciej Sliwinski,2024,Goldschmidt2024 abstracts,proceedings-article,False,Discovery candidate — not screened,Meteorite magnetism,,,,https://doi.org/10.46427/gold2024.21350
10.46427/gold2024.23730,"Complex history of Jezero crater as observed with the Perseverance Mars rover, and implications for habitability and astrobiology",Roger Wiens,2024,Goldschmidt2024 abstracts,proceedings-article,False,Discovery candidate — not screened,Missions,,,,https://doi.org/10.46427/gold2024.23730
10.5194/angeo-42-69-2024,Ionospheric density depletions around crustal fields at Mars and their connection to ion frictional heating,Hadi Madanian; Troy Hesse; Firdevs Duru; Marcin Pilinski; Rudy Frahm,2024,Annales Geophysicae,journal-article,False,Discovery candidate — not screened,Interior,,,,https://doi.org/10.5194/angeo-42-69-2024
10.5194/egusphere-egu24-11201,Clay Minerals Investigation along the Martian Crustal Dichotomy to Assess Aqueous Conditions on Early Mars,Jeremy Brossier; Francesca Altieri; Maria Cristina De Sanctis; Alessandro Frigeri; Marco Ferrari; Simone De Angelis; Enrico Bruschini; Andrea Apuzzo,2024,,posted-content,False,Discovery candidate — not screened,Dichotomy; Chronology,,,,https://doi.org/10.5194/egusphere-egu24-11201
10.5194/epsc2020-154,MAVEN observations of factors influencing the magnetotail twist at Mars,Gina A. DiBraccio; Norberto Romanelli; Jacob R. Gruesbeck; Jasper Halekas; Suranga Ruhunusiri; Jared Espley; Gangkai Poh; John E. P. Connerney; Shaosui Xu; Tristan Weber; Janet Luhmann; David Brain,2024,,posted-content,False,Discovery candidate — not screened,Magnetism,,,,https://doi.org/10.5194/epsc2020-154
10.5194/epsc2020-208,Mars’ ionopause characterization based on MAVEN and Mars Express observations,Beatriz Sanchez-Cano; Clara Narvaez; Mark Lester; Michael Mendillo; Majd Mayyasi; Mats Holmstrom; Jasper Halekas; Laila Andersson; Christopher M. Fowler; James P. McFadden; Sofija Durward,2024,,posted-content,False,Discovery candidate — not screened,Magnetism; Atmosphere,,,,https://doi.org/10.5194/epsc2020-208
10.5194/epsc2020-477,Automatic Crater Counting: Model Ages Derivation of Large Martian Impact Craters.,Anthony Lagain; Konstantinos Servis; Christopher Norman; Gretchen Benedix; Philippe Bland,2024,,posted-content,False,Discovery candidate — not screened,Meteorite provenance,,,,https://doi.org/10.5194/epsc2020-477
10.5194/epsc2020-665,Forming the Martian Crustal Dichotomy Without Significant Mantle Heating,Harry Ballantyne; Martin Jutzi,2024,,posted-content,False,Discovery candidate — not screened,Dichotomy,,,,https://doi.org/10.5194/epsc2020-665
10.5194/epsc2020-777,On Mirror Mode Waves at Mars: Results from MAVEN,Cyril Simon Wedlund; Martin Volwerk; Christian Mazelle; Christian Möstl; Diana Rojas-Castillo; Jared Espley; Jasper Halekas,2024,,posted-content,False,Discovery candidate — not screened,Magnetism,,,,https://doi.org/10.5194/epsc2020-777
10.5194/epsc2020-861,"Igneous Float Rocks at the Ireson Hill and Bressay Localities, Gale Crater, Mars",Donald Bowden; John Bridges; Agnes Cousin; Susanne Schwenzer; Roger Wiens; Olivier Gasnault; Lucy Thompson; Patrick Gasda; Candice Bedford; Stuart Turner; Rebecca Williams,2024,,posted-content,False,Discovery candidate — not screened,Missions,,,,https://doi.org/10.5194/epsc2020-861
10.5194/epsc2021-319,Generation of Global Surface and Shallow Subsurface Images of Mars by Radar Sounders Data,Miguel Hoyo García; Leonardo Carrer; Lorenzo Bruzzone; Francesca Bovolo,2024,,posted-content,False,Discovery candidate — not screened,Surface and water,,,,https://doi.org/10.5194/epsc2021-319
10.5194/epsc2021-341,"Spectroscopic study of North West Africa 12269, a recently classified Martian meteorite.",Paola Manzari; Gioacchino Tempesta; Giovanna Agrosì,2024,,posted-content,False,Discovery candidate — not screened,Meteorite magnetism,,,,https://doi.org/10.5194/epsc2021-341
10.5194/epsc2021-492,Analysis of topographic profiles of elongated craters on Mars,Bernd Buchenberger; Elliot Sefton-Nash; Olivier Witasse,2024,,posted-content,False,Discovery candidate — not screened,Chronology,,,,https://doi.org/10.5194/epsc2021-492
10.5194/epsc2021-765,Identifying the Sweet Spot for an Impact-Induced Martian Dichotomy,Harry Ballantyne; Martin Jutzi; Gregor J. Golabek,2024,,posted-content,False,Discovery candidate — not screened,Dichotomy,,,,https://doi.org/10.5194/epsc2021-765
10.5194/epsc2021-838,Analysis of tectonic structures on the Martian surface: a contribution to the understanding of the crustal dichotomy,Evandro Balbi; Paola Cianfarra; Gabriele Ferretti; Laura Crispini; Silvano Tosi,2024,,posted-content,False,Discovery candidate — not screened,Dichotomy,,,,https://doi.org/10.5194/epsc2021-838
10.5194/epsc2024-1049,Samples collected by Mars 2020 Perseverance at Jezero Crater for Mars Sample Return,Sandra Siljeström; Chris Herd; Tanja Bosak; Kenneth Farley; Kathryn Stack; Kathleen Benison; Andy Czaja; Vinciane Debaille; Elisabeth Hausrath; Keyron Hickman-Lewis; Lisa Mayhew; Mark Sephton; David Shuster; Justin Simon; Meenakshi Wadhwa; Maria-Paz Zorzano; Ben Weiss,2024,,posted-content,False,Discovery candidate — not screened,Missions,,,,https://doi.org/10.5194/epsc2024-1049
10.5194/epsc2024-1271,Subsurface Investigations of Debris-Covered Glaciers as Mars Analogs with Drone-Based Ground Penetrating Radar,Roberto Aguilar; Tyler Meng; Michael Christoffersen; Stefano Nerozzi; John Holt,2024,,posted-content,False,Discovery candidate — not screened,Surface and water,,,,https://doi.org/10.5194/epsc2024-1271
10.5194/epsc2024-271,Clay - Carbonate Assemblages along the Martian Crustal Dichotomy: A Key to Assess Aqueous Conditions on Early Mars,Jeremy Brossier; Francesca Altieri; Maria Cristina De Sanctis; Alessandro Frigeri; Marco Ferrari; Simone De Angelis; Enrico Bruschini; Andrea Apuzzo,2024,,posted-content,False,Discovery candidate — not screened,Dichotomy; Chronology,,,,https://doi.org/10.5194/epsc2024-271
10.5194/epsc2024-487,Bistatic Radar Observations in 2022 with Mars Express,Dennis Scholl; Tom Andert; Martin Pätzold; Adonees Semaan,2024,,posted-content,False,Discovery candidate — not screened,Missions,,,,https://doi.org/10.5194/epsc2024-487
10.5194/epsc2024-61,Enabling large-scale detection of subsurface features on Mars by their radar mapping,Miguel Hoyo García; Lorenzo Bruzzone; Francesca Bovolo,2024,,posted-content,False,Discovery candidate — not screened,Surface and water,,,,https://doi.org/10.5194/epsc2024-61
10.55766/sujst-2024-02-e01241,A REVIEW OF STRUCTURAL AND SYSTEM DESIGN OF MARS ROVER CURIOSITY AND PERSEVERANCE,Thongchart Thanadulsatit; Pawarathe Bualert; Siraphop Deschanin; Takdanai Ruxthawonwong; Sutinee Rueankham; Sandusit Wongsawat; Paron Tantana; Wares Chancharoen,2024,Suranaree Journal of Science and Technology,journal-article,False,Discovery candidate — not screened,Missions,,,,https://doi.org/10.55766/sujst-2024-02-e01241
10.56198/5m1rhtuqv,Game-based Learning Mars EcoVenture: Rover's Odyssey,Mohammed Shikdar; Shahaan Ahmed; Divine Osanapa; Jack Ingram; Shaif Hemraj; Stephen Selwood; Markos Mentzelopoulos; Kai Erenli,2024,Practitioner Proceedings of the 10th International Conference of the Immersive Learning Research Network (iLRN2024),proceedings-article,False,Discovery candidate — not screened,Missions,,,,https://doi.org/10.56198/5m1rhtuqv
10.59277/roaj.2024.1-2.04,MARS CHRONOLOGY DERIVED FROM CRATERS HETEROGENEITY AT GALE CRATER,Astronomical Institute of Romanian Academy; Radu Capitan,2024,Romanian Astronomical Journal,journal-article,False,Discovery candidate — not screened,Chronology,,,,https://doi.org/10.59277/roaj.2024.1-2.04
10.59720/23-181,Generation of a magnetic field on Mars,Zhansaya Galymova; Serik Anibayev; Raya Smagulova,2024,Journal of Emerging Investigators,journal-article,False,Discovery candidate — not screened,Magnetism,,,,https://doi.org/10.59720/23-181
10.64628/aai.cpfasxtvk,Meteorites from Mars help scientists understand the red planet’s interior,James Day,2024,,posted-content,False,Discovery candidate — not screened,Surface and water,,,,https://doi.org/10.64628/aai.cpfasxtvk
10.7185/geochemlet.2443,Dating recent aqueous activity on Mars,M.M. Tremblay; D.F. Mark; D.N. Barfod; B.E. Cohen; R.B. Ickert; M.R. Lee; T. Tomkinson; C.L. Smith,2024,Geochemical Perspectives Letters,journal-article,True,Selected full-text sections consulted,Surface and evolution,Lafayette iddingsite dates aqueous alteration to 742 ± 15 Ma at 2 sigma.,Separates mineral alteration from older crystallization and later ejection in a shared event history.,Results and interpretation consulted. This local alteration age does not independently date remanence or demonstrate a global ocean.,https://doi.org/10.7185/geochemlet.2443
10.1007/978-3-662-65093-6_1756,Mars Odyssey,Frances Westall,2023,Encyclopedia of Astrobiology,book-chapter,False,Discovery candidate — not screened,Missions,,,,https://doi.org/10.1007/978-3-662-65093-6_1756
10.1007/978-3-662-65093-6_300792,Martian Meteorites,,2023,Encyclopedia of Astrobiology,book-chapter,False,Discovery candidate — not screened,Dichotomy; Meteorite magnetism; Meteorite geochemistry,,,,https://doi.org/10.1007/978-3-662-65093-6_300792
10.1007/978-3-662-65093-6_5599,"Mars, Paleo Ocean",Victor R. Baker,2023,Encyclopedia of Astrobiology,book-chapter,False,Discovery candidate — not screened,Interior; Surface and water,,,,https://doi.org/10.1007/978-3-662-65093-6_5599
10.1007/978-3-662-65093-6_5633,Martian Moon Exploration,Michel Viso,2023,Encyclopedia of Astrobiology,book-chapter,False,Discovery candidate — not screened,Dichotomy,,,,https://doi.org/10.1007/978-3-662-65093-6_5633
10.1007/978-3-662-65093-6_940,Mars Express,Jean-Pierre Bibring,2023,Encyclopedia of Astrobiology,book-chapter,False,Discovery candidate — not screened,Missions,,,,https://doi.org/10.1007/978-3-662-65093-6_940
10.1007/978-3-662-65093-6_942,Mars Pathfinder,Claude D’Uston,2023,Encyclopedia of Astrobiology,book-chapter,False,Discovery candidate — not screened,Missions,,,,https://doi.org/10.1007/978-3-662-65093-6_942
10.1007/978-981-99-3138-5_18,Lower Atmosphere of Mars,S. A. Haider,2023,Astrophysics and Space Science Library Aeronomy of Mars,book-chapter,False,Discovery candidate — not screened,Atmosphere,,,,https://doi.org/10.1007/978-981-99-3138-5_18
10.1007/978-981-99-3138-5_19,Trace Gases of Mars Atmosphere,S. A. Haider,2023,Astrophysics and Space Science Library Aeronomy of Mars,book-chapter,False,Discovery candidate — not screened,Atmosphere,,,,https://doi.org/10.1007/978-981-99-3138-5_19
10.1007/978-981-99-3138-5_5,Thermal Structure of Mars Atmosphere,S. A. Haider,2023,Astrophysics and Space Science Library Aeronomy of Mars,book-chapter,False,Discovery candidate — not screened,Atmosphere,,,,https://doi.org/10.1007/978-981-99-3138-5_5
10.1007/978-981-99-3138-5_6,Magnetic Field of Mars,S. A. Haider,2023,Astrophysics and Space Science Library Aeronomy of Mars,book-chapter,False,Discovery candidate — not screened,Magnetism; Atmosphere,,,,https://doi.org/10.1007/978-981-99-3138-5_6
10.1007/978-981-99-3138-5_7,Upper Atmosphere of Mars,S. A. Haider,2023,Astrophysics and Space Science Library Aeronomy of Mars,book-chapter,False,Discovery candidate — not screened,Atmosphere,,,,https://doi.org/10.1007/978-981-99-3138-5_7
10.1007/978-981-99-3138-5_8,Atmospheric Escape from Mars,S. A. Haider,2023,Astrophysics and Space Science Library Aeronomy of Mars,book-chapter,False,Discovery candidate — not screened,Atmosphere,,,,https://doi.org/10.1007/978-981-99-3138-5_8
10.1007/978-981-99-7549-5_31,Application of Computer Vision Technology in Collaborative Control of the “Zhurong” Mars Rover,Jia Wang; Guolin Hu; Dafei Li; Saijin Wang; Shaojin Han; Xin Li; Xiaohui Liu; Ziqing Cheng; Hui Zhang; Zhao Huang; Ximing He; Xiaoxue Wang,2023,Communications in Computer and Information Science Image and Graphics Technologies and Applications,book-chapter,False,Discovery candidate — not screened,Surface and water,,,,https://doi.org/10.1007/978-981-99-7549-5_31
10.1016/j.asr.2022.11.058,Mars-Phobos/Deimos libration points revisited,Guy Marcus; Pini Gurfil,2023,Advances in Space Research,journal-article,False,Discovery candidate — not screened,Moons and impacts,,,,https://doi.org/10.1016/j.asr.2022.11.058
10.1016/j.epsl.2023.118126,Origin and abundances of volatiles on Mars from the zinc isotopic composition of Martian meteorites,M. Paquet; Paolo A. Sossi; Frédéric Moynier,2023,Earth and Planetary Science Letters,journal-article,False,Discovery candidate — not screened,Meteorite geochemistry,,,,https://doi.org/10.1016/j.epsl.2023.118126
10.1016/j.icarus.2022.115164,A Mars orbital catalog of aqueous alteration signatures (MOCAAS),John Carter; Lucie Riu; François Poulet; Jean-Pierre Bibring; Yves Langevin; Brigitte Gondet,2023,Icarus,journal-article,True,Abstract consulted,Surface and evolution,MOCAAS compiles orbital aqueous-mineral signatures from OMEGA and CRISM.,Supplies a surface alteration layer for comparison with geology and magnetism.,Abstract and project documentation consulted; November 2023 maps acquired. Uneven coverage and exposure prevent interpreting blank cells as dry.,https://doi.org/10.1016/j.icarus.2022.115164
10.1016/j.icarus.2022.115303,"Supervolcanic resurfacing in northwestern Arabia Terra, Mars",Augustus Bates; S. Goossens; J.M. Lorenzo; L. Ojha; D.R. Hood; S. Karunatillake; S. Kobs Nawotniak; T. Paladino,2023,Icarus,journal-article,False,Discovery candidate — not screened,Surface and water,,,,https://doi.org/10.1016/j.icarus.2022.115303
10.1016/j.icarus.2022.115322,The heterogeneous response of martian meteorite Allan Hills 84001 to planar shock,Thomas L. North; Gareth S. Collins; Thomas M. Davison; Adrian R. Muxworthy; Sarah C. Steele; Roger R. Fu,2023,Icarus,journal-article,False,Discovery candidate — not screened,Meteorite magnetism,,,,https://doi.org/10.1016/j.icarus.2022.115322
10.1016/j.icarus.2022.115395,Investigating the feasibility of an impact-induced Martian Dichotomy,Harry A. Ballantyne; Martin Jutzi; Gregor J. Golabek; Lokesh Mishra; Kar Wai Cheng; Antoine B. Rozel; Paul J. Tackley,2023,Icarus,journal-article,True,Abstract consulted,Dichotomy,Strength-inclusive impact models with crust production favour a southern impact in their explored parameter space.,Challenges the assumption that an impact must excavate the northern hemisphere.,"Preferred impact sizes and geometry depend on melting, strength and crust-production prescriptions.",https://doi.org/10.1016/j.icarus.2022.115395
10.1016/j.icarus.2022.115423,The magnetically controlled ionopause boundary observed by LPW onboard MAVEN within magnetic pile-up region of Mars,S.A. Haider; K. Durga Prasad; Siddhi Y. Shah,2023,Icarus,journal-article,False,Discovery candidate — not screened,Magnetism,,,,https://doi.org/10.1016/j.icarus.2022.115423
10.1016/j.icarus.2023.115495,"Multidisciplinary analysis of pit craters at Hale Crater, Mars",Mara Mantegazza; Mauro G. Spagnuolo; Angelo P. Rossi,2023,Icarus,journal-article,False,Discovery candidate — not screened,Chronology,,,,https://doi.org/10.1016/j.icarus.2023.115495
10.1016/j.icarus.2023.115519,An inner solar system origin of volatile elements in Mars,Thorsten Kleine; Theodor Steller; Christoph Burkhardt; Francis Nimmo,2023,Icarus,journal-article,False,Discovery candidate — not screened,Dichotomy,,,,https://doi.org/10.1016/j.icarus.2023.115519
10.1016/j.icarus.2023.115627,Mars volatile inventory and outgassing history,Bruce M. Jakosky; Allan H. Treiman,2023,Icarus,journal-article,False,Discovery candidate — not screened,Magnetism,,,,https://doi.org/10.1016/j.icarus.2023.115627
10.1016/j.icarus.2023.115729,Gravity aspects for Mars,Jaroslav Klokočník; Gunther Kletetschka; Jan Kostelecký; Aleš Bezděk,2023,Icarus,journal-article,False,Discovery candidate — not screened,Gravity and topography,,,,https://doi.org/10.1016/j.icarus.2023.115729
10.1016/j.jafrearsci.2023.104901,Constraints on martian depleted shergottite volcanism from the petrogenesis of olivine-phyric shergottites NWA 2046 and NWA 4925,Chad J. Peel; Geoffrey H. Howarth; James M.D. Day; Petrus le Roux; Olivier Alard,2023,Journal of African Earth Sciences,journal-article,False,Discovery candidate — not screened,Meteorite magnetism; Meteorite provenance,,,,https://doi.org/10.1016/j.jafrearsci.2023.104901
10.1016/j.pss.2023.105749,A new shergottite martian meteorite analog system (SAS) for alteration experiments,V. Fortier; V. Debaille; V. Dehant; B. Bultel,2023,Planetary and Space Science,journal-article,False,Discovery candidate — not screened,Meteorite magnetism,,,,https://doi.org/10.1016/j.pss.2023.105749
10.1016/s0262-4079(23)00771-6,Martian moment,Abigail Beall,2023,New Scientist,journal-article,False,Discovery candidate — not screened,Dichotomy,,,,https://doi.org/10.1016/s0262-4079(23)00771-6
10.1016/s0262-4079(23)01062-x,Martian mountain,,2023,New Scientist,journal-article,False,Discovery candidate — not screened,Dichotomy,,,,https://doi.org/10.1016/s0262-4079(23)01062-x
10.1016/s0262-4079(23)02001-8,Surprising seismic activity on Mars,,2023,New Scientist,journal-article,False,Discovery candidate — not screened,Interior,,,,https://doi.org/10.1016/s0262-4079(23)02001-8
10.1016/s0262-4079(23)02049-3,Martian gamble,Paul Marks,2023,New Scientist,journal-article,False,Discovery candidate — not screened,Dichotomy,,,,https://doi.org/10.1016/s0262-4079(23)02049-3
10.1029/2021ea001814,An Updated Catalog of Rayed Craters on Mars,Jennifer K. Harris; Lauren E. McKeown; Carlotta Parenti; Livio L. Tornabene; Peter M. Grindrod,2023,Earth and Space Science,journal-article,False,Discovery candidate — not screened,Chronology,,,,https://doi.org/10.1029/2021ea001814
10.1029/2022gl101243,Different Martian Crustal Seismic Velocities Across the Dichotomy Boundary From Multi‐Orbiting Surface Waves,Jiaqi Li; Caroline Beghein; Philippe Lognonné; Scott M. McLennan; Mark A. Wieczorek; Mark P. Panning; Brigitte Knapmeyer‐Endrun; Paul Davis; W. Bruce Banerdt,2023,Geophysical Research Letters,journal-article,False,Discovery candidate — not screened,Dichotomy,,,,https://doi.org/10.1029/2022gl101243
10.1029/2022gl101666,Structure Along the Martian Dichotomy Constrained by Rayleigh and Love Waves and Their Overtones,D. Kim; S. C. Stähler; S. Ceylan; V. Lekic; R. Maguire; G. Zenhäusern; J. Clinton; D. Giardini; A. Khan; M. P. Panning; P. Davis; M. Wieczorek; N. Schmerr; P. Lognonné; W. B. Banerdt,2023,Geophysical Research Letters,journal-article,False,Discovery candidate — not screened,Dichotomy,,,,https://doi.org/10.1029/2022gl101666
10.1029/2022je007440,"A Mars 2020 Perseverance SuperCam Perspective on the Igneous Nature of the Máaz Formation at Jezero Crater and Link With Séítah, Mars",A. Udry; A. Ostwald; V. Sautter; A. Cousin; O. Beyssac; O. Forni; G. Dromart; K. Benzerara; M. Nachon; B. Horgan; L. Mandon; E. Clavé; E. Dehouck; E. Gibbons; S. Alwmark; E. Ravanis; R. C. Wiens; C. Legett; R. Anderson; P. Pilleri; N. Mangold; M. Schmidt; Y. Liu; J. I. Núñez; K. Castro; J. M. Madariaga; T. Kizovski; P. Beck; S. Bernard; T. Bosak; A. Brown; S. Clegg; E. Cloutis; B. Cohen; S. Connell; L. Crumpler; V. Debaille; D. Flannery; T. Fouchet; T. S. J. Gabriel; O. Gasnault; C. D. K. Herd; J. Johnson; J. A. Manrique; S. Maurice; F. M. McCubbin; S. McLennan; A. Ollila; P. Pinet; C. Quantin‐Nataf; C. Royer; S. Sharma; J. I. Simon; A. Steele; N. Tosca; A. Treiman; the SuperCam team,2023,Journal of Geophysical Research: Planets,journal-article,False,Discovery candidate — not screened,Missions,,,,https://doi.org/10.1029/2022je007440
10.1029/2022je007444,In Situ Geologic Context Mapping Transect on the Floor of Jezero Crater From Mars 2020 Perseverance Rover Observations,L. S. Crumpler; B. H. N. Horgan; J. I. Simon; K. M. Stack; S. Alwmark; G. Dromart; R. C. Wiens; A. Udry; A. J. Brown; P. Russell; H. E. F. Amundson; S.‐E. Hamran; J. Bell; D. Shuster; F. J. Calef; J. Núñez; B. A. Cohen; D. Flannery; C. D. K. Herd; K. P. Hand; J. N. Maki; M. Schmidt; M. P. Golombek; N. R. Williams,2023,Journal of Geophysical Research: Planets,journal-article,False,Discovery candidate — not screened,Missions,,,,https://doi.org/10.1029/2022je007444
10.1029/2022je007463,"Carbonate Detection With SuperCam in Igneous Rocks on the Floor of Jezero Crater, Mars",E. Clavé; K. Benzerara; P.‐Y. Meslin; O. Forni; C. Royer; L. Mandon; P. Beck; C. Quantin‐Nataf; O. Beyssac; A. Cousin; B. Bousquet; R. C. Wiens; S. Maurice; E. Dehouck; S. Schröder; O. Gasnault; N. Mangold; G. Dromart; T. Bosak; S. Bernard; A. Udry; R. B. Anderson; G. Arana; A. J. Brown; K. Castro; S. M. Clegg; E. Cloutis; A. G. Fairén; D. T. Flannery; P. J. Gasda; J. R. Johnson; J. Lasue; G. Lopez‐Reyes; J. M. Madariaga; J. A. Manrique; S. Le Mouélic; J. I. Núñez; A. M. Ollila; P. Pilleri; C. Pilorget; P. Pinet; F. Poulet; M. Veneranda; Z. U. Wolf; the SuperCam team,2023,Journal of Geophysical Research: Planets,journal-article,False,Discovery candidate — not screened,Missions,,,,https://doi.org/10.1029/2022je007463
10.1029/2022je007464,Hand Magnets and the Destruction of Ancient Meteorite Magnetism,Foteini Vervelidou; Benjamin P. Weiss; France Lagroix,2023,Journal of Geophysical Research: Planets,journal-article,True,Selected full-text sections consulted,Meteorite magnetism,Experiments and nine paired NWA 7034 stones demonstrate destructive remagnetization by collectors' hand magnets.,Makes collection history a mandatory quality field in any meteorite paleofield synthesis.,The studied stones cannot provide pristine Martian paleointensity; this does not negate all mineralogical information or every future sample.,https://doi.org/10.1029/2022je007464
10.1029/2022je007474,Samples Collected From the Floor of Jezero Crater With the Mars 2020 Perseverance Rover,J. I. Simon; K. Hickman‐Lewis; B. A. Cohen; L. E. Mayhew; D. L. Shuster; V. Debaille; E. M. Hausrath; B. P. Weiss; T. Bosak; M.‐P. Zorzano; H. E. F. Amundsen; L. W. Beegle; J. F. Bell; K. C. Benison; E. L. Berger; O. Beyssac; A. J. Brown; F. Calef; T. M. Casademont; B. Clark; E. Clavé; L. Crumpler; A. D. Czaja; A. G. Fairén; K. A. Farley; D. T. Flannery; T. Fornaro; O. Forni; F. Gómez; Y. Goreva; A. Gorin; K. P. Hand; S.‐E. Hamran; J. Henneke; C. D. K. Herd; B. H. N. Horgan; J. R. Johnson; J. Joseph; R. E. Kronyak; J. M. Madariaga; J. N. Maki; L. Mandon; F. M. McCubbin; S. M. McLennan; R. C. Moeller; C. E. Newman; J. I. Núñez; A. C. Pascuzzo; D. A. Pedersen; G. Poggiali; P. Pinet; C. Quantin‐Nataf; M. Rice; J. W. Rice; C. Royer; M. Schmidt; M. Sephton; S. Sharma; S. Siljeström; K. M. Stack; A. Steele; V. Z. Sun; A. Udry; S. VanBommel; M. Wadhwa; R. C. Wiens; A. J. Williams; K. H. Williford,2023,Journal of Geophysical Research: Planets,journal-article,False,Discovery candidate — not screened,Missions,,,,https://doi.org/10.1029/2022je007474
10.1029/2022je007480,Mars 2020 Perseverance Rover Studies of the Martian Atmosphere Over Jezero From Pressure Measurements,A. Sánchez‐Lavega; T. del Rio‐Gaztelurrutia; R. Hueso; M. de la Torre Juárez; G. M. Martínez; A.‐M. Harri; M. Genzer; M. Hieta; J. Polkko; J. A. Rodríguez‐Manfredi; M. T. Lemmon; J. Pla‐García; D. Toledo; A. Vicente‐Retortillo; D. Viúdez‐Moreiras; A. Munguira; L. K. Tamppari; C. Newman; J. Gómez‐Elvira; S. Guzewich; T. Bertrand; V. Apéstigue; I. Arruego; M. Wolff; D. Banfield; I. Jaakonaho; T. Mäkinen,2023,Journal of Geophysical Research: Planets,journal-article,False,Discovery candidate — not screened,Missions,,,,https://doi.org/10.1029/2022je007480
10.1029/2022je007613,Overview and Results From the Mars 2020 Perseverance Rover's First Science Campaign on the Jezero Crater Floor,Vivian Z. Sun; Kevin P. Hand; Kathryn M. Stack; Ken A. Farley; Justin I. Simon; Claire Newman; Sunanda Sharma; Yang Liu; Roger C. Wiens; Amy J. Williams; Nicholas Tosca; Sanna Alwmark; Olivier Beyssac; Adrian Brown; Fred Calef; Emily L. Cardarelli; Elise Clavé; Barbara Cohen; Andrea Corpolongo; Andrew D. Czaja; Tyler Del Sesto; Alberto Fairen; Teresa Fornaro; Thierry Fouchet; Brad Garczynski; Sanjeev Gupta; Chris D. K. Herd; Keyron Hickman‐Lewis; Briony Horgan; Jeffrey Johnson; Kjartan Kinch; Tanya Kizovski; Rachel Kronyak; Robert Lange; Lucia Mandon; Sarah Milkovich; Robert Moeller; Jorge Núñez; Gerhard Paar; Guy Pyrzak; Cathy Quantin‐Nataf; David L. Shuster; Sandra Siljestrom; Andrew Steele; Michael Tice; Olivier Toupet; Arya Udry; Alicia Vaughan; Brittan Wogsland,2023,Journal of Geophysical Research: Planets,journal-article,False,Discovery candidate — not screened,Missions,,,,https://doi.org/10.1029/2022je007613
10.1029/2022je007634,The Oxidation State of Sulfur in Apatite of Martian Meteorite—Shergotty,Proteek Chowdhury; Maryjo Brounce; Jeremy W. Boyce; Francis M. McCubbin,2023,Journal of Geophysical Research: Planets,journal-article,False,Discovery candidate — not screened,Meteorite magnetism,,,,https://doi.org/10.1029/2022je007634
10.1029/2022je007638,"Petrological Traverse of the Olivine Cumulate Séítah Formation at Jezero Crater, Mars: A Perspective From SuperCam Onboard Perseverance",O. Beyssac; O. Forni; A. Cousin; A. Udry; L. C. Kah; L. Mandon; O. E. Clavé; Y. Liu; F. Poulet; C. Quantin Nataf; O. Gasnault; J. R. Johnson; K. Benzerara; P. Beck; E. Dehouck; N. Mangold; C. Alvarez Llamas; R. B. Anderson; G. Arana; R. Barnes; S. Bernard; T. Bosak; A. J. Brown; K. Castro; B. Chide; S. M. Clegg; E. Cloutis; T. Fouchet; T. Gabriel; S. Gupta; G. Lacombe; J. Lasue; S. Le Mouelic; G. Lopez‐Reyes; J. M. Madariaga; F. M. McCubbin; S. M. McLennan; J. A. Manrique; P. Y. Meslin; F. Montmessin; J. Núñez; A. M. Ollila; A. Ostwald; P. Pilleri; P. Pinet; C. Royer; S. K. Sharma; S. Schröder; J. I. Simon; M. J. Toplis; M. Veneranda; P. A. Willis; S. Maurice; R. C. Wiens; The SuperCam Team,2023,Journal of Geophysical Research: Planets,journal-article,False,Discovery candidate — not screened,Missions,,,,https://doi.org/10.1029/2022je007638
10.1029/2023ea003045,A High‐Resolution Digital Terrain Model Mosaic of the Mars 2020 Perseverance Rover Landing Site at Jezero Crater,Yu Tao; Sebastian H. G. Walter; Jan‐Peter Muller; Yaowen Luo; Siting Xiong,2023,Earth and Space Science,journal-article,False,Discovery candidate — not screened,Missions,,,,https://doi.org/10.1029/2023ea003045
10.1029/2023gl103136,Investigation of Martian Regional Crustal Structure Near the Dichotomy Using S1222a Surface‐Wave Group Velocities,Zongbo Xu; Adrien Broquet; Nobuaki Fuji; Taichi Kawamura; Philippe Lognonné; Jean‐Paul Montagner; Lu Pan; Martin Schimmel; Eléonore Stutzmann; William Bruce Banerdt,2023,Geophysical Research Letters,journal-article,False,Discovery candidate — not screened,Dichotomy,,,,https://doi.org/10.1029/2023gl103136
10.1029/2023gl103482,Global Crustal Thickness Revealed by Surface Waves Orbiting Mars,D. Kim; C. Duran; D. Giardini; A.‐C. Plesa; S. C. Stähler; C. Boehm; V. Lekić; S. M. McLennan; S. Ceylan; J. F. Clinton; P. Davis; A. Khan; B. Knapmeyer‐Endrun; M. P. Panning; M. Wieczorek; P. Lognonné; W. B. Banerdt,2023,Geophysical Research Letters,journal-article,True,Abstract consulted,Interior,Multi-orbit surface waves constrain average crustal thickness and limit large north–south density contrasts in the tested models.,Adds constraints beyond the immediate InSight column.,Path coverage and the tested structural parameterization remain important; models share underlying datasets.,https://doi.org/10.1029/2023gl103482
10.1029/2023gl105046,Seismic Autocorrelation Analysis of Deep Mars,Sizhuang Deng; Alan Levander,2023,Geophysical Research Letters,journal-article,False,Discovery candidate — not screened,Interior,,,,https://doi.org/10.1029/2023gl105046
10.1029/2023ja031546,Magnetic Field Draping in Induced Magnetospheres: Evidence From the MAVEN Mission to Mars,A. R. Azari; E. Abrahams; F. Sapienza; D. L. Mitchell; J. Biersteker; S. Xu; C. Bowers; F. Pérez; G. A. DiBraccio; Y. Dong; S. Curry,2023,Journal of Geophysical Research: Space Physics,journal-article,False,Discovery candidate — not screened,Magnetism; Atmosphere,,,,https://doi.org/10.1029/2023ja031546
10.1029/2023ja031588,Mars Global Distribution of the External Magnetic Field and Its Variability: MAVEN Observation and MHD Prediction,Xiaohua Fang; Yingjuan Ma; Janet Luhmann; Yaxue Dong; Jasper Halekas; Shannon Curry,2023,Journal of Geophysical Research: Space Physics,journal-article,False,Discovery candidate — not screened,Magnetism; Atmosphere,,,,https://doi.org/10.1029/2023ja031588
10.1029/2023je007761,The Mars Atmosphere Water Ice Aerosol Climatology by MRO/CRISM: 5 Mars Years of Observations,Alain S. J. Khayat; Michael D. Smith; Michael J. Wolff; Scott D. Guzewich; Emily L. Mason; Samuel Atwood,2023,Journal of Geophysical Research: Planets,journal-article,False,Discovery candidate — not screened,Missions,,,,https://doi.org/10.1029/2023je007761
10.1029/2023je007793,"Focal Mechanism Determination of Event S1222a and Implications for Tectonics Near the Dichotomy Boundary in Southern Elysium Planitia, Mars",R. Maguire; V. Lekić; D. Kim; N. Schmerr; J. Li; C. Beghein; Q. Huang; J. C. E. Irving; F. Karakostas; P. Lognonné; S. C. Stähler; W. B. Banerdt,2023,Journal of Geophysical Research: Planets,journal-article,False,Discovery candidate — not screened,Surface and water; Volcanism and tectonics,,,,https://doi.org/10.1029/2023je007793
10.1038/d41586-023-03356-0,Daily briefing: A unique layer of molten rock envelops Mars’s core,Katrina Krämer,2023,Nature,journal-article,False,Discovery candidate — not screened,Interior,,,,https://doi.org/10.1038/d41586-023-03356-0
10.1038/s41550-023-02008-7,Ground magnetic survey on Mars from the Zhurong rover,Aimin Du; Yasong Ge; Huapei Wang; Haiying Li; Ying Zhang; Hao Luo; Can Huang; Lican Shan; Fei Han; Yang Liu; Yongliao Zou; Chi Wang; Yongxin Pan; Qingsong Liu; Ross N. Mitchell; Yang Jia; Baichao Chen; Shengyi Jin; Yi Jiang; Tielong Zhang; Rixiang Zhu; David Gubbins; Keke Zhang,2023,Nature Astronomy,journal-article,True,Abstract consulted,Magnetism,Zhurong measurements reveal weak local crustal fields along a traverse in Utopia Planitia.,Adds a rare northern ground constraint independent of orbital altitude smoothing.,A short traverse is not representative of the entire northern hemisphere; local demagnetization is an alternative.,https://doi.org/10.1038/s41550-023-02008-7
10.1038/s41550-023-02117-3,Buried palaeo-polygonal terrain detected underneath Utopia Planitia on Mars by the Zhurong radar,Lei Zhang; Chao Li; Jinhai Zhang; Bin Zhou; Yu-Yan Sara Zhao; Yang Liu; Kaichang Di; Ross N. Mitchell; Juan Li; Zhigang Zhang; Lin Chen; Xiaofeng Liang; Weijia Sun; Yike Liu; Xu Zhao; Jinlai Hao; Changyi Xu; Yikang Zheng; Yibo Wang; Xin Wang; Pan Zhao; Wenmin Lv; Yang Li; Haiqiang Lan; Yuxi Li; Wei Wang; Yang Lu; Honglei Lin; Peng Fang; Wei Lin; Yong Wei; Ling Chen; Guangyou Fang; Yangting Lin; Zhenxing Yao; Yongxin Pan,2023,Nature Astronomy,journal-article,False,Discovery candidate — not screened,Surface and water,,,,https://doi.org/10.1038/s41550-023-02117-3
10.1038/s41561-022-01084-0,The diverse meteorology of Jezero crater over the first 250 sols of Perseverance on Mars,J. A. Rodriguez-Manfredi; M. de la Torre Juarez; A. Sanchez-Lavega; R. Hueso; G. Martinez; M. T. Lemmon; C. E. Newman; A. Munguira; M. Hieta; L. K. Tamppari; J. Polkko; D. Toledo; E. Sebastian; M. D. Smith; I. Jaakonaho; M. Genzer; A. De Vicente-Retortillo; D. Viudez-Moreiras; M. Ramos; A. Saiz-Lopez; A. Lepinette; M. Wolff; R. J. Sullivan; J. Gomez-Elvira; V. Apestigue; P. G. Conrad; T. Del Rio-Gaztelurrutia; N. Murdoch; I. Arruego; D. Banfield; J. Boland; A. J. Brown; J. Ceballos; M. Dominguez-Pumar; S. Espejo; A. G. Fairén; R. Ferrandiz; E. Fischer; M. Garcia-Villadangos; S. Gimenez; F. Gomez-Gomez; S. D. Guzewich; A.-M. Harri; J. J. Jimenez; V. Jimenez; T. Makinen; M. Marin; C. Martin; J. Martin-Soler; A. Molina; L. Mora-Sotomayor; S. Navarro; V. Peinado; I. Perez-Grande; J. Pla-Garcia; M. Postigo; O. Prieto-Ballesteros; S. C. R. Rafkin; M. I. Richardson; J. Romeral; C. Romero; H. Savijärvi; J. T. Schofield; J. Torres; R. Urqui; S. Zurita; the MEDA team,2023,Nature Geoscience,journal-article,False,Discovery candidate — not screened,Missions,,,,https://doi.org/10.1038/s41561-022-01084-0
10.1038/s41586-023-05734-0,Author Correction: Layered subsurface in Utopia Basin of Mars revealed by Zhurong rover radar,Chao Li; Yikang Zheng; Xin Wang; Jinhai Zhang; Yibo Wang; Ling Chen; Lei Zhang; Pan Zhao; Yike Liu; Wenmin Lv; Yang Liu; Xu Zhao; Jinlai Hao; Weijia Sun; Xiaofeng Liu; Bojun Jia; Juan Li; Haiqiang Lan; Wenzhe Fa; Yongxin Pan; Fuyuan Wu,2023,Nature,journal-article,False,Discovery candidate — not screened,Surface and water,,,,https://doi.org/10.1038/s41586-023-05734-0
10.1038/s41586-023-06143-z,"Diverse organic-mineral associations in Jezero crater, Mars",Sunanda Sharma; Ryan D. Roppel; Ashley E. Murphy; Luther W. Beegle; Rohit Bhartia; Andrew Steele; Joseph Razzell Hollis; Sandra Siljeström; Francis M. McCubbin; Sanford A. Asher; William J. Abbey; Abigail C. Allwood; Eve L. Berger; Benjamin L. Bleefeld; Aaron S. Burton; Sergei V. Bykov; Emily L. Cardarelli; Pamela G. Conrad; Andrea Corpolongo; Andrew D. Czaja; Lauren P. DeFlores; Kenneth Edgett; Kenneth A. Farley; Teresa Fornaro; Allison C. Fox; Marc D. Fries; David Harker; Keyron Hickman-Lewis; Joshua Huggett; Samara Imbeah; Ryan S. Jakubek; Linda C. Kah; Carina Lee; Yang Liu; Angela Magee; Michelle Minitti; Kelsey R. Moore; Alyssa Pascuzzo; Carolina Rodriguez Sanchez-Vahamonde; Eva L. Scheller; Svetlana Shkolyar; Kathryn M. Stack; Kim Steadman; Michael Tuite; Kyle Uckert; Alyssa Werynski; Roger C. Wiens; Amy J. Williams; Katherine Winchell; Megan R. Kennedy; Anastasia Yanchilina,2023,Nature,journal-article,False,Discovery candidate — not screened,Missions,,,,https://doi.org/10.1038/s41586-023-06143-z
10.1038/s41586-023-06586-4,Evidence for a liquid silicate layer atop the Martian core,A. Khan; D. Huang; C. Durán; P. A. Sossi; D. Giardini; M. Murakami,2023,Nature,journal-article,False,Discovery candidate — not screened,Interior,,,,https://doi.org/10.1038/s41586-023-06586-4
10.1038/s41586-023-06601-8,Geophysical evidence for an enriched molten silicate layer above Mars’s core,Henri Samuel; Mélanie Drilleau; Attilio Rivoldini; Zongbo Xu; Quancheng Huang; Raphaël F. Garcia; Vedran Lekić; Jessica C. E. Irving; James Badro; Philippe H. Lognonné; James A. D. Connolly; Taichi Kawamura; Tamara Gudkova; William B. Banerdt,2023,Nature,journal-article,True,Abstract consulted,Interior,An enriched molten silicate layer above a smaller liquid core reconciles seismic and geophysical constraints.,Changes the thermal boundary conditions for early dynamo and mantle evolution models.,Inversion depends on assumed composition and layer structure; a liquid layer alone does not imply an active dynamo.,https://doi.org/10.1038/s41586-023-06601-8
10.1093/nsr/nwad146,The Oceanus Borealis of ancient Mars,Victor R Baker,2023,National Science Review,journal-article,False,Discovery candidate — not screened,Dichotomy,,,,https://doi.org/10.1093/nsr/nwad146
10.1093/oed/1083969371,"nakhlite, n.",,2023,Oxford English Dictionary,book-chapter,False,Discovery candidate — not screened,Meteorite magnetism,,,,https://doi.org/10.1093/oed/1083969371
10.1109/igarss52108.2023.10281483,A Preliminary Statistical Analysis of Type-III Solar Burst Detections in Mars Reconnaissance Orbiter (MRO) Shallow Radar (SHARAD) Data,Andreas Casillas; Sean T. Peters; Gregor Steinbrügge; Elena Donini; Immanuel Christopher Jebaraj; Jasmina Magdalenić; Andrew Romero-Wolf; Donald D. Blankenship; Christopher Gerekos,2023,IGARSS 2023 - 2023 IEEE International Geoscience and Remote Sensing Symposium,proceedings-article,False,Discovery candidate — not screened,Missions,,,,https://doi.org/10.1109/igarss52108.2023.10281483
10.1111/maps.14112,"Northwest Africa 13669, a reequilibrated nakhlite from a previously unsampled portion of the nakhlite igneous complex",Sierra R. Ramsey; Amanda M. Ostwald; Arya Udry; Evan O'Neal; James M. D. Day; Zoë Wilbur; Jessica J. Barnes; Sammy Griffin,2023,Meteoritics & Planetary Science,journal-article,False,Discovery candidate — not screened,Meteorite magnetism,,,,https://doi.org/10.1111/maps.14112
10.1126/sciadv.ade9071,"Paleomagnetic evidence for a long-lived, potentially reversing martian dynamo at ~3.9 Ga",Sarah C. Steele; Roger R. Fu; Michael W. R. Volk; Thomas L. North; Alec R. Brenner; Adrian R. Muxworthy; Gareth S. Collins; Thomas M. Davison,2023,Science Advances,journal-article,True,Selected full-text sections consulted,Meteorite magnetism,Micromagnetic observations in ALH 84001 are interpreted as records of ancient polarity reversals.,Constrains ancient field behaviour during impact-heating episodes.,"Age assignment, magnetic carriers and resetting histories must be evaluated before inferring dynamo duration.",https://doi.org/10.1126/sciadv.ade9071
10.1130/abs/2023am-393598,JEZERO CRATER WESTERN FAN CHEMISTRY AND MINERALOGY OBSERVED BY PERSEVERANCE/SUPERCAM ON MARS,Purdue University; Roger Wiens; Erwin Dehouck; Lucia Mandon; Clement Royer; Jeffrey Johnson; Gwénaël Caravaca; Arya Udry; Olivier Beyssac; Guillermo Lopez-Reyes; Sylvestre Maurice,2023,Geological Society of America Abstracts with Programs,proceedings-article,False,Discovery candidate — not screened,Missions,,,,https://doi.org/10.1130/abs/2023am-393598
10.1130/abs/2023am-394237,INTERMEDIATE AND FELSIC MAGMATISM IN EARLY MARS: IMPLICATIONS IN THE COMPOSITION OF THE ANCIENT MARTIAN CRUST,University of Iowa; Valerie Payre; Violaine Sautter,2023,Geological Society of America Abstracts with Programs,proceedings-article,False,Discovery candidate — not screened,Meteorite geochemistry; Chronology,,,,https://doi.org/10.1130/abs/2023am-394237
10.1130/g50564.1,Extreme isotopic heterogeneity in impact melt rocks: Implications for Martian meteorites,Steven J. Jaret; E. Troy Rasbury; Peter Reiners; John G. Spray; Lucy M. Thompson; Sidney R. Hemming; Michelle S. Thompson,2023,Geology,journal-article,False,Discovery candidate — not screened,Meteorite geochemistry,,,,https://doi.org/10.1130/g50564.1
10.1130/geol.s.21899397,Supplemental Material: Extreme isotopic heterogeneity in impact melt rocks: Implications for Martian meteorites,Steven Jaret; et al.,2023,,posted-content,False,Discovery candidate — not screened,Meteorite geochemistry,,,,https://doi.org/10.1130/geol.s.21899397
10.1130/geol.s.21899397.v1,Supplemental Material: Extreme isotopic heterogeneity in impact melt rocks: Implications for Martian meteorites,Steven Jaret; et al.,2023,,posted-content,False,Discovery candidate — not screened,Meteorite geochemistry,,,,https://doi.org/10.1130/geol.s.21899397.v1
10.11728/cjss2023.02.20220022,Design and Verification of Scientific Exploration Mode of Zhurong Mars Rover,Lianguo WANG; Yan ZHU; Baoming ZHANG; Weihua SHEN; Xue LI; Bin XUE; Yuxi LI; Weiming XU; Shuquan SUN; Zhiguo CAI; Wei WANG,2023,Chinese Journal of Space Science,journal-article,False,Discovery candidate — not screened,Surface and water,,,,https://doi.org/10.11728/cjss2023.02.20220022
10.11728/cjss2023.03.20220022,Design and Verification of Scientific Exploration Mode of Zhurong Mars Rover,Lianguo WANG; Yan ZHU; Baoming ZHANG; Weihua SHEN; Xue LI; Bin XUE; Yuxi LI; Weiming XU; Shuquan SUN; Zhiguo CAI; Wei WANG,2023,Chinese Journal of Space Science,journal-article,False,Discovery candidate — not screened,Surface and water,,,,https://doi.org/10.11728/cjss2023.03.20220022
10.1360/sst-2022-0111,Design and implementation of payload system of the Zhurong Mars rover,LianGuo WANG; Yan ZHU; BaoMing ZHANG; WeiHua SHEN; Zhi SHANGGUAN; WenZhang ZHANG; Wei WANG; Xue LI; QingGuo DU,2023,SCIENTIA SINICA Technologica,journal-article,False,Discovery candidate — not screened,Surface and water,,,,https://doi.org/10.1360/sst-2022-0111
10.21203/rs.3.rs-2359881/v1,Diverse volcanism and crustal evolution on early Mars,Joseph Michalski; Andrea Rogers; Christopher Edwards; Aster Cowart; Long Xiao,2023,,posted-content,False,Discovery candidate — not screened,Interior; Magnetism,,,,https://doi.org/10.21203/rs.3.rs-2359881/v1
10.21203/rs.3.rs-2679919/v1,Constraints on the origin of the Martian dichotomy from the Southern Highlands marsquakes,Weijia Sun; Hrvoje Tkalcic,2023,,posted-content,False,Discovery candidate — not screened,Dichotomy,,,,https://doi.org/10.21203/rs.3.rs-2679919/v1
10.21203/rs.3.rs-3497495/v1,Crustal Hydration Primed Early Mars with Warm and Habitable Conditions,Danica Adams; Markus Scheucher; RENYU HU; Trent Thomas; Eva Scheller; Rob Lillis; Kayla Smith; Robin Wordsworth; Bethany Ehlmann; Heike Rauer; Yuk Yung,2023,,posted-content,False,Discovery candidate — not screened,Magnetism,,,,https://doi.org/10.21203/rs.3.rs-3497495/v1
10.2174/9789815165166123010030,Martian Structures in Modern Science Fiction and the Home of the Martian (The Martian),Özgür Tacer,2023,Architecture in Contemporary Literature,book-chapter,False,Discovery candidate — not screened,Dichotomy,,,,https://doi.org/10.2174/9789815165166123010030
10.22541/essoar.167397424.46877056/v1,MaQuIs - Mars Quantum Gravity Mission,Lisa Wörner; Barend Cornelis Root; Philippe Bouyer; Claus Braxmaier; Dominic Dirkx; Joao Encarnarcao; Ernst Hauber; Hauke Hussmann; Ozgur Karatekin; Alexander Koch; Lee Kumanchik; Federica Migliaccio; Mirko Reguzzoni; Birgit Ritter; Manuel Schilling; Christian Schubert; Cedric Thieulot; Wolf von Klitzing; Olivier Witasse,2023,,posted-content,False,Discovery candidate — not screened,Gravity and topography,,,,https://doi.org/10.22541/essoar.167397424.46877056/v1
10.22541/essoar.167591047.74825655/v1,SEISMIC DETECTABILITY OF AVALANCHES ON MARS,Antoine Lucas; Saksham Rohilla; Anne Mangeney; Lucas Bourdon; Gregory Sainton; Chahana Nagesh; Taichi Kawamura; Clément Perrin; Sebastien Rodriguez; Philippe Lognonné,2023,,posted-content,False,Discovery candidate — not screened,Interior,,,,https://doi.org/10.22541/essoar.167591047.74825655/v1
10.22541/essoar.167768115.52012118/v1,"Moment Tensor Estimation of Event S1222a and Implications for Tectonics Near the Dichotomy Boundary in Southern Elysium Planitia, Mars",Ross Maguire; Vedran Lekic; Doyeon Kim; Nicholas Charles Schmerr; Jiaqi Li; Caroline Beghein; Quancheng Huang; Jessica Claire Elizabeth Irving; Foivos Georgios Karakostas; Philippe Lognonné; Simon C. Stähler; William Bruce Banerdt,2023,,posted-content,False,Discovery candidate — not screened,Surface and water; Volcanism and tectonics,,,,https://doi.org/10.22541/essoar.167768115.52012118/v1
10.22541/essoar.167810298.85030230/v1,Global crustal thickness revealed by surface waves orbiting Mars,Doyeon Kim; Cecilia Duran; Domenico Giardini; Ana-Catalina Plesa; Simon C. Stähler; Christian Boehm; Vedran Lekic; Scott M. McLennan; Savas Ceylan; John Clinton; Paul McEwan Davis; Amir Khan; Brigitte Knapmeyer-Endrun; Mark Paul Panning; Mark A. Wieczorek; Philippe Lognonné,2023,,posted-content,False,Discovery candidate — not screened,Interior; Magnetism,,,,https://doi.org/10.22541/essoar.167810298.85030230/v1
10.22541/essoar.170365377.77191205/v1,Atmospheric Escape from Earth and Mars: Solar and Solar Wind Drivers of Oxygen Escape,William K. Peterson; David Andrew Brain; Neesha Regmi Schnepf; Yaxue Dong; Phillip C Chamberlin; Andrew Yau,2023,,posted-content,False,Discovery candidate — not screened,Atmosphere,,,,https://doi.org/10.22541/essoar.170365377.77191205/v1
10.23977/astro.2023.010101,Solar Wind Influences on the Induced Magnetic Field of Mars: MAVEN Observations,,2023,Astrophysics International,journal-article,False,Discovery candidate — not screened,Magnetism; Atmosphere,,,,https://doi.org/10.23977/astro.2023.010101
10.2514/6.2023-2624,Seismic activity of Mars,Mateusz Olszewski,2023,AIAA SCITECH 2023 Forum,proceedings-article,False,Discovery candidate — not screened,Interior,,,,https://doi.org/10.2514/6.2023-2624
10.30888/2709-2267.2024-22-00-044,FROZEN RESERVOIRS OF WATER UNDER THE SURFACE OF MARS,Anatoliy Vidmachenko,2023,Sworld-Us Conference proceedings,journal-article,False,Discovery candidate — not screened,Surface and water,,,,https://doi.org/10.30888/2709-2267.2024-22-00-044
10.3390/rs15061494,Wavelength Calibration for the LIBS Spectra of the Zhurong Mars Rover,Yizhong Zhang; Xin Ren; Zhaopeng Chen; Wangli Chen; Zhenqiang Zhang; Xiangfeng Liu; Weiming Xu; Jianjun Liu; Chunlai Li,2023,Remote Sensing,journal-article,False,Discovery candidate — not screened,Surface and water,,,,https://doi.org/10.3390/rs15061494
10.3847/1538-4357/acda90,MAVEN Observations of the Interloop Magnetic Reconnections at Mars,Guo Chen; Can Huang; Ying Zhang; Yasong Ge; Aimin Du; Rongsheng Wang; Lei Wang; Lican Shan; Christian Mazelle; Hao Luo,2023,The Astrophysical Journal,journal-article,False,Discovery candidate — not screened,Magnetism; Atmosphere,,,,https://doi.org/10.3847/1538-4357/acda90
10.3847/1538-4357/acf856,Magnetic Field Signatures of Intermediate-sized Impact Craters on Mars,Kuixiang Zhang; Aimin Du; Can Huang; Hao Luo; Lin Tian; Yasong Ge; Jipeng Qin; Lei Wang,2023,The Astrophysical Journal,journal-article,False,Discovery candidate — not screened,Chronology,,,,https://doi.org/10.3847/1538-4357/acf856
10.3997/2214-4609.202310511,Exploring the Martian Subsurface with the RIMFAX Ground Penetrating Radar on the Mars 2020 Perseverance Rover.,S. Hamran; D. Paiges; H.E.F. Amundsen; T. Berger; S. Brovoll; L. Carter; T.M. Casademont; L. Damsgård; H. Dypvik; S. Eide; R. Ghent; J. Kohler; M.T. Mellon; D.C. Nunes; D. Plettemeier; P. Russell; M. Siegler,2023,84th EAGE Annual Conference & Exhibition,proceedings-article,False,Discovery candidate — not screened,Surface and water,,,,https://doi.org/10.3997/2214-4609.202310511
10.46647/ijetms.2023.v07i01.058,Origin and Possibilities of Life on MARS Environment: Theoretical Overview,Dheva Dharshini; Ankit Kumar Mishra,2023,international journal of engineering technology and management sciences,journal-article,False,Discovery candidate — not screened,Dichotomy,,,,https://doi.org/10.46647/ijetms.2023.v07i01.058
10.46647/ijetms.2023.v07i03.56,Mars Exploration Perseverance Rover,Abhishek; Sujith M.S.; Kamalesh Pulluru; Jeevan D; Dr. Sindhu Sree M; Dr. Pavithra G; Dr. T.C.Manjunath,2023,international journal of engineering technology and management sciences,journal-article,False,Discovery candidate — not screened,Missions,,,,https://doi.org/10.46647/ijetms.2023.v07i03.56
10.5040/9781350601529.9183,Martian 0,,2023,The Arden Encyclopedia of Shakespeare’s Language,other,False,Discovery candidate — not screened,Dichotomy,,,,https://doi.org/10.5040/9781350601529.9183
10.5194/egusphere-2023-1799,Ionospheric density depletions around crustal fields at Mars and their connection to ion frictional heating,Hadi Madanian; Troy Hesse; Firdevs Duru; Marcin Pilinski; Rudy Frahm,2023,,posted-content,False,Discovery candidate — not screened,Interior,,,,https://doi.org/10.5194/egusphere-2023-1799
10.5194/egusphere-egu23-10794,"Analysis of Purple Coatings by the SuperCam Instrument on the Perseverance Rover in Jezero Crater, Mars",Ann Ollila; Baptiste Chide; Nina Lanza; Brad Garczynski; Mariek Schmidt; Patrick Gasda; Olivier Forni; Agnes Cousin; Erwin Dehouck; Roger Wiens; Sylvestre Maurice; Marion Nachon; Jeff Johnson; Sam Clegg; SuperCam Team,2023,,posted-content,False,Discovery candidate — not screened,Missions,,,,https://doi.org/10.5194/egusphere-egu23-10794
10.5194/egusphere-egu23-12524,Crustal structure observed by the InSight mission to Mars,Doyeon Kim; Simon Stähler; Christian Boehm; Ved Lekic; Domenico Giardini; Savas Ceylan; John Clinton; Paul Davis; Cecilia Duran; Amir Khan; Brigitte Knapmeyer-Endrun; Ross Maguire; Mark Panning; Ana-Catalina Plesa; Nicholas Schmerr; Mark Wieczorek; Géraldine Zenhäusern; Philippe Lognonné; William Banerdt,2023,,posted-content,False,Discovery candidate — not screened,Interior; Magnetism,,,,https://doi.org/10.5194/egusphere-egu23-12524
10.5194/egusphere-egu23-2676,MaQuIs - Mars Quantum Gravity Mission,Lisa Woerner; Bart Root; Philippe Bouyer; Claus Braxmaier; Dominic Dirkx; Joao Encarnacao; Ernst Hauber; Hauke Hussmann; Ozgur Karatekin; Alexander Koch; Lee Kumanchik; Federica Migliaccio; Mirko Reguzzoni; Birgit Ritter; Manuel Schilling; Christian Schubert; Cedric Thieulot; Wolf von Klitzing; Olivier Witasse,2023,,posted-content,False,Discovery candidate — not screened,Gravity and topography,,,,https://doi.org/10.5194/egusphere-egu23-2676
10.59332/jbis-076-09-0312,Artificial Gravity on Earth-Mars Flights Reconsidered: the Mars Quartet,Stephen Ashworth,2023,Journal of the British Interplanetary Society,journal-article,False,Discovery candidate — not screened,Gravity and topography,,,,https://doi.org/10.59332/jbis-076-09-0312
10.7185/gold2023.15439,Origin and abundances of volatiles on Mars from the zinc isotopic composition of Martian meteorites,Marine Paquet; Frédéric Moynier; Paolo Sossi,2023,Goldschmidt2023 abstracts,proceedings-article,False,Discovery candidate — not screened,Meteorite geochemistry,,,,https://doi.org/10.7185/gold2023.15439
10.7185/gold2023.18002,The distribution of halogens in Shergottite meteorites: implications for martian mantle abundances,Matthieu Almayrac; Ray Burgess; Patricia Clay; Lorraine Ruzié-Hamilton,2023,Goldschmidt2023 abstracts,proceedings-article,False,Discovery candidate — not screened,Meteorite geochemistry,,,,https://doi.org/10.7185/gold2023.18002
10.7185/gold2023.18154,"Thermal history and water contents in the Seitah igneous rocks in Jezero, Mars",Yang Liu; Paul Asimow; Mariek Schmidt; Allan Treiman; Nicolas Randazzo; Juan David Hernández-Montenegro; Arya Udry; Christopher Herd; Abigail Allwood; Joel Hurowitz; David Pedersen; Jesper Henneke; Justin Simon; Adrian Brown; Morgan Cable,2023,Goldschmidt2023 abstracts,proceedings-article,False,Discovery candidate — not screened,Missions,,,,https://doi.org/10.7185/gold2023.18154
10.7185/gold2023.18678,Early Planet formation pictured from Germanium isotopes: the Earth-Mars and Moon-Vesta dichotomy.,Beatrice Luais; Damien Cividini,2023,Goldschmidt2023 abstracts,proceedings-article,False,Discovery candidate — not screened,Dichotomy; Chronology,,,,https://doi.org/10.7185/gold2023.18678
10.7185/gold2023.20307,Crust recycling into the martian mantle inferred by Rb isotope composition,Celia Bresson; Martin Schiller; Martin Bizzarro,2023,Goldschmidt2023 abstracts,proceedings-article,False,Discovery candidate — not screened,Meteorite geochemistry,,,,https://doi.org/10.7185/gold2023.20307
10.7185/gold2023.20353,A Lu-Hf isotope study of igneous clasts in the martian breccia meteorite NWA 7533 indicating ancient formation ages by re-melting of the primordial crust,Ninna Korsgaard Jensen; Martin Bizzarro; James Connelly,2023,Goldschmidt2023 abstracts,proceedings-article,False,Discovery candidate — not screened,Meteorite geochemistry,,,,https://doi.org/10.7185/gold2023.20353
10.1002/essoar.10510459.1,"Hydrological History of a Palaeolake and Valley System on the Planetary Dichotomy in Arabia Terra, Mars",Zachary Ian Dickeson; Peter Martin Grindrod; Joel M. Davis; Ian Crawford; Matthew R Balme,2022,,posted-content,False,Discovery candidate — not screened,Dichotomy,,,,https://doi.org/10.1002/essoar.10510459.1
10.1002/essoar.10510632.1,"Spectral diversity of rocks and soils in Mastcam observations along the Curiosity rover's traverse in Gale crater, Mars",Melissa Rice; Christina Seeger; Jim Bell; Fred Calef; Michael St. Clair; Alivia Eng; Abigail Fraeman; Cory Hughes; Briony Horgan; Samantha Jacob; Jeff Johnson; Hannah Kerner; Kjartan Kinch; Mark Lemmon; Chase Million; Mason Starr; Danika Wellington,2022,,posted-content,False,Discovery candidate — not screened,Missions,,,,https://doi.org/10.1002/essoar.10510632.1
10.1002/essoar.10510926.1,Ionospheric Plasma Depletions at Mars Observed by the MAVEN spacecraft,Praveen Basuvaraj; Frantisek Nemec; Zdenek Nemecek; Jana Safrankova,2022,,posted-content,False,Discovery candidate — not screened,Magnetism,,,,https://doi.org/10.1002/essoar.10510926.1
10.1007/978-3-030-92118-7,Perseverance and the Mars 2020 Mission,"Manfred ""Dutch"" von Ehrenfried",2022,,book,False,Discovery candidate — not screened,Missions,,,,https://doi.org/10.1007/978-3-030-92118-7
10.1007/978-3-642-27833-4_1756-3,Mars Odyssey,Frances Westall,2022,Encyclopedia of Astrobiology,book-chapter,False,Discovery candidate — not screened,Missions,,,,https://doi.org/10.1007/978-3-642-27833-4_1756-3
10.1007/978-3-642-27833-4_5599-1,"Mars, Paleo Ocean",Victor R. Baker,2022,Encyclopedia of Astrobiology,book-chapter,False,Discovery candidate — not screened,Interior; Surface and water,,,,https://doi.org/10.1007/978-3-642-27833-4_5599-1
10.1007/978-3-642-27833-4_5633-1,Martian Moon Exploration,Viso Michel,2022,Encyclopedia of Astrobiology,book-chapter,False,Discovery candidate — not screened,Dichotomy,,,,https://doi.org/10.1007/978-3-642-27833-4_5633-1
10.1007/978-3-642-27833-4_940-3,Mars Express,Jean-Pierre Bibring,2022,Encyclopedia of Astrobiology,book-chapter,False,Discovery candidate — not screened,Missions,,,,https://doi.org/10.1007/978-3-642-27833-4_940-3
10.1016/b978-0-12-818234-5.00143-7,Martian Dust,Claire E. Newman; Tanguy Bertrand; Lori K. Fenton; Scott D. Guzewich; Brian Jackson; Stephen R. Lewis; Michael A. Mischna; Luca Montabone; Danika F. Wellington,2022,Treatise on Geomorphology,book-chapter,False,Discovery candidate — not screened,Dichotomy,,,,https://doi.org/10.1016/b978-0-12-818234-5.00143-7
10.1016/j.actaastro.2022.07.019,The concept of gamma-ray remote sensing of Martian surface composition onboard a Mars Rover,Igor Mitrofanov; Anton Sanin; Maxim Litvak; Dmitry Golovin; Sergey Nikiforov,2022,Acta Astronautica,journal-article,False,Discovery candidate — not screened,Missions,,,,https://doi.org/10.1016/j.actaastro.2022.07.019
10.1016/j.epsl.2022.117699,Revisiting subglacial hydrology as an origin for Mars' valley networks,J.J. Buffo; L. Ojha; C.R. Meyer; K.L. Ferrier; M.C. Palucis,2022,Earth and Planetary Science Letters,journal-article,False,Discovery candidate — not screened,Dichotomy,,,,https://doi.org/10.1016/j.epsl.2022.117699
10.1016/j.epsl.2022.117772,A primordial atmospheric origin of hydrospheric deuterium enrichment on Mars,Kaveh Pahlevan; Laura Schaefer; Linda T. Elkins-Tanton; Steven J. Desch; Peter R. Buseck,2022,Earth and Planetary Science Letters,journal-article,False,Discovery candidate — not screened,Dichotomy,,,,https://doi.org/10.1016/j.epsl.2022.117772
10.1016/j.gca.2022.03.034,Effects of phosphorus on partial melting of the Martian Mantle and compositions of the Martian Crust,Valerie Payré; Rajdeep Dasgupta,2022,Geochimica et Cosmochimica Acta,journal-article,False,Discovery candidate — not screened,Meteorite geochemistry,,,,https://doi.org/10.1016/j.gca.2022.03.034
10.1016/j.pss.2022.105532,Searching for buried craters on Mars based on gravity potential field separation method,Feng Liang; Jianguo Yan; Jiannan Zhao; Zhiguo Meng; Jean-Pierre Barriot,2022,Planetary and Space Science,journal-article,False,Discovery candidate — not screened,Chronology,,,,https://doi.org/10.1016/j.pss.2022.105532
10.1016/j.pss.2022.105594,Localization of cosmic gamma-ray bursts in interplanetary space with MGNS/BepiColombo and HEND/Mars Odyssey experiments,A.S. Kozyrev; J. Benkhoff; M.L. Litvak; D.V. Golovin; F. Quarati; A.B. Sanin,2022,Planetary and Space Science,journal-article,False,Discovery candidate — not screened,Missions,,,,https://doi.org/10.1016/j.pss.2022.105594
10.1016/j.xinn.2022.100280,Dichotomy in crustal melting on early Mars inferred from antipodal effect,Lei Zhang; Jinhai Zhang; Ross N. Mitchell,2022,The Innovation,journal-article,False,Discovery candidate — not screened,Dichotomy; Magnetism; Chronology; Surface and water,,,,https://doi.org/10.1016/j.xinn.2022.100280
10.1016/s0262-4079(22)00778-3,Meteorites on Mars may harbour signs of life there,Jonathan O'Callaghan,2022,New Scientist,journal-article,False,Discovery candidate — not screened,Surface and water,,,,https://doi.org/10.1016/s0262-4079(22)00778-3
10.1016/s0262-4079(22)01980-7,Mars may still have magma,Jacklin Kwan,2022,New Scientist,journal-article,False,Discovery candidate — not screened,Interior,,,,https://doi.org/10.1016/s0262-4079(22)01980-7
10.1029/2021ja030155,Electron Densities in the Ionosphere of Mars: Comparison of MAVEN/ROSE and MAVEN/LPW Measurements,M. Felici; P. Withers; M. F. Vogt; K. G. Hensley; L. Andersson,2022,Journal of Geophysical Research: Space Physics,journal-article,False,Discovery candidate — not screened,Magnetism; Atmosphere,,,,https://doi.org/10.1029/2021ja030155
10.1029/2021je007110,A Morphometric Investigation of Large‐Scale Crustal Shortening on Mars,R. M. Atkins; P. K. Byrne; D. R. Bohnenstiehl; K. W. Wegmann,2022,Journal of Geophysical Research: Planets,journal-article,False,Discovery candidate — not screened,Magnetism,,,,https://doi.org/10.1029/2021je007110
10.1029/2021je007134,"Spectral Diversity of Rocks and Soils in Mastcam Observations Along the Curiosity Rover's Traverse in Gale Crater, Mars",Melissa S. Rice; Christina Seeger; Jim Bell; Fred Calef; Michael St. Clair; Alivia Eng; Abigail A. Fraeman; Cory Hughes; Briony Horgan; Samantha Jacob; Jeff Johnson; Hannah Kerner; Kjartan Kinch; Mark Lemmon; Chase Million; Mason Starr; Danika Wellington,2022,Journal of Geophysical Research: Planets,journal-article,False,Discovery candidate — not screened,Missions,,,,https://doi.org/10.1029/2021je007134
10.1029/2021je007137,Landing Site Selection and Characterization of Tianwen‐1 (Zhurong Rover) on Mars,Bo Wu; Jie Dong; Yiran Wang; Wei Rao; Zezhou Sun; Zhaojin Li; Zhiyun Tan; Zeyu Chen; Chuang Wang; Wai Chung Liu; Long Chen; Jiaming Zhu; Hongliang Li,2022,Journal of Geophysical Research: Planets,journal-article,False,Discovery candidate — not screened,Surface and water,,,,https://doi.org/10.1029/2021je007137
10.1029/2021je007145,New Craters on Mars: An Updated Catalog,I. J. Daubar; C. M. Dundas; A. S. McEwen; A. Gao; D. Wexler; S. Piqueux; G. S. Collins; K. Miljkovic; T. Neidhart; J. Eschenfelder; G. D. Bart; K. L. Wagstaff; G. Doran; L. Posiolova; M. Malin; G. Speth; D. Susko; A. Werynski,2022,Journal of Geophysical Research: Planets,journal-article,False,Discovery candidate — not screened,Chronology,,,,https://doi.org/10.1029/2021je007145
10.1029/2021je007152,"Hydrological History of a Palaeolake and Valley System on the Planetary Dichotomy in Arabia Terra, Mars",Z. I. Dickeson; P. M. Grindrod; J. M. Davis; I. Crawford; M. Balme,2022,Journal of Geophysical Research: Planets,journal-article,False,Discovery candidate — not screened,Dichotomy,,,,https://doi.org/10.1029/2021je007152
10.1029/2022eo220136,Martian Meteorites Reveal Evidence of a Large Impact,Katherine Kornei,2022,Eos,journal-article,False,Discovery candidate — not screened,Meteorite magnetism,,,,https://doi.org/10.1029/2022eo220136
10.1029/2022eo220278,Zhurong Rover Spots Evidence of Recent Liquid Water on Mars,Katherine Kornei,2022,Eos,journal-article,False,Discovery candidate — not screened,Surface and water,,,,https://doi.org/10.1029/2022eo220278
10.1029/2022eo220316,Constraining Martian Crustal Thickness with InSight Seismology,Morgan Rehnberg,2022,Eos,journal-article,False,Discovery candidate — not screened,Interior,,,,https://doi.org/10.1029/2022eo220316
10.1029/2022gl097757,Empirically Determined Auroral Electron Events at Mars—MAVEN Observations,Shaosui Xu; David L. Mitchell; James P. McFadden; Nicholas M. Schneider; Zachariah Milby; Sonal Jain; Tristan Weber; David A. Brain; Gina A. DiBraccio; Jasper Halekas; Suranga Ruhunusiri; Christian Mazelle; Robert J. Lillis; Ben Johnston,2022,Geophysical Research Letters,journal-article,False,Discovery candidate — not screened,Magnetism,,,,https://doi.org/10.1029/2022gl097757
10.1029/2022gl097974,Valley Networks and the Record of Glaciation on Ancient Mars,A. Grau Galofre; K. X. Whipple; P. R. Christensen; S. J. Conway,2022,Geophysical Research Letters,journal-article,False,Discovery candidate — not screened,Surface and water,,,,https://doi.org/10.1029/2022gl097974
10.1029/2022gl099639,An Evolved Early Crust Exposed on Mars Revealed Through Spectroscopy,V. Payré; M. R. Salvatore; C. S. Edwards,2022,Geophysical Research Letters,journal-article,False,Discovery candidate — not screened,Meteorite geochemistry; Chronology,,,,https://doi.org/10.1029/2022gl099639
10.1029/2022je007290,Observations of Atmospheric Tides in the Middle and Upper Atmosphere of Mars From MAVEN and MRO,Aishwarya Kumar; Scott L. England; Guiping Liu; Sonal Jain; Nicholas M. Schneider,2022,Journal of Geophysical Research: Planets,journal-article,False,Discovery candidate — not screened,Atmosphere,,,,https://doi.org/10.1029/2022je007290
10.1029/2022je007298,InSight Constraints on the Global Character of the Martian Crust,Mark A. Wieczorek; Adrien Broquet; Scott M. McLennan; Attilio Rivoldini; Matthew Golombek; Daniele Antonangeli; Caroline Beghein; Domenico Giardini; Tamara Gudkova; Szilárd Gyalay; Catherine L. Johnson; Rakshit Joshi; Doyeon Kim; Scott D. King; Brigitte Knapmeyer‐Endrun; Philippe Lognonné; Chloé Michaut; Anna Mittelholz; Francis Nimmo; Lujendra Ojha; Mark P. Panning; Ana‐Catalina Plesa; Matthew A. Siegler; Suzanne E. Smrekar; Tilman Spohn; W. Bruce Banerdt,2022,Journal of Geophysical Research: Planets,journal-article,True,Selected full-text sections consulted,Interior,Combines the InSight crustal anchor with gravity and topography to generate global crustal models.,Quantifies how much hemispheric contrast must be explained by crustal thickness and density.,Absolute thickness is strongly conditional on the adopted seismic layering and crustal density.,https://doi.org/10.1029/2022je007298
10.1029/2022je007302,Ionospheric Plasma Depletions at Mars Observed by the MAVEN Spacecraft,Praveen Basuvaraj; František Němec; Zdeněk Němeček; Jana Šafránková,2022,Journal of Geophysical Research: Planets,journal-article,False,Discovery candidate — not screened,Magnetism,,,,https://doi.org/10.1029/2022je007302
10.1029/2022je007472,A Positive Feedback Between Crustal Thickness and Melt Extraction for the Origin of the Martian Dichotomy,Valentin Bonnet Gibet; Chloé Michaut; Mark Wieczorek; Philippe Lognonné,2022,Journal of Geophysical Research: Planets,journal-article,True,Abstract consulted,Dichotomy,Crustal insulation and melt extraction can amplify a long-wavelength crustal thickness perturbation.,Offers a feedback mechanism that can enlarge an initially small asymmetry.,Parameterized thermal models do not establish the origin or uniqueness of the initial perturbation.,https://doi.org/10.1029/2022je007472
10.1038/s41467-022-31444-8,Early crustal processes revealed by the ejection site of the oldest martian meteorite,A. Lagain; S. Bouley; B. Zanda; K. Miljković; A. Rajšić; D. Baratoux; V. Payré; L. S. Doucet; N. E. Timms; R. Hewins; G. K. Benedix; V. Malarewic; K. Servis; P. A. Bland,2022,Nature Communications,journal-article,True,Abstract consulted,Meteorite geochemistry and provenance,Crater and terrain analysis identifies a candidate ejection site for the NWA 7034 family in the southern highlands.,Offers a route from meteorite laboratory data to geological context.,"Provenance is inferred, with multiple excavation and reworking episodes; it is not a known collection coordinate on Mars.",https://doi.org/10.1038/s41467-022-31444-8
10.1038/s41550-022-01836-3,Geophysical evidence for an active mantle plume underneath Elysium Planitia on Mars,A. Broquet; J. C. Andrews-Hanna,2022,Nature Astronomy,journal-article,False,Discovery candidate — not screened,Volcanism and tectonics,,,,https://doi.org/10.1038/s41550-022-01836-3
10.1038/s41561-022-00905-6,Surface characteristics of the Zhurong Mars rover traverse at Utopia Planitia,L. Ding; R. Zhou; T. Yu; H. Gao; H. Yang; J. Li; Y. Yuan; C. Liu; J. Wang; Y.-Y. S. Zhao; Z. Wang; Xiyu Wang; G. Bao; Z. Deng; L. Huang; N. Li; X. Cui; X. He; Y. Jia; B. Yuan; G. Liu; H. Zhang; R. Zhao; Z. Zhang; Z. Cheng; F. Wu; Q. Xu; H. Lu; L. Richter; Z. Liu; F. Niu; H. Qi; S. Li; W. Feng; C. Yang; B. Chen; Z. Dang; M. Zhang; L. Li; Xiaoxue Wang; Z. Huang; J. Zhang; H. Xing; G. Wang; L. Niu; P. Xu; W. Wan; K. Di,2022,Nature Geoscience,journal-article,False,Discovery candidate — not screened,Surface and water,,,,https://doi.org/10.1038/s41561-022-00905-6
10.1038/s41586-022-05147-5,Layered subsurface in Utopia Basin of Mars revealed by Zhurong rover radar,Chao Li; Yikang Zheng; Xin Wang; Jinhai Zhang; Yibo Wang; Ling Chen; Lei Zhang; Pan Zhao; Yike Liu; Wenmin Lv; Yang Liu; Xu Zhao; Jinlai Hao; Weijia Sun; Xiaofeng Liu; Bojun Jia; Juan Li; Haiqiang Lan; Wenzhe Fa; Yongxin Pan; Fuyuan Wu,2022,Nature,journal-article,False,Discovery candidate — not screened,Surface and water,,,,https://doi.org/10.1038/s41586-022-05147-5
10.1038/s43247-022-00612-5,Megashears and hydrothermalism at the Martian crustal dichotomy in Valles Marineris,Joanna Gurgurewicz; Daniel Mège; Frédéric Schmidt; Sylvain Douté; Benoit Langlais,2022,Communications Earth & Environment,journal-article,False,Discovery candidate — not screened,Dichotomy,,,,https://doi.org/10.1038/s43247-022-00612-5
10.1073/pnas.2112930118,Circumpolar ocean stability on Mars 3 Gy ago,Frédéric Schmidt; Michael J. Way; François Costard; Sylvain Bouley; Antoine Séjourné; Igor Aleinov,2022,Proceedings of the National Academy of Sciences,journal-article,False,Discovery candidate — not screened,Surface and water,,,,https://doi.org/10.1073/pnas.2112930118
10.1088/2058-7058/35/08/08,Relic shorelines on Mars would not survive asteroid impacts,Will Gater,2022,Physics World,journal-article,False,Discovery candidate — not screened,Surface and water,,,,https://doi.org/10.1088/2058-7058/35/08/08
10.1089/ast.2021.0180,Using Organic Contaminants to Constrain the Terrestrial Journey of the Martian Meteorite Lafayette,Áine Clare O'Brien; Lydia Jane Hallis; Clement Regnault; Douglas Morrison; Gavin Blackburn; Andrew Steele; Luke Daly; Alastair Tait; Marissa Marie Tremblay; Darcy E.P. Telenko; Jacqueline Gunn; Eleanor McKay; Nicola Mari; Mohammad Ali Salik; Philippa Ascough; Jaime Toney; Sammy Griffin; Phil Whitfield; Martin Lee,2022,Astrobiology,journal-article,False,Discovery candidate — not screened,Meteorite magnetism,,,,https://doi.org/10.1089/ast.2021.0180
10.1093/acrefore/9780190647926.013.122,Martian Paleoclimate,Robert M Haberle,2022,Oxford Research Encyclopedia of Planetary Science,reference-entry,False,Discovery candidate — not screened,Dichotomy,,,,https://doi.org/10.1093/acrefore/9780190647926.013.122
10.1093/acrefore/9780190647926.013.256,Martian Dust,Steven W Ruff,2022,Oxford Research Encyclopedia of Planetary Science,reference-entry,False,Discovery candidate — not screened,Dichotomy,,,,https://doi.org/10.1093/acrefore/9780190647926.013.256
10.1093/mnrasl/slac094,Diurnal variation of the surface temperature of Mars with the Emirates Mars Mission: a comparison with Curiosity and Perseverance rover measurements,Dimitra Atri; Nour Abdelmoneim; Dattaraj B Dhuri; Mathilde Simoni,2022,Monthly Notices of the Royal Astronomical Society: Letters,journal-article,False,Discovery candidate — not screened,Missions,,,,https://doi.org/10.1093/mnrasl/slac094
10.1109/aero53065.2022.9843638,How do we get robots to take self-portraits on Mars? - Perseverance-Ingenuity and Curiosity selfies,Vandi Verma; Joseph Carsten; Michael Ravine; Megan R. Kennedy; Kenneth S. Edgett; Amy Culver; Nicholas Ruoff; Nathan Williams; Luther Beegle,2022,2022 IEEE Aerospace Conference (AERO),proceedings-article,False,Discovery candidate — not screened,Missions,,,,https://doi.org/10.1109/aero53065.2022.9843638
10.1109/igarss46834.2022.9883978,Ice Detection by Roper Onboard China's “Zhurong” Mars Rover: an Laboratory Experiment,Li Jianhui; Liu Hai; Meng Xu,2022,IGARSS 2022 - 2022 IEEE International Geoscience and Remote Sensing Symposium,proceedings-article,False,Discovery candidate — not screened,Surface and water,,,,https://doi.org/10.1109/igarss46834.2022.9883978
10.1109/igarss46834.2022.9884478,Primary Analysis of Mars Geological Structure Based on High Frequency Radar Data of China's Zhurong Mars Rover,Jianrong Geng; Juan He; Hongxia Ye; Yuxi Li,2022,IGARSS 2022 - 2022 IEEE International Geoscience and Remote Sensing Symposium,proceedings-article,False,Discovery candidate — not screened,Surface and water,,,,https://doi.org/10.1109/igarss46834.2022.9884478
10.1109/tgrs.2022.3144271,A Dual-Band Difference Ionosphere Compensation Algorithm for Mars Orbiter Subsurface Investigation Radar,Longxiang Wang; Hongxia Ye; Feng Xu,2022,IEEE Transactions on Geoscience and Remote Sensing,journal-article,False,Discovery candidate — not screened,Surface and water,,,,https://doi.org/10.1109/tgrs.2022.3144271
10.1111/maps.13816,"Geochemical and mineralogical classification of four new shergottites: NWA 10441, NWA 10818, NWA 11043, and NWA 12335",Kenneth J. Orr; Lucy V. Forman; Kai Rankenburg; Noreen J. Evans; Bradley J. McDonald; Belinda Godel; Gretchen K. Benedix,2022,Meteoritics & Planetary Science,journal-article,False,Discovery candidate — not screened,Meteorite magnetism; Meteorite geochemistry; Meteorite provenance,,,,https://doi.org/10.1111/maps.13816
10.1111/phor.12401,Positioning Accuracy of the Zhurong Mars Rover's Hand–Eye System,Shuo Zhang; Song Peng; Yunjia Wu; Bo Wen; Jianli Zhang; Yang Jia; Shaochuang Liu; Chen Qi; Youqing Ma; Yongzhe Yan; Hao Li,2022,The Photogrammetric Record,journal-article,False,Discovery candidate — not screened,Surface and water,,,,https://doi.org/10.1111/phor.12401
10.1126/sciadv.abl7497,Impact and habitability scenarios for early Mars revisited based on a 4.45-Ga shocked zircon in regolith breccia,Morgan A. Cox; Aaron J. Cavosie; Kenneth J. Orr; Luke Daly; Laure Martin; Anthony Lagain; Gretchen K. Benedix; Phil A. Bland,2022,Science Advances,journal-article,True,Abstract consulted,Meteorite geochemistry and provenance,Shock microstructures in ancient zircon record a high-pressure impact after zircon formation.,Tests early bombardment histories and preservation of primordial crust.,An old grain age alone does not date the later shock event.,https://doi.org/10.1126/sciadv.abl7497
10.1126/sciadv.abn8555,"Zhurong reveals recent aqueous activities in Utopia Planitia, Mars",Yang Liu; Xing Wu; Yu-Yan Sara Zhao; Lu Pan; Chi Wang; Jia Liu; Zhenxing Zhao; Xiang Zhou; Chaolin Zhang; Yuchun Wu; Wenhui Wan; Yongliao Zou,2022,Science Advances,journal-article,False,Discovery candidate — not screened,Surface and water,,,,https://doi.org/10.1126/sciadv.abn8555
10.1126/sciadv.abo3399,"Compositionally and density stratified igneous terrain in Jezero crater, Mars",Roger C. Wiens; Arya Udry; Olivier Beyssac; Cathy Quantin-Nataf; Nicolas Mangold; Agnès Cousin; Lucia Mandon; Tanja Bosak; Olivier Forni; Scott M. McLennan; Violaine Sautter; Adrian Brown; Karim Benzerara; Jeffrey R. Johnson; Lisa Mayhew; Sylvestre Maurice; Ryan B. Anderson; Samuel M. Clegg; Larry Crumpler; Travis S. J. Gabriel; Patrick Gasda; James Hall; Briony H. N. Horgan; Linda Kah; Carey Legett; Juan Manuel Madariaga; Pierre-Yves Meslin; Ann M. Ollila; Francois Poulet; Clement Royer; Shiv K. Sharma; Sandra Siljeström; Justin I. Simon; Tayro E. Acosta-Maeda; Cesar Alvarez-Llamas; S. Michael Angel; Gorka Arana; Pierre Beck; Sylvain Bernard; Tanguy Bertrand; Bruno Bousquet; Kepa Castro; Baptiste Chide; Elise Clavé; Ed Cloutis; Stephanie Connell; Erwin Dehouck; Gilles Dromart; Woodward Fischer; Thierry Fouchet; Raymond Francis; Jens Frydenvang; Olivier Gasnault; Erin Gibbons; Sanjeev Gupta; Elisabeth M. Hausrath; Xavier Jacob; Hemani Kalucha; Evan Kelly; Elise Knutsen; Nina Lanza; Javier Laserna; Jeremie Lasue; Stéphane Le Mouélic; Richard Leveille; Guillermo Lopez Reyes; Ralph Lorenz; Jose Antonio Manrique; Jesus Martinez-Frias; Tim McConnochie; Noureddine Melikechi; David Mimoun; Franck Montmessin; Javier Moros; Naomi Murdoch; Paolo Pilleri; Cedric Pilorget; Patrick Pinet; William Rapin; Fernando Rull; Susanne Schröder; David L. Shuster; Rebecca J. Smith; Alexander E. Stott; Jesse Tarnas; Nathalie Turenne; Marco Veneranda; David S. Vogt; Benjamin P. Weiss; Peter Willis; Kathryn M. Stack; Kenneth H. Williford; Kenneth A. Farley; The SuperCam Team,2022,Science Advances,journal-article,False,Discovery candidate — not screened,Missions,,,,https://doi.org/10.1126/sciadv.abo3399
10.1126/sciadv.abo4856,"Geological, multispectral, and meteorological imaging results from the Mars 2020 Perseverance rover in Jezero crater",James F. Bell; Justin N. Maki; Sanna Alwmark; Bethany L. Ehlmann; Sarah A. Fagents; John P. Grotzinger; Sanjeev Gupta; Alexander Hayes; Ken E. Herkenhoff; Briony H. N. Horgan; Jeffrey R. Johnson; Kjartan B. Kinch; Mark T. Lemmon; Morten B. Madsen; Jorge I. Núñez; Gerhard Paar; Melissa Rice; James W. Rice; Nicole Schmitz; Robert Sullivan; Alicia Vaughan; Mike J. Wolff; Andreas Bechtold; Tanja Bosak; Louise E. Duflot; Alberto G. Fairén; Brad Garczynski; Ralf Jaumann; Marco Merusi; Chase Million; Eleni Ravanis; David L. Shuster; Justin Simon; Michael St. Clair; Christian Tate; Sebastian Walter; Benjamin Weiss; Alyssa M. Bailey; Tanguy Bertrand; Olivier Beyssac; Adrian J. Brown; Piluca Caballo-Perucha; Michael A. Caplinger; Christy M. Caudill; Francesca Cary; Ernest Cisneros; Edward A. Cloutis; Nathan Cluff; Paul Corlies; Kelsie Crawford; Sabrina Curtis; Robert Deen; Darian Dixon; Christopher Donaldson; Megan Barrington; Michelle Ficht; Stephanie Fleron; Michael Hansen; David Harker; Rachel Howson; Joshua Huggett; Samantha Jacob; Elsa Jensen; Ole B. Jensen; Mohini Jodhpurkar; Jonathan Joseph; Christian Juarez; Linda C. Kah; Oak Kanine; Jessica Kristensen; Tex Kubacki; Kristiana Lapo; Angela Magee; Michael Maimone; Greg L. Mehall; Laura Mehall; Jess Mollerup; Daniel Viúdez-Moreiras; Kristen Paris; Kathryn E. Powell; Frank Preusker; Jon Proton; Corrine Rojas; Danny Sallurday; Kim Saxton; Eva Scheller; Christina H. Seeger; Mason Starr; Nathan Stein; Nathalie Turenne; Jason Van Beek; Andrew G. Winhold; Rachel Yingling,2022,Science Advances,journal-article,False,Discovery candidate — not screened,Missions,,,,https://doi.org/10.1126/sciadv.abo4856
10.1126/sciadv.abp8564,"Ground penetrating radar observations of subsurface structures in the floor of Jezero crater, Mars",Svein-Erik Hamran; David A. Paige; Abigail Allwood; Hans E. F. Amundsen; Tor Berger; Sverre Brovoll; Lynn Carter; Titus M. Casademont; Leif Damsgård; Henning Dypvik; Sigurd Eide; Alberto G. Fairén; Rebecca Ghent; Jack Kohler; Michael T. Mellon; Daniel C. Nunes; Dirk Plettemeier; Patrick Russell; Matt Siegler; Mats Jørgen Øyan,2022,Science Advances,journal-article,False,Discovery candidate — not screened,Surface and water,,,,https://doi.org/10.1126/sciadv.abp8564
10.1126/science.abo2196,"Aqueously altered igneous rocks sampled on the floor of Jezero crater, Mars",K. A. Farley; K. M. Stack; D. L. Shuster; B. H. N. Horgan; J. A. Hurowitz; J. D. Tarnas; J. I. Simon; V. Z. Sun; E. L. Scheller; K. R. Moore; S. M. McLennan; P. M. Vasconcelos; R. C. Wiens; A. H. Treiman; L. E. Mayhew; O. Beyssac; T. V. Kizovski; N. J. Tosca; K. H. Williford; L. S. Crumpler; L. W. Beegle; J. F. Bell; B. L. Ehlmann; Y. Liu; J. N. Maki; M. E. Schmidt; A. C. Allwood; H. E. F. Amundsen; R. Bhartia; T. Bosak; A. J. Brown; B. C. Clark; A. Cousin; O. Forni; T. S. J. Gabriel; Y. Goreva; S. Gupta; S.-E. Hamran; C. D. K. Herd; K. Hickman-Lewis; J. R. Johnson; L. C. Kah; P. B. Kelemen; K. B. Kinch; L. Mandon; N. Mangold; C. Quantin-Nataf; M. S. Rice; P. S. Russell; S. Sharma; S. Siljeström; A. Steele; R. Sullivan; M. Wadhwa; B. P. Weiss; A. J. Williams; B. V. Wogsland; P. A. Willis; T. A. Acosta-Maeda; P. Beck; K. Benzerara; S. Bernard; A. S. Burton; E. L. Cardarelli; B. Chide; E. Clavé; E. A. Cloutis; B. A. Cohen; A. D. Czaja; V. Debaille; E. Dehouck; A. G. Fairén; D. T. Flannery; S. Z. Fleron; T. Fouchet; J. Frydenvang; B. J. Garczynski; E. F. Gibbons; E. M. Hausrath; A. G. Hayes; J. Henneke; J. L. Jørgensen; E. M. Kelly; J. Lasue; S. Le Mouélic; J. M. Madariaga; S. Maurice; M. Merusi; P.-Y. Meslin; S. M. Milkovich; C. C. Million; R. C. Moeller; J. I. Núñez; A. M. Ollila; G. Paar; D. A. Paige; D. A. K. Pedersen; P. Pilleri; C. Pilorget; P. C. Pinet; J. W. Rice; C. Royer; V. Sautter; M. Schulte; M. A. Sephton; S. K. Sharma; S. F. Sholes; N. Spanovich; M. St. Clair; C. D. Tate; K. Uckert; S. J. VanBommel; A. G. Yanchilina; M.-P. Zorzano,2022,Science,journal-article,False,Discovery candidate — not screened,Missions,,,,https://doi.org/10.1126/science.abo2196
10.1126/science.abo2756,"An olivine cumulate outcrop on the floor of Jezero crater, Mars",Y. Liu; M. M. Tice; M. E. Schmidt; A. H. Treiman; T. V. Kizovski; J. A. Hurowitz; A. C. Allwood; J. Henneke; D. A. K. Pedersen; S. J. VanBommel; M. W. M. Jones; A. L. Knight; B. J. Orenstein; B. C. Clark; W. T. Elam; C. M. Heirwegh; T. Barber; L. W. Beegle; K. Benzerara; S. Bernard; O. Beyssac; T. Bosak; A. J. Brown; E. L. Cardarelli; D. C. Catling; J. R. Christian; E. A. Cloutis; B. A. Cohen; S. Davidoff; A. G. Fairén; K. A. Farley; D. T. Flannery; A. Galvin; J. P. Grotzinger; S. Gupta; J. Hall; C. D. K. Herd; K. Hickman-Lewis; R. P. Hodyss; B. H. N. Horgan; J. R. Johnson; J. L. Jørgensen; L. C. Kah; J. N. Maki; L. Mandon; N. Mangold; F. M. McCubbin; S. M. McLennan; K. Moore; M. Nachon; P. Nemere; L. D. Nothdurft; J. I. Núñez; L. O’Neil; C. M. Quantin-Nataf; V. Sautter; D. L. Shuster; K. L. Siebach; J. I. Simon; K. P. Sinclair; K. M. Stack; A. Steele; J. D. Tarnas; N. J. Tosca; K. Uckert; A. Udry; L. A. Wade; B. P. Weiss; R. C. Wiens; K. H. Williford; M.-P. Zorzano,2022,Science,journal-article,False,Discovery candidate — not screened,Interior,,,,https://doi.org/10.1126/science.abo2756
10.1126/science.abq7157,Surface waves and crustal structure on Mars,D. Kim; W. B. Banerdt; S. Ceylan; D. Giardini; V. Lekić; P. Lognonné; C. Beghein; É. Beucler; S. Carrasco; C. Charalambous; J. Clinton; M. Drilleau; C. Durán; M. Golombek; R. Joshi; A. Khan; B. Knapmeyer-Endrun; J. Li; R. Maguire; W. T. Pike; H. Samuel; M. Schimmel; N. C. Schmerr; S. C. Stähler; E. Stutzmann; M. Wieczorek; Z. Xu; A. Batov; E. Bozdag; N. Dahmen; P. Davis; T. Gudkova; A. Horleston; Q. Huang; T. Kawamura; S. D. King; S. M. McLennan; F. Nimmo; M. Plasman; A. C. Plesa; I. E. Stepanova; E. Weidner; G. Zenhäusern; I. J. Daubar; B. Fernando; R. F. Garcia; L. V. Posiolova; M. P. Panning,2022,Science,journal-article,False,Discovery candidate — not screened,Interior; Magnetism,,,,https://doi.org/10.1126/science.abq7157
10.1126/science.add8574,A seismic meteor strike on Mars,Yingjie Yang; Xiaofei Chen,2022,Science,journal-article,False,Discovery candidate — not screened,Interior,,,,https://doi.org/10.1126/science.add8574
10.1130/abs/2022am-378520,EXPLORATION OF THE LOWER DELTA FRONT SUCCESSION IN JEZERO CRATER BY THE MARS 2020 PERSEVERANCE ROVER,"Jet Propulsion Laboratory, California Institute of Technology; Kathryn Stack Morgan; Sanjeev Gupta; Gwénaël Caravaca; Michelle A. Tebolt; Michael M. Tice; David L. Shuster; Amy Williams; Patrick Russell; Michelle E. Minnitti; Kenneth A. Farley",2022,Geological Society of America Abstracts with Programs,proceedings-article,False,Discovery candidate — not screened,Missions,,,,https://doi.org/10.1130/abs/2022am-378520
10.1130/abs/2022am-379873,"THE DYNAMIC ENVIRONMENT OF JEZERO CRATER, MARS",Arizona State University; James Bell; Claire E. Newman; Ricardo Hueso; Mark Lemmon; Asier Munguira; Álvaro Vicente-Retortillo; Victor Apestigue; Daniel Toledo; Robert Sullivan; Ken Herkenhoff; Germán Martínez,2022,Geological Society of America Abstracts with Programs,proceedings-article,False,Discovery candidate — not screened,Missions,,,,https://doi.org/10.1130/abs/2022am-379873
10.1130/abs/2022am-380751,"THE CHEMIN X-RAY DIFFRACTOMETER ON MSL CURIOSITY: A DECADE OF MINERALOGICAL OBSERVATIONS FROM GALE CRATER, MARS",Ames Research Center; David Blake; Thomas F. Bristow; Allan Treiman; Elizabeth Rampe; Robert T. Downs; David T. Vaniman; Douglas W. Ming; Valerie M. Tu; Richard V. Morris; Steve Chipera; Cherie N. Achilles; Patricia I. Craig; Nicholas Castle; Shaunna M. Morrison,2022,Geological Society of America Abstracts with Programs,proceedings-article,False,Discovery candidate — not screened,Missions,,,,https://doi.org/10.1130/abs/2022am-380751
10.1130/abs/2022am-380938,THE MARS OCEAN HYPOTHESIS: RESEARCH OBJECTIVES AND APPROACH,California Institute of Technology; Tim Parker; Bruce Bills,2022,Geological Society of America Abstracts with Programs,proceedings-article,False,Discovery candidate — not screened,Surface and water,,,,https://doi.org/10.1130/abs/2022am-380938
10.1130/abs/2022am-383069,MARS OCEAN SHORELINE MAPPING: STRATEGIES AND PRELIMINARY RESULTS,California Institute of Technology; Tim Parker; Bruce Bills,2022,Geological Society of America Abstracts with Programs,proceedings-article,False,Discovery candidate — not screened,Surface and water,,,,https://doi.org/10.1130/abs/2022am-383069
10.1130/abs/2022cd-373300,"INVESTIGATING SOIL SURFACE CRUSTS AT JEZERO CRATER, MARS","University of Nevada, Las Vegas; Elisabeth Hausrath; Emily Cardarelli; Agnes Cousin; Jeremie Lasue; Chip Legett; Juan Manuel Madariaga; P.Y. Meslin; Robert Sullivan; Arya Udry; Roger Wiens",2022,Geological Society of America Abstracts with Programs,proceedings-article,False,Discovery candidate — not screened,Missions,,,,https://doi.org/10.1130/abs/2022cd-373300
10.1130/abs/2022ne-373862,THE MARS 2020 PERSEVERANCE ROVER MISSION,NASA Headquarters; Mitchell Schulte,2022,Geological Society of America Abstracts with Programs,proceedings-article,False,Discovery candidate — not screened,Missions,,,,https://doi.org/10.1130/abs/2022ne-373862
10.1130/g49936.1,Accumulation of windblown sand in impact craters on Mars,Andrew Gunn; Lior Rubanenko; Mathieu G.A. Lapôtre,2022,Geology,journal-article,False,Discovery candidate — not screened,Chronology,,,,https://doi.org/10.1130/g49936.1
10.1130/g50341.1,"Extensive and ancient feldspathic crust detected across north Hellas rim, Mars: Possible implications for primary crust formation",Michael S. Phillips; Christina E. Viviano; Jeffrey E. Moersch; A. Deanne Rogers; Harry Y. McSween; Frank P. Seelos,2022,Geology,journal-article,False,Discovery candidate — not screened,Meteorite geochemistry; Missions,,,,https://doi.org/10.1130/g50341.1
10.1130/geol.s.20164298,"Supplemental Material: Extensive and ancient feldspathic crust detected across north Hellas rim, Mars: Possible implications for primary crust formation",Michael S. Phillips; et al.,2022,,posted-content,False,Discovery candidate — not screened,Missions,,,,https://doi.org/10.1130/geol.s.20164298
10.1130/geol.s.20164298.v1,"Supplemental Material: Extensive and ancient feldspathic crust detected across north Hellas rim, Mars: Possible implications for primary crust formation",Michael S. Phillips; et al.,2022,,posted-content,False,Discovery candidate — not screened,Missions,,,,https://doi.org/10.1130/geol.s.20164298.v1
10.1360/sst-2022-0045,Autonomous environment perception and obstacle avoidancetechnologies of Zhurong Mars rover,JianXin CHEN; Yan XING; ZhiPing LI; XiaoYan MAO; BaoYi TENG; Xiang LIU; Yong JIA; Peng GU,2022,SCIENTIA SINICA Technologica,journal-article,False,Discovery candidate — not screened,Surface and water,,,,https://doi.org/10.1360/sst-2022-0045
10.17602/m2/m446814,Martian Meteorite [CTImageSeries] [CT],Philipp Heck,2022,MorphoSource Media,dataset,False,Discovery candidate — not screened,Meteorite magnetism; Meteorite provenance,,,,https://doi.org/10.17602/m2/m446814
10.17602/m2/m446833,Martian Meteorite [CTImageSeries] [CT],Philipp Heck,2022,MorphoSource Media,dataset,False,Discovery candidate — not screened,Meteorite magnetism; Meteorite provenance,,,,https://doi.org/10.17602/m2/m446833
10.21203/rs.3.rs-1634885/v1,The rich meteorology of Jezero crater over the first 250 sols of Perseverance on Mars,Jose Rodriguez-Manfredi; Manuel de la Torre Juarez; Agustin Sanchez-Lavega; Ricardo Hueso; German Martinez; Mark Lemmon; Claire Newman; Asier Munguira; Maria Hieta; Leslie Tamppari; Jouni Polkko; Daniel Toledo; Eduardo Sebastian; Michael Smith; Iina Jaakonaho; Maria Genzer; Alvaro de Vicente-Retortillo; Daniel Viudez-Moreiras; Miguel Ramos; Alfonso Saiz-Lopez; Alain Lepinette; Michael Wolff; Robert Sullivan; Javier Gómez-Elvira; Victor Apestigue; Pamela Conrad; T. del Río-Gaztelurrutia; Naomi Murdoch; Ignacio Arruego; Donald Banfield; Justin Boland; Adrian Brown; Joaquin Ceballos; Manuel Dominguez-Pumar; Servando Espejo; Alberto Fairen; Ricardo Ferrandiz; Erik Fischer; Miriam Garcia-Villadangos; Silvia Gimenez; Felipe Gomez-Gomez; Scott Guzewich; Ari-Matti Harri; Juan Jimenez; Vicente Jimenez; Teemu Makinen; Mercedes Marin-Jimenez; Carolina Martin-Rubio; Javier Martin-Soler; Antonio Molina; Luis Mora-Sotomayor; Sara Navarro Lopez; Veronica Peinado; Isabel Perez-Grande; Jorge Pla-Garcia; Marina Postigo; Olga Prieto-Ballesteros; Scot Rafkin; Mark Richardson; Julio Romeral; Catalina Romero; Hannu Savijärvi; John Schofield; Josefina Torres; Roser Urqui; Sofia Zurita; MEDA team,2022,,posted-content,False,Discovery candidate — not screened,Missions,,,,https://doi.org/10.21203/rs.3.rs-1634885/v1
10.22541/au.167093999.94917365/v1,Structure Along the Martian Dichotomy Constrained by Rayleigh and Love Waves and their Overtones,Doyeon Kim; S. C. Stähler; S. Ceylan; V. Lekic; R. Maguire; G. Zenhäusern; J. Clinton; D. Giardini; A. Khan; M. P. Panning; P. Davis; M. Wieczorek; N. Schmerr; P. Lognonné; W. B. Banerdt,2022,,posted-content,False,Discovery candidate — not screened,Dichotomy,,,,https://doi.org/10.22541/au.167093999.94917365/v1
10.2514/1.a35142,Real-Gas Effects for Shock/Shock Interaction in Earth and Mars Atmospheres,Dipankar Das; Siddesh Desai; Vinayak Kulkarni; Hrishikesh Gadgil,2022,Journal of Spacecraft and Rockets,journal-article,False,Discovery candidate — not screened,Magnetism,,,,https://doi.org/10.2514/1.a35142
10.3389/fspas.2022.1059242,"Observation-based temperature field simulation at Zhurong landing site, Mars",Lei Zhang; Jinhai Zhang,2022,Frontiers in Astronomy and Space Sciences,journal-article,False,Discovery candidate — not screened,Surface and water,,,,https://doi.org/10.3389/fspas.2022.1059242
10.3389/fspas.2022.895362,The Martian Crustal Magnetic Field,Anna Mittelholz; Catherine L. Johnson,2022,Frontiers in Astronomy and Space Sciences,journal-article,True,Abstract consulted,Magnetism,"Reviews the gap between orbital, surface and sample-scale magnetic observations.",Organizes the scale mismatch that a joint dichotomy study must address.,A review supplies synthesis rather than an independent measurement for model scoring.,https://doi.org/10.3389/fspas.2022.895362
10.3390/app12031676,Slip Estimation for Mars Rover Zhurong Based on Data Drive,Tianyi Zhang; Song Peng; Yang Jia; He Tian; Junkai Sun; Chuliang Yan,2022,Applied Sciences,journal-article,False,Discovery candidate — not screened,Surface and water,,,,https://doi.org/10.3390/app12031676
10.4050/f-0078-2022-0093,Blade Shape Optimization of Mars Helicopter Exploring Pit Craters,Masahiko Sugiura; Yasutada Tanabe; Hideaki Sugawara; Keita Kimura; Akira Oyama; Makoto Sato; Masahiro Kanazaki; Yuki Kishi; Kota Yoshikawa; Yuta Buto; Daisuke Kikuchi; Takuma Minajima,2022,Proceedings of the Vertical Flight Society 78th Annual Forum and Technology Display,proceedings-article,False,Discovery candidate — not screened,Chronology,,,,https://doi.org/10.4050/f-0078-2022-0093
10.46427/gold2022.10581,"Alteration minerals assemblage on the floor of Jezero crater, Mars: one year of SuperCam IR observations onboard the Perseverance rover",Lucia Mandon; Cathy Quantin-Nataf; Pierre Beck; Clément Royer; Thierry Fouchet; Erwin Dehouck; Olivier Forni; Jeffrey Johnson; Francois Poulet; Franck Montmessin; Stéphane Le Mouélic; Olivier Gasnault; Sylvestre Maurice; Roger Wiens,2022,Goldschmidt2022 abstracts,proceedings-article,False,Discovery candidate — not screened,Missions,,,,https://doi.org/10.46427/gold2022.10581
10.46427/gold2022.11063,"Discovery of a complex, chemically and isotopically zoned detrital zircon from NWA 7533 – insights into crust-mantle evolution on Mars",Siw Egdalen; Martin Whitehouse; Matthew Horstwood; Alexander Nemchin; James Connelly; Martin Bizzarro,2022,Goldschmidt2022 abstracts,proceedings-article,False,Discovery candidate — not screened,Meteorite geochemistry,,,,https://doi.org/10.46427/gold2022.11063
10.46427/gold2022.11459,PRIMARSMELT: Calculating primary magma compositions for Mars,Juan David Hernández-Montenegro; Paul Asimow; Claude Herzberg,2022,Goldschmidt2022 abstracts,proceedings-article,False,Discovery candidate — not screened,Interior,,,,https://doi.org/10.46427/gold2022.11459
10.46427/gold2022.12013,"Ore minerals in Martian meteorites: MIL 03346, NWA 5219, and NWA 13367",Maciej Fitt; Jakub Ciazela; Magdalena Laban; Marta Prell; Konrad Blutstein; Beata Marciniak-Maliszewska; Ewa Slaby; Leszek Latacz; Dariusz Marciniak; Marine Paquet; Marta Ciazela,2022,Goldschmidt2022 abstracts,proceedings-article,False,Discovery candidate — not screened,Meteorite magnetism; Meteorite geochemistry; Meteorite provenance,,,,https://doi.org/10.46427/gold2022.12013
10.47287/cen-10024-scicon3,Martian meteorite holds clues to how planets form atmospheres,Ariana Remmel,2022,Chemical & Engineering News,journal-article,False,Discovery candidate — not screened,Meteorite magnetism,,,,https://doi.org/10.47287/cen-10024-scicon3
10.5194/egusphere-egu22-1367,Ionospheric plasma depletions at Mars as observed by MAVEN,Praveen Kumar Basuvaraj; Frantisek Nemec; Zdenek Nemecek; Jana Safrankova,2022,,posted-content,False,Discovery candidate — not screened,Magnetism,,,,https://doi.org/10.5194/egusphere-egu22-1367
10.5194/egusphere-egu22-1750,One-year analysis of dust detection using dipole electric field antennas at Mars by MAVEN,Samia Ijaz; Jakub Vaverka; Jana Safrankova; Zdenek Nemecek,2022,,posted-content,False,Discovery candidate — not screened,Magnetism; Atmosphere,,,,https://doi.org/10.5194/egusphere-egu22-1750
10.5194/egusphere-egu22-4455,Estimating heavy ions escape rate from Mars using hybrid model and observations from MAVEN,Qi Zhang; Mats Holmström; Xiaodong Wang; Shahab Fatemi,2022,,posted-content,False,Discovery candidate — not screened,Atmosphere,,,,https://doi.org/10.5194/egusphere-egu22-4455
10.5194/egusphere-egu22-4749,The (missing) erosional record of warm-based glaciation on early Mars,Anna Grau Galofre; Kelin Whipple; Philip Christensen,2022,,posted-content,False,Discovery candidate — not screened,Surface and water,,,,https://doi.org/10.5194/egusphere-egu22-4749
10.5194/egusphere-egu22-5796,"Weather at Jezero, Mars from pressure measurements by the rover Perseverance",Agustin Sanchez-Lavega; Teresa del Rio-Gaztelurrutia; Ricardo Hueso; Manuel de la Torre; Ari-Matti Harri; Maria Genzer; Maria Hieta; Jouni Polkko; José Antonio Rodríguez-Manfredi; Leslie K. Tamppari; Claire Newman; Asier Munguira; Germán Martínez; Alvaro Vicente-Retortillo; Mark Lemmon; Jorge Pla-Garcia; Scott Guzewich; Daniel Toledo; Víctor Apéstigue; Daniel Viúdez-Moreiras; Additional Team members,2022,,posted-content,False,Discovery candidate — not screened,Missions,,,,https://doi.org/10.5194/egusphere-egu22-5796
10.5194/egusphere-egu22-6591,Forming the Martian dichotomy with realistic impact scenarios,Kar Wai Cheng; Antoine Rozel; Harry Ballantyne; Martin Jutzi; Gregor Golabek; Paul Tackley,2022,,posted-content,False,Discovery candidate — not screened,Dichotomy,,,,https://doi.org/10.5194/egusphere-egu22-6591
10.5194/epsc2022-1045,Martian crustal dichotomy formation and its effect on volcanisms: mantle convection models,Kar Wai Cheng; Antoine Rozel; Harry Ballantyne; Martin Jutzi; Gregor Golabek; Paul Tackley,2022,,posted-content,False,Discovery candidate — not screened,Dichotomy,,,,https://doi.org/10.5194/epsc2022-1045
10.5194/epsc2022-1078,Denoising InSight: Determination of Mars’ lateral crustal variations through surface-wave identification,Constantinos Charalambous; Tom Pike; Benjamin Fernando; Alexander Stott; Tarje Nissen-Meyer; Philippe Lognonné,2022,,posted-content,False,Discovery candidate — not screened,Interior,,,,https://doi.org/10.5194/epsc2022-1078
10.5194/epsc2022-1126,"Seismicity unveils tectonics in Cerberus Fossae, Mars",Simon C. Stähler; Anna Mittelholz; Clément Perrin; Taichi Kawamura; Doyeon Kim; Martin Knapmeyer; Géraldine Zenhäusern; John Clinton; Domenico Giardini; Philippe Logonné; W. Bruce Banerdt,2022,,posted-content,False,Discovery candidate — not screened,Volcanism and tectonics,,,,https://doi.org/10.5194/epsc2022-1126
10.5194/epsc2022-170,Magnetic Reconnection and Discrete Aurora at Mars: MAVEN Observations,Charles Bowers; James Slavin; Gina DiBraccio; Ben Johnston; Nicholas Schneider,2022,,posted-content,False,Discovery candidate — not screened,Magnetism; Atmosphere,,,,https://doi.org/10.5194/epsc2022-170
10.5194/epsc2022-255,A new mechanism for the formation of the Martian dichotomy,Valentin Bonnet Gibet; Chloé Michaut; Mark Wieczorek,2022,,posted-content,False,Discovery candidate — not screened,Dichotomy,,,,https://doi.org/10.5194/epsc2022-255
10.5194/epsc2022-32,"An Interactive Virtual Hiking Map for Jezero Crater, the Mars 2020 Perseverance Rover Landing Site",Sebastian Walter; Christoph Gross; Alicia Neesemann; Robert Munteanu; Ralf Jaumann; Frank Postberg; Jim Bell,2022,,posted-content,False,Discovery candidate — not screened,Missions,,,,https://doi.org/10.5194/epsc2022-32
10.5194/epsc2022-394,"Detection of different biosignatures in the NWA 10628, NWA 1950 and DAG735 Martian meteorites by Raman spectroscopy",Gorka Arana; Iratxe Población; Julene Aramendia; Jennifer Huidrobro; Cristina García-Florentino; Leire Coloma; Imanol Torre-Fdez; Kepa Castro; Juan Manuel Madariaga,2022,,posted-content,False,Discovery candidate — not screened,Meteorite magnetism; Meteorite provenance,,,,https://doi.org/10.5194/epsc2022-394
10.5194/epsc2022-442,The record of warm-based glaciation on ancient Mars,Anna Grau Galofre; Kelin Whipple; Philip Christensen; Susan Conway,2022,,posted-content,False,Discovery candidate — not screened,Surface and water,,,,https://doi.org/10.5194/epsc2022-442
10.5194/epsc2022-518,Jarosite formation from olivine and rasvumite in Martian meteorite MIL 090030,Juan Manuel Madariaga; Leire Coloma; Julene Aramendia; Jennifer Huidobro; Iratxe Poblacion; Cristina Garcia-Florentino; Kepa Castro; Gorka Arana,2022,,posted-content,False,Discovery candidate — not screened,Meteorite magnetism,,,,https://doi.org/10.5194/epsc2022-518
10.5194/epsc2022-54,"The nature of igneous olivine cumulate rocks in Jezero crater, Mars: A PIXL perspective",Yang Liu; Abigail Allwood; Allan Treiman; Mariek Schmidt; Tanya Kizovski; Michael Tice; Joel Hurowitz; Jesper Henneke; David Pedersen; Scott VanBommel; Michael Jones; Benton Clark; Christopher Herd; Paul Asimow; Adrian Brown; Abigail Knight; Brendan Orenstein; the PIXL team,2022,,posted-content,False,Discovery candidate — not screened,Missions,,,,https://doi.org/10.5194/epsc2022-54
10.5194/epsc2022-568,Simulation of the atomic deuterium density and escape at Mars and comparison with MAVEN/IUVS observations,Jean-Yves Chaufray; Francisco Gonzalez-Galindo; Margaux Vals; Loic Rossi; Franck Montmessin; Franck Lefevre; François Leblanc; Ronan Modolo; François Forget; Ehouarn Millour; Gabriella Gilli; Miguel Lopez-Valverde; Majd Mayyasi,2022,,posted-content,False,Discovery candidate — not screened,Atmosphere,,,,https://doi.org/10.5194/epsc2022-568
10.5194/epsc2022-704,MAVEN Observations of a State-Transition in Ion Escape from Mars,Robin Ramstad; David Brain; James McFadden; David Mitchell; Laila Andersson; Jared Espley; Jasper Halekas; Mats Holmström; Shannon Curry,2022,,posted-content,False,Discovery candidate — not screened,Atmosphere,,,,https://doi.org/10.5194/epsc2022-704
10.5194/epsc2022-859,Lateral variations of the Martian crustal thickness from the InSight data set,Melanie Drilleau; Henri Samuel; Raphael F. Garcia; Mark Wieczorek; Attilio Rivoldini; Clément Perrin; Chloé Michaut; Philippe Lognonné; William B. Banerdt,2022,,posted-content,False,Discovery candidate — not screened,Interior,,,,https://doi.org/10.5194/epsc2022-859
10.64628/aa.ypugykktn,"For the first time, robots on Mars found meteorite impact craters by sensing seismic shock waves",Katarina Miljkovic,2022,,posted-content,False,Discovery candidate — not screened,Magnetism,,,,https://doi.org/10.64628/aa.ypugykktn
10.1002/9781119761990.ch10,Terraforming on Early Mars,M. Polgári; I. Gyollai; Sz. Bérczi,2021,Terraforming Mars,other,False,Discovery candidate — not screened,Meteorite geochemistry,,,,https://doi.org/10.1002/9781119761990.ch10
10.1002/essoar.10502868.2,Where are Mars' Hypothesized Ocean Shorelines? Large Lateral and Topographic Offsets Between Different Versions of Paleoshoreline Maps.,Steven F Sholes; Zachary I Dickeson; David Montgomery; David Catling,2021,,posted-content,False,Discovery candidate — not screened,Surface and water,,,,https://doi.org/10.1002/essoar.10502868.2
10.1002/essoar.10506215.1,Martian crustal field influence on O+ and O2+ escape as measured by MAVEN,Tristan Weber; David Andrew Brain; Shaosui Xu; David L. Mitchell; Jared Espley; Christian Mazelle; James P. Mcfadden; Bruce M. Jakosky,2021,,posted-content,False,Discovery candidate — not screened,Atmosphere,,,,https://doi.org/10.1002/essoar.10506215.1
10.1002/essoar.10506669.1,Seismic Noise Autocorrelations on Mars,Martin Schimmel; Eleonore Stutzmann; Philippe H. Lognonne; Nicolas Compaire; Paul McEwan Davis; Mélanie Drilleau; Raphael F. Garcia; Doyeon Kim; Brigitte Knapmeyer-Endrun; Vedran Lekic; Ludovic Margerin; Mark Paul Panning; Nicholas Charles Schmerr; John-Robert Scholz; Aymeric Spiga; Benoit Tauzin; William Bruce Banerdt,2021,,posted-content,False,Discovery candidate — not screened,Interior,,,,https://doi.org/10.1002/essoar.10506669.1
10.1002/essoar.10506970.2,Revisiting Subglacial Hydrology as an Origin for Mars' Valley Networks,Jacob Buffo; L Ojha; C R Meyer; K L Ferrier; M C Palucis,2021,,posted-content,False,Discovery candidate — not screened,Dichotomy,,,,https://doi.org/10.1002/essoar.10506970.2
10.1002/essoar.10507921.1,In-Situ (U-Th)/He Dating of Martian Apatites: Low-Temperature Thermal Processes in the Late Amazonian Martian Regolith Recorded by NWA 7034,Christopher McDonald; Matthijs van Soest; Kip Hodges; Jemma Davidson,2021,,posted-content,False,Discovery candidate — not screened,Meteorite magnetism; Meteorite provenance,,,,https://doi.org/10.1002/essoar.10507921.1
10.1002/essoar.10508082.1,Observations of Small Large-Amplitude Magnetic Structures (SLAMS) at Mars by MAVEN,Konstantin Kim; Sergey Shuvalov,2021,,posted-content,False,Discovery candidate — not screened,Magnetism; Atmosphere,,,,https://doi.org/10.1002/essoar.10508082.1
10.1002/essoar.10509872.1,"Glacial Origin of Landform Assemblages in Western Jezero Crater, Mars",An Yin,2021,,posted-content,False,Discovery candidate — not screened,Dichotomy,,,,https://doi.org/10.1002/essoar.10509872.1
10.1007/978-3-030-84103-4_10,Infrasound Propagation on Mars Atmosphere,G. Lacanna; E. Pace; M. Ripepe,2021,Mars: A Volcanic World,book-chapter,False,Discovery candidate — not screened,Atmosphere,,,,https://doi.org/10.1007/978-3-030-84103-4_10
10.1007/978-3-030-84103-4_3,Petrologic Evolution of Martian Volcanism and Clues from Meteorites,Caitlin Ahrens; Giovanni Leone,2021,Mars: A Volcanic World,book-chapter,False,Discovery candidate — not screened,Meteorite magnetism,,,,https://doi.org/10.1007/978-3-030-84103-4_3
10.1007/978-3-030-84103-4_8,Explosive Volcanism on Mars,Giovanni Leone,2021,Mars: A Volcanic World,book-chapter,False,Discovery candidate — not screened,Volcanism and tectonics,,,,https://doi.org/10.1007/978-3-030-84103-4_8
10.1007/s11214-020-00786-4,The Mars Orbiter Subsurface Investigation Radar (MOSIR) on China’s Tianwen-1 Mission,Mingyi Fan; Peng Lyu; Yan Su; Kui Du; Qichun Zhang; Zhen Zhang; Shun Dai; Tiansheng Hong,2021,Space Science Reviews,journal-article,False,Discovery candidate — not screened,Surface and water,,,,https://doi.org/10.1007/s11214-020-00786-4
10.1007/s11214-021-00834-7,Correction to: Meteorological Predictions for Mars 2020 Perseverance Rover Landing Site at Jezero Crater,Jorge Pla-García; S. C. R. Rafkin; G. M. Martinez; Á. Vicente-Retortillo; C. E. Newman; H. Savijärvi; M. de la Torre; J. A. Rodriguez-Manfredi; F. Gómez; A. Molina; D. Viúdez-Moreiras; Ari-Matti Harri,2021,Space Science Reviews,journal-article,False,Discovery candidate — not screened,Missions,,,,https://doi.org/10.1007/s11214-021-00834-7
10.1007/s11214-021-00851-6,Emirates Mars Mission Characterization of Mars Atmosphere Dynamics and Processes,Hessa Almatroushi; Hoor AlMazmi; Noora AlMheiri; Mariam AlShamsi; Eman AlTunaiji; Khalid Badri; Robert J. Lillis; Fatma Lootah; Maryam Yousuf; Sarah Amiri; David A. Brain; Michael Chaffin; Justin Deighan; Christopher S. Edwards; Francois Forget; Michael D. Smith; Michael J. Wolff; Philip R. Christensen; Scott England; Matthew Fillingim; Gregory M. Holsclaw; Sonal Jain; Andrew R. Jones; Mikki Osterloo; Bruce M. Jakosky; Janet G. Luhmann; Roland M. B. Young,2021,Space Science Reviews,journal-article,False,Discovery candidate — not screened,Atmosphere,,,,https://doi.org/10.1007/s11214-021-00851-6
10.1016/b978-0-12-820245-6.00003-3,Mars northern plains ocean,Timothy J. Parker; Bruce G. Bills,2021,Mars Geological Enigmas,book-chapter,False,Discovery candidate — not screened,Interior; Surface and water,,,,https://doi.org/10.1016/b978-0-12-820245-6.00003-3
10.1016/b978-0-12-820245-6.00016-1,Forging the Mars crustal dichotomy: the giant impact hypothesis,Robert I. Citron,2021,Mars Geological Enigmas,book-chapter,False,Discovery candidate — not screened,Dichotomy; Gravity and topography; Magnetism; Chronology; Surface and water; Volcanism and tectonics; Atmosphere,,,,https://doi.org/10.1016/b978-0-12-820245-6.00016-1
10.1016/b978-0-12-820245-6.00017-3,Endogenic origin of the Martian hemispheric dichotomy,James H. Roberts,2021,Mars Geological Enigmas,book-chapter,False,Discovery candidate — not screened,Dichotomy,,,,https://doi.org/10.1016/b978-0-12-820245-6.00017-3
10.1016/j.epsl.2021.117171,Seasonal seismic activity on Mars,M. Knapmeyer; S.C. Stähler; I. Daubar; F. Forget; A. Spiga; T. Pierron; M. van Driel; D. Banfield; E. Hauber; M. Grott; N. Müller; C. Perrin; A. Jacob; A. Lucas; B. Knapmeyer-Endrun; C. Newman; M.P. Panning; R.C. Weber; F.J. Calef; M. Böse; S. Ceylan; C. Charalambous; J. Clinton; N. Dahmen; D. Giardini; A. Horleston; T. Kawamura; A. Khan; G. Mainsant; M. Plasman; M. Lemmon; R. Lorenz; W.T. Pike; J.-R. Scholz; P. Lognonné; B. Banerdt,2021,Earth and Planetary Science Letters,journal-article,False,Discovery candidate — not screened,Interior,,,,https://doi.org/10.1016/j.epsl.2021.117171
10.1016/j.gca.2021.09.034,"Dating martian mafic crust; microstructurally constrained baddeleyite geochronology of enriched shergottites Northwest Africa (NWA) 7257, NWA 8679 and Zagami",Leanne G. Staddon; James R. Darling; Winfried H. Schwarz; Natasha R. Stephen; Sheila Schuindt; Joseph Dunlop; Kimberly T. Tait,2021,Geochimica et Cosmochimica Acta,journal-article,False,Discovery candidate — not screened,Meteorite magnetism; Meteorite geochemistry,,,,https://doi.org/10.1016/j.gca.2021.09.034
10.1016/j.icarus.2020.114173,"Landforms indicative of regional warm based glaciation, Phlegra Montes, Mars",Colman Gallagher; Frances E.G. Butcher; Matt Balme; Isaac Smith; Neil Arnold,2021,Icarus,journal-article,False,Discovery candidate — not screened,Surface and water,,,,https://doi.org/10.1016/j.icarus.2020.114173
10.1016/j.icarus.2020.114298,"Evidence for widespread glaciation in Arcadia Planitia, Mars",Shannon M. Hibbard; Nathan R. Williams; Matthew P. Golombek; Gordon R. Osinski; Etienne Godin,2021,Icarus,journal-article,False,Discovery candidate — not screened,Surface and water,,,,https://doi.org/10.1016/j.icarus.2020.114298
10.1016/j.icarus.2021.114358,Calibration of Mars Reconnaissance Orbiter Shallow Radar (SHARAD) data for subsurface probing and surface reflectivity studies,Bruce A. Campbell; Gareth A. Morgan; Fabrizio Bernardini; Nathaniel E. Putzig; Daniel C. Nunes; Jeffrey J. Plaut,2021,Icarus,journal-article,False,Discovery candidate — not screened,Surface and water,,,,https://doi.org/10.1016/j.icarus.2021.114358
10.1016/j.icarus.2021.114401,"Possible polyphase periglaciation and glaciation adjacent to the Moreux impact-crater, Mars",R.J. Soare; S.J. Conway; J.-P. Williams; A.J. Hepburn,2021,Icarus,journal-article,False,Discovery candidate — not screened,Surface and water,,,,https://doi.org/10.1016/j.icarus.2021.114401
10.1016/j.icarus.2021.114471,Manganese oxides in Martian meteorites Northwest Africa (NWA) 7034 and 7533,Yang Liu; Woodward W. Fischer; Chi Ma; John R. Beckett; Oliver Tschauner; Yunbin Guan; Usha F. Lingappa; Samuel M. Webb; Vitali B. Prakapenka; Nina L. Lanza; Carl B. Agee,2021,Icarus,journal-article,False,Discovery candidate — not screened,Meteorite magnetism; Meteorite geochemistry; Meteorite provenance,,,,https://doi.org/10.1016/j.icarus.2021.114471
10.1016/j.icarus.2021.114499,"Evidence for geologically recent explosive volcanism in Elysium Planitia, Mars",David G. Horvath; Pranabendu Moitra; Christopher W. Hamilton; Robert A. Craddock; Jeffrey C. Andrews-Hanna,2021,Icarus,journal-article,False,Discovery candidate — not screened,Volcanism and tectonics,,,,https://doi.org/10.1016/j.icarus.2021.114499
10.1016/j.icarus.2021.114517,Martian meteorites reflectance and implications for rover missions,L. Mandon; P. Beck; C. Quantin-Nataf; E. Dehouck; A. Pommerol; Z. Yoldi; R. Cerubini; L. Pan; M. Martinot; V. Sautter,2021,Icarus,journal-article,False,Discovery candidate — not screened,Meteorite magnetism,,,,https://doi.org/10.1016/j.icarus.2021.114517
10.1016/j.icarus.2021.114557,Extensive glaciation in the Erebus Montes region of Mars,Rishitosh K. Sinha; Dwijesh Ray,2021,Icarus,journal-article,False,Discovery candidate — not screened,Surface and water,,,,https://doi.org/10.1016/j.icarus.2021.114557
10.1016/j.icarus.2021.114599,"Origin of theater-headed valleys in the Valles Marineris region, Mars",Pragya Singh; Ranjan Sarkar; Alok Porwal,2021,Icarus,journal-article,False,Discovery candidate — not screened,Dichotomy,,,,https://doi.org/10.1016/j.icarus.2021.114599
10.1016/j.pss.2021.105252,"An appraisal of crustal deformation of the East Coprates Planum, Mars",Shankhadeep Baul; Dipayan Dasgupta,2021,Planetary and Space Science,journal-article,False,Discovery candidate — not screened,Magnetism,,,,https://doi.org/10.1016/j.pss.2021.105252
10.1016/j.xinn.2021.100121,Zhurong: Features and mission of China's first Mars rover,He Tian; Tianyi Zhang; Yang Jia; Song Peng; Chuliang Yan,2021,The Innovation,journal-article,False,Discovery candidate — not screened,Surface and water,,,,https://doi.org/10.1016/j.xinn.2021.100121
10.1016/s0262-4079(21)00260-8,Martian invasion,Leah Crane,2021,New Scientist,journal-article,False,Discovery candidate — not screened,Dichotomy,,,,https://doi.org/10.1016/s0262-4079(21)00260-8
10.1017/s1431927621009041,Determination of sulfur speciation in apatites from martian Meteorite-Shergotty using μ-Xanes,Proteek Chowdhury; Maryjo Brounce; Jeremy Boyce; Francis McCubbin,2021,Microscopy and Microanalysis,journal-article,False,Discovery candidate — not screened,Meteorite magnetism,,,,https://doi.org/10.1017/s1431927621009041
10.1029/2020ea001484,Toward Constraining Mars' Thermal Evolution Using Machine Learning,S. Agarwal; N. Tosi; P. Kessel; S. Padovan; D. Breuer; G. Montavon,2021,Earth and Space Science,journal-article,False,Discovery candidate — not screened,Interior,,,,https://doi.org/10.1029/2020ea001484
10.1029/2020gl090379,Compositional Enhancement of Crustal Magnetization on Mars,A. AlHantoobi; J. Buz; J. G. O'Rourke; B. Langlais; C. S. Edwards,2021,Geophysical Research Letters,journal-article,True,Abstract consulted,Magnetism,Compositional variations are investigated as a contributor to strong regional crustal magnetic anomalies.,Introduces carrier abundance alongside dynamo intensity and thermal history.,Surface spectra sample different depths from orbital magnetic sources; correlation does not fix causality.,https://doi.org/10.1029/2020gl090379
10.1029/2020gl092365,"Distinct Carbonate Lithologies in Jezero Crater, Mars",Allison M. Zastrow; Timothy D. Glotch,2021,Geophysical Research Letters,journal-article,False,Discovery candidate — not screened,Missions,,,,https://doi.org/10.1029/2020gl092365
10.1029/2020ja028485,Effects of the IMF Direction on Atmospheric Escape From a Mars‐like Planet Under Weak Intrinsic Magnetic Field Conditions,Shotaro Sakai; Kanako Seki; Naoki Terada; Hiroyuki Shinagawa; Ryoya Sakata; Takashi Tanaka; Yusuke Ebihara,2021,Journal of Geophysical Research: Space Physics,journal-article,False,Discovery candidate — not screened,Atmosphere,,,,https://doi.org/10.1029/2020ja028485
10.1029/2020ja029064,Cross‐Shock Electrostatic Potentials at Mars Inferred From MAVEN Measurements,Shaosui Xu; Steven J. Schwartz; David L. Mitchell; Konstantinos Horaites; Laila Andersson; Jasper Halekas; Christian Mazelle; Jacob R. Gruesbeck,2021,Journal of Geophysical Research: Space Physics,journal-article,False,Discovery candidate — not screened,Magnetism,,,,https://doi.org/10.1029/2020ja029064
10.1029/2020je006486,Where are Mars’ Hypothesized Ocean Shorelines? Large Lateral and Topographic Offsets Between Different Versions of Paleoshoreline Maps,Steven F. Sholes; Zachary I. Dickeson; David R. Montgomery; David C. Catling,2021,Journal of Geophysical Research: Planets,journal-article,False,Discovery candidate — not screened,Surface and water,,,,https://doi.org/10.1029/2020je006486
10.1029/2020je006690,Depth of Martian Magnetization From Localized Power Spectrum Analysis,Shengxia Gong; Mark Wieczorek,2021,Journal of Geophysical Research: Planets,journal-article,True,Abstract consulted,Magnetism,Localized magnetic spectra are interpreted as different equivalent source depths in northern lowlands and southern highlands.,Depth estimates offer a target for joint thermal and magnetic history tests.,Abstract consulted. Source geometry and spectral localization affect equivalent depths; these estimates reuse the Langlais field model and are not independent observations of layer boundaries.,https://doi.org/10.1029/2020je006690
10.1029/2021ea001755,Seismic Noise Autocorrelations on Mars,Martin Schimmel; Eleonore Stutzmann; Philippe Lognonné; Nicolas Compaire; Paul Davis; Melanie Drilleau; Raphael Garcia; Doyeon Kim; Brigitte Knapmeyer‐Endrun; Vedran Lekic; Ludovic Margerin; Mark Panning; Nicholas Schmerr; John Robert Scholz; Aymeric Spiga; Benoit Tauzin; Bruce Banerdt,2021,Earth and Space Science,journal-article,False,Discovery candidate — not screened,Interior,,,,https://doi.org/10.1029/2021ea001755
10.1029/2021eo158780,Martian Meteorites Shed Light on Solar System’s Early Dynamics,Mara Johnson-Groh,2021,Eos,journal-article,False,Discovery candidate — not screened,Meteorite magnetism,,,,https://doi.org/10.1029/2021eo158780
10.1029/2021eo210627,Mars from the InSight Out,Kimberly Cartier,2021,Eos,journal-article,False,Discovery candidate — not screened,Interior,,,,https://doi.org/10.1029/2021eo210627
10.1029/2021ja029507,Characteristics of Energetic Oxygen Ions Escaping From Mars: MAVEN Observations,R. T. Lin; S. Y. Huang; Z. G. Yuan; K. Jiang; S. B. Xu; Y. Y. Wei; Q. Y. Xiong; J. Zhang; Z. H. Zhang; L. Yu; J. McFadden,2021,Journal of Geophysical Research: Space Physics,journal-article,False,Discovery candidate — not screened,Magnetism,,,,https://doi.org/10.1029/2021ja029507
10.1029/2021je006856,Paleointensity and Rock Magnetism of Martian Nakhlite Meteorite Miller Range 03346: Evidence for Intense Small‐Scale Crustal Magnetization on Mars,Michael W. R. Volk; Roger R. Fu; Anna Mittelholz; James M. D. Day,2021,Journal of Geophysical Research: Planets,journal-article,True,Selected full-text sections consulted,Meteorite magnetism,Oriented subsamples of MIL 03346 preserve a tested remanence and an approximately 5-microtesla paleointensity.,Provides a nakhlite constraint with explicit laboratory preservation tests.,The signal can be explained by older magnetized crust; mutually oriented subsamples do not recover absolute Martian orientation.,https://doi.org/10.1029/2021je006856
10.1038/d41586-021-01588-6,Flurry of photos capture China’s Zhurong rover on surface of Mars,Smriti Mallapaty,2021,Nature,journal-article,False,Discovery candidate — not screened,Surface and water,,,,https://doi.org/10.1038/d41586-021-01588-6
10.1038/s41550-021-01519-5,Geomorphic contexts and science focus of the Zhurong landing site on Mars,Jianjun Liu; Chunlai Li; Rongqiao Zhang; Wei Rao; Xiaofeng Cui; Yan Geng; Yang Jia; Hai Huang; Xin Ren; Wei Yan; Xingguo Zeng; Weibin Wen; Xing Wang; Xingye Gao; Qiang Fu; Yan Zhu; Jihong Dong; Haitao Li; Xianzhong Wang; Wei Zuo; Yan Su; Deqing Kong; Hongbo Zhang,2021,Nature Astronomy,journal-article,False,Discovery candidate — not screened,Surface and water,,,,https://doi.org/10.1038/s41550-021-01519-5
10.1038/s43247-021-00105-x,Chemolithotrophy on the Noachian Martian breccia NWA 7034 via experimental microbial biotransformation,Tetyana Milojevic; Mihaela Albu; Denise Kölbl; Gerald Kothleitner; Robert Bruner; Matthew L. Morgan,2021,Communications Earth & Environment,journal-article,False,Discovery candidate — not screened,Meteorite magnetism; Meteorite provenance,,,,https://doi.org/10.1038/s43247-021-00105-x
10.1038/scientificamerican1121-22,Martian Puddles,Lee Billings,2021,Scientific American,journal-article,False,Discovery candidate — not screened,Dichotomy,,,,https://doi.org/10.1038/scientificamerican1121-22
10.1051/0004-6361/202039406,Mars moon ephemerides after 14 years of Mars Express data,V. Lainey; A. Pasewaldt; V. Robert; P. Rosenblatt; R. Jaumann; J. Oberst; T. Roatsch; K. Willner; R. Ziese; W. Thuillot,2021,Astronomy & Astrophysics,journal-article,False,Discovery candidate — not screened,Missions,,,,https://doi.org/10.1051/0004-6361/202039406
10.1080/17445647.2021.1976685,"Impact crater degradation, Oxia Planum, Mars",Amelie L. Roberts; Peter Fawdon; Melissa Mirino,2021,Journal of Maps,journal-article,False,Discovery candidate — not screened,Magnetism,,,,https://doi.org/10.1080/17445647.2021.1976685
10.1088/1755-1315/660/1/012024,Numerical Simulation of Subsurface Penetrating Radar in Isidis Planitia on Mars for China’s First Mission to Mars,Ying Wang; Xuan Feng; Wenjing Liang; Haoqiu Zhou; Zejun Dong; Xiaotian Li; Cewen Xue,2021,IOP Conference Series: Earth and Environmental Science,journal-article,False,Discovery candidate — not screened,Surface and water,,,,https://doi.org/10.1088/1755-1315/660/1/012024
10.1088/2058-7058/34/07/12,China successfully lands Zhurong rover on Mars,Ling Xin,2021,Physics World,journal-article,False,Discovery candidate — not screened,Surface and water,,,,https://doi.org/10.1088/2058-7058/34/07/12
10.1111/maps.13700,Melt inclusions in chassignite NWA 2737: A link between processes recorded in Martian meteorites and rocks at Gale crater,Peiyu Wu; Esteban Gazel; Arya Udry; Jacob B. Setera; Amanda Ostwald,2021,Meteoritics & Planetary Science,journal-article,False,Discovery candidate — not screened,Meteorite provenance,,,,https://doi.org/10.1111/maps.13700
10.1111/maps.13735,Elucidation of impact event recorded in the lherzolitic shergottite NWA 7397,Masashi Yoshida; Masaaki Miyahara; Hiroki Suga; Akira Yamaguchi; Naotaka Tomioka; Takeshi Sakai; Hiroaki Ohfuji; Fumiya Maeda; Itaru Ohira; Eiji Ohtani; Seiji Kamada; Takuji Ohigashi; Yuichi Inagaki; Yu Kodama; Naohisa Hirao,2021,Meteoritics & Planetary Science,journal-article,False,Discovery candidate — not screened,Meteorite magnetism,,,,https://doi.org/10.1111/maps.13735
10.1126/article.38999,Ancient Mars Shorelines Evaporate in New Pics,,2021,AAAS Articles DO Group,dataset,False,Discovery candidate — not screened,Surface and water,,,,https://doi.org/10.1126/article.38999
10.1126/science.372.6537.43-p,Burying Mars' ancient water in the crust,Keith T. Smith,2021,Science,journal-article,False,Discovery candidate — not screened,Gravity and topography; Meteorite geochemistry; Chronology; Surface and water,,,,https://doi.org/10.1126/science.372.6537.43-p
10.1126/science.373.6551.175-c,Modified clay minerals on Mars,Keith T. Smith,2021,Science,journal-article,False,Discovery candidate — not screened,Surface and water,,,,https://doi.org/10.1126/science.373.6551.175-c
10.1126/science.abf8966,Thickness and structure of the martian crust from InSight seismic data,Brigitte Knapmeyer-Endrun; Mark P. Panning; Felix Bissig; Rakshit Joshi; Amir Khan; Doyeon Kim; Vedran Lekić; Benoit Tauzin; Saikiran Tharimena; Matthieu Plasman; Nicolas Compaire; Raphael F. Garcia; Ludovic Margerin; Martin Schimmel; Éléonore Stutzmann; Nicholas Schmerr; Ebru Bozdağ; Ana-Catalina Plesa; Mark A. Wieczorek; Adrien Broquet; Daniele Antonangeli; Scott M. McLennan; Henri Samuel; Chloé Michaut; Lu Pan; Suzanne E. Smrekar; Catherine L. Johnson; Nienke Brinkman; Anna Mittelholz; Attilio Rivoldini; Paul M. Davis; Philippe Lognonné; Baptiste Pinot; John-Robert Scholz; Simon Stähler; Martin Knapmeyer; Martin van Driel; Domenico Giardini; W. Bruce Banerdt,2021,Science,journal-article,True,Metadata / preview only,Interior,InSight seismic observations constrain crustal layering and thickness beneath the lander.,Provides the local anchor for global gravity-based crustal models.,Bibliographic record and editorial summary checked; original inversion and alternatives need detailed review.,https://doi.org/10.1126/science.abf8966
10.1126/science.abh4469,Hydrated crust stores Mars' missing water,Hiroyuki Kurokawa,2021,Science,journal-article,False,Discovery candidate — not screened,Gravity and topography; Magnetism; Meteorite geochemistry; Chronology; Surface and water; Missions,,,,https://doi.org/10.1126/science.abh4469
10.1126/science.abi7730,Seismic detection of the martian core,Simon C. Stähler; Amir Khan; W. Bruce Banerdt; Philippe Lognonné; Domenico Giardini; Savas Ceylan; Mélanie Drilleau; A. Cecilia Duran; Raphaël F. Garcia; Quancheng Huang; Doyeon Kim; Vedran Lekic; Henri Samuel; Martin Schimmel; Nicholas Schmerr; David Sollberger; Éléonore Stutzmann; Zongbo Xu; Daniele Antonangeli; Constantinos Charalambous; Paul M. Davis; Jessica C. E. Irving; Taichi Kawamura; Martin Knapmeyer; Ross Maguire; Angela G. Marusiak; Mark P. Panning; Clément Perrin; Ana-Catalina Plesa; Attilio Rivoldini; Cédric Schmelzbach; Géraldine Zenhäusern; Éric Beucler; John Clinton; Nikolaj Dahmen; Martin van Driel; Tamara Gudkova; Anna Horleston; W. Thomas Pike; Matthieu Plasman; Suzanne E. Smrekar,2021,Science,journal-article,True,Abstract consulted,Interior,Initial InSight reflected-wave analysis supported a large liquid core.,Constrains thermal evolution and possible dynamo histories.,Later molten-layer interpretations revise the inferred core size; these estimates must not be averaged as independent measurements.,https://doi.org/10.1126/science.abi7730
10.1126/science.abl4051,"Perseverance rover reveals an ancient delta-lake system and flood deposits at Jezero crater, Mars",N. Mangold; S. Gupta; O. Gasnault; G. Dromart; J. D. Tarnas; S. F. Sholes; B. Horgan; C. Quantin-Nataf; A. J. Brown; S. Le Mouélic; R. A. Yingst; J. F. Bell; O. Beyssac; T. Bosak; F. Calef; B. L. Ehlmann; K. A. Farley; J. P. Grotzinger; K. Hickman-Lewis; S. Holm-Alwmark; L. C. Kah; J. Martinez-Frias; S. M. McLennan; S. Maurice; J. I. Nuñez; A. M. Ollila; P. Pilleri; J. W. Rice; M. Rice; J. I. Simon; D. L. Shuster; K. M. Stack; V. Z. Sun; A. H. Treiman; B. P. Weiss; R. C. Wiens; A. J. Williams; N. R. Williams; K. H. Williford,2021,Science,journal-article,False,Discovery candidate — not screened,Missions,,,,https://doi.org/10.1126/science.abl4051
10.1126/scirobotics.abh3167,NASA’s Perseverance: Robot laboratory on Mars,Neil Jacobstein,2021,Science Robotics,journal-article,False,Discovery candidate — not screened,Missions,,,,https://doi.org/10.1126/scirobotics.abh3167
10.1130/abs/2021am-365446,"COMPOSITION OF >4.1GA CRUSTAL BLOCKS NORTHERN HELLAS, MARS","University of Tennessee, Knoxville; Michael Phillips; Christina E. Viviano; Jeffrey E. Moersch; A. Deanne Rogers; Harry Y. McSween; Frank P. Seelos",2021,Geological Society of America Abstracts with Programs,proceedings-article,False,Discovery candidate — not screened,Magnetism,,,,https://doi.org/10.1130/abs/2021am-365446
10.1130/abs/2021am-367412,EXPLORING THE JEZERO CRATER FLOOR: THE MARS 2020 PERSEVERANCE ROVER’S FIRST SCIENCE CAMPAIGN,"Jet Propulsion Laboratory, California Institute of Technology; Vivian Sun; Kevin P. Hand; Kenneth A. Farley; Kathryn Stack Morgan; Kenneth H. Williford; Sarah Milkovich; Rachel Kronyak; James Bell; David Shuster; Justin I. Simon",2021,Geological Society of America Abstracts with Programs,proceedings-article,False,Discovery candidate — not screened,Missions,,,,https://doi.org/10.1130/abs/2021am-367412
10.1130/abs/2021am-367543,"EARLY RESULTS FROM THE MARS 2020 PERSEVERANCE ROVER IN JEZERO CRATER, MARS","Jet Propulsion Laboratory, Caltech; Kathryn Stack Morgan; Kenneth A. Farley; Kenneth H. Williford; Kathryn Stack Morgan",2021,Geological Society of America Abstracts with Programs,proceedings-article,False,Discovery candidate — not screened,Missions,,,,https://doi.org/10.1130/abs/2021am-367543
10.1130/abs/2021am-369483,MARS 2020/PERSEVERANCE IN SITU GEOLOGIC CONTEXT MAPPING (GXM) INITIAL RESULTS ALONG THE TRAVERSE WITHIN JEZERO CRATER,New Mexico Museum of Natural History & Science; Larry Crumpler; Larry Crumpler,2021,Geological Society of America Abstracts with Programs,proceedings-article,False,Discovery candidate — not screened,Missions,,,,https://doi.org/10.1130/abs/2021am-369483
10.1130/abs/2021am-370714,"EVIDENCE FOR A DELTA-LAKE SYSTEM AND ANCIENT FLOOD DEPOSITS AT JEZERO CRATER, MARS, FROM THE PERSEVERANCE ROVER",Imperial College London; Sanjeev Gupta; Nicolas Mangold; Gilles Dromart; Olivier Gasnault; Stephane Le Mouelic; James Bell,2021,Geological Society of America Abstracts with Programs,proceedings-article,False,Discovery candidate — not screened,Missions,,,,https://doi.org/10.1130/abs/2021am-370714
10.1130/abs/2021am-370948,VISITING A FRESH CRATER IN JEZERO WITH THE MARS 2020 PERSEVERANCE ROVER,"Jet Propulsion Laboratory, California Institute of Technology; Fred Calef; Sanna Alwmark; Sanna Alwmark; Hans E.F. Amundsen; Hans E.F. Amundsen; Andreas Bechtold; Andreas Bechtold; James Bell; James Bell; Cathy Quantin; Cathy Quantin; Henning Dypvik; Henning Dypvik; Svein-Erik Hamran; Svein-Erik Hamran; Nicole Schmitz; Nicole Schmitz; Justin I. Simon; Justin I. Simon; Kathryn M. Stack; Kathryn M. Stack",2021,Geological Society of America Abstracts with Programs,proceedings-article,False,Discovery candidate — not screened,Missions,,,,https://doi.org/10.1130/abs/2021am-370948
10.1142/9789811224928_0016,Meteorites on Mars,,2021,A Cabinet of Curiosities,book-chapter,False,Discovery candidate — not screened,Surface and water,,,,https://doi.org/10.1142/9789811224928_0016
10.1149/2.f11212if,Perseverance Rover Lands on Mars,E. Jennings Taylor; Gregory S. Jackson,2021,The Electrochemical Society Interface,journal-article,False,Discovery candidate — not screened,Missions,,,,https://doi.org/10.1149/2.f11212if
10.1186/s40623-021-01494-1,Formation mechanisms of ringwoodite: clues from the Martian meteorite Northwest Africa 8705,Ting Zhang; Sen Hu; Nian Wang; Yangting Lin; Lixin Gu; Xu Tang; Xinyu Zou; Mingming Zhang,2021,"Earth, Planets and Space",journal-article,False,Discovery candidate — not screened,Meteorite magnetism,,,,https://doi.org/10.1186/s40623-021-01494-1
10.12968/s0013-7758(22)90001-7,Martian milestones,,2021,The Engineer,journal-article,False,Discovery candidate — not screened,Dichotomy,,,,https://doi.org/10.12968/s0013-7758(22)90001-7
10.21203/rs.3.rs-836162/v1,Localization and Surface Characterization by Zhurong Mars Rover at Utopia Planitia,Liang Ding; Ruyi Zhou; Tianyi Yu; Haibo Gao; Huaiguang Yang; Jian Li; Ye Yuan; Chuankai Liu; Jia Wang; Yuyan Zhao; Zhengyin Wang; Xiyu Wang; Gang Bao; Zongquan Deng; Lan Huang; Nan Li; Xiaofeng Cui; Ximing He; Yang Jia; Baofeng Yuan; Guangjun Liu; Hui Zhang; Rui Zhao; Zuoyu Zhang; Ziqing Cheng; Fan Wu; Qian Xu; Hao Lu; Lutz Richter; Zhen Liu; Fuliang Niu; Huanan Qi; Shu Li; Wenhao Feng; Chaojie Yang; Baichao Chen; Zhaolong Dang; Mingming Zhang; Lichun Li; Xiaoxue Wang; Zhao Huang; Jitao Zhang; Hongjun Xing; Guanyu Wang; Lizhou Niu; Peng Xu; Wenhui Wan; Kaichang Di,2021,,posted-content,False,Discovery candidate — not screened,Surface and water,,,,https://doi.org/10.21203/rs.3.rs-836162/v1
10.2138/gselements.17.2.143,Frontiers In Mars Sample Chronology Workshop,,2021,Elements,journal-article,False,Discovery candidate — not screened,Chronology,,,,https://doi.org/10.2138/gselements.17.2.143
10.2172/1811864,Exploring Gamma-Ray and Neutron Spectroscopy Missions to Mars Caves [Slides],Angelica Berner; Patrick Gasda; Katherine Mesick; Craig Hardgrove,2021,,report,False,Discovery candidate — not screened,Missions,,,,https://doi.org/10.2172/1811864
10.2307/j.ctv1zqdv0b.14,The Martian Sublime,,2021,Discovering Mars,book-chapter,False,Discovery candidate — not screened,Dichotomy,,,,https://doi.org/10.2307/j.ctv1zqdv0b.14
10.2307/j.ctv1zqdv0b.16,A Martian Epic:,,2021,Discovering Mars,book-chapter,False,Discovery candidate — not screened,Dichotomy,,,,https://doi.org/10.2307/j.ctv1zqdv0b.16
10.31223/x51s5j,Mars Dichotomy: Prospects for human life on Mars,María Leal Leal; David Tovar; Jimena Sánchez Nieves; María Ceferino Ramírez; Ingela Ríos Jiménez; Marisol Leal Leal; Rosa Reyes Quiñonez; Iván Manjarrés Cadena; Aura Quiñonez Toro; Francisco Reyes Torres; María Orozco Martínez; Yih Fung; Carlos Barreto; Luz Melgarejo Muñoz; Sergio Matoma Rivas; Daniel Perico Sánchez; Andrés Tovar; Mónica Antolínez Rodríguez; Julián Arias Calvo; Estefani Martínez Tapias; Laura Ballesteros Santana; Marha Franco Prada; Adrián Rodríguez Rubiano; Santiago Páez Avendaño; Santiago Monsalve Silva; Sebastian Ramírez; Juan Parra Mosquera; Andrés Castaño; Aixa Marín Orozco; Alejandro Niño García; Carlos García Castro; Juan Jiménez Vergara; Camilo Escobar Tarazona; Daniel Ramírez Díaz; Lorena Bastidas Gómez; Iván Nocua Benitez; Oscar Barriga Romero; Natalia Barreto Escobar; Camila Gahona; Juan Rodríguez Camero; Daniel Restrepo Barbosa; Yulied Porras Ramírez; Andrés Parada Valle; Esmeralda Laverde; Melissa Ocampo Avendaño; María Vega Caro; Liliana Figueroa del Castillo,2021,,posted-content,False,Discovery candidate — not screened,Dichotomy; Gravity and topography; Magnetism; Chronology; Surface and water; Volcanism and tectonics; Atmosphere,,,,https://doi.org/10.31223/x51s5j
10.3390/life11060539,Origin of Life on Mars: Suitability and Opportunities,Benton C. Clark; Vera M. Kolb; Andrew Steele; Christopher H. House; Nina L. Lanza; Patrick J. Gasda; Scott J. VanBommel; Horton E. Newsom; Jesús Martínez-Frías,2021,Life,journal-article,False,Discovery candidate — not screened,Dichotomy,,,,https://doi.org/10.3390/life11060539
10.3847/1538-4357/abed4f,"Solar Cycle, Seasonal, and Dust-storm-driven Variations of the Mars Upper Atmospheric State and H Escape Rate Derived from the Lyα Emission Observed by NASA’s MAVEN Mission",Jianqi Qin,2021,The Astrophysical Journal,journal-article,False,Discovery candidate — not screened,Atmosphere,,,,https://doi.org/10.3847/1538-4357/abed4f
10.3847/1538-4357/abed50,Statistical Properties of Solar Wind Upstream of Mars: MAVEN Observations,Di Liu; Zhaojin Rong; Jiawei Gao; Jiansen He; Lucy Klinger; Malcolm Wray Dunlop; Limei Yan; Kai Fan; Yong Wei,2021,The Astrophysical Journal,journal-article,False,Discovery candidate — not screened,Magnetism,,,,https://doi.org/10.3847/1538-4357/abed50
10.3847/2041-8213/ac3a7d,MAVEN Observations of Periodic Low-altitude Plasma Clouds at Mars,Chi Zhang; Zhaojin Rong; Hans Nilsson; Lucy Klinger; Shaosui Xu; Yoshifumi Futaana; Yong Wei; Jun Zhong; Markus Fränz; Kun Li; Hui Zhang; Kai Fan; Lei Wang; Mats Holmström; Yasong Ge; Jun Cui,2021,The Astrophysical Journal Letters,journal-article,False,Discovery candidate — not screened,Magnetism,,,,https://doi.org/10.3847/2041-8213/ac3a7d
10.3847/25c2cfeb.10b58580,Abzu: Uncovering the Origin of Ancient Organics on Mars,Mary Beth Wilhelm; Antonio Ricco; Dorothy Oehler; Denise Buckner; Alexis Rodriguez; Paul Mahaffy; Jennifer Eigenbrode; Mark Ditzler; Jennifer G. Blank; Michel Nuevo; Pablo Sobron; Evan Eshelman; Anuscheh Nawaz; Adrian Southard; Ross H. Williams; Goro Komatsu; P. Michael Furlong; Trey Smith; Terry Fong; Jessica Koehne; Linda Jahnke; Dave Des Marais; Matthew Chin; Travis Boone; Tori Chinn; Kanch Sridhar; Thomas McClure; Trinh Hoac; Morgan J. Anderson; Leslie Radosevich; Abraham Rademacher; Lauren Friend; Spencer Baird; Thomas Evans; Jay Bookbinder; Michael Bicay,2021,Bulletin of the AAS,journal-article,False,Discovery candidate — not screened,Dichotomy,,,,https://doi.org/10.3847/25c2cfeb.10b58580
10.3847/25c2cfeb.471d6bfb,Mars’ Ancient Dynamo and Crustal Remanent Magnetism,Anna Mittelholz; J. Espley; J. Connerney; R. Fu; C. L. Johnson; B. Langlais; R. J. Lillis; A. Morschhauser; D. Ravat; F. Vervelidou; M. Volk; B. P. Weiss,2021,Bulletin of the AAS,journal-article,False,Discovery candidate — not screened,Interior; Magnetism,,,,https://doi.org/10.3847/25c2cfeb.471d6bfb
10.5194/egusphere-egu21-10792,"Combined microstructural analysis and in-situ U-Pb chronology of baddeleyite within shergottites Northwest Africa (NWA) 7257, NWA 8679 and Zagami",Leanne Staddon; James Darling; Winfried Schwarz; Natasha Stephen; Sheila Schuindt; Joseph Dunlop; Kim Tait,2021,,posted-content,False,Discovery candidate — not screened,Meteorite magnetism,,,,https://doi.org/10.5194/egusphere-egu21-10792
10.5194/egusphere-egu21-16023,Identifying the Sweet Spot for an Impact-Induced Martian Dichotomy,Harry Ballantyne; Martin Jutzi; Gregor J. Golabek,2021,,posted-content,False,Discovery candidate — not screened,Dichotomy,,,,https://doi.org/10.5194/egusphere-egu21-16023
10.5194/egusphere-egu21-4044,Towards constraining Mars' thermal evolution using machine learning,Siddhant Agarwal; Nicola Tosi; Pan Kessel; Sebastiano Padovan; Doris Breuer; Grégoire Montavon,2021,,posted-content,False,Discovery candidate — not screened,Interior,,,,https://doi.org/10.5194/egusphere-egu21-4044
10.5194/egusphere-egu21-5745,Martian Dichotomy from a Giant Impact: Mantle Convection Models,Kar Wai Cheng; Antoine B. Rozel; Gregor J. Golabek; Harry Ballantyne; Martin Jutzi,2021,,posted-content,False,Discovery candidate — not screened,Dichotomy,,,,https://doi.org/10.5194/egusphere-egu21-5745
10.5194/egusphere-egu21-7617,Drivers of Mars' northern winter polar vortex,Emily Ball; Dann Mitchell; William Seviour; Geoffrey Vallis; Stephen Thomson,2021,,posted-content,False,Discovery candidate — not screened,Surface and water,,,,https://doi.org/10.5194/egusphere-egu21-7617
10.64628/aak.avcyxufg7,Les premiers succès de Perseverance sur Mars : il y aurait bien eu un lac dans le cratère Jezero,Melissa Rice; Briony Horgan,2021,,posted-content,False,Discovery candidate — not screened,Missions,,,,https://doi.org/10.64628/aak.avcyxufg7
10.7185/gold2021.6000,Silicon isotopes in SNC meteorites : a record of accretion or differentiation of Mars ?,Delphine Losno; Caroline Fitoussi; Bernard Bourdon,2021,Goldschmidt2021 abstracts,proceedings-article,False,Discovery candidate — not screened,Surface and water,,,,https://doi.org/10.7185/gold2021.6000
10.7185/gold2021.8014,Water in the Crust: Implications for the Evolution of Mars,Jessica Barnes; Francis McCubbin; Mahesh Anand; Ian Franchi; Jeremy Boyce; Susanne Schwenzer; Carl Agee; Alison Santos; James Day; Ulrich Ott,2021,Goldschmidt2021 abstracts,proceedings-article,False,Discovery candidate — not screened,Meteorite geochemistry; Chronology,,,,https://doi.org/10.7185/gold2021.8014
10.1002/9781118843215.ch2c.6,The Martian School,Małgorzata Grzegorzewska,2020,"A Companion to Contemporary British and Irish Poetry, 1960–2015",other,False,Discovery candidate — not screened,Dichotomy,,,,https://doi.org/10.1002/9781118843215.ch2c.6
10.1002/essoar.10502558.1,Crustal Magnetic Field Advection on Mars by Ionospheric Plasma Flow,Isabela de Oliveira; Markus Fränz; Ezequiel Echer; Adriane Marques de Souza Franco,2020,,posted-content,False,Discovery candidate — not screened,Magnetism,,,,https://doi.org/10.1002/essoar.10502558.1
10.1002/essoar.10502868.1,Where are Mars' Hypothesized Ocean Shorelines? Large Lateral and Topographic Offsets Between Different Versions of Paleoshoreline Maps.,Steven F Sholes; Zachary I Dickeson; David Montgomery; David Catling,2020,,posted-content,False,Discovery candidate — not screened,Surface and water,,,,https://doi.org/10.1002/essoar.10502868.1
10.1002/essoar.10503047.1,Nonstationary Quasi-perpendicular Shock and Ion Reflection at Mars,Hadi Madanian; Steven J. Schwartz; Jasper S. Halekas; Lynn Bruce Wilson,2020,,posted-content,False,Discovery candidate — not screened,Magnetism,,,,https://doi.org/10.1002/essoar.10503047.1
10.1002/essoar.10503123.1,What martian meteorites reveal about the interior and surface of Mars,Arya Udry; Geoffrey Hamilton Howarth; Christopher Herd; James Day; Thomas John Lapen; Justin Filiberto,2020,,posted-content,False,Discovery candidate — not screened,Surface and water,,,,https://doi.org/10.1002/essoar.10503123.1
10.1002/essoar.10503123.2,What martian meteorites reveal about the interior and surface of Mars,Arya Udry; Geoffrey Hamilton Howarth; Christopher Herd; James Day; Thomas John Lapen; Justin Filiberto,2020,,posted-content,False,Discovery candidate — not screened,Surface and water,,,,https://doi.org/10.1002/essoar.10503123.2
10.1002/essoar.10503123.3,What martian meteorites reveal about the interior and surface of Mars,Arya Udry; Geoffrey Hamilton Howarth; Christopher Herd; James Day; Thomas John Lapen; Justin Filiberto,2020,,posted-content,False,Discovery candidate — not screened,Surface and water,,,,https://doi.org/10.1002/essoar.10503123.3
10.1002/essoar.10503123.4,What martian meteorites reveal about the interior and surface of Mars,Arya Udry; Geoffrey Hamilton Howarth; Christopher Herd; James Day; Thomas John Lapen; Justin Filiberto,2020,,posted-content,False,Discovery candidate — not screened,Surface and water,,,,https://doi.org/10.1002/essoar.10503123.4
10.1002/essoar.10504950.1,Modeling melting of the Martian mantle and crust-mantle differentiation with global thermochemical evolution models,Max Collinet; Ana-Catalina Plesa; Thomas Ruedas; Sabrina Schwinger; Doris Breuer,2020,,posted-content,False,Discovery candidate — not screened,Meteorite geochemistry,,,,https://doi.org/10.1002/essoar.10504950.1
10.1007/s11214-020-00739-x,Photogeologic Map of the Perseverance Rover Field Site in Jezero Crater Constructed by the Mars 2020 Science Team,Kathryn M. Stack; Nathan R. Williams; Fred Calef; Vivian Z. Sun; Kenneth H. Williford; Kenneth A. Farley; Sigurd Eide; David Flannery; Cory Hughes; Samantha R. Jacob; Linda C. Kah; Forrest Meyen; Antonio Molina; Cathy Quantin Nataf; Melissa Rice; Patrick Russell; Eva Scheller; Christina H. Seeger; William J. Abbey; Jacob B. Adler; Hans Amundsen; Ryan B. Anderson; Stanley M. Angel; Gorka Arana; James Atkins; Megan Barrington; Tor Berger; Rose Borden; Beau Boring; Adrian Brown; Brandi L. Carrier; Pamela Conrad; Henning Dypvik; Sarah A. Fagents; Zachary E. Gallegos; Brad Garczynski; Keenan Golder; Felipe Gomez; Yulia Goreva; Sanjeev Gupta; Svein-Erik Hamran; Taryn Hicks; Eric D. Hinterman; Briony N. Horgan; Joel Hurowitz; Jeffrey R. Johnson; Jeremie Lasue; Rachel E. Kronyak; Yang Liu; Juan Manuel Madariaga; Nicolas Mangold; John McClean; Noah Miklusicak; Daniel Nunes; Corrine Rojas; Kirby Runyon; Nicole Schmitz; Noel Scudder; Emily Shaver; Jason SooHoo; Russell Spaulding; Evan Stanish; Leslie K. Tamppari; Michael M. Tice; Nathalie Turenne; Peter A. Willis; R. Aileen Yingst,2020,Space Science Reviews,journal-article,False,Discovery candidate — not screened,Missions,,,,https://doi.org/10.1007/s11214-020-00739-x
10.1007/s11214-020-00740-4,Radar Imager for Mars’ Subsurface Experiment—RIMFAX,Svein-Erik Hamran; David A. Paige; Hans E. F. Amundsen; Tor Berger; Sverre Brovoll; Lynn Carter; Leif Damsgård; Henning Dypvik; Jo Eide; Sigurd Eide; Rebecca Ghent; Øystein Helleren; Jack Kohler; Mike Mellon; Daniel C. Nunes; Dirk Plettemeier; Kathryn Rowe; Patrick Russell; Mats Jørgen Øyan,2020,Space Science Reviews,journal-article,False,Discovery candidate — not screened,Surface and water,,,,https://doi.org/10.1007/s11214-020-00740-4
10.1007/s11214-020-00763-x,Meteorological Predictions for Mars 2020 Perseverance Rover Landing Site at Jezero Crater,Jorge Pla-García; S. C. R. Rafkin; G. M. Martinez; Á. Vicente-Retortillo; C. E. Newman; H. Savijärvi; M. de la Torre; J. A. Rodriguez-Manfredi; F. Gómez; A. Molina; D. Viúdez-Moreiras; Ari-Matti Harri,2020,Space Science Reviews,journal-article,False,Discovery candidate — not screened,Missions,,,,https://doi.org/10.1007/s11214-020-00763-x
10.1007/s11214-020-00783-7,The Sampling and Caching Subsystem (SCS) for the Scientific Exploration of Jezero Crater by the Mars 2020 Perseverance Rover,Robert C. Moeller; Louise Jandura; Keith Rosette; Matt Robinson; Jessica Samuels; Milo Silverman; Kyle Brown; Elizabeth Duffy; Aaron Yazzie; Elizabeth Jens; Iona Brockie; Lauren White; Yulia Goreva; Torsten Zorn; Avi Okon; Justin Lin; Matthew Frost; Curtis Collins; Jeffrey B. Williams; Adam Steltzner; Fei Chen; Jeff Biesiadecki,2020,Space Science Reviews,journal-article,False,Discovery candidate — not screened,Missions,,,,https://doi.org/10.1007/s11214-020-00783-7
10.1016/j.epsl.2019.115902,Volatiles in the martian crust and mantle: Clues from the NWA 6162 shergottite,Sen Hu; Yangting Lin; Jianchao Zhang; Jialong Hao; Akira Yamaguchi; Ting Zhang; Wei Yang; Hitesh Changela,2020,Earth and Planetary Science Letters,journal-article,False,Discovery candidate — not screened,Meteorite geochemistry,,,,https://doi.org/10.1016/j.epsl.2019.115902
10.1016/j.epsl.2020.116315,Onset of magma ocean solidification on Mars inferred from Mn-Cr chronometry,Thomas S. Kruijer; Lars E. Borg; Josh Wimpenny; Corliss K. Sio,2020,Earth and Planetary Science Letters,journal-article,False,Discovery candidate — not screened,Interior,,,,https://doi.org/10.1016/j.epsl.2020.116315
10.1016/j.gca.2020.03.026,Terrestrial alteration mineral assemblages in the NWA 10416 olivine phyric shergottite,J.D. Piercy; J.C. Bridges; L.J. Hicks; J.L. MacArthur; R.C. Greenwood; I.A. Franchi,2020,Geochimica et Cosmochimica Acta,journal-article,False,Discovery candidate — not screened,Meteorite magnetism,,,,https://doi.org/10.1016/j.gca.2020.03.026
10.1016/j.icarus.2020.113847,"Sparse subsurface radar reflectors in Hellas Planitia, Mars",Claire W. Cook; Ali M. Bramson; Shane Byrne; John W. Holt; Michael S. Christoffersen; Donna Viola; Colin M. Dundas; Timothy A. Goudge,2020,Icarus,journal-article,False,Discovery candidate — not screened,Surface and water,,,,https://doi.org/10.1016/j.icarus.2020.113847
10.1016/s0262-4079(20)30431-0,InSight into Mars mysteries,Leah Crane,2020,New Scientist,journal-article,False,Discovery candidate — not screened,Interior,,,,https://doi.org/10.1016/s0262-4079(20)30431-0
10.1016/s0262-4079(20)30593-5,Martian mystery,Gege Li,2020,New Scientist,journal-article,False,Discovery candidate — not screened,Dichotomy,,,,https://doi.org/10.1016/s0262-4079(20)30593-5
10.1016/s0262-4079(20)30843-5,Giant pumice raft on ancient Mars,Jonathan O'Callaghan,2020,New Scientist,journal-article,False,Discovery candidate — not screened,Dichotomy,,,,https://doi.org/10.1016/s0262-4079(20)30843-5
10.1017/s147355042000021x,Detection of organic or inorganic material in Martian meteorite Zagami by vibrational spectroscopy?,Bruno Leonardo do Nascimento-Dias; Maria Elizabeth Zucolotto; Hugo Camarano Belgo; Talita Valverde Ferreira da Silva; Virgĩlio de Carvalho dos Anjos,2020,International Journal of Astrobiology,journal-article,False,Discovery candidate — not screened,Meteorite magnetism,,,,https://doi.org/10.1017/s147355042000021x
10.1029/2019gl086746,Flexure of the Lithosphere Beneath the North Polar Cap of Mars: Implications for Ice Composition and Heat Flow,A. Broquet; M. A. Wieczorek; W. Fa,2020,Geophysical Research Letters,journal-article,False,Discovery candidate — not screened,Interior,,,,https://doi.org/10.1029/2019gl086746
10.1029/2020eo144726,A Longer-Lived Magnetic Field for Mars,Javier Barbuzano,2020,Eos,journal-article,False,Discovery candidate — not screened,Magnetism,,,,https://doi.org/10.1029/2020eo144726
10.1029/2020gl088309,Nonstationary Quasiperpendicular Shock and Ion Reflection at Mars,Hadi Madanian; Steven J. Schwartz; Jasper S. Halekas; Lynn B. Wilson,2020,Geophysical Research Letters,journal-article,False,Discovery candidate — not screened,Magnetism,,,,https://doi.org/10.1029/2020gl088309
10.1029/2020gl088556,"Radar Sounding of Subsurface Structure in Eastern Coprates and Capri Chasmata, Mars",Rina Noguchi; Ken Ishiyama; Atsushi Kumamoto; Chihiro Uemura; Yasumasa Kasaba; Tomohiro Usui; Aina Oura; Daigo Shoji,2020,Geophysical Research Letters,journal-article,False,Discovery candidate — not screened,Surface and water,,,,https://doi.org/10.1029/2020gl088556
10.1029/2020gl089057,Water‐Ice Exposing Scarps Within the Northern Midlatitude Craters on Mars,Harish; S. Vijayan; N. Mangold; Anil Bhardwaj,2020,Geophysical Research Letters,journal-article,False,Discovery candidate — not screened,Chronology,,,,https://doi.org/10.1029/2020gl089057
10.1029/2020gl090362,"Boulder Fall Activity in the Jezero Crater, Mars",R. K. Sinha; A. Rani; S. J. Conway; S. Vijayan; A. Basu Sarbadhikari; M. Massé; N. Mangold; Anil Bhardwaj,2020,Geophysical Research Letters,journal-article,False,Discovery candidate — not screened,Missions,,,,https://doi.org/10.1029/2020gl090362
10.1029/2020je006467,"Constraining Ancient Magmatic Evolution on Mars Using Crystal Chemistry of Detrital Igneous Minerals in the Sedimentary Bradbury Group, Gale Crater, Mars",V. Payré; K. L. Siebach; R. Dasgupta; A. Udry; E. B. Rampe; S. M. Morrison,2020,Journal of Geophysical Research: Planets,journal-article,False,Discovery candidate — not screened,Missions,,,,https://doi.org/10.1029/2020je006467
10.1029/2020je006523,What Martian Meteorites Reveal About the Interior and Surface of Mars,A. Udry; G. H. Howarth; C. D. K. Herd; J. M. D. Day; T. J. Lapen; J. Filiberto,2020,Journal of Geophysical Research: Planets,journal-article,True,Abstract consulted,Meteorite geochemistry and provenance,"Reviews Martian meteorite petrology, isotopes, ages and sampling biases.",Provides the geochemical context needed to interpret magnetic results and mantle reservoirs.,"Meteorite names, pairing groups and launch events are not equivalent independent samples.",https://doi.org/10.1029/2020je006523
10.1038/s41561-019-0512-6,A thick crustal block revealed by reconstructions of early Mars highlands,Sylvain Bouley; James Tuttle Keane; David Baratoux; Benoit Langlais; Isamu Matsuyama; Francois Costard; Roger Hewins; Valerie Payré; Violaine Sautter; Antoine Séjourné; Olivier Vanderhaeghe; Brigitte Zanda,2020,Nature Geoscience,journal-article,False,Discovery candidate — not screened,Magnetism,,,,https://doi.org/10.1038/s41561-019-0512-6
10.1038/s41561-020-0537-x,Crustal and time-varying magnetic fields at the InSight landing site on Mars,Catherine L. Johnson; Anna Mittelholz; Benoit Langlais; Christopher T. Russell; Véronique Ansan; Don Banfield; Peter J. Chi; Matthew O. Fillingim; Francois Forget; Heidi Fuqua Haviland; Matthew Golombek; Steve Joy; Philippe Lognonné; Xinping Liu; Chloé Michaut; Lu Pan; Cathy Quantin-Nataf; Aymeric Spiga; Sabine Stanley; Shea N. Thorne; Mark A. Wieczorek; Yanan Yu; Suzanne E. Smrekar; William B. Banerdt,2020,Nature Geoscience,journal-article,True,Metadata / preview only,Magnetism,Reports crustal and time-varying magnetic fields measured at the InSight landing site.,Links a ground measurement to the orbital magnetic picture.,Metadata checked; detailed separation of external and crustal fields needs full-text extraction.,https://doi.org/10.1038/s41561-020-0537-x
10.1038/s41561-020-0552-y,Multiple early-formed water reservoirs in the interior of Mars,Jessica J. Barnes; Francis M. McCubbin; Alison R. Santos; James M. D. Day; Jeremy W. Boyce; Susanne P. Schwenzer; Ulrich Ott; Ian A. Franchi; Scott Messenger; Mahesh Anand; Carl B. Agee,2020,Nature Geoscience,journal-article,False,Discovery candidate — not screened,Surface and water,,,,https://doi.org/10.1038/s41561-020-0552-y
10.1089/ast.2019.2139,Thiophenes on Mars: Biotic or Abiotic Origin?,Jacob Heinz; Dirk Schulze-Makuch,2020,Astrobiology,journal-article,False,Discovery candidate — not screened,Dichotomy,,,,https://doi.org/10.1089/ast.2019.2139
10.1093/astrogeo/ataa038,Martian oceans,Zachary I Dickeson; Joel M Davis,2020,Astronomy & Geophysics,journal-article,False,Discovery candidate — not screened,Dichotomy,,,,https://doi.org/10.1093/astrogeo/ataa038
10.1111/maps.13534,Caleta el Cobre 022 Martian meteorite: Increasing nakhlite diversity,L. Krämer Ruggiu; J. Gattacceca; B. Devouard; A. Udry; V. Debaille; P. Rochette; J.‐P. Lorand; L. Bonal; P. Beck; V. Sautter; H. Busemann; M. M. M. Meier; C. Maden; G. Hublet; R. Martinez,2020,Meteoritics & Planetary Science,journal-article,False,Discovery candidate — not screened,Meteorite magnetism,,,,https://doi.org/10.1111/maps.13534
10.1111/maps.13564,The sulfur budget and sulfur isotopic composition of Martian regolith breccia NWA 7533,Jean‐Pierre Lorand; Jabrane Labidi; Claire Rollion‐Bard; Emilie Thomassot; Jeremy J. Bellucci; Martin Whitehouse; Alexander Nemchin; Munir Humayun; James Farquhar; Roger H. Hewins; Brigitte Zanda; Sylvain Pont,2020,Meteoritics & Planetary Science,journal-article,False,Discovery candidate — not screened,Meteorite geochemistry,,,,https://doi.org/10.1111/maps.13564
10.1111/maps.13605,Volatile abundances and hydrogen isotope ratios of apatite in Martian basaltic breccia NWA 11522—A paired stone of NWA 7034,Aimee Smith; Lydia J. Hallis; Kazuhide Nagashima; Gary R. Huss,2020,Meteoritics & Planetary Science,journal-article,False,Discovery candidate — not screened,Meteorite magnetism; Meteorite provenance,,,,https://doi.org/10.1111/maps.13605
10.1126/sciadv.aba0513,Timing of the martian dynamo: New constraints for a core field 4.5 and 3.7 Ga ago,A. Mittelholz; C. L. Johnson; J. M. Feinberg; B. Langlais; R. J. Phillips,2020,Science Advances,journal-article,True,Abstract consulted,Magnetism,Magnetic signals associated with ancient and younger terrains are interpreted as evidence of early and prolonged dynamo activity.,Challenges a single shutdown date inferred only from weakly magnetized large basins.,Geological ages and the depths and histories of magnetic sources remain uncertain.,https://doi.org/10.1126/sciadv.aba0513
10.1126/science.367.6475.260-p,Water reaches Mars' upper atmosphere,Keith T. Smith,2020,Science,journal-article,False,Discovery candidate — not screened,Atmosphere,,,,https://doi.org/10.1126/science.367.6475.260-p
10.1126/science.368.6498.1416,Martian chronicler,Paul Voosen,2020,Science,journal-article,False,Discovery candidate — not screened,Dichotomy,,,,https://doi.org/10.1126/science.368.6498.1416
10.1126/science.abd9632,Giant waves of sand are moving on Mars,Katherine Kornei,2020,Science,journal-article,False,Discovery candidate — not screened,Dichotomy,,,,https://doi.org/10.1126/science.abd9632
10.1130/abs/2020am-350968,A GLIMPSE OF MARTIAN HABITABILITY FROM METEORITE ALLAN HILLS (ALH) 84001,Lunar and Planetary Institute; Allan H. Treiman,2020,Geological Society of America Abstracts with Programs,proceedings-article,False,Discovery candidate — not screened,Meteorite magnetism,,,,https://doi.org/10.1130/abs/2020am-350968
10.1130/abs/2020am-354886,"GEOMORPHOLOGICAL EVIDENCE FOR REGIONAL GLACIATION AT THE NORTHEASTERN MARGIN OF THE THARSIS RISE, MARS","UCLA Earth & Space Sci, Geology Bldg Marty Grove; Alexis Light; Mackenzie D. Day; An Yin",2020,Geological Society of America Abstracts with Programs,proceedings-article,False,Discovery candidate — not screened,Surface and water,,,,https://doi.org/10.1130/abs/2020am-354886
10.1130/abs/2020am-356364,EFFECTS OF PHOSPHORUS ON PARTIAL MELTING OF A MODEL MARTIAN MANTLE: IMPLICATIONS FOR GENERATION OF MARTIAN IGNEOUS CRUST,Rice university; Valerie Payre; Rajdeep Dasgupta,2020,Geological Society of America Abstracts with Programs,proceedings-article,False,Discovery candidate — not screened,Meteorite geochemistry,,,,https://doi.org/10.1130/abs/2020am-356364
10.1130/abs/2020am-359127,MARS NORTHERN PLAINS OCEAN,California Institute of Technology; Timothy Parker; Bruce Bills,2020,Geological Society of America Abstracts with Programs,proceedings-article,False,Discovery candidate — not screened,Interior; Surface and water,,,,https://doi.org/10.1130/abs/2020am-359127
10.1145/3368827.3386191,MAVEN explores Mars to understand radio interference at Earth,Bailee DesRocher; James Tralie; Michael Lentz; Jacquelyn DeMink; Jonathan North,2020,ACM SIGGRAPH 2020 Computer Animation Festival,proceedings-article,False,Discovery candidate — not screened,Magnetism; Atmosphere,,,,https://doi.org/10.1145/3368827.3386191
10.1186/s40645-020-0323-9,"Cold-based glaciation of Pavonis Mons, Mars: evidence for moraine deposition during glacial advance",Reid A. Parsons; Tomohiro Kanzaki; Ryodo Hemmi; Hideaki Miyamoto,2020,Progress in Earth and Planetary Science,journal-article,False,Discovery candidate — not screened,Surface and water,,,,https://doi.org/10.1186/s40645-020-0323-9
10.26464/epp2020054,The Mars rover subsurface penetrating radar onboard China's Mars 2020 mission,"Bin Zhou; Key Laboratory of Electromagnetic Radiation and Detection Technology, Chinese Academy of Sciences, Beijing 100190, China; ShaoXiang Shen; Wei Lu; Qing Liu; ChuanJun Tang; ShiDong Li; GuangYou Fang; Aerospace Information Research Institute, Chinese Academy of Sciences, Beijing 100190, China",2020,Earth and Planetary Physics,journal-article,False,Discovery candidate — not screened,Surface and water,,,,https://doi.org/10.26464/epp2020054
10.3390/geosciences10110439,Reviewing Martian Atmospheric Noble Gas Measurements: From Martian Meteorites to Mars Missions,Thomas Smith; P. M. Ranjith; Huaiyu He; Rixiang Zhu,2020,Geosciences,journal-article,False,Discovery candidate — not screened,Meteorite magnetism,,,,https://doi.org/10.3390/geosciences10110439
10.3390/geosciences10110455,Constraints on Martian Chronology from Meteorites,Zoltán Váci; Carl Agee,2020,Geosciences,journal-article,False,Discovery candidate — not screened,Meteorite magnetism; Meteorite geochemistry,,,,https://doi.org/10.3390/geosciences10110455
10.3847/1538-3881/ab774c,Permittivity Estimation of Subsurface Deposits in the Elysium–Utopia Region on Mars with MRO Shallow Radar Sounder Data,Xu Meng; Yi Xu; Long Xiao; Zhiyong Xiao,2020,The Astronomical Journal,journal-article,False,Discovery candidate — not screened,Missions,,,,https://doi.org/10.3847/1538-3881/ab774c
10.46427/gold2020.1361,Formation of Basalt on Mars at 4443 Ma by Impact Melting of the Primordial Crust,Ninna Korsgaard Jensen; Maria Mafalda Costa; James N Connelly; Martin Bizzarro,2020,Goldschmidt Abstracts,proceedings-article,False,Discovery candidate — not screened,Surface and water,,,,https://doi.org/10.46427/gold2020.1361
10.46427/gold2020.1618,Different Fluid-Rock Interactions on Mars Recorded in Northwest Africa (NWA) 7034 and 7533,Yang Liu; Chi Ma; Woodward Fischer; John Beckett,2020,Goldschmidt Abstracts,proceedings-article,False,Discovery candidate — not screened,Meteorite magnetism; Meteorite geochemistry; Meteorite provenance,,,,https://doi.org/10.46427/gold2020.1618
10.46427/gold2020.2013,Primordial Magma Ocean Outgassing on Earth and Mars Recorded in D/H,Kaveh Pahlevan; Laura Schaefer; Marc Hirschmann,2020,Goldschmidt Abstracts,proceedings-article,False,Discovery candidate — not screened,Interior,,,,https://doi.org/10.46427/gold2020.2013
10.46427/gold2020.2455,Martian Organic Geochemistry – Defining the Martian Carbon Cycle,Andrew Steele; Liane G. Benning; Richard Wirth; Marc Fries; Jen Eigenbrode,2020,Goldschmidt Abstracts,proceedings-article,False,Discovery candidate — not screened,Dichotomy,,,,https://doi.org/10.46427/gold2020.2455
10.46427/gold2020.3001,Magmatic Degassing of Trace Elements in Martian Meteorites,Shuying Yang; Munir Humayan; Tony Irving; Kevin Righter; Anne Peslier; Brigitte Zanda; Roger Hewins,2020,Goldschmidt Abstracts,proceedings-article,False,Discovery candidate — not screened,Meteorite magnetism,,,,https://doi.org/10.46427/gold2020.3001
10.5040/9798216455806.ch-008,Evidence of Life in a Martian Meteorite?,,2020,Biology Stories,other,False,Discovery candidate — not screened,Meteorite magnetism; Meteorite provenance,,,,https://doi.org/10.5040/9798216455806.ch-008
10.5194/egusphere-egu2020-10248,Impact-induced crustal dichotomy on Mars: from SPH to long-term mantle convection models,Kar Wai Cheng; Antoine B. Rozel; Harry Ballantyne; Martin Jutzi; Gregor J. Golabek; Paul J. Tackley,2020,,posted-content,False,Discovery candidate — not screened,Dichotomy; Interior,,,,https://doi.org/10.5194/egusphere-egu2020-10248
10.5194/egusphere-egu2020-10926,"Chlorine in Gale Crater, Mars: comparing data from DAN and APXS instruments onboard the Curiosity rover",Denis Lisov; Maya Djachkova; Ralf Gellert; Maxim Litvak; Igor Mitrofanov; Sergey Nikiforov,2020,,posted-content,False,Discovery candidate — not screened,Missions,,,,https://doi.org/10.5194/egusphere-egu2020-10926
10.5194/egusphere-egu2020-12363,Hemispheric Asymmetry in the Mars Summer Ionosphere at Various Solar Forcing Conditions,Marcin Pilinski; Laila Andersson; Ed Thiemann,2020,,posted-content,False,Discovery candidate — not screened,Dichotomy,,,,https://doi.org/10.5194/egusphere-egu2020-12363
10.5194/egusphere-egu2020-16469,Investigation of Mars Seismic Attenuation Using InSight SEIS Data.,Taichi Kawamura; Ludovic Margerin; Mélanie Drilleau; Sabrina Ménina; Philippe Lognonné; Nicholas C. Schmerr; Simon Stäehler; Martin van Driel; Bruce Banerdt,2020,,posted-content,False,Discovery candidate — not screened,Interior,,,,https://doi.org/10.5194/egusphere-egu2020-16469
10.5194/egusphere-egu2020-20050,"The tectonic origin of Planum Boreum spiral troughs, Mars",Costanza Rossi; Paola Cianfarra; Francesco Salvini,2020,,posted-content,False,Discovery candidate — not screened,Dichotomy,,,,https://doi.org/10.5194/egusphere-egu2020-20050
10.5194/egusphere-egu2020-4212,New craters on Mars: Air shock wave traces,Boris Ivanov; Gwen Barnes; Ingrid Daubar; Colin Dundas; Alfred McEwen; Jay Melosh,2020,,posted-content,False,Discovery candidate — not screened,Magnetism; Chronology,,,,https://doi.org/10.5194/egusphere-egu2020-4212
10.5194/egusphere-egu2020-4261,Crustal magnetic field advection on Mars from MAVEN observations,Isabela de Oliveira; Markus Fränz; Adriane Franco; Ezequiel Echer,2020,,posted-content,False,Discovery candidate — not screened,Magnetism; Atmosphere,,,,https://doi.org/10.5194/egusphere-egu2020-4261
10.5194/egusphere-egu2020-5357,From a magma ocean to a solid mantle: implications for the thermo-chemical evolution of Mars,Daniela Bolrão; Maxim Ballmer; Adrien Morison; Antoine Rozel; Stéphane Labrosse; Paul Tackley,2020,,posted-content,False,Discovery candidate — not screened,Interior,,,,https://doi.org/10.5194/egusphere-egu2020-5357
10.5194/egusphere-egu2020-5824,Tsunami on Mars: Implications for the duration and timing of a northern ocean,Francois Costard; José Alexis Palmero Rodriguez; Antoine Séjourné; Anthony Lagain; Steve Clifford; Jens Ormö; Sylvain Bouley; Karim Kelfoun; Franck Lavigne,2020,,posted-content,False,Discovery candidate — not screened,Surface and water,,,,https://doi.org/10.5194/egusphere-egu2020-5824
10.5194/egusphere-egu2020-7864,Crustal magnetic fields at Mars and ion escape,Eduard Dubinin; Markus Fraenz; Marin Pätzold; Joachim Woch; Kai Fan; Yong Wei; Jim McFadden; Olga Tsareva; Lev Zelenyi,2020,,posted-content,False,Discovery candidate — not screened,Interior; Magnetism; Atmosphere,,,,https://doi.org/10.5194/egusphere-egu2020-7864
10.64628/aai.kavtgkpnf,Meteorites from Mars contain clues about the red planet’s geology,Arya Udry,2020,,posted-content,False,Discovery candidate — not screened,Surface and water,,,,https://doi.org/10.64628/aai.kavtgkpnf
10.1002/essoar.10501156.1,"Radar sounding of subsurface water-ice in eastern Coprates and Capri Chasmata, Mars",Rina Noguchi; Ken Ishiyama; Atsushi Kumamoto; Chihiro Uemura; Yasumasa Kasaba; Tomohiro Usui; Aina Oura; Daigo Shoji,2019,,posted-content,False,Discovery candidate — not screened,Surface and water,,,,https://doi.org/10.1002/essoar.10501156.1
10.1002/essoar.10501496.1,"Flexure of the lithosphere beneath the north polar cap of Mars, with implication for ice compositions and heat flow",Adrien Pierre Michel Broquet; Mark A. Wieczorek; Wenzhe Fa,2019,,posted-content,False,Discovery candidate — not screened,Interior,,,,https://doi.org/10.1002/essoar.10501496.1
10.1007/978-981-13-3639-3_22,Atmosphere of Mars,Hiromu Nakagawa,2019,Astrobiology,book-chapter,False,Discovery candidate — not screened,Atmosphere,,,,https://doi.org/10.1007/978-981-13-3639-3_22
10.1016/b978-0-12-804191-8.00003-9,Noble Gases in Martian Meteorites,Ulrich Ott; Timothy D. Swindle; Susanne P. Schwenzer,2019,Volatiles in the Martian Crust,book-chapter,False,Discovery candidate — not screened,Meteorite magnetism; Meteorite geochemistry,,,,https://doi.org/10.1016/b978-0-12-804191-8.00003-9
10.1016/b978-0-12-804191-8.00004-0,Hydrogen Reservoirs in Mars as Revealed by Martian Meteorites,Tomohiro Usui,2019,Volatiles in the Martian Crust,book-chapter,False,Discovery candidate — not screened,Meteorite magnetism; Meteorite geochemistry; Surface and water,,,,https://doi.org/10.1016/b978-0-12-804191-8.00004-0
10.1016/c2015-0-01738-5,Volatiles in the Martian Crust,,2019,,edited-book,False,Discovery candidate — not screened,Meteorite geochemistry,,,,https://doi.org/10.1016/c2015-0-01738-5
10.1016/j.gca.2018.11.014,Shock conditions recorded in NWA 8159 martian augite basalt with implications for the impact cratering history on Mars,Thomas G. Sharp; Erin L. Walton; Jinping Hu; Carl Agee,2019,Geochimica et Cosmochimica Acta,journal-article,False,Discovery candidate — not screened,Magnetism,,,,https://doi.org/10.1016/j.gca.2018.11.014
10.1016/j.gsf.2018.05.016,Timings of early crustal activity in southern highlands of Mars: Periods of crustal stretching and shortening,Trishit Ruj; Goro Komatsu; Jan Hendrik Pasckert; James M. Dohm,2019,Geoscience Frontiers,journal-article,False,Discovery candidate — not screened,Magnetism,,,,https://doi.org/10.1016/j.gsf.2018.05.016
10.1016/j.icarus.2018.09.024,"Testing the deltaic origin of fan deposits at Bradbury Crater, Mars",Michael S. Bramble; Timothy A. Goudge; Ralph E. Milliken; John F. Mustard,2019,Icarus,journal-article,False,Discovery candidate — not screened,Dichotomy,,,,https://doi.org/10.1016/j.icarus.2018.09.024
10.1016/j.icarus.2018.12.021,"The case against vast glaciation in Valles Marineris, Mars",Lucy E. Kissick; Patrice E. Carbonneau,2019,Icarus,journal-article,False,Discovery candidate — not screened,Surface and water,,,,https://doi.org/10.1016/j.icarus.2018.12.021
10.1016/j.icarus.2018.12.024,Understanding the water cycle above the north polar cap on Mars using MRO CRISM retrievals of water vapor,Alain S.J. Khayat; Michael D. Smith; Scott D. Guzewich,2019,Icarus,journal-article,False,Discovery candidate — not screened,Missions,,,,https://doi.org/10.1016/j.icarus.2018.12.024
10.1016/j.icarus.2019.05.041,Mapping water ice clouds on Mars with MRO/MARCI,Michael J. Wolff; R. Todd Clancy; Melinda A. Kahre; Robert M. Haberle; François Forget; Bruce A. Cantor; Michael C. Malin,2019,Icarus,journal-article,False,Discovery candidate — not screened,Missions,,,,https://doi.org/10.1016/j.icarus.2019.05.041
10.1016/j.pss.2019.104717,Propagation properties of Hot Flow Anomalies at Mars: MAVEN observations,S.D. Shuvalov; V.N. Ermakov; V.O. Zorina; K.I. Kim,2019,Planetary and Space Science,journal-article,False,Discovery candidate — not screened,Magnetism,,,,https://doi.org/10.1016/j.pss.2019.104717
10.1017/9781139567428.002,History of Exploration of Mars,,2019,The Atlas of Mars,book-chapter,False,Discovery candidate — not screened,Magnetism,,,,https://doi.org/10.1017/9781139567428.002
10.1029/2018ja025569,MAVEN Case Studies of Plasma Dynamics in Low‐Altitude Crustal Magnetic Field at Mars 1: Dayside Ion Spikes Associated With Radial Crustal Magnetic Fields,Y. I. J. Soobiah; Jared R. Espley; John E. P. Connerney; Jacob R. Gruesbeck; Gina A. DiBraccio; Jasper Halekas; Laila Andersson; Christopher M. Fowler; Robert J. Lillis; David L. Mitchell; Christian Mazelle; Yuki Harada; Takuya Hara; Glyn Collinson; David Brain; Shaosui Xu; Shannon M. Curry; James P. Mcfadden; Mehdi Benna; Bruce M. Jakosky,2019,Journal of Geophysical Research: Space Physics,journal-article,False,Discovery candidate — not screened,Magnetism; Atmosphere,,,,https://doi.org/10.1029/2018ja025569
10.1029/2018ja026403,Origin of the Extended Mars Radar Blackout of September 2017,Beatriz Sánchez–Cano; Pierre‐Louis Blelly; Mark Lester; Olivier Witasse; Marco Cartacci; Roberto Orosei; Hermann Opgenoorth; Robert Lillis; François Leblanc; Stephen E. Milan; Philip Conroy; Nicolas Floury; John M. C. Plane; Andrea Cicchetti; Raffaella Noschese; Andrew J. Kopf,2019,Journal of Geophysical Research: Space Physics,journal-article,False,Discovery candidate — not screened,Dichotomy,,,,https://doi.org/10.1029/2018ja026403
10.1029/2018je005854,A New Model of the Crustal Magnetic Field of Mars Using MGS and MAVEN,Benoit Langlais; Erwan Thébault; Aymeric Houliez; Michael E. Purucker; Robert J. Lillis,2019,Journal of Geophysical Research: Planets,journal-article,True,Abstract consulted,Magnetism,Combines MGS and MAVEN observations into a global spherical-harmonic crustal-field model.,Provides a reproducible field layer for comparison with geology and crustal thickness.,Altitude and spatial bandwidth filter the signal; downward continuation is not direct surface measurement.,https://doi.org/10.1029/2018je005854
10.1029/2018je005891,Oblique Reflections of Mars Express MARSIS Radar Signals From Ionospheric Density Structures: Raytracing Analysis,F. Němec; D. J. Andrews; D. D. Morgan; A. J. Kopf; D. A. Gurnett,2019,Journal of Geophysical Research: Planets,journal-article,False,Discovery candidate — not screened,Missions,,,,https://doi.org/10.1029/2018je005891
10.1029/2019gl082218,"Wind in Jezero Crater, Mars",Mackenzie Day; Taylor Dorn,2019,Geophysical Research Letters,journal-article,False,Discovery candidate — not screened,Missions,,,,https://doi.org/10.1029/2019gl082218
10.1029/2019gl082294,Compositional Constraints on the North Polar Cap of Mars from Gravity and Topography,Lujendra Ojha; Stefano Nerozzi; Kevin Lewis,2019,Geophysical Research Letters,journal-article,False,Discovery candidate — not screened,Gravity and topography,,,,https://doi.org/10.1029/2019gl082294
10.1029/2019gl082536,Modeling Wind‐Driven Ionospheric Dynamo Currents at Mars: Expectations for InSight Magnetic Field Measurements,Robert J. Lillis; Matthew O. Fillingim; Yingjuan Ma; Francisco Gonzalez‐Galindo; François Forget; Catherine L. Johnson; Anna Mittelholz; Christopher T. Russell; Laila Andersson; Christopher M. Fowler,2019,Geophysical Research Letters,journal-article,False,Discovery candidate — not screened,Magnetism,,,,https://doi.org/10.1029/2019gl082536
10.1029/2019gl083046,Do Deltas Along the Crustal Dichotomy Boundary of Mars in the Gale Crater Region Record a Northern Ocean?,Frances Rivera‐Hernández; Marisa C. Palucis,2019,Geophysical Research Letters,journal-article,True,Abstract consulted,Surface and evolution,Delta elevations in the examined region are consistent with local closed-basin lakes rather than one ocean level.,Tests shoreline interpretations used to reconstruct later northern hydrology.,The regional result does not exclude every proposed Martian ocean at every epoch.,https://doi.org/10.1029/2019gl083046
10.1029/2019gl084483,Contrasting Regional Soil Alteration Across the Topographic Dichotomy of Mars,D. R. Hood; S. Karunatillake; O. Gasnault; A. J. Williams; B. Dutrow; L. Ojha; S. Kobs; K. Kim; J. Heldmann; C. Fralick,2019,Geophysical Research Letters,journal-article,False,Discovery candidate — not screened,Dichotomy; Gravity and topography; Magnetism; Chronology; Surface and water; Volcanism and tectonics,,,,https://doi.org/10.1029/2019gl084483
10.1029/2019gl084729,Reduced Atmospheric Ion Escape Above Martian Crustal Magnetic Fields,Kai Fan; Markus Fraenz; Yong Wei; Qianqian Han; Eduard Dubinin; Jun Cui; Lihui Chai; Zhaojin Rong; Jun Zhong; Weixing Wan; James Mcfadden; J.E.P. Connerney,2019,Geophysical Research Letters,journal-article,False,Discovery candidate — not screened,Atmosphere,,,,https://doi.org/10.1029/2019gl084729
10.1029/2019gl084779,Ion Composition Boundary Layer Instabilities at Mars,J. S. Halekas; S. Ruhunusiri; J. P. McFadden; J. R. Espley; G. A. DiBraccio,2019,Geophysical Research Letters,journal-article,False,Discovery candidate — not screened,Surface and water,,,,https://doi.org/10.1029/2019gl084779
10.1029/2019ja026614,A Fast Fermi Acceleration at Mars Bow Shock,K. Meziane; C. X. Mazelle; D. L. Mitchell; A. M. Hamza; E. Penou; B. M. Jakosky,2019,Journal of Geophysical Research: Space Physics,journal-article,False,Discovery candidate — not screened,Magnetism,,,,https://doi.org/10.1029/2019ja026614
10.1029/2019ja026961,Low Electron Temperatures Observed at Mars by MAVEN on Dayside Crustal Magnetic Field Lines,Shotaro Sakai; Thomas E. Cravens; Laila Andersson; Christopher M. Fowler; David L. Mitchell; Christian Mazelle; Edward M. B. Thiemann; Francis G. Eparvier; David A. Brain; Kanako Seki,2019,Journal of Geophysical Research: Space Physics,journal-article,False,Discovery candidate — not screened,Magnetism; Atmosphere,,,,https://doi.org/10.1029/2019ja026961
10.1029/2019je005920,New Constraints on Early Mars Weathering Conditions From an Experimental Approach on Crust Simulants,F. Baron; A. Gaudin; J.‐P. Lorand; N. Mangold,2019,Journal of Geophysical Research: Planets,journal-article,False,Discovery candidate — not screened,Meteorite geochemistry; Chronology,,,,https://doi.org/10.1029/2019je005920
10.1029/2019je006008,The Lomonosov Crater Impact Event: A Possible Mega‐Tsunami Source on Mars,F. Costard; A. Séjourné; A. Lagain; J. Ormö; J.A.P. Rodriguez; S. Clifford; S. Bouley; K. Kelfoun; F. Lavigne,2019,Journal of Geophysical Research: Planets,journal-article,False,Discovery candidate — not screened,Meteorite provenance,,,,https://doi.org/10.1029/2019je006008
10.1029/2019je006044,The Seismic Signatures of Recently Formed Impact Craters on Mars,N. C. Schmerr; M. E. Banks; I. J. Daubar,2019,Journal of Geophysical Research: Planets,journal-article,False,Discovery candidate — not screened,Chronology,,,,https://doi.org/10.1029/2019je006044
10.1038/s41467-019-12162-0,The impact origin and evolution of Chryse Planitia on Mars revealed by buried craters,Lu Pan; Cathy Quantin-Nataf; Sylvain Breton; Chloé Michaut,2019,Nature Communications,journal-article,False,Discovery candidate — not screened,Chronology,,,,https://doi.org/10.1038/s41467-019-12162-0
10.1038/s41561-019-0327-5,A deep groundwater origin for recurring slope lineae on Mars,Abotalib Z. Abotalib; Essam Heggy,2019,Nature Geoscience,journal-article,False,Discovery candidate — not screened,Dichotomy,,,,https://doi.org/10.1038/s41561-019-0327-5
10.1038/s41598-019-42030-2,The paradoxes of the Late Hesperian Mars ocean,M. Turbet; F. Forget,2019,Scientific Reports,journal-article,False,Discovery candidate — not screened,Surface and water,,,,https://doi.org/10.1038/s41598-019-42030-2
10.1049/et.2019.0117,The Measure of: InSight Mars lander,Doyle,2019,Engineering & Technology,journal-article,False,Discovery candidate — not screened,Interior,,,,https://doi.org/10.1049/et.2019.0117
10.1088/2058-7058/32/1/10,InSight mission successfully lands on Mars,Michael Banks,2019,Physics World,journal-article,False,Discovery candidate — not screened,Interior,,,,https://doi.org/10.1088/2058-7058/32/1/10
10.1093/acrefore/9780190647926.013.130,The Planetary Boundary Layer of Mars,Aymeric Spiga,2019,Oxford Research Encyclopedia of Planetary Science,reference-entry,False,Discovery candidate — not screened,Surface and water,,,,https://doi.org/10.1093/acrefore/9780190647926.013.130
10.1111/maps.13256,Ancient geologic events on Mars revealed by zircons and apatites from the Martian regolith breccia NWA 7034,Sen Hu; Yangting Lin; Jianchao Zhang; Jialong Hao; Weifan Xing; Ting Zhang; Wei Yang; Hitesh Changela,2019,Meteoritics & Planetary Science,journal-article,False,Discovery candidate — not screened,Meteorite magnetism; Meteorite provenance,,,,https://doi.org/10.1111/maps.13256
10.1126/science.366.6471.1324-a,Mapping winds in Mars' upper atmosphere,Keith T. Smith,2019,Science,journal-article,False,Discovery candidate — not screened,Atmosphere,,,,https://doi.org/10.1126/science.366.6471.1324-a
10.1126/science.aax1553,Global circulation of Mars’ upper atmosphere,M. Benna; S. W. Bougher; Y. Lee; K. J. Roeten; E. Yiğit; P. R. Mahaffy; B. M. Jakosky,2019,Science,journal-article,False,Discovery candidate — not screened,Atmosphere,,,,https://doi.org/10.1126/science.aax1553
10.1130/abs/2019am-335837,"RAPID INUNDATION OF GALE CRATER, MARS",Jackson State University; Ezat Heydari; Fred J. Calef; Jeffrey F. Schroeder; Jason Van Beek; Scott K. Rowland; Alberto G. Fairén; Timothy Parker,2019,Geological Society of America Abstracts with Programs,proceedings-article,False,Discovery candidate — not screened,Missions,,,,https://doi.org/10.1130/abs/2019am-335837
10.1130/abs/2019am-338793,REMOTE SENSING OF THE MINERALOGY OF MARS,Arizona State University; James F. Bell,2019,Geological Society of America Abstracts with Programs,proceedings-article,False,Discovery candidate — not screened,Surface and water,,,,https://doi.org/10.1130/abs/2019am-338793
10.1130/abs/2019am-338823,"CURIOSITY EXPLORATION OF THE CLAY-BEARING GLEN TORRIDON REGION ON MT SHARP, GALE CRATER, MARS",California Institute of Technology; Valerie Fox; Kristen Bennett; Kathryn M. Stack; E. Dehouck; Lucy M. Thompson; Elizabeth B. Rampe; Craig J. Hardgrove; Christopher M. Fedo; Bethany L. Ehlmann; John P. Grotzinger; Sanjeev Gupta; Raymond Arvidson; Sean M. Czarnecki,2019,Geological Society of America Abstracts with Programs,proceedings-article,False,Discovery candidate — not screened,Missions,,,,https://doi.org/10.1130/abs/2019am-338823
10.1130/abs/2019am-339375,THE NATURE AND DISTRIBUTION OF POLLYWOG CRATERS ON MARS,"National Air and Space Museum, Smithsonian Institution; Sharon A. Wilson; Alan D. Howard",2019,Geological Society of America Abstracts with Programs,proceedings-article,False,Discovery candidate — not screened,Chronology,,,,https://doi.org/10.1130/abs/2019am-339375
10.1130/abs/2019am-340431,TERRESTRIAL ANALOGS PROVIDE INSIGHTS TO CARBONATE OCCURRENCES IN MARTIAN METEORITE ALLAN HILLS 84001,University of Dayton; Andrea M. Koziol; Adrienne MacArtney,2019,Geological Society of America Abstracts with Programs,proceedings-article,False,Discovery candidate — not screened,Meteorite magnetism,,,,https://doi.org/10.1130/abs/2019am-340431
10.1139/cjes-2018-0068,The history of the core dynamos of Mars and the Moon inferred from their crustal magnetization: a brief review,Jafar Arkani-Hamed,2019,Canadian Journal of Earth Sciences,journal-article,False,Discovery candidate — not screened,Magnetism,,,,https://doi.org/10.1139/cjes-2018-0068
10.1299/jsmemecj.2019.j19110p,Landing System for Small Mars Lander using Shock Absorbers,Shiori MATSUMOTO; Shun YAMAGUCHI; Yoshiki SUGAWARA; Sayako SAKAMA; Shinichi NAKASUKA; Yasuko KASAI,2019,"The Proceedings of Mechanical Engineering Congress, Japan",journal-article,False,Discovery candidate — not screened,Magnetism,,,,https://doi.org/10.1299/jsmemecj.2019.j19110p
10.2514/6.2019-3481,Mars InSight Parachute System Performance,Allen Witkowski; Mike Kandis; Devin Kipp; David Buecher,2019,AIAA Aviation 2019 Forum,proceedings-article,False,Discovery candidate — not screened,Interior,,,,https://doi.org/10.2514/6.2019-3481
10.31857/s0044748x0006902-1,V Martian readings,Vladimir Borodayev; Mikhail Kabitski,2019,Latinskaia Amerika,journal-article,False,Discovery candidate — not screened,Dichotomy,,,,https://doi.org/10.31857/s0044748x0006902-1
10.31857/s0044748x0007343-6,V Martian readings,Galina Bestolkova,2019,Latinskaia Amerika,journal-article,False,Discovery candidate — not screened,Dichotomy,,,,https://doi.org/10.31857/s0044748x0007343-6
10.3390/min9110695,Apatite from NWA 10153 and NWA 10645—The Key to Deciphering Magmatic and Fluid Evolution History in Nakhlites,Łukasz Birski; Ewa Słaby; Elias Chatzitheodoridis; Richard Wirth; Katarzyna Majzner; Gabriela A. Kozub-Budzyń; Jiří Sláma; Katarzyna Liszewska; Izabela Kocjan; Anna Zagórska,2019,Minerals,journal-article,False,Discovery candidate — not screened,Meteorite magnetism; Meteorite provenance,,,,https://doi.org/10.3390/min9110695
10.5047/pisps.013,Origin and solar activity driven evolution of Mars' atmosphere,H. Lammer; P. Odert; M. Leitzinger; H. Gröller; M. Güdel; K. G. Kislyakova; M. L. Khodachenko; A. Hanslmeier,2019,Proceedings of the International Symposium on Planetary Science 2011,proceedings-article,False,Discovery candidate — not screened,Dichotomy,,,,https://doi.org/10.5047/pisps.013
10.5270/esa-kn2lbzb,Mars Express SPICE Data Archive,European Space Agency; ESA SPICE Service,2019,Mars Express SPICE Data Archive,dataset,False,Discovery candidate — not screened,Missions,,,,https://doi.org/10.5270/esa-kn2lbzb
10.5270/esa-trn5vp1,Mars Express SPICE Kernel Dataset,European Space Agency; ESA SPICE Service,2019,Mars Express SPICE Kernel Dataset,dataset,False,Discovery candidate — not screened,Missions,,,,https://doi.org/10.5270/esa-trn5vp1
10.1002/2017je005431,Hemispheric Dichotomy in Lithosphere Thickness on Mars Caused by Differences in Crustal Structure and Composition,Mélanie Thiriet; Chloé Michaut; Doris Breuer; Ana‐Catalina Plesa,2018,Journal of Geophysical Research: Planets,journal-article,True,Selected full-text sections consulted,Interior,Two-hemisphere thermal models connect crustal thickness and radiogenic enrichment to different lithospheric temperatures and elastic thicknesses.,Provides a thermal benchmark for testing magnetic acquisition and retention in the same crustal histories.,"Sections 5.5, 5.6 and 6 consulted. Polar elastic thickness need not represent an entire hemisphere; a well-mixed mantle and parameterized columns omit spatial dynamics.",https://doi.org/10.1002/2017je005431
10.1002/2018gl077281,Magnetic Reconnection on Dayside Crustal Magnetic Fields at Mars: MAVEN Observations,Y. Harada; J. S. Halekas; G. A. DiBraccio; S. Xu; J. Espley; J. P. Mcfadden; D. L. Mitchell; C. Mazelle; D. A. Brain; T. Hara; Y. J. Ma; S. Ruhunusiri; B. M. Jakosky,2018,Geophysical Research Letters,journal-article,False,Discovery candidate — not screened,Magnetism; Atmosphere,,,,https://doi.org/10.1002/2018gl077281
10.1007/978-3-319-64292-5_12,Mars’ Crustal Magnetic Field,Achim Morschhauser; Foteini Vervelidou; Paul Thomas; Matthias Grott; Vincent Lesur; Stuart A. Gilder,2018,Astrophysics and Space Science Library Magnetic Fields in the Solar System,book-chapter,False,Discovery candidate — not screened,Interior; Magnetism; Atmosphere,,,,https://doi.org/10.1007/978-3-319-64292-5_12
10.1007/978-3-319-74784-2_2,History and Physiography of Mars,Fabio Vittorio De Blasio,2018,Mysteries of Mars,book-chapter,False,Discovery candidate — not screened,Magnetism,,,,https://doi.org/10.1007/978-3-319-74784-2_2
10.1007/978-3-319-96175-0_8,The Search for Biosignatures in Martian Meteorite Allan Hills 84001,Harry Y. McSween,2018,Advances in Astrobiology and Biogeophysics Biosignatures for Astrobiology,book-chapter,False,Discovery candidate — not screened,Meteorite magnetism,,,,https://doi.org/10.1007/978-3-319-96175-0_8
10.1016/b978-0-12-809935-3.00001-3,An Origin of Life on Mars?,André Brack,2018,From Habitability to Life on Mars,book-chapter,False,Discovery candidate — not screened,Dichotomy,,,,https://doi.org/10.1016/b978-0-12-809935-3.00001-3
10.1016/b978-0-12-813018-6.00003-0,Martian Gullies and Their Connection With the Martian Climate,Susan J. Conway; Tanya N. Harrison; Stephen R. Lewis,2018,Dynamic Mars,book-chapter,False,Discovery candidate — not screened,Dichotomy,,,,https://doi.org/10.1016/b978-0-12-813018-6.00003-0
10.1016/j.arth.2018.01.024,Indications for MARS-MRI in Patients Treated With Metal-on-Metal Hip Resurfacing Arthroplasty,James W. Connelly; Vincent P. Galea; Sean J. Matuszak; Rami Madanat; Orhun Muratoglu; Henrik Malchau,2018,The Journal of Arthroplasty,journal-article,False,Discovery candidate — not screened,Surface and water,,,,https://doi.org/10.1016/j.arth.2018.01.024
10.1016/j.asr.2017.12.017,Science exploration architecture for Phobos and Deimos: The role of Phobos and Deimos in the future exploration of Mars,Ariel N. Deutsch; James W. Head; Kenneth R. Ramsley; Carle M. Pieters; Ross W.K. Potter; Ashley M. Palumbo; Michael S. Bramble; James P. Cassanelli; Erica R. Jawin; Lauren M. Jozwiak; Hannah H. Kaplan; Connor F. Lynch; Alyssa C. Pascuzzo; Le Qiao; David K. Weiss,2018,Advances in Space Research,journal-article,False,Discovery candidate — not screened,Moons and impacts,,,,https://doi.org/10.1016/j.asr.2017.12.017
10.1016/j.epsl.2018.03.031,A hybrid origin of the Martian crustal dichotomy: Degree-1 convection antipodal to a giant impact,Robert I. Citron; Michael Manga; Eh Tan,2018,Earth and Planetary Science Letters,journal-article,True,Metadata / preview only,Dichotomy,Studies a hybrid impact-driven degree-one convection scenario.,Prevents treating impacts and convection as mutually exclusive explanations.,Bibliographic record and primary preview checked; quantitative outcomes require full-text extraction.,https://doi.org/10.1016/j.epsl.2018.03.031
10.1016/j.epsl.2018.08.013,A complex history of silicate differentiation of Mars from Nd and Hf isotopes in crustal breccia NWA 7034,Rosalind M.G. Armytage; Vinciane Debaille; Alan D. Brandon; Carl B. Agee,2018,Earth and Planetary Science Letters,journal-article,False,Discovery candidate — not screened,Magnetism; Meteorite magnetism; Meteorite provenance,,,,https://doi.org/10.1016/j.epsl.2018.08.013
10.1016/j.gca.2018.08.041,Chalcophile-siderophile element systematics of hydrothermal pyrite from martian regolith breccia NWA 7533,J.-P. Lorand; R.H. Hewins; M. Humayun; L. Remusat; B. Zanda; C. La; S. Pont,2018,Geochimica et Cosmochimica Acta,journal-article,False,Discovery candidate — not screened,Meteorite geochemistry,,,,https://doi.org/10.1016/j.gca.2018.08.041
10.1016/j.icarus.2018.04.008,Mars’ growth stunted by an early giant planet instability,Matthew S. Clement; Nathan A. Kaib; Sean N. Raymond; Kevin J. Walsh,2018,Icarus,journal-article,False,Discovery candidate — not screened,Dichotomy,,,,https://doi.org/10.1016/j.icarus.2018.04.008
10.1016/j.ifacol.2018.05.027,Autonomous Mars-Gravity Enabling Quadrotor,Kedarisetty Siddhardha,2018,IFAC-PapersOnLine,journal-article,False,Discovery candidate — not screened,Gravity and topography,,,,https://doi.org/10.1016/j.ifacol.2018.05.027
10.1017/s1473550418000393,Testing S isotopes as biomarkers for Mars,Julian Chela-Flores,2018,International Journal of Astrobiology,journal-article,False,Discovery candidate — not screened,Surface and water,,,,https://doi.org/10.1017/s1473550418000393
10.1029/2017ja024618,One‐Hertz Waves at Mars: MAVEN Observations,Suranga Ruhunusiri; J. S. Halekas; J. R. Espley; F. Eparvier; D. Brain; C. Mazelle; Y. Harada; G. A. DiBraccio; E. M. B. Thiemann; D. E. Larson; D. L. Mitchell; B. M. Jakosky; A. H. Sulaiman,2018,Journal of Geophysical Research: Space Physics,journal-article,False,Discovery candidate — not screened,Magnetism; Atmosphere,,,,https://doi.org/10.1029/2017ja024618
10.1029/2017je005466,MAVEN/IUVS Stellar Occultation Measurements of Mars Atmospheric Structure and Composition,H. Gröller; F. Montmessin; R. V. Yelle; F. Lefèvre; F. Forget; N. M. Schneider; T. T. Koskinen; J. Deighan; S. K. Jain,2018,Journal of Geophysical Research: Planets,journal-article,False,Discovery candidate — not screened,Atmosphere,,,,https://doi.org/10.1029/2017je005466
10.1029/2017je005508,The Nature and Origin of Deposits in Uzboi Vallis on Mars,S. A. Wilson; J. A. Grant; A. D. Howard; D. L. Buczkowski,2018,Journal of Geophysical Research: Planets,journal-article,False,Discovery candidate — not screened,Dichotomy,,,,https://doi.org/10.1029/2017je005508
10.1029/2018gl078425,A New Magnetic Field Activity Proxy for Mars From MAVEN Data,A. Mittelholz; C. L. Johnson; A. Morschhauser,2018,Geophysical Research Letters,journal-article,False,Discovery candidate — not screened,Magnetism; Atmosphere,,,,https://doi.org/10.1029/2018gl078425
10.1029/2018gl079972,Effects of a Weak Intrinsic Magnetic Field on Atmospheric Escape From Mars,Shotaro Sakai; Kanako Seki; Naoki Terada; Hiroyuki Shinagawa; Takashi Tanaka; Yusuke Ebihara,2018,Geophysical Research Letters,journal-article,True,Abstract consulted,Surface and evolution,Plasma simulations show that a weak intrinsic dipole can increase ion escape under the tested conditions.,"Challenges a simple field-off, atmosphere-lost causal chain.",The dependence varies with field strength and solar conditions; present-day simulations are not a complete early-Mars loss history.,https://doi.org/10.1029/2018gl079972
10.1029/2018gl080136,Field‐Aligned Potentials at Mars From MAVEN Observations,Shaosui Xu; David L. Mitchell; James P. McFadden; Glyn Collinson; Yuki Harada; Robert Lillis; Christian Mazelle; J. E. P. Connerney,2018,Geophysical Research Letters,journal-article,False,Discovery candidate — not screened,Magnetism; Atmosphere,,,,https://doi.org/10.1029/2018gl080136
10.1029/2018je005560,Seasonal Variability of Neutral Escape from Mars as Derived From MAVEN Pickup Ion Observations,A. Rahmati; D. E. Larson; T. E. Cravens; R. J. Lillis; J. S. Halekas; J. P. McFadden; D. L. Mitchell; E. M. B. Thiemann; J. E. P. Connerney; P. A. Dunn; C. O. Lee; F. G. Eparvier; G. A. DiBraccio; J. R. Espley; J. G. Luhmann; C. Mazelle; B. M. Jakosky,2018,Journal of Geophysical Research: Planets,journal-article,False,Discovery candidate — not screened,Atmosphere,,,,https://doi.org/10.1029/2018je005560
10.1029/2018je005574,Mars H Escape Rates Derived From MAVEN/IUVS Lyman Alpha Brightness Measurements and Their Dependence on Model Assumptions,M. S. Chaffin; J. Y. Chaufray; J. Deighan; N. M. Schneider; M. Mayyasi; J. T. Clarke; E. Thiemann; S. K. Jain; M. M. J. Crismani; A. Stiepen; F. G. Eparvier; W. E. McClintock; A. I. F. Stewart; G. M. Holsclaw; F. Montmessin; B. M. Jakosky,2018,Journal of Geophysical Research: Planets,journal-article,False,Discovery candidate — not screened,Atmosphere,,,,https://doi.org/10.1029/2018je005574
10.1038/s41586-018-0222-z,Evidence for extremely rapid magma ocean crystallization and crust formation on Mars,Laura C. Bouvier; Maria M. Costa; James N. Connelly; Ninna K. Jensen; Daniel Wielandt; Michael Storey; Alexander A. Nemchin; Martin J. Whitehouse; Joshua F. Snape; Jeremy J. Bellucci; Frédéric Moynier; Arnaud Agranier; Bleuenn Gueguen; Maria Schönbächler; Martin Bizzarro,2018,Nature,journal-article,True,Abstract consulted,Meteorite geochemistry and provenance,Ancient zircon ages and hafnium isotopes imply very early extraction and subsequent reworking of a primordial crust.,Constrains how quickly initial crustal reservoirs formed.,Reservoir model ages differ from measured crystallization ages and do not directly date the hemispheric boundary.,https://doi.org/10.1038/s41586-018-0222-z
10.1051/0004-6361/201833749,Photochemical escape of atomic C and N on Mars: clues from a multi-instrument MAVEN dataset,J. Cui; X. -S. Wu; H. Gu; F. -Y. Jiang; Y. Wei,2018,Astronomy & Astrophysics,journal-article,False,Discovery candidate — not screened,Atmosphere,,,,https://doi.org/10.1051/0004-6361/201833749
10.1088/2058-7058/31/6/16,NASA launches Mars Insight mission,Michael Banks,2018,Physics World,journal-article,False,Discovery candidate — not screened,Interior,,,,https://doi.org/10.1088/2058-7058/31/6/16
10.1107/s2053273318094378,Mars mineralogy: the EXOMARS 2020 approach,Fernando Rull,2018,Acta Crystallographica Section A Foundations and Advances,journal-article,False,Discovery candidate — not screened,Surface and water,,,,https://doi.org/10.1107/s2053273318094378
10.1109/aero.2018.8396723,InSight: Mission to Mars,Tom Hoffman,2018,2018 IEEE Aerospace Conference,proceedings-article,False,Discovery candidate — not screened,Interior,,,,https://doi.org/10.1109/aero.2018.8396723
10.1126/sciadv.aap8306,Chronology of martian breccia NWA 7034 and the formation of the martian crustal dichotomy,William S. Cassata; Benjamin E. Cohen; Darren F. Mark; Reto Trappitsch; Carolyn A. Crow; Joshua Wimpenny; Martin R. Lee; Caroline L. Smith,2018,Science Advances,journal-article,True,Selected full-text sections consulted,Meteorite geochemistry and provenance,Multiple chronometers constrain ancient near-surface material and later heterogeneous heating in the NWA 7034 source terrain.,Conditional survival and burial constraints can test event sequences predicted by dichotomy origin models.,"Dichotomy-age discussion consulted. Local provenance, burial and thermal assumptions prevent a universal formation date; crystallization and later metamorphism are distinct.",https://doi.org/10.1126/sciadv.aap8306
10.1126/sciadv.aar6887,Origin of Phobos and Deimos by the impact of a Vesta-to-Ceres sized body with Mars,Robin Canup; Julien Salmon,2018,Science Advances,journal-article,False,Discovery candidate — not screened,Moons and impacts,,,,https://doi.org/10.1126/sciadv.aar6887
10.1130/abs/2018am-319311,EOLIAN GEOLOGY: THE ORIGIN OF SAND AND DUST ON MARS,California Institute of Technology; M.P. Golombek; Constantinos Charalambous; W.T. Pike; R. Sullivan,2018,Geological Society of America Abstracts with Programs,proceedings-article,False,Discovery candidate — not screened,Dichotomy,,,,https://doi.org/10.1130/abs/2018am-319311
10.2138/am-2018-6334,Petrogenesis of martian sulfides in the Chassigny meteorite,Jean-Pierre Lorand; Sylvain Pont; Vincent Chevrier; Ambre Luguet; Brigitte Zanda; Roger Hewins,2018,American Mineralogist,journal-article,False,Discovery candidate — not screened,Meteorite magnetism,,,,https://doi.org/10.2138/am-2018-6334
10.2339/politeknik.385460,Synchrotron-Based FTIR Micro-spectroscopy of Martian Meteorites,Mehmet Yesiltas,2018,Journal of Polytechnic,journal-article,False,Discovery candidate — not screened,Meteorite magnetism,,,,https://doi.org/10.2339/politeknik.385460
10.2514/6.2018-1721,Assessment of Reflected Shock Tunnels for Mars Entry Vehicle Ground Testing,Matthew G. Leibowitz; Joanna M. Austin,2018,2018 AIAA Aerospace Sciences Meeting,proceedings-article,False,Discovery candidate — not screened,Magnetism,,,,https://doi.org/10.2514/6.2018-1721
10.2514/6.2018-5312,Martian Modular Base,Marco Peroni,2018,2018 AIAA SPACE and Astronautics Forum and Exposition,proceedings-article,False,Discovery candidate — not screened,Dichotomy,,,,https://doi.org/10.2514/6.2018-5312
10.26464/epp2018036,Petrogenesis of basaltic shergottite NWA 8656,"Ting Cao; ,Planetary Science Institute, School of Earth Sciences, China University of Geosciences, Wuhan 430074, China; Qi He; ZhuQing Xue",2018,Earth and Planetary Physics,journal-article,False,Discovery candidate — not screened,Meteorite magnetism; Meteorite provenance,,,,https://doi.org/10.26464/epp2018036
10.31219/osf.io/qsfmu,Structures of Epithelia Found in Martian Lafayette Meteorite,Liangtai Lin,2018,,posted-content,False,Discovery candidate — not screened,Meteorite magnetism,,,,https://doi.org/10.31219/osf.io/qsfmu
10.31988/scitrends.8685,"Large Reservoirs Of Water Ice Found On Mars, Says NASA",Daniel Nelson,2018,Science Trends,journal-article,False,Discovery candidate — not screened,Surface and water,,,,https://doi.org/10.31988/scitrends.8685
10.3844/jastsp.2018.72.79,Structure of Buried Ice on Mars,Relly Victoria Petrescu; Raffaella Aversa; Antonio Apicella; Florian Ion Tiberiu Petrescu,2018,Journal of Aircraft and Spacecraft Technology,journal-article,False,Discovery candidate — not screened,Chronology,,,,https://doi.org/10.3844/jastsp.2018.72.79
10.4103/joc.joc_238_16,Martian Popping Thing,ManojG Madakshira; Imtiaz Ahmed,2018,Journal of Cytology,journal-article,False,Discovery candidate — not screened,Dichotomy,,,,https://doi.org/10.4103/joc.joc_238_16
10.1002/2016ja023488,MAVEN observations of tail current sheet flapping at Mars,Gina A. DiBraccio; Julian Dann; Jared R. Espley; Jacob R. Gruesbeck; Yasir Soobiah; John E. P. Connerney; Jasper S. Halekas; Yuki Harada; Charles F. Bowers; David A. Brain; Suranga Ruhunusiri; Takuya Hara; Bruce M. Jakosky,2017,Journal of Geophysical Research: Space Physics,journal-article,False,Discovery candidate — not screened,Magnetism; Atmosphere,,,,https://doi.org/10.1002/2016ja023488
10.1002/2016ja023509,The Mars crustal magnetic field control of plasma boundary locations and atmospheric loss: MHD prediction and comparison with MAVEN,Xiaohua Fang; Yingjuan Ma; Kei Masunaga; Yaxue Dong; David Brain; Jasper Halekas; Robert Lillis; Bruce Jakosky; Jack Connerney; Joseph Grebowsky; Chuanfei Dong,2017,Journal of Geophysical Research: Space Physics,journal-article,False,Discovery candidate — not screened,Magnetism; Atmosphere,,,,https://doi.org/10.1002/2016ja023509
10.1002/2016ja023513,Martian magnetic storms,J. G. Luhmann; C. F. Dong; Y. J. Ma; S. M. Curry; S. Xu; C. O. Lee; T. Hara; J. Halekas; Y. Li; J. R. Gruesbeck; J. Espley; D. A. Brain; C. T. Russell; B. M. Jakosky,2017,Journal of Geophysical Research: Space Physics,journal-article,False,Discovery candidate — not screened,Dichotomy,,,,https://doi.org/10.1002/2016ja023513
10.1002/2016ja023521,Ion escape rates from Mars: Results from hybrid simulations compared to MAVEN observations,Stephen A. Ledvina; Stephen H. Brecht; David A. Brain; Bruce M. Jakosky,2017,Journal of Geophysical Research: Space Physics,journal-article,False,Discovery candidate — not screened,Atmosphere,,,,https://doi.org/10.1002/2016ja023521
10.1002/2016ja023525,Photochemical escape of oxygen from Mars: First results from MAVEN in situ data,Robert J. Lillis; Justin Deighan; Jane L. Fox; Stephen W. Bougher; Yuni Lee; Michael R. Combi; Thomas E. Cravens; Ali Rahmati; Paul R. Mahaffy; Mehdi Benna; Meredith K. Elrod; James P. McFadden; Robert. E. Ergun; Laila Andersson; Christopher M. Fowler; Bruce M. Jakosky; Ed Thiemann; Frank Eparvier; Jasper S. Halekas; François Leblanc; Jean‐Yves Chaufray,2017,Journal of Geophysical Research: Space Physics,journal-article,False,Discovery candidate — not screened,Atmosphere,,,,https://doi.org/10.1002/2016ja023525
10.1002/2016ja023641,Mars thermosphere as seen in MAVEN accelerometer data,R. W. Zurek; R. A. Tolson; S. W. Bougher; R. A. Lugo; D. T. Baird; J. M. Bell; B. M. Jakosky,2017,Journal of Geophysical Research: Space Physics,journal-article,False,Discovery candidate — not screened,Magnetism; Atmosphere,,,,https://doi.org/10.1002/2016ja023641
10.1002/2017gl073334,"Isostatic equilibrium in spherical coordinates and implications for crustal thickness on the Moon, Mars, Enceladus, and elsewhere",Douglas J. Hemingway; Isamu Matsuyama,2017,Geophysical Research Letters,journal-article,False,Discovery candidate — not screened,Interior,,,,https://doi.org/10.1002/2017gl073334
10.1002/2017gl073423,Shock metamorphism of clay minerals on Mars by meteor impact,Joseph R. Michalski; Timothy D. Glotch; Lonia R. Friedlander; M. Darby Dyar; David L. Bish; Thomas G. Sharp; John Carter,2017,Geophysical Research Letters,journal-article,False,Discovery candidate — not screened,Magnetism,,,,https://doi.org/10.1002/2017gl073423
10.1002/2017gl074172,Evidence for a low bulk crustal density for Mars from gravity and topography,Sander Goossens; Terence J. Sabaka; Antonio Genova; Erwan Mazarico; Joseph B. Nicholas; Gregory A. Neumann,2017,Geophysical Research Letters,journal-article,False,Discovery candidate — not screened,Interior; Gravity and topography,,,,https://doi.org/10.1002/2017gl074172
10.1002/2017gl075189,MAVEN Observations of Ionospheric Irregularities at Mars,C. M. Fowler; L. Andersson; S. R. Shaver; J. P. Thayer; J. D. Huba; R. Lillis; M. E. Usanova; J. Espley; R. E. Ergun; J. Mcfadden; P. R. Mahaffy; J. E. P. Connerney; M. Benna; M. Elrod; D. L. Mitchell; C. Mazelle; B. M. Jakosky,2017,Geophysical Research Letters,journal-article,False,Discovery candidate — not screened,Magnetism; Atmosphere,,,,https://doi.org/10.1002/2017gl075189
10.1002/2017gl075831,High‐Altitude Closed Magnetic Loops at Mars Observed by MAVEN,Shaosui Xu; David Mitchell; Janet Luhmann; Yingjuan Ma; Xiaohua Fang; Yuki Harada; Takuya Hara; David Brain; Tristan Weber; Christian Mazelle; Gina A. DiBraccio,2017,Geophysical Research Letters,journal-article,False,Discovery candidate — not screened,Magnetism; Atmosphere,,,,https://doi.org/10.1002/2017gl075831
10.1002/2017ja024126,Effects of solar irradiance on the upper ionosphere and oxygen ion escape at Mars: MAVEN observations,E. Dubinin; M. Fraenz; M. Pätzold; J. McFadden; P. R. Mahaffy; F. Eparvier; J. S. Halekas; J. E. P. Connerney; D. Brain; B. M. Jakosky; O. Vaisberg; L. Zelenyi,2017,Journal of Geophysical Research: Space Physics,journal-article,False,Discovery candidate — not screened,Atmosphere,,,,https://doi.org/10.1002/2017ja024126
10.1002/2017ja024741,The Effect of Solar Wind Variations on the Escape of Oxygen Ions From Mars Through Different Channels: MAVEN Observations,E. Dubinin; M. Fraenz; M. Pätzold; J. McFadden; J. S. Halekas; G. A. DiBraccio; J. E. P. Connerney; F. Eparvier; D. Brain; B. M. Jakosky; O. Vaisberg; L. Zelenyi,2017,Journal of Geophysical Research: Space Physics,journal-article,False,Discovery candidate — not screened,Atmosphere,,,,https://doi.org/10.1002/2017ja024741
10.1002/2017je005276,The stratigraphy and history of Mars' northern lowlands through mineralogy of impact craters: A comprehensive survey,Lu Pan; Bethany L. Ehlmann; John Carter; Carolyn M. Ernst,2017,Journal of Geophysical Research: Planets,journal-article,False,Discovery candidate — not screened,Chronology,,,,https://doi.org/10.1002/2017je005276
10.1002/2017je005410,Constraining the Date of the Martian Dynamo Shutdown by Means of Crater Magnetization Signatures,Foteini Vervelidou; Vincent Lesur; Matthias Grott; Achim Morschhauser; Robert J. Lillis,2017,Journal of Geophysical Research: Planets,journal-article,False,Discovery candidate — not screened,Magnetism,,,,https://doi.org/10.1002/2017je005410
10.1002/9781119227250.ch5,"Comparing Chemical Microstructures of Some Early Solar System Zircon from Differentiated Asteroids, Mars and Earth",Julia Roszjar; Desmond E. Moser; Brendt C. Hyde; Chutimun Chanmuang; Kimberly Tait,2017,Geophysical Monograph Series Microstructural Geochronology,other,False,Discovery candidate — not screened,Meteorite geochemistry,,,,https://doi.org/10.1002/9781119227250.ch5
10.1007/978-3-319-44497-0,Mars One,Erik Seedhouse,2017,,book,False,Discovery candidate — not screened,Interior,,,,https://doi.org/10.1007/978-3-319-44497-0
10.1016/b978-0-12-812058-3.00007-7,Life on Mars From the Martian Meteorite?,Akio Makishima,2017,"Origins of the Earth, Moon, and Life",book-chapter,False,Discovery candidate — not screened,Meteorite magnetism,,,,https://doi.org/10.1016/b978-0-12-812058-3.00007-7
10.1016/j.epsl.2017.07.012,Magnesium isotope systematics in Martian meteorites,Tomáš Magna; Yan Hu; Fang-Zhen Teng; Klaus Mezger,2017,Earth and Planetary Science Letters,journal-article,False,Discovery candidate — not screened,Meteorite magnetism; Meteorite geochemistry,,,,https://doi.org/10.1016/j.epsl.2017.07.012
10.1016/j.epsl.2017.09.034,Meteorite constraints on Martian atmospheric loss and paleoclimate,William S. Cassata,2017,Earth and Planetary Science Letters,journal-article,False,Discovery candidate — not screened,Meteorite magnetism,,,,https://doi.org/10.1016/j.epsl.2017.09.034
10.1016/j.gca.2017.01.032,Petrogenesis of the NWA 7320 enriched martian gabbroic shergottite: Insight into the martian crust,Arya Udry; Geoffrey H. Howarth; Thomas J. Lapen; Minako Righter,2017,Geochimica et Cosmochimica Acta,journal-article,False,Discovery candidate — not screened,Meteorite geochemistry,,,,https://doi.org/10.1016/j.gca.2017.01.032
10.1016/j.gca.2017.08.037,The Northwest Africa 8159 martian meteorite: Expanding the martian sample suite to the early Amazonian,Christopher D.K. Herd; Erin L. Walton; Carl B. Agee; Nele Muttik; Karen Ziegler; Charles K. Shearer; Aaron S. Bell; Alison R. Santos; Paul V. Burger; Justin I. Simon; Michael J. Tappa; Francis M. McCubbin; Jérôme Gattacceca; France Lagroix; Matthew E. Sanborn; Qing-Zhu Yin; William S. Cassata; Lars E. Borg; Rachel E. Lindvall; Thomas S. Kruijer; Gregory A. Brennecka; Thorsten Kleine; Kunihiko Nishiizumi; Marc W. Caffee,2017,Geochimica et Cosmochimica Acta,journal-article,False,Discovery candidate — not screened,Meteorite magnetism,,,,https://doi.org/10.1016/j.gca.2017.08.037
10.1016/j.icarus.2016.11.005,"Classification scheme for sedimentary and igneous rocks in Gale crater, Mars",N. Mangold; M.E. Schmidt; M.R. Fisk; O. Forni; S.M. McLennan; D.W. Ming; V. Sautter; D. Sumner; A.J. Williams; S.M. Clegg; A. Cousin; O. Gasnault; R. Gellert; J.P. Grotzinger; R.C. Wiens,2017,Icarus,journal-article,False,Discovery candidate — not screened,Missions,,,,https://doi.org/10.1016/j.icarus.2016.11.005
10.1016/j.icarus.2017.01.014,"Classification of igneous rocks analyzed by ChemCam at Gale crater, Mars",Agnes Cousin; Violaine Sautter; Valérie Payré; Olivier Forni; Nicolas Mangold; Olivier Gasnault; Laetitia Le Deit; Jeff Johnson; Sylvestre Maurice; Mark Salvatore; Roger C Wiens; Patrick Gasda; William Rapin,2017,Icarus,journal-article,False,Discovery candidate — not screened,Missions,,,,https://doi.org/10.1016/j.icarus.2017.01.014
10.1016/j.icarus.2017.03.029,Impact-generated winds on Mars,Peter H. Schultz; Stephanie N. Quintana,2017,Icarus,journal-article,False,Discovery candidate — not screened,Dichotomy; Magnetism,,,,https://doi.org/10.1016/j.icarus.2017.03.029
10.1016/j.jterra.2017.03.001,"Relating geologic units and mobility system kinematics contributing to Curiosity wheel damage at Gale Crater, Mars",R.E. Arvidson; P. DeGrosse; J.P. Grotzinger; M.C. Heverly; J. Shechet; S.J. Moreland; M.A. Newby; N. Stein; A.C. Steffy; F. Zhou; A.M. Zastrow; A.R. Vasavada; A.A. Fraeman; E.K. Stilly,2017,Journal of Terramechanics,journal-article,False,Discovery candidate — not screened,Missions,,,,https://doi.org/10.1016/j.jterra.2017.03.001
10.1016/j.mattod.2017.08.009,Martian bricklayers,David Bradley,2017,Materials Today,journal-article,False,Discovery candidate — not screened,Dichotomy,,,,https://doi.org/10.1016/j.mattod.2017.08.009
10.1016/j.pss.2017.10.011,"Evidences of early aqueous Mars: Implications on the origin of branched valleys in the Ius Chasma, Mars",Tapas R. Martha; Nirmala Jain; Gasiganti T. Vamshi; K. Vinod Kumar,2017,Planetary and Space Science,journal-article,False,Discovery candidate — not screened,Dichotomy,,,,https://doi.org/10.1016/j.pss.2017.10.011
10.1017/9781139060172.002,Understanding Mars and Its Atmosphere,Richard W. Zurek,2017,The Atmosphere and Climate of Mars,book-chapter,False,Discovery candidate — not screened,Atmosphere,,,,https://doi.org/10.1017/9781139060172.002
10.1017/9781139060172.003,History of Mars Atmosphere Observations,Philip B. James; Philip R. Christensen; R. Todd Clancy; Mark T. Lemmon; Paul Withers,2017,The Atmosphere and Climate of Mars,book-chapter,False,Discovery candidate — not screened,Magnetism; Atmosphere,,,,https://doi.org/10.1017/9781139060172.003
10.1017/s1431927617011370,"Curiosity Rover Mars Hand Lens Imager (MAHLI) Views of the Sediments and Sedimentary Rocks of Gale Crater, Mars",Kenneth S. Edgett; R. Aileen Yingst; Michelle E. Minitti; Megan R. Kennedy; Gillian M. Krezoski; Deirdra M. Fey; Stephane Le Mouelic; Scott K. Rowland; Linda C. Kah; Ezat Heydari; James B. Garvin; Scott J. VanBommel,2017,Microscopy and Microanalysis,journal-article,False,Discovery candidate — not screened,Missions,,,,https://doi.org/10.1017/s1431927617011370
10.1038/ngeo2916,An ongoing satellite–ring cycle of Mars and the origins of Phobos and Deimos,Andrew J. Hesselbrock; David A. Minton,2017,Nature Geoscience,journal-article,False,Discovery candidate — not screened,Moons and impacts,,,,https://doi.org/10.1038/ngeo2916
10.1038/nphys4207,Martian dust blower,Bart Verberck,2017,Nature Physics,journal-article,False,Discovery candidate — not screened,Dichotomy,,,,https://doi.org/10.1038/nphys4207
10.1038/s41550-017-0179,A Martian origin for the Mars Trojan asteroids,D. Polishook; S. A. Jacobson; A. Morbidelli; O. Aharonson,2017,Nature Astronomy,journal-article,False,Discovery candidate — not screened,Dichotomy,,,,https://doi.org/10.1038/s41550-017-0179
10.1038/srep45629,Present-day heat flow model of Mars,Laura M. Parro; Alberto Jiménez-Díaz; Federico Mansilla; Javier Ruiz,2017,Scientific Reports,journal-article,False,Discovery candidate — not screened,Interior,,,,https://doi.org/10.1038/srep45629
10.1111/maps.12950,The noble gas concentrations of the Martian meteorites GRV 99027 and paired NWA 7906/NWA 7907,Peter C. Stephenson; Yangting Lin; Ingo Leya,2017,Meteoritics & Planetary Science,journal-article,False,Discovery candidate — not screened,Meteorite magnetism,,,,https://doi.org/10.1111/maps.12950
10.1130/abs/2017am-300589,SMALL-SCALE WRINKLE RIDGES ON THE MARTIAN DICHOTOMY BOUNDARY: EVIDENCE FOR CHANGE IN PRINCIPAL STRESS DIRECTION,University of Tennessee; Rose M. Borden; Devon M. Burr,2017,Geological Society of America Abstracts with Programs,proceedings-article,False,Discovery candidate — not screened,Dichotomy,,,,https://doi.org/10.1130/abs/2017am-300589
10.1130/abs/2017am-306336,MISSING MARS: CLUES FROM RELICT CRATERS,Brown University; Peter H. Schultz,2017,Geological Society of America Abstracts with Programs,proceedings-article,False,Discovery candidate — not screened,Chronology,,,,https://doi.org/10.1130/abs/2017am-306336
10.1130/abs/2017am-307391,"THE FORMATION OF PIT CRATERS WITHIN NOCTIS LABYRINTHUS, MARS",North Carolina State University; Corbin L. Kling; Paul K. Byrne; Danielle Y. Wyrick; Karl W. Wegmann; Helena Mitasova,2017,Geological Society of America Abstracts with Programs,proceedings-article,False,Discovery candidate — not screened,Chronology,,,,https://doi.org/10.1130/abs/2017am-307391
10.1130/abs/2017am-307650,"MORPHOLOGICAL DIVERSITY OF MARTIAN EOLIAN BEDFORMS AS REVEALED BY THE CURIOSITY ROVER AT GALE CRATER, MARS",Harvard University; Mathieu G.A. Lapotre; Ryan C. Ewing; Ryan C. Ewing; Michael P. Lamb; Michael P. Lamb; Catherine M. Weitz; Catherine M. Weitz; David M. Rubin; David M. Rubin; Nathan T. Bridges; Nathan T. Bridges; Bethany L. Ehlmann; Bethany L. Ehlmann,2017,Geological Society of America Abstracts with Programs,proceedings-article,False,Discovery candidate — not screened,Missions,,,,https://doi.org/10.1130/abs/2017am-307650
10.1134/s1063772917090037,Catalog of hard X-ray solar flares detected with Mars Odyssey/HEND from the Mars orbit in 2001–2016,M. A. Livshits; I. V. Zimovets; D. V. Golovin; B. A. Nizamov; V. I. Vybornov; I. G. Mitrofanov; A. S. Kozyrev; M. L. Litvak; A. B. Sanin; V. I. Tretyakov,2017,Astronomy Reports,journal-article,False,Discovery candidate — not screened,Missions,,,,https://doi.org/10.1134/s1063772917090037
10.1186/s40645-017-0135-8,Feasibility of a magma ocean dynamo on Mars,George Helffrich,2017,Progress in Earth and Planetary Science,journal-article,False,Discovery candidate — not screened,Interior; Magnetism; Surface and water,,,,https://doi.org/10.1186/s40645-017-0135-8
10.14293/s2199-1006.1.sor-geo.clog6vy.v1,Martian Soil,Samuel Kounaves,2017,,database,False,Discovery candidate — not screened,Dichotomy,,,,https://doi.org/10.14293/s2199-1006.1.sor-geo.clog6vy.v1
10.14293/s2199-1006.1.sor-geo.clspwmz.v1,Martian Soil,Samuel Kounaves,2017,,database,False,Discovery candidate — not screened,Dichotomy,,,,https://doi.org/10.14293/s2199-1006.1.sor-geo.clspwmz.v1
10.2307/j.ctv15wxnk9.20,CHIEF MARTIAN MONSTER,,2017,Piercing the Horizon,book-chapter,False,Discovery candidate — not screened,Dichotomy,,,,https://doi.org/10.2307/j.ctv15wxnk9.20
10.31988/scitrends.3819,Evidence For Glaciation Found In Alba Mons Region Of Mars,Rishitosh Kumar Sinha,2017,Science Trends,journal-article,False,Discovery candidate — not screened,Surface and water,,,,https://doi.org/10.31988/scitrends.3819
10.4236/jmp.2017.88083,Crustal Magnetization of Mars: Terra Meridiani and Terra Sirenum,Renee A. French; Donna M. Jurdy,2017,Journal of Modern Physics,journal-article,False,Discovery candidate — not screened,Magnetism,,,,https://doi.org/10.4236/jmp.2017.88083
10.69894/20170124,Seismic interpretation on Mars,Neil McNaughton,2017,Oil Information Technology Journal,journal-article,False,Discovery candidate — not screened,Interior,,,,https://doi.org/10.69894/20170124
10.1002/2015ja021947,Mars nightside electrons over strong crustal fields,Alexander D. Shane; Shaosui Xu; Michael W. Liemohn; David L. Mitchell,2016,Journal of Geophysical Research: Space Physics,journal-article,False,Discovery candidate — not screened,Interior; Magnetism,,,,https://doi.org/10.1002/2015ja021947
10.1002/2015je004987,"The potassic sedimentary rocks in Gale Crater, Mars, as seen by ChemCam on board Curiosity",L. Le Deit; N. Mangold; O. Forni; A. Cousin; J. Lasue; S. Schröder; R. C. Wiens; D. Sumner; C. Fabre; K. M. Stack; R. B. Anderson; D. Blaney; S. Clegg; G. Dromart; M. Fisk; O. Gasnault; J. P. Grotzinger; S. Gupta; N. Lanza; S. Le Mouélic; S. Maurice; S. M. McLennan; P.‐Y. Meslin; M. Nachon; H. Newsom; V. Payré; W. Rapin; M. Rice; V. Sautter; A. H. Treiman,2016,Journal of Geophysical Research: Planets,journal-article,False,Discovery candidate — not screened,Missions,,,,https://doi.org/10.1002/2015je004987
10.1002/2016gl067752,Plasma clouds and snowplows: Bulk plasma escape from Mars observed by MAVEN,J. S. Halekas; D. A. Brain; S. Ruhunusiri; J. P. McFadden; D. L. Mitchell; C. Mazelle; J. E. P. Connerney; Y. Harada; T. Hara; J. R. Espley; G.A. DiBraccio; B. M. Jakosky,2016,Geophysical Research Letters,journal-article,False,Discovery candidate — not screened,Atmosphere,,,,https://doi.org/10.1002/2016gl067752
10.1002/2016gl068926,MAVEN observations of partially developed Kelvin‐Helmholtz vortices at Mars,Suranga Ruhunusiri; J. S. Halekas; J. P. McFadden; J. E. P. Connerney; J. R. Espley; Y. Harada; R. Livi; K. Seki; C. Mazelle; D. Brain; T. Hara; G. A. DiBraccio; D. E. Larson; D. L. Mitchell; B. M. Jakosky; H. Hasegawa,2016,Geophysical Research Letters,journal-article,False,Discovery candidate — not screened,Magnetism,,,,https://doi.org/10.1002/2016gl068926
10.1002/2016gl069591,Ducted electromagnetic waves in the Martian ionosphere detected by the Mars Advanced Radar for Subsurface and Ionosphere Sounding radar,Zhenfei Zhang; Roberto Orosei; Qian Huang; Jie Zhang,2016,Geophysical Research Letters,journal-article,False,Discovery candidate — not screened,Surface and water,,,,https://doi.org/10.1002/2016gl069591
10.1002/2016je005076,Cometary origin of atmospheric methane variations on Mars unlikely,M. Roos‐Serote; S. K. Atreya; C. R. Webster; P. R. Mahaffy,2016,Journal of Geophysical Research: Planets,journal-article,False,Discovery candidate — not screened,Dichotomy,,,,https://doi.org/10.1002/2016je005076
10.1002/2016je005202,The influence of crustal radioactivity on mantle convection and lithospheric thickness on Mars,Walter S. Kiefer,2016,Journal of Geophysical Research: Planets,journal-article,False,Discovery candidate — not screened,Interior,,,,https://doi.org/10.1002/2016je005202
10.1002/rob.21647,Mars Science Laboratory Curiosity Rover Megaripple Crossings up to Sol 710 in Gale Crater,Raymond E. Arvidson; Karl D. Iagnemma; Mark Maimone; Abigail A. Fraeman; Feng Zhou; Matthew C. Heverly; Paolo Bellutta; David Rubin; Nathan T. Stein; John P. Grotzinger; Ashwin R. Vasavada,2016,Journal of Field Robotics,journal-article,False,Discovery candidate — not screened,Missions,,,,https://doi.org/10.1002/rob.21647
10.1007/978-3-319-21888-5_1,Martian Dragons,Erik Seedhouse,2016,Mars via the Moon,book-chapter,False,Discovery candidate — not screened,Dichotomy,,,,https://doi.org/10.1007/978-3-319-21888-5_1
10.1007/s11084-016-9498-x,Searching for the Source Crater of Nakhlite Meteorites,A. Kereszturi; E. Chatzitheodoridis,2016,Origins of Life and Evolution of Biospheres,journal-article,False,Discovery candidate — not screened,Meteorite provenance,,,,https://doi.org/10.1007/s11084-016-9498-x
10.1016/j.asr.2016.07.021,Augmentation method of XPNAV in Mars orbit based on Phobos and Deimos observations,Jiao Rong; Xu Luping; Hua Zhang; Li Cong,2016,Advances in Space Research,journal-article,False,Discovery candidate — not screened,Moons and impacts,,,,https://doi.org/10.1016/j.asr.2016.07.021
10.1016/j.epsl.2015.11.004,A Pb isotopic resolution to the Martian meteorite age paradox,J.J. Bellucci; A.A. Nemchin; M.J. Whitehouse; J.F. Snape; R.B. Kielman; P.A. Bland; G.K. Benedix,2016,Earth and Planetary Science Letters,journal-article,False,Discovery candidate — not screened,Meteorite magnetism,,,,https://doi.org/10.1016/j.epsl.2015.11.004
10.1016/j.epsl.2016.06.041,Rare-earth-element minerals in martian breccia meteorites NWA 7034 and 7533: Implications for fluid–rock interaction in the martian crust,Yang Liu; Chi Ma; John R. Beckett; Yang Chen; Yunbin Guan,2016,Earth and Planetary Science Letters,journal-article,False,Discovery candidate — not screened,Meteorite magnetism; Meteorite geochemistry; Meteorite provenance,,,,https://doi.org/10.1016/j.epsl.2016.06.041
10.1016/j.gca.2015.12.002,Accretion timescale and impact history of Mars deduced from the isotopic systematics of martian meteorites,Lars E. Borg; Gregory A. Brennecka; Steven J.K. Symes,2016,Geochimica et Cosmochimica Acta,journal-article,False,Discovery candidate — not screened,Meteorite geochemistry,,,,https://doi.org/10.1016/j.gca.2015.12.002
10.1016/j.icarus.2015.09.037,Enhanced erosion rates on Mars during Amazonian glaciation,Joseph S. Levy; Caleb I. Fassett; James W. Head,2016,Icarus,journal-article,False,Discovery candidate — not screened,Surface and water,,,,https://doi.org/10.1016/j.icarus.2015.09.037
10.1016/j.icarus.2015.10.020,Origin of circular collapsed landforms in the Chryse region of Mars,Manuel Roda; Maarten G. Kleinhans; Tanja E. Zegers; Rob Govers,2016,Icarus,journal-article,False,Discovery candidate — not screened,Dichotomy,,,,https://doi.org/10.1016/j.icarus.2015.10.020
10.1016/j.icarus.2016.02.050,"Seasonal and static gravity field of Mars from MGS, Mars Odyssey and MRO radio science",Antonio Genova; Sander Goossens; Frank G. Lemoine; Erwan Mazarico; Gregory A. Neumann; David E. Smith; Maria T. Zuber,2016,Icarus,journal-article,False,Discovery candidate — not screened,Missions,,,,https://doi.org/10.1016/j.icarus.2016.02.050
10.1016/j.icarus.2016.04.002,"Extensive aqueous deposits at the base of the dichotomy boundary in Nilosyrtis Mensae, Mars",Joshua L. Bandfield; Elena S. Amador,2016,Icarus,journal-article,False,Discovery candidate — not screened,Dichotomy; Surface and water; Volcanism and tectonics,,,,https://doi.org/10.1016/j.icarus.2016.04.002
10.1016/j.pss.2016.02.013,Mars Express 10 years at Mars: Observations by the Mars Express Radio Science Experiment (MaRS),M. Pätzold; B. Häusler; G.L. Tyler; T. Andert; S.W. Asmar; M.K. Bird; V. Dehant; D.P. Hinson; P. Rosenblatt; R.A. Simpson; S. Tellmann; P. Withers; M. Beuthe; A.I. Efimov; M. Hahn; D. Kahan; S. Le Maistre; J. Oschlisniok; K. Peter; S. Remus,2016,Planetary and Space Science,journal-article,False,Discovery candidate — not screened,Missions,,,,https://doi.org/10.1016/j.pss.2016.02.013
10.1016/j.pss.2016.07.001,Planetary heat flow from shallow subsurface measurements: Mars,Marc Cornwall; Axel Hagermann,2016,Planetary and Space Science,journal-article,False,Discovery candidate — not screened,Interior,,,,https://doi.org/10.1016/j.pss.2016.07.001
10.1016/s0262-4079(16)31348-3,Mars mission on the ocean floor,,2016,New Scientist,journal-article,False,Discovery candidate — not screened,Surface and water,,,,https://doi.org/10.1016/s0262-4079(16)31348-3
10.1017/s1431927616009879,Identifying the Carrier of Martian Water in the Nakhla Meteorite,Martin Lee; Ian MacLaren,2016,Microscopy and Microanalysis,journal-article,False,Discovery candidate — not screened,Meteorite magnetism,,,,https://doi.org/10.1017/s1431927616009879
10.1038/nature.2016.19916,Giant tsunamis washed over ancient Mars,Alexandra Witze,2016,Nature,journal-article,False,Discovery candidate — not screened,Dichotomy,,,,https://doi.org/10.1038/nature.2016.19916
10.1038/srep25106,Tsunami waves extensively resurfaced the shorelines of an early Martian ocean,J. Alexis P. Rodriguez; Alberto G. Fairén; Kenneth L. Tanaka; Mario Zarroca; Rogelio Linares; Thomas Platz; Goro Komatsu; Hideaki Miyamoto; Jeffrey S. Kargel; Jianguo Yan; Virginia Gulick; Kana Higuchi; Victor R. Baker; Natalie Glines,2016,Scientific Reports,journal-article,False,Discovery candidate — not screened,Surface and water,,,,https://doi.org/10.1038/srep25106
10.1063/pt.5.031268,Viking 1 lands on Mars,,2016,Physics Today,journal-article,False,Discovery candidate — not screened,Missions,,,,https://doi.org/10.1063/pt.5.031268
10.1109/icgpr.2016.7572700,The subsurface penetrating radar on the rover of China's Mars 2020 mission,B. Zhou; S. X. Shen; Y. C. Ji; W. Lu; F. Zhang; G. Y. Fang; Y. Su; S. Dai,2016,2016 16th International Conference on Ground Penetrating Radar (GPR),proceedings-article,False,Discovery candidate — not screened,Surface and water,,,,https://doi.org/10.1109/icgpr.2016.7572700
10.1111/maps.12647,The chlorine isotopic composition of Martian meteorites 1: Chlorine isotope composition of Martian mantle and crustal reservoirs and their interactions,J. T. Williams; C. K. Shearer; Z. D. Sharp; P. V. Burger; F. M. McCubbin; A. R. Santos; C. B. Agee; K. D. McKeegan,2016,Meteoritics & Planetary Science,journal-article,False,Discovery candidate — not screened,Meteorite geochemistry,,,,https://doi.org/10.1111/maps.12647
10.1111/maps.12684,Martian meteorite Tissint records unique petrogenesis among the depleted shergottites,A. Basu Sarbadhikari; E. V. S. S. K. Babu; T. Vijaya Kumar; H. Chennaoui Aoudjehane,2016,Meteoritics & Planetary Science,journal-article,False,Discovery candidate — not screened,Meteorite magnetism,,,,https://doi.org/10.1111/maps.12684
10.1111/maps.12717,"Hydrogen isotopic composition of the Martian mantle inferred from the newest Martian meteorite fall, Tissint",P. Mane; R. Hervig; M. Wadhwa; L. A. J. Garvie; J. B. Balta; H. Y. McSween,2016,Meteoritics & Planetary Science,journal-article,False,Discovery candidate — not screened,Meteorite magnetism; Meteorite geochemistry,,,,https://doi.org/10.1111/maps.12717
10.1111/maps.12720,Water undersaturated mantle plume volcanism on present‐day Mars,Walter S. Kiefer; Qingsong Li,2016,Meteoritics & Planetary Science,journal-article,False,Discovery candidate — not screened,Volcanism and tectonics,,,,https://doi.org/10.1111/maps.12720
10.1111/maps.12740,Regolith breccia Northwest Africa 7533: Mineralogy and petrology with implications for early Mars,Roger H. Hewins; Brigitte Zanda; Munir Humayun; Alexander Nemchin; Jean‐Pierre Lorand; Sylvain Pont; Damien Deldicque; Jeremy J. Bellucci; Pierre Beck; Hugues Leroux; Maya Marinova; Laurent Remusat; Christa Göpel; Eric Lewin; Marion Grange; Allen Kennedy; Martin J. Whitehouse,2016,Meteoritics & Planetary Science,journal-article,False,Discovery candidate — not screened,Meteorite geochemistry,,,,https://doi.org/10.1111/maps.12740
10.1117/12.2232425,Gamma ray spectrometer for future Mars mission: design concept and simulation study,S. K. Goyal; D. Banerjee; S. Vadawale; Dipak K. Panda; A. R. Patel; A. Patinge; T. Ladiya; A. B. Sarbadhikari,2016,SPIE Proceedings Space Telescopes and Instrumentation 2016: Ultraviolet to Gamma Ray,proceedings-article,False,Discovery candidate — not screened,Missions,,,,https://doi.org/10.1117/12.2232425
10.1130/abs/2016am-282080,MICROANALYSIS OF IDDINGSITE ALTERATION IN MARTIAN METEORITE NORTHWEST AFRICA 10416,University of New Mexico; Zoltan Vaci; Carl Agee; Christopher D.K. Herd,2016,Geological Society of America Abstracts with Programs,proceedings-article,False,Discovery candidate — not screened,Meteorite magnetism,,,,https://doi.org/10.1130/abs/2016am-282080
10.1130/abs/2016am-283313,ENHANCEMENT OF ASTROBIOLOGICAL DETECTION POTENTIAL BY FRACTURE-SOURCED FLUIDS NEAR MARS’ DICHOTOMY BOUNDARY,University of Colorado; Rebecca Jane Thomas; Brian M. Hynek,2016,Geological Society of America Abstracts with Programs,proceedings-article,False,Discovery candidate — not screened,Dichotomy; Surface and water; Volcanism and tectonics,,,,https://doi.org/10.1130/abs/2016am-283313
10.1130/abs/2016am-283395,"GEOLOGIC MAP OF THE MSL CURIOSITY ROVER EXTENDED MISSION TRAVERSE OF AEOLIS MONS, GALE CRATER, MARS",California Institute of Technology; Kathryn M. Stack; Shannon M. Cofield; Abigail A. Fraeman; Christopher S. Edwards,2016,Geological Society of America Abstracts with Programs,proceedings-article,False,Discovery candidate — not screened,Missions,,,,https://doi.org/10.1130/abs/2016am-283395
10.1130/abs/2016am-283458,VOLCANOTECTONIC PROCESSES NEAR MARS’ DICHOTOMY BOUNDARY,University of Colorado; Rebecca Jane Thomas; Brian M. Hynek,2016,Geological Society of America Abstracts with Programs,proceedings-article,False,Discovery candidate — not screened,Dichotomy; Gravity and topography; Magnetism; Chronology; Surface and water; Volcanism and tectonics; Atmosphere,,,,https://doi.org/10.1130/abs/2016am-283458
10.1130/abs/2016am-284494,LONG-LIVED DEEP LAKES IN EARLY MARS: SEDIMENTOLOGICAL EVIDENCE FROM THE CURIOSITY ROVER AT GALE CRATER,Jackson State University; Ezat Heydari; Kathryn M. Stack; Fred Calef; Kevin Lewis; Timothy Parker; Scott K. Rowland; Alberto G. Fairen; Bernard Hallet,2016,Geological Society of America Abstracts with Programs,proceedings-article,False,Discovery candidate — not screened,Missions,,,,https://doi.org/10.1130/abs/2016am-284494
10.1130/abs/2016am-285651,DIVERSE IGNEOUS PROTOLITH CONTRIBUTIONS TO SEDIMENTS IN GALE CRATER: VARIABLE METASOMATISM OF THE MARS MANTLE,Brock University; Mariek Schmidt; Matthew R.M. Izawa; Alicia E.P. Thomas; Lucy M. Thompson; R. Gellert,2016,Geological Society of America Abstracts with Programs,proceedings-article,False,Discovery candidate — not screened,Missions,,,,https://doi.org/10.1130/abs/2016am-285651
10.1130/abs/2016am-287257,OLIVINES IN MARTIAN METEORITE NWA 10416: ALTERATION AND OXYGEN ISOTOPE EVOLUTION,University of New Mexico; Karen Ziegler; Zoltan Vaci; Carl B. Agee,2016,Geological Society of America Abstracts with Programs,proceedings-article,False,Discovery candidate — not screened,Meteorite magnetism,,,,https://doi.org/10.1130/abs/2016am-287257
10.1134/s1064226916010101,Space-based radar systems intended for subsurface sounding of Mars and Moon soils,V. M. Smirnov; O. V. Yushkova; V. N. Marchuk; V. Yu. Andreev,2016,Journal of Communications Technology and Electronics,journal-article,False,Discovery candidate — not screened,Surface and water,,,,https://doi.org/10.1134/s1064226916010101
10.2343/geochemj.2.0407,Interactive evolution of multiple water-ice reservoirs on Mars: Insights from hydrogen isotope compositions,Hiroyuki Kurokawa; Tomohiro Usui; Masahiko Sato,2016,GEOCHEMICAL JOURNAL,journal-article,False,Discovery candidate — not screened,Surface and water,,,,https://doi.org/10.2343/geochemj.2.0407
10.2514/6.2016-5681,Trajectory Design for the Phobos and Deimos & Mars Environment Spacecraft,Anthony L. Genova; David Korsmeyer; Mike Loucks; Fan Yang Yang; Pascal Lee,2016,AIAA/AAS Astrodynamics Specialist Conference,proceedings-article,False,Discovery candidate — not screened,Moons and impacts,,,,https://doi.org/10.2514/6.2016-5681
10.1002/2014je004660,Statistical studies on Mars atmospheric sputtering by precipitating pickup O + : Preparation for the MAVEN mission,Yung‐Ching Wang; Janet G. Luhmann; Xiaohua Fang; François Leblanc; Robert E. Johnson; Yingjuan Ma; Wing‐Huen Ip,2015,Journal of Geophysical Research: Planets,journal-article,False,Discovery candidate — not screened,Atmosphere,,,,https://doi.org/10.1002/2014je004660
10.1002/2014je004748,Thermal evolution and Urey ratio of Mars,A.-C. Plesa; N. Tosi; M. Grott; D. Breuer,2015,Journal of Geophysical Research: Planets,journal-article,False,Discovery candidate — not screened,Interior,,,,https://doi.org/10.1002/2014je004748
10.1002/2015gl065004,Magnetic reconnection in the near‐Mars magnetotail: MAVEN observations,Y. Harada; J. S. Halekas; J. P. McFadden; D. L. Mitchell; C. Mazelle; J. E. P. Connerney; J. Espley; D. E. Larson; D. A. Brain; L. Andersson; G. A. DiBraccio; G. A. Collinson; R. Livi; T. Hara; S. Ruhunusiri; B. M. Jakosky,2015,Geophysical Research Letters,journal-article,False,Discovery candidate — not screened,Magnetism; Atmosphere,,,,https://doi.org/10.1002/2015gl065004
10.1002/2015gl065169,Model insights into energetic photoelectrons measured at Mars by MAVEN,Shotaro Sakai; Ali Rahmati; David L. Mitchell; Thomas E. Cravens; Stephen W. Bougher; Christian Mazelle; W. K. Peterson; Francis G. Eparvier; Juan M. Fontenla; Bruce M. Jakosky,2015,Geophysical Research Letters,journal-article,False,Discovery candidate — not screened,Magnetism,,,,https://doi.org/10.1002/2015gl065169
10.1002/2015gl065241,Ionospheric plasma density variations observed at Mars by MAVEN/LPW,D. J. Andrews; L. Andersson; G. T. Delory; R. E. Ergun; A. I. Eriksson; C. M. Fowler; T. McEnulty; M. W. Morooka; T. Weber; B. M. Jakosky,2015,Geophysical Research Letters,journal-article,False,Discovery candidate — not screened,Magnetism,,,,https://doi.org/10.1002/2015gl065241
10.1002/2015gl065248,Magnetotail dynamics at Mars: Initial MAVEN observations,Gina A. DiBraccio; Jared. R. Espley; Jacob R. Gruesbeck; John E. P. Connerney; David A. Brain; Jasper S. Halekas; David L. Mitchell; James P. McFadden; Yuki Harada; Roberto Livi; Glyn Collinson; Takuya Hara; Christian Mazelle; Bruce M. Jakosky,2015,Geophysical Research Letters,journal-article,False,Discovery candidate — not screened,Magnetism; Atmosphere,,,,https://doi.org/10.1002/2015gl065248
10.1002/2015gl065262,MAVEN insights into oxygen pickup ions at Mars,A. Rahmati; D. E. Larson; T. E. Cravens; R. J. Lillis; P. A. Dunn; J. S. Halekas; J. E. Connerney; F. G. Eparvier; E. M. B. Thiemann; B. M. Jakosky,2015,Geophysical Research Letters,journal-article,False,Discovery candidate — not screened,Magnetism; Atmosphere,,,,https://doi.org/10.1002/2015gl065262
10.1002/2015gl065271,Initial results from the MAVEN mission to Mars,Bruce M. Jakosky; Joseph M. Grebowsky; Janet G. Luhmann; David A. Brain,2015,Geophysical Research Letters,journal-article,False,Discovery candidate — not screened,Magnetism; Atmosphere,,,,https://doi.org/10.1002/2015gl065271
10.1002/2015gl065346,Strong plume fluxes at Mars observed by MAVEN: An important planetary ion escape channel,Y. Dong; X. Fang; D. A. Brain; J. P. McFadden; J. S. Halekas; J. E. Connerney; S. M. Curry; Y. Harada; J. G. Luhmann; B. M. Jakosky,2015,Geophysical Research Letters,journal-article,False,Discovery candidate — not screened,Atmosphere,,,,https://doi.org/10.1002/2015gl065346
10.1002/2015gl065487,MAVEN IUVS observation of the hot oxygen corona at Mars,J. Deighan; M. S. Chaffin; J.‐Y. Chaufray; A. I. F. Stewart; N. M. Schneider; S. K. Jain; A. Stiepen; M. Crismani; W. E. McClintock; J. T. Clarke; G. M. Holsclaw; F. Montmessin; F. G. Eparvier; E. M. B. Thiemann; P. C. Chamberlin; B. M. Jakosky,2015,Geophysical Research Letters,journal-article,False,Discovery candidate — not screened,Magnetism,,,,https://doi.org/10.1002/2015gl065487
10.1002/2015gl065720,Estimation of the spatial structure of a detached magnetic flux rope at Mars based on simultaneous MAVEN plasma and magnetic field observations,Takuya Hara; David L. Mitchell; James P. McFadden; Kanako Seki; David A. Brain; Jasper S. Halekas; Yuki Harada; Jared R. Espley; Gina A. DiBraccio; John E. P. Connerney; Lailla Andersson; Christian Mazelle; Bruce M. Jakosky,2015,Geophysical Research Letters,journal-article,False,Discovery candidate — not screened,Magnetism; Atmosphere,,,,https://doi.org/10.1002/2015gl065720
10.1002/2015gl065732,MAVEN and the Mars Initial Reference Ionosphere model,Michael Mendillo; Clara Narvaez; Majd Matta; Marissa Vogt; Paul Mahaffy; Mehdi Benna; Bruce Jakosky,2015,Geophysical Research Letters,journal-article,False,Discovery candidate — not screened,Magnetism; Atmosphere,,,,https://doi.org/10.1002/2015gl065732
10.1002/2015gl066122,Implications of MAVEN Mars near‐wake measurements and models,J. G. Luhmann; Chuanfei Dong; Yingjuan Ma; S. M. Curry; D. Mitchell; J. Espley; J. Connerney; J. Halekas; D. A. Brain; B. M. Jakosky; C. Mazelle,2015,Geophysical Research Letters,journal-article,False,Discovery candidate — not screened,Magnetism,,,,https://doi.org/10.1002/2015gl066122
10.1002/2015je004809,The Pb isotopic evolution of the Martian mantle constrained by initial Pb in Martian meteorites,J. J. Bellucci; A. A. Nemchin; M. J. Whitehouse; J. F. Snape; P. Bland; G. K. Benedix,2015,Journal of Geophysical Research: Planets,journal-article,False,Discovery candidate — not screened,Meteorite magnetism; Meteorite geochemistry,,,,https://doi.org/10.1002/2015je004809
10.1007/978-1-4614-3134-3_146,"Fan-Shaped Deposit (Tharsis, Mars)",Fabio Vittorio De Blasio,2015,Encyclopedia of Planetary Landforms,book-chapter,False,Discovery candidate — not screened,Gravity and topography,,,,https://doi.org/10.1007/978-1-4614-3134-3_146
10.1007/978-1-4614-3134-3_173,Giant Polygons (Mars),Dorothy Z. Oehler,2015,Encyclopedia of Planetary Landforms,book-chapter,False,Discovery candidate — not screened,Dichotomy,,,,https://doi.org/10.1007/978-1-4614-3134-3_173
10.1007/978-1-4614-3134-3_543,"Stealth Feature (Radar, Mars)",Henrik Hargitai; Jim Zimbelman,2015,Encyclopedia of Planetary Landforms,book-chapter,False,Discovery candidate — not screened,Surface and water,,,,https://doi.org/10.1007/978-1-4614-3134-3_543
10.1007/978-1-4614-3134-3_649,Hemispheric Dichotomy (Mars),James H. Roberts,2015,Encyclopedia of Planetary Landforms,book-chapter,False,Discovery candidate — not screened,Dichotomy; Interior; Gravity and topography; Magnetism; Chronology; Surface and water; Volcanism and tectonics; Atmosphere,,,,https://doi.org/10.1007/978-1-4614-3134-3_649
10.1007/978-1-4614-3134-3_650,Transition Topography (Mars),Giovanni Leone,2015,Encyclopedia of Planetary Landforms,book-chapter,False,Discovery candidate — not screened,Gravity and topography; Atmosphere,,,,https://doi.org/10.1007/978-1-4614-3134-3_650
10.1007/978-3-662-44185-5_100680,Martian Meteorites,,2015,Encyclopedia of Astrobiology,book-chapter,False,Discovery candidate — not screened,Dichotomy; Meteorite magnetism; Meteorite geochemistry,,,,https://doi.org/10.1007/978-3-662-44185-5_100680
10.1007/978-3-662-44185-5_1756,Mars Odyssey,Frances Westall,2015,Encyclopedia of Astrobiology,book-chapter,False,Discovery candidate — not screened,Missions,,,,https://doi.org/10.1007/978-3-662-44185-5_1756
10.1007/978-3-662-44185-5_940,Mars Express,Jean-Pierre Bibring,2015,Encyclopedia of Astrobiology,book-chapter,False,Discovery candidate — not screened,Missions,,,,https://doi.org/10.1007/978-3-662-44185-5_940
10.1007/978-3-662-44185-5_942,Mars Pathfinder,Claude D’Uston,2015,Encyclopedia of Astrobiology,book-chapter,False,Discovery candidate — not screened,Missions,,,,https://doi.org/10.1007/978-3-662-44185-5_942
10.1007/978-94-007-6304-3_82,"Luminescence, Martian Sediments",Regina DeWitt,2015,Encyclopedia of Earth Sciences Series Encyclopedia of Scientific Dating Methods,book-chapter,False,Discovery candidate — not screened,Dichotomy,,,,https://doi.org/10.1007/978-94-007-6304-3_82
10.1007/s11214-015-0139-x,The Mars Atmosphere and Volatile Evolution (MAVEN) Mission,B. M. Jakosky; R. P. Lin; J. M. Grebowsky; J. G. Luhmann; D. F. Mitchell; G. Beutelschies; T. Priser; M. Acuna; L. Andersson; D. Baird; D. Baker; R. Bartlett; M. Benna; S. Bougher; D. Brain; D. Carson; S. Cauffman; P. Chamberlin; J.-Y. Chaufray; O. Cheatom; J. Clarke; J. Connerney; T. Cravens; D. Curtis; G. Delory; S. Demcak; A. DeWolfe; F. Eparvier; R. Ergun; A. Eriksson; J. Espley; X. Fang; D. Folta; J. Fox; C. Gomez-Rosa; S. Habenicht; J. Halekas; G. Holsclaw; M. Houghton; R. Howard; M. Jarosz; N. Jedrich; M. Johnson; W. Kasprzak; M. Kelley; T. King; M. Lankton; D. Larson; F. Leblanc; F. Lefevre; R. Lillis; P. Mahaffy; C. Mazelle; W. McClintock; J. McFadden; D. L. Mitchell; F. Montmessin; J. Morrissey; W. Peterson; W. Possel; J.-A. Sauvaud; N. Schneider; W. Sidney; S. Sparacino; A. I. F. Stewart; R. Tolson; D. Toublanc; C. Waters; T. Woods; R. Yelle; R. Zurek,2015,Space Science Reviews,journal-article,False,Discovery candidate — not screened,Magnetism; Atmosphere,,,,https://doi.org/10.1007/s11214-015-0139-x
10.1007/s11214-015-0165-8,"Characterizing Atmospheric Escape from Mars Today and Through Time, with MAVEN",R. J. Lillis; D. A. Brain; S. W. Bougher; F. Leblanc; J. G. Luhmann; B. M. Jakosky; R. Modolo; J. Fox; J. Deighan; X. Fang; Y. C. Wang; Y. Lee; C. Dong; Y. Ma; T. Cravens; L. Andersson; S. M. Curry; N. Schneider; M. Combi; I. Stewart; J. Clarke; J. Grebowsky; D. L. Mitchell; R. Yelle; A. F. Nagy; D. Baker; R. P. Lin,2015,Space Science Reviews,journal-article,False,Discovery candidate — not screened,Atmosphere,,,,https://doi.org/10.1007/s11214-015-0165-8
10.1007/s11214-015-0221-4,Preface: The Mars Atmosphere and Volatile Evolution (MAVEN) Mission,C. T. Russell; B. M. Jakosky,2015,Space Science Reviews,journal-article,False,Discovery candidate — not screened,Magnetism,,,,https://doi.org/10.1007/s11214-015-0221-4
10.1016/b978-0-12-385938-9.00041-9,Volcanism on Mars,James R. Zimbelman; William Brent Garry; Jacob Elvin Bleacher; David A. Crown,2015,The Encyclopedia of Volcanoes,book-chapter,False,Discovery candidate — not screened,Volcanism and tectonics,,,,https://doi.org/10.1016/b978-0-12-385938-9.00041-9
10.1016/j.epsl.2014.10.046,New bulk sulfur measurements of Martian meteorites and modeling the fate of sulfur during melting and crystallization – Implications for sulfur transfer from Martian mantle to crust–atmosphere system,Shuo Ding; Rajdeep Dasgupta; Cin-Ty A. Lee; Meenakshi Wadhwa,2015,Earth and Planetary Science Letters,journal-article,False,Discovery candidate — not screened,Meteorite geochemistry,,,,https://doi.org/10.1016/j.epsl.2014.10.046
10.1016/j.epsl.2014.11.018,"Pb-isotopic evidence for an early, enriched crust on Mars",J.J. Bellucci; A.A. Nemchin; M.J. Whitehouse; M. Humayun; R. Hewins; B. Zanda,2015,Earth and Planetary Science Letters,journal-article,False,Discovery candidate — not screened,Meteorite geochemistry; Chronology,,,,https://doi.org/10.1016/j.epsl.2014.11.018
10.1016/j.geomorph.2014.09.028,Channel slope reversal near the Martian dichotomy boundary: Testing tectonic hypotheses,Alexandra Lefort; Devon M. Burr; Francis Nimmo; Robert E. Jacobsen,2015,Geomorphology,journal-article,False,Discovery candidate — not screened,Dichotomy,,,,https://doi.org/10.1016/j.geomorph.2014.09.028
10.1016/j.geomorph.2015.05.029,"Little Ice Age debris lobes and nivation hollows inside Ubehebe Crater, Death Valley, California: Analog for Mars craters?",Nick Eyles; Louise Daurio,2015,Geomorphology,journal-article,False,Discovery candidate — not screened,Chronology,,,,https://doi.org/10.1016/j.geomorph.2015.05.029
10.1016/j.icarus.2014.11.013,Evidence for large reservoirs of water/mud in Utopia and Acidalia Planitiae on Mars,M.A. Ivanov; H. Hiesinger; G. Erkeling; D. Reiss,2015,Icarus,journal-article,False,Discovery candidate — not screened,Surface and water,,,,https://doi.org/10.1016/j.icarus.2014.11.013
10.1016/j.pepi.2014.12.005,"Giant impacts, heterogeneous mantle heating and a past hemispheric dynamo on Mars",Julien Monteux; Hagay Amit; Gaël Choblet; Benoit Langlais; Gabriel Tobie,2015,Physics of the Earth and Planetary Interiors,journal-article,False,Discovery candidate — not screened,Dichotomy; Magnetism,,,,https://doi.org/10.1016/j.pepi.2014.12.005
10.1016/s0262-4079(15)30005-1,Martian fat,,2015,New Scientist,journal-article,False,Discovery candidate — not screened,Dichotomy,,,,https://doi.org/10.1016/s0262-4079(15)30005-1
10.1016/s0262-4079(15)31533-5,Martian planning,,2015,New Scientist,journal-article,False,Discovery candidate — not screened,Dichotomy,,,,https://doi.org/10.1016/s0262-4079(15)31533-5
10.1029/2015eo032527,Craters Could Make Great Impacts on Mars Exploration,George Shaw,2015,Eos,journal-article,False,Discovery candidate — not screened,Chronology,,,,https://doi.org/10.1029/2015eo032527
10.1029/2018eo038899,First Results from the MAVEN Mission to Mars,Andrew Dombard; Benoit Lavraud; W. Peterson; Noah Diffenbaugh,2015,Eos,journal-article,False,Discovery candidate — not screened,Magnetism; Atmosphere,,,,https://doi.org/10.1029/2018eo038899
10.1038/527136a,How Mars loses its atmosphere,,2015,Nature,journal-article,False,Discovery candidate — not screened,Atmosphere,,,,https://doi.org/10.1038/527136a
10.1038/ncomms8399,Evidence for methane in Martian meteorites,Nigel J. F. Blamey; John Parnell; Sean McMahon; Darren F. Mark; Tim Tomkinson; Martin Lee; Jared Shivak; Matthew R. M. Izawa; Neil R. Banerjee; Roberta L. Flemming,2015,Nature Communications,journal-article,False,Discovery candidate — not screened,Meteorite magnetism; Meteorite geochemistry,,,,https://doi.org/10.1038/ncomms8399
10.1038/ngeo2474,In situ evidence for continental crust on early Mars,V. Sautter; M. J. Toplis; R. C. Wiens; A. Cousin; C. Fabre; O. Gasnault; S. Maurice; O. Forni; J. Lasue; A. Ollila; J. C. Bridges; N. Mangold; S. Le Mouélic; M. Fisk; P.-Y. Meslin; P. Beck; P. Pinet; L. Le Deit; W. Rapin; E. M. Stolper; H. Newsom; D. Dyar; N. Lanza; D. Vaniman; S. Clegg; J. J. Wray,2015,Nature Geoscience,journal-article,False,Discovery candidate — not screened,Gravity and topography; Meteorite geochemistry; Chronology,,,,https://doi.org/10.1038/ngeo2474
10.1038/nphys3603,Martian dune dynamics,Bart Verberck,2015,Nature Physics,journal-article,False,Discovery candidate — not screened,Dichotomy,,,,https://doi.org/10.1038/nphys3603
10.1080/17445647.2015.1047907,"Landscapes of polyphase glaciation: eastern Hellas Planitia, Mars",Stephen Brough; Bryn Hubbard; Colin Souness; Peter M. Grindrod; Joel Davis,2015,Journal of Maps,journal-article,False,Discovery candidate — not screened,Surface and water,,,,https://doi.org/10.1080/17445647.2015.1047907
10.1088/0031-9120/50/6/643,Demonstrating Martian gravity,Patrik Pirkola; Patrick B Hall,2015,Physics Education,journal-article,False,Discovery candidate — not screened,Dichotomy,,,,https://doi.org/10.1088/0031-9120/50/6/643
10.1093/astrogeo/atv109,Odyssey hits 60 000 Mars orbits:,,2015,Astronomy & Geophysics,journal-article,False,Discovery candidate — not screened,Missions,,,,https://doi.org/10.1093/astrogeo/atv109
10.1093/astrogeo/atv140,Methane in meteorites hints at life on Mars,,2015,Astronomy & Geophysics,journal-article,False,Discovery candidate — not screened,Surface and water,,,,https://doi.org/10.1093/astrogeo/atv140
10.1109/hotchips.2015.7477454,Mars: A 64-core ARMv8 processor,Charles Zhang,2015,2015 IEEE Hot Chips 27 Symposium (HCS),proceedings-article,False,Discovery candidate — not screened,Interior,,,,https://doi.org/10.1109/hotchips.2015.7477454
10.1111/maps.12425,Petrography and composition of Martian regolith breccia meteorite Northwest Africa 7475,Axel Wittmann; Randy L. Korotev; Bradley L. Jolliff; Anthony J. Irving; Desmond E. Moser; Ivan Barker; Douglas Rumble,2015,Meteoritics & Planetary Science,journal-article,False,Discovery candidate — not screened,Meteorite magnetism,,,,https://doi.org/10.1111/maps.12425
10.1111/maps.12565,Nickeliferous pyrite tracks pervasive hydrothermal alteration in Martian regolith breccia: A study in NWA 7533,Jean‐Pierre Lorand; Roger H. Hewins; Laurent Remusat; Brigitte Zanda; Sylvain Pont; Hugues Leroux; Maya Marinova; Damien Jacob; Munir Humayun; Alexander Nemchin; Marion Grange; Allen Kennedy; Christa Göpel,2015,Meteoritics & Planetary Science,journal-article,False,Discovery candidate — not screened,Meteorite geochemistry,,,,https://doi.org/10.1111/maps.12565
10.1111/maps.12573,The early thermal evolution of Mars,G. K. Bhatia; S. Sahijpal,2015,Meteoritics & Planetary Science,journal-article,False,Discovery candidate — not screened,Interior,,,,https://doi.org/10.1111/maps.12573
10.1117/12.2186507,Carbonaceous structures in the Tissint Martian Meteorite: evidence of a biogenetic origin,Jamie Wallis; N. C. Wickramasinghe; Daryl H. Wallis; Nori Miyake; M. K. Wallis; Richard B. Hoover,2015,"SPIE Proceedings Instruments, Methods, and Missions for Astrobiology XVII",proceedings-article,False,Discovery candidate — not screened,Meteorite magnetism,,,,https://doi.org/10.1117/12.2186507
10.1126/science.348.6231.196-f,Mapping Mars' water history,M. M. Moerchen,2015,Science,journal-article,False,Discovery candidate — not screened,Magnetism,,,,https://doi.org/10.1126/science.348.6231.196-f
10.1126/science.aaa3630,Strong water isotopic anomalies in the martian atmosphere: Probing current and ancient reservoirs,G. L. Villanueva; M. J. Mumma; R. E. Novak; H. U. Käufl; P. Hartogh; T. Encrenaz; A. Tokunaga; A. Khayat; M. D. Smith,2015,Science,journal-article,False,Discovery candidate — not screened,Meteorite geochemistry,,,,https://doi.org/10.1126/science.aaa3630
10.1126/science.aae0153,Updated: NASA delays Mars InSight mission,Eric Hand,2015,Science,journal-article,False,Discovery candidate — not screened,Interior,,,,https://doi.org/10.1126/science.aae0153
10.1515/9781400872831-010,Chapter Six. The Martian Cycle (Continued): The Martian Language,,2015,From India to the Planet Mars: A Case of Multiple Personality with Imaginary Languages,book-chapter,False,Discovery candidate — not screened,Dichotomy,,,,https://doi.org/10.1515/9781400872831-010
10.1515/9781400872831-011,Chapter Seven. The Martian Cycle (Concluded): The Ultra-Martian,,2015,From India to the Planet Mars: A Case of Multiple Personality with Imaginary Languages,book-chapter,False,Discovery candidate — not screened,Dichotomy,,,,https://doi.org/10.1515/9781400872831-011
10.2514/6.2015-4411,Impact of Utilizing Phobos and Deimos as Waypoints for Human Mars Surface Missions,Alicia M. Dwyer-Cianciolo; Kendall Brown,2015,AIAA SPACE 2015 Conference and Exposition,proceedings-article,False,Discovery candidate — not screened,Moons and impacts,,,,https://doi.org/10.2514/6.2015-4411
10.4172/2332-2519.1000146,Martian Life: A Possibility-Remote Exploration of Martian Subsurface,Tayo Akiwumi,2015,Journal of Astrobiology & Outreach,journal-article,False,Discovery candidate — not screened,Dichotomy,,,,https://doi.org/10.4172/2332-2519.1000146
10.5539/jgg.v7n2p1,On the Origin of Water on Earth and Mars,Hans Josef Merkl,2015,Journal of Geography and Geology,journal-article,False,Discovery candidate — not screened,Dichotomy,,,,https://doi.org/10.5539/jgg.v7n2p1
10.5703/1288284315994,Being Martian,Barrett Caldwell,2015,Dawn or Doom: The Rise and Rewards of Emerging Technologies,proceedings-article,False,Discovery candidate — not screened,Dichotomy,,,,https://doi.org/10.5703/1288284315994
10.64628/aa.m4a9mf639,The lost ocean of Mars,Helen Maynard-Casely,2015,,posted-content,False,Discovery candidate — not screened,Surface and water,,,,https://doi.org/10.64628/aa.m4a9mf639
10.1002/2013je004404,Occurrence and origin of rhythmic sedimentary rocks on Mars,Kevin W. Lewis; Oded Aharonson,2014,Journal of Geophysical Research: Planets,journal-article,False,Discovery candidate — not screened,Dichotomy,,,,https://doi.org/10.1002/2013je004404
10.1002/2013je004496,Timescale and morphology of Martian mantle overturn immediately following magma ocean solidification,A. Scheinberg; L. T. Elkins‐Tanton; S. J. Zhong,2014,Journal of Geophysical Research: Planets,journal-article,False,Discovery candidate — not screened,Interior,,,,https://doi.org/10.1002/2013je004496
10.1002/2013je004587,Consequences of giant impacts in early Mars: Core merging and Martian dynamo evolution,Julien Monteux; Jafar Arkani‐Hamed,2014,Journal of Geophysical Research: Planets,journal-article,False,Discovery candidate — not screened,Magnetism,,,,https://doi.org/10.1002/2013je004587
10.1002/2013je004588,"Calcium sulfate veins characterized by ChemCam/Curiosity at Gale crater, Mars",M. Nachon; S. M. Clegg; N. Mangold; S. Schröder; L. C. Kah; G. Dromart; A. Ollila; J. R. Johnson; D. Z. Oehler; J. C. Bridges; S. Le Mouélic; O. Forni; R.C. Wiens; R. B. Anderson; D. L. Blaney; J.F. Bell; B. Clark; A. Cousin; M. D. Dyar; B. Ehlmann; C. Fabre; O. Gasnault; J. Grotzinger; J. Lasue; E. Lewin; R. Léveillé; S. McLennan; S. Maurice; P.‐Y. Meslin; W. Rapin; M. Rice; S. W. Squyres; K. Stack; D. Y. Sumner; D. Vaniman; D. Wellington,2014,Journal of Geophysical Research: Planets,journal-article,False,Discovery candidate — not screened,Missions,,,,https://doi.org/10.1002/2013je004588
10.1002/2013je004602,"The geology and mineralogy of Ritchey crater, Mars: Evidence for post‐Noachian clay formation",Vivian Z. Sun; Ralph E. Milliken,2014,Journal of Geophysical Research: Planets,journal-article,False,Discovery candidate — not screened,Surface and water,,,,https://doi.org/10.1002/2013je004602
10.1002/2013rs005367,Simulation of radar echoes from Mars' surface/subsurface and inversion of surface media parameters,Chuan Liu; Hongxia Ye; Ya-Qiu Jin,2014,Radio Science,journal-article,False,Discovery candidate — not screened,Surface and water,,,,https://doi.org/10.1002/2013rs005367
10.1002/2014eo450012,Minerals in Martian meteorite illuminate magnetic mysteries,JoAnna Wendel,2014,"Eos, Transactions American Geophysical Union",journal-article,False,Discovery candidate — not screened,Meteorite magnetism,,,,https://doi.org/10.1002/2014eo450012
10.1002/2014gl060289,Pickup ion measurements by MAVEN: A diagnostic of photochemical oxygen escape from Mars,A. Rahmati; T. E. Cravens; A. F. Nagy; J. L. Fox; S. W. Bougher; R. J. Lillis; S. A. Ledvina; D. E. Larson; P. Dunn; J. A. Croxell,2014,Geophysical Research Letters,journal-article,False,Discovery candidate — not screened,Atmosphere,,,,https://doi.org/10.1002/2014gl060289
10.1002/2014gl060464,Martian meteorites and Martian magnetic anomalies: A new perspective from NWA 7034,J. Gattacceca; P. Rochette; R. B. Scorzelli; P. Munayco; C. Agee; Y. Quesnel; C. Cournède; J. Geissman,2014,Geophysical Research Letters,journal-article,True,Selected full-text sections consulted,Meteorite magnetism,NWA 7034 contains abundant magnetic oxides capable of carrying strong crustal remanence.,Provides a candidate lithological analogue for strong Martian anomalies.,Rock-magnetic capacity remains informative even when natural remanence is terrestrially contaminated; the two must not be conflated.,https://doi.org/10.1002/2014gl060464
10.1002/2014gl062261,Three‐dimensional simulations of the southern polar giant impact hypothesis for the origin of the Martian dichotomy,Giovanni Leone; Paul J. Tackley; Taras V. Gerya; Dave A. May; Guizhi Zhu,2014,Geophysical Research Letters,journal-article,False,Discovery candidate — not screened,Dichotomy,,,,https://doi.org/10.1002/2014gl062261
10.1002/2014je004682,"On the origin of the Vastitas Borealis Formation in Chryse and Acidalia Planitiae, Mars",M. R. Salvatore; P. R. Christensen,2014,Journal of Geophysical Research: Planets,journal-article,False,Discovery candidate — not screened,Dichotomy,,,,https://doi.org/10.1002/2014je004682
10.1002/9781118798478.ch7,"Meteorites from Mars, via Antarctica",Harry Y. McSween; Ralph P. Harvey; Catherine M. Corrigan,2014,Special Publications 35 Seasons of U.S. Antarctic Meteorites (1976–2010),other,False,Discovery candidate — not screened,Surface and water,,,,https://doi.org/10.1002/9781118798478.ch7
10.1007/978-1-4614-9213-9_146-1,"Fan-Shaped Deposit (Tharsis, Mars)",Fabio Vittorio De Blasio,2014,Encyclopedia of Planetary Landforms,book-chapter,False,Discovery candidate — not screened,Gravity and topography,,,,https://doi.org/10.1007/978-1-4614-9213-9_146-1
10.1007/978-1-4614-9213-9_173-1,Giant Polygons (Mars),Dorothy Z. Oehler,2014,Encyclopedia of Planetary Landforms,book-chapter,False,Discovery candidate — not screened,Dichotomy,,,,https://doi.org/10.1007/978-1-4614-9213-9_173-1
10.1007/978-1-4614-9213-9_543-1,"Stealth Feature (Radar, Mars)",Henrik Hargitai; Jim Zimbelman,2014,Encyclopedia of Planetary Landforms,book-chapter,False,Discovery candidate — not screened,Surface and water,,,,https://doi.org/10.1007/978-1-4614-9213-9_543-1
10.1007/978-1-4614-9213-9_649-1,Hemispheric Dichotomy (Mars),James H. Roberts,2014,Encyclopedia of Planetary Landforms,book-chapter,False,Discovery candidate — not screened,Dichotomy; Interior; Gravity and topography; Magnetism; Chronology; Surface and water; Volcanism and tectonics; Atmosphere,,,,https://doi.org/10.1007/978-1-4614-9213-9_649-1
10.1007/978-1-4614-9213-9_650-1,Transition Topography (Mars),Giovanni Leone,2014,Encyclopedia of Planetary Landforms,book-chapter,False,Discovery candidate — not screened,Gravity and topography; Atmosphere,,,,https://doi.org/10.1007/978-1-4614-9213-9_650-1
10.1007/978-3-642-27833-4_1756-2,Mars Odyssey,Frances Westall,2014,Encyclopedia of Astrobiology,book-chapter,False,Discovery candidate — not screened,Missions,,,,https://doi.org/10.1007/978-3-642-27833-4_1756-2
10.1007/978-3-642-27833-4_940-2,Mars Express,Jean-Pierre Bibring,2014,Encyclopedia of Astrobiology,book-chapter,False,Discovery candidate — not screened,Missions,,,,https://doi.org/10.1007/978-3-642-27833-4_940-2
10.1007/978-3-642-27833-4_942-3,Mars Pathfinder,Claude D’Uston,2014,Encyclopedia of Astrobiology,book-chapter,False,Discovery candidate — not screened,Missions,,,,https://doi.org/10.1007/978-3-642-27833-4_942-3
10.1007/978-3-642-41714-6_140022,nakhlite,,2014,Dictionary Geotechnical Engineering/Wörterbuch GeoTechnik,book-chapter,False,Discovery candidate — not screened,Meteorite magnetism,,,,https://doi.org/10.1007/978-3-642-41714-6_140022
10.1007/978-3-642-41714-6_193022,shergottite,,2014,Dictionary Geotechnical Engineering/Wörterbuch GeoTechnik,book-chapter,False,Discovery candidate — not screened,Meteorite magnetism,,,,https://doi.org/10.1007/978-3-642-41714-6_193022
10.1007/978-94-007-6326-5_82-6,"Luminescence, Martian Sediments",Regina DeWitt,2014,Encyclopedia of Scientific Dating Methods,book-chapter,False,Discovery candidate — not screened,Dichotomy,,,,https://doi.org/10.1007/978-94-007-6326-5_82-6
10.1007/s11214-014-0053-7,The Aeronomy of Mars: Characterization by MAVEN of the Upper Atmosphere Reservoir That Regulates Volatile Escape,S. W. Bougher; T. E. Cravens; J. Grebowsky; J. Luhmann,2014,Space Science Reviews,journal-article,False,Discovery candidate — not screened,Atmosphere,,,,https://doi.org/10.1007/s11214-014-0053-7
10.1007/s11214-014-0095-x,Application of MAVEN Accelerometer and Attitude Control Data to Mars Atmospheric Characterization,Richard W. Zurek; Robert H. Tolson; Darren Baird; Mark Z. Johnson; Stephen W. Bougher,2014,Space Science Reviews,journal-article,False,Discovery candidate — not screened,Atmosphere,,,,https://doi.org/10.1007/s11214-014-0095-x
10.1007/s12303-014-0003-0,"Karstic morphology in northern Sinus Meridiani, Mars",Davide Baioni; Alessio Murana; Nadja Zupan Hajna,2014,Geosciences Journal,journal-article,False,Discovery candidate — not screened,Surface and water,,,,https://doi.org/10.1007/s12303-014-0003-0
10.1016/b978-0-12-415845-0.00016-5,Mars Atmosphere,David C. Catling,2014,Encyclopedia of the Solar System,book-chapter,False,Discovery candidate — not screened,Atmosphere,,,,https://doi.org/10.1016/b978-0-12-415845-0.00016-5
10.1016/j.epsl.2014.01.005,60Fe–60Ni chronology of core formation in Mars,Haolan Tang; Nicolas Dauphas,2014,Earth and Planetary Science Letters,journal-article,False,Discovery candidate — not screened,Chronology,,,,https://doi.org/10.1016/j.epsl.2014.01.005
10.1016/j.epsl.2014.03.027,Evolution of water reservoirs on Mars: Constraints from hydrogen isotopes in martian meteorites,H. Kurokawa; M. Sato; M. Ushioda; T. Matsuyama; R. Moriwaki; J.M. Dohm; T. Usui,2014,Earth and Planetary Science Letters,journal-article,True,Abstract consulted,Surface and evolution,Hydrogen-isotope measurements in meteorites constrain model histories of Martian water loss and storage.,Connects atmospheric evolution with crustal water reservoirs.,Inferred inventories depend on fractionation and reservoir-exchange assumptions; they do not identify the dichotomy-forming mechanism.,https://doi.org/10.1016/j.epsl.2014.03.027
10.1016/j.epsl.2014.05.008,Modern atmospheric signatures in 4.4 Ga Martian meteorite NWA 7034,J.A. Cartwright; U. Ott; S. Herrmann; C.B. Agee,2014,Earth and Planetary Science Letters,journal-article,False,Discovery candidate — not screened,Meteorite magnetism; Meteorite provenance,,,,https://doi.org/10.1016/j.epsl.2014.05.008
10.1016/j.epsl.2014.06.034,Can a fractionally crystallized magma ocean explain the thermo-chemical evolution of Mars?,A.-C. Plesa; N. Tosi; D. Breuer,2014,Earth and Planetary Science Letters,journal-article,False,Discovery candidate — not screened,Interior,,,,https://doi.org/10.1016/j.epsl.2014.06.034
10.1016/j.gca.2013.09.033,No Martian soil component in shergottite meteorites,J.A. Barrat; A. Jambon; L. Ferrière; C. Bollinger; J.A. Langlade; C. Liorzou; O. Boudouma; M. Fialin,2014,Geochimica et Cosmochimica Acta,journal-article,False,Discovery candidate — not screened,Meteorite magnetism,,,,https://doi.org/10.1016/j.gca.2013.09.033
10.1016/j.gca.2014.02.007,Transmission electron microscope analyses of alteration phases in martian meteorite MIL 090032,L.J. Hallis; H.A. Ishii; J.P. Bradley; G.J. Taylor,2014,Geochimica et Cosmochimica Acta,journal-article,False,Discovery candidate — not screened,Meteorite magnetism,,,,https://doi.org/10.1016/j.gca.2014.02.007
10.1016/j.gca.2014.04.010,Ferric saponite and serpentine in the nakhlite martian meteorites,L.J. Hicks; J.C. Bridges; S.J. Gurman,2014,Geochimica et Cosmochimica Acta,journal-article,False,Discovery candidate — not screened,Meteorite magnetism,,,,https://doi.org/10.1016/j.gca.2014.04.010
10.1016/j.gca.2014.06.026,Petrogenesis of a vitrophyre in the martian meteorite breccia NWA 7034,Arya Udry; Nicole G. Lunning; Harry Y. McSween; Robert J. Bodnar,2014,Geochimica et Cosmochimica Acta,journal-article,False,Discovery candidate — not screened,Meteorite magnetism; Meteorite provenance,,,,https://doi.org/10.1016/j.gca.2014.06.026
10.1016/j.icarus.2014.06.008,Evidence for Middle Amazonian catastrophic flooding and glaciation on Mars,J. Alexis P. Rodríguez; Virginia C. Gulick; Victor R. Baker; Thomas Platz; Alberto G. Fairén; Hideaki Miyamoto; Jeffrey S. Kargel; James W. Rice; Natalie Glines,2014,Icarus,journal-article,False,Discovery candidate — not screened,Surface and water,,,,https://doi.org/10.1016/j.icarus.2014.06.008
10.1016/j.pss.2013.08.002,Mars Express investigations of Phobos and Deimos,O. Witasse; T. Duxbury; A. Chicarro; N. Altobelli; T. Andert; A. Aronica; S. Barabash; J.-L. Bertaux; J.-P. Bibring; A. Cardesin-Moinelo; A. Cichetti; V. Companys; V. Dehant; M. Denis; V. Formisano; Y. Futaana; M. Giuranna; B. Gondet; D. Heather; H. Hoffmann; M. Holmström; N. Manaud; P. Martin; K.-D. Matz; F. Montmessin; T. Morley; M. Mueller; G. Neukum; J. Oberst; R. Orosei; M. Pätzold; G. Picardi; R. Pischel; J.J. Plaut; A. Reberac; P. Pardo Voss; T. Roatsch; P. Rosenblatt; S. Remus; N. Schmedemann; K. Willner; T. Zegers,2014,Planetary and Space Science,journal-article,False,Discovery candidate — not screened,Moons and impacts,,,,https://doi.org/10.1016/j.pss.2013.08.002
10.1016/j.pss.2013.09.017,Floor-Fractured Craters on Mars – Observations and Origin,M. Bamberg; R. Jaumann; H. Asche; T. Kneissl; G.G. Michael,2014,Planetary and Space Science,journal-article,False,Discovery candidate — not screened,Dichotomy; Chronology,,,,https://doi.org/10.1016/j.pss.2013.09.017
10.1016/j.pss.2014.01.014,Possible erosion marks of bottom oceanic currents in the northern lowlands of Mars,Fabio Vittorio De Blasio,2014,Planetary and Space Science,journal-article,False,Discovery candidate — not screened,Chronology,,,,https://doi.org/10.1016/j.pss.2014.01.014
10.1016/s0262-4079(14)60512-1,Most Mars meteorites may be from same giant crater,Jacob Aron,2014,New Scientist,journal-article,False,Discovery candidate — not screened,Dichotomy; Surface and water,,,,https://doi.org/10.1016/s0262-4079(14)60512-1
10.1038/ngeo2231,Record of the ancient martian hydrosphere and atmosphere preserved in zircon from a martian meteorite,A. A. Nemchin; M. Humayun; M. J. Whitehouse; R. H. Hewins; J-P. Lorand; A. Kennedy; M. Grange; B. Zanda; C. Fieni; D. Deldicque,2014,Nature Geoscience,journal-article,False,Discovery candidate — not screened,Meteorite magnetism,,,,https://doi.org/10.1038/ngeo2231
10.1038/nindia.2014.79,Impact crater provides insights into Martian craters,,2014,Nature India,journal-article,False,Discovery candidate — not screened,Meteorite provenance,,,,https://doi.org/10.1038/nindia.2014.79
10.1051/0004-6361/201424384,Astrometric observations of Phobos and Deimos during the 1971 opposition of Mars,V. Robert; V. Lainey; D. Pascu; J.-E. Arlot; J.-P. De Cuyper; V. Dehant; W. Thuillot,2014,Astronomy & Astrophysics,journal-article,False,Discovery candidate — not screened,Moons and impacts,,,,https://doi.org/10.1051/0004-6361/201424384
10.1063/pt.5.027747,Mars meteorites may be older than previously thought,,2014,Physics Today,journal-article,False,Discovery candidate — not screened,Surface and water,,,,https://doi.org/10.1063/pt.5.027747
10.1063/pt.5.028245,Meteorite provides clues to history of Martian atmosphere and surface water,,2014,Physics Today,journal-article,False,Discovery candidate — not screened,Meteorite magnetism,,,,https://doi.org/10.1063/pt.5.028245
10.1088/2058-7058/27/01/19,NASA launches MAVEN probe to Mars,Michael Banks,2014,Physics World,journal-article,False,Discovery candidate — not screened,Magnetism; Atmosphere,,,,https://doi.org/10.1088/2058-7058/27/01/19
10.1089/ast.2011.0733,Putative Indigenous Carbon-Bearing Alteration Features in Martian Meteorite Yamato 000593,Lauren M. White; Everett K. Gibson; Kathie L. Thomas-Keprta; Simon J. Clemett; David S. McKay,2014,Astrobiology,journal-article,False,Discovery candidate — not screened,Meteorite magnetism,,,,https://doi.org/10.1089/ast.2011.0733
10.1093/astrogeo/atu021,Curiosity goes dating on Mars,,2014,Astronomy & Geophysics,journal-article,False,Discovery candidate — not screened,Missions,,,,https://doi.org/10.1093/astrogeo/atu021
10.1093/astrogeo/atu062,Fresh impact spotted on Mars,,2014,Astronomy & Geophysics,journal-article,False,Discovery candidate — not screened,Dichotomy; Magnetism,,,,https://doi.org/10.1093/astrogeo/atu062
10.1093/astrogeo/atu201,Martian comet watch,,2014,Astronomy & Geophysics,journal-article,False,Discovery candidate — not screened,Dichotomy,,,,https://doi.org/10.1093/astrogeo/atu201
10.1109/aero.2014.6836170,MRO relay telecom support of Mars Science Laboratory surface operations,David Bell; Steve Allen; Neil Chamberlain; Monika Danos; Chad Edwards; Roy Gladden; David Herman; Shin Huh; Peter Ilott; Tom Jedrey; Teerapat Khanampornpan; Andrew Kwok; Ricardo Mendoza; Ken Peters; Suzana Sburlan; Mazen Shihabi; Reid Thomas,2014,2014 IEEE Aerospace Conference,proceedings-article,False,Discovery candidate — not screened,Missions,,,,https://doi.org/10.1109/aero.2014.6836170
10.1111/maps.12330,Metamorphism in the Martian crust,Harry Y. McSween; Theodore C. Labotka; Christina E. Viviano‐Beck,2014,Meteoritics & Planetary Science,journal-article,False,Discovery candidate — not screened,Meteorite geochemistry,,,,https://doi.org/10.1111/maps.12330
10.1126/science.1247282,The Source Crater of Martian Shergottite Meteorites,Stephanie C. Werner; Anouck Ody; François Poulet,2014,Science,journal-article,False,Discovery candidate — not screened,Meteorite magnetism; Meteorite provenance,,,,https://doi.org/10.1126/science.1247282
10.1126/science.343.6177.1288-b,Sourcing Martian Meteorites,,2014,Science,journal-article,False,Discovery candidate — not screened,Dichotomy; Meteorite magnetism; Meteorite geochemistry,,,,https://doi.org/10.1126/science.343.6177.1288-b
10.1126/science.346.6213.1044,Martian obsession,Eric Hand,2014,Science,journal-article,False,Discovery candidate — not screened,Dichotomy,,,,https://doi.org/10.1126/science.346.6213.1044
10.1201/b17624-16,- Martian Crust Thickness and Structure from Gravity and Topography,,2014,Planetary Geodesy and Remote Sensing,book-chapter,False,Discovery candidate — not screened,Gravity and topography,,,,https://doi.org/10.1201/b17624-16
10.2505/4/ss14_038_01_92,Scope on the Skies: Mars Meets MAVEN and MOM,Bob Riddle,2014,Science Scope,journal-article,False,Discovery candidate — not screened,Magnetism; Atmosphere,,,,https://doi.org/10.2505/4/ss14_038_01_92
10.2514/6.2014-4354,"Mars, Phobos, and Deimos Sample Return Enabled by ARRM Alternative Trade Study Spacecraft",Jacob Englander; Matthew A. Vavrina; Bo J. Naasz; Raymond G. Merrill; Min Qu,2014,AIAA/AAS Astrodynamics Specialist Conference,proceedings-article,False,Discovery candidate — not screened,Moons and impacts,,,,https://doi.org/10.2514/6.2014-4354
10.5194/isprsarchives-xl-8-477-2014,"Mineralogical characterization of Juventae Chasma, Mars: evidences from MRO-CRISM",M. Singh; V. J. Rajesh,2014,"The International Archives of the Photogrammetry, Remote Sensing and Spatial Information Sciences",journal-article,False,Discovery candidate — not screened,Missions,,,,https://doi.org/10.5194/isprsarchives-xl-8-477-2014
10.1002/jgra.50328,Three‐dimensional multifluid modeling of atmospheric electrodynamics in Mars' dynamo region,Jeremy A. Riousset; Carol S. Paty; Robert J. Lillis; Matthew O. Fillingim; Scott L. England; Paul G. Withers; John P. M. Hale,2013,Journal of Geophysical Research: Space Physics,journal-article,False,Discovery candidate — not screened,Magnetism,,,,https://doi.org/10.1002/jgra.50328
10.1002/jgra.50369,Correction to “Variation of the Martian ionospheric electron density from Mars Express radar soundings”,D. D. Morgan; D. A. Gurnett; D. L. Kirchner; J. L. Fox; E. Nielsen; J. J. Plaut,2013,Journal of Geophysical Research: Space Physics,journal-article,False,Discovery candidate — not screened,Missions,,,,https://doi.org/10.1002/jgra.50369
10.1002/jgre.20082,An impact origin for hydrated silicates on Mars: A synthesis,Livio L. Tornabene; Gordon R. Osinski; Alfred S. McEwen; James J. Wray; Michael A. Craig; Haley M. Sapers; Philip R. Christensen,2013,Journal of Geophysical Research: Planets,journal-article,False,Discovery candidate — not screened,Dichotomy,,,,https://doi.org/10.1002/jgre.20082
10.1002/jgre.20085,"Demagnetization by basin‐forming impacts on early Mars: Contributions from shock, heat, and excavation",Robert J. Lillis; Sarah T. Stewart; Michael Manga,2013,Journal of Geophysical Research: Planets,journal-article,True,Abstract consulted,Magnetism,"Models impact-induced magnetic changes through excavation, heating and shock.",Helps distinguish field absence from destruction or removal of magnetic carriers.,Mineralogy and impact physics alter demagnetization efficiency; simplified field histories are conditional.,https://doi.org/10.1002/jgre.20085
10.1002/jgre.20093,Core‐mantle differentiation in Mars,Nachiketa Rai; Wim van Westrenen,2013,Journal of Geophysical Research: Planets,journal-article,False,Discovery candidate — not screened,Interior,,,,https://doi.org/10.1002/jgre.20093
10.1002/jgre.20109,Overturn and evolution of a crystallized magma ocean: A numerical parameter study for Mars,N. Tosi; A.‐C. Plesa; D. Breuer,2013,Journal of Geophysical Research: Planets,journal-article,False,Discovery candidate — not screened,Interior,,,,https://doi.org/10.1002/jgre.20109
10.1007/978-1-4614-5191-4_13,SNC Meteorites: Atmosphere Implantation Ages and the Climatic Evolution of Mars,C. E. Moyano-Cambero; Josep M. Trigo-Rodríguez; F. Javier Martín-Torres,2013,Astrophysics and Space Science Proceedings The Early Evolution of the Atmospheres of Terrestrial Planets,book-chapter,False,Discovery candidate — not screened,Surface and water,,,,https://doi.org/10.1007/978-1-4614-5191-4_13
10.1007/978-3-319-02165-2_43,Magma Ocean Cumulate Overturn and Its Implications for the Thermo-chemical Evolution of Mars,Ana-Catalina Plesa; Nicola Tosi; Doris Breuer,2013,High Performance Computing in Science and Engineering ‘13,book-chapter,False,Discovery candidate — not screened,Interior,,,,https://doi.org/10.1007/978-3-319-02165-2_43
10.1007/978-94-007-6326-5_82-5,"Luminescence, Martian Sediments",Regina DeWitt,2013,Encyclopedia of Scientific Dating Methods,book-chapter,False,Discovery candidate — not screened,Dichotomy,,,,https://doi.org/10.1007/978-94-007-6326-5_82-5
10.1016/j.gca.2012.07.004,Martian subsurface fluid pathways and 3D mineralogy of the Nakhla meteorite,A.W. Needham; R.L. Abel; T. Tomkinson; M.M. Grady,2013,Geochimica et Cosmochimica Acta,journal-article,False,Discovery candidate — not screened,Meteorite magnetism,,,,https://doi.org/10.1016/j.gca.2012.07.004
10.1016/j.gca.2012.10.002,Shock-induced deformation of Shergottites: Shock-pressures and perturbations of magmatic ages on Mars,Ahmed El Goresy; Ph. Gillet; M. Miyahara; E. Ohtani; S. Ozawa; P. Beck; G. Montagnac,2013,Geochimica et Cosmochimica Acta,journal-article,False,Discovery candidate — not screened,Magnetism,,,,https://doi.org/10.1016/j.gca.2012.10.002
10.1016/j.icarus.2013.04.013,Evidence for Amazonian mid-latitude glaciation on Mars from impact crater asymmetry,Susan J. Conway; Nicolas Mangold,2013,Icarus,journal-article,False,Discovery candidate — not screened,Surface and water,,,,https://doi.org/10.1016/j.icarus.2013.04.013
10.1016/j.icarus.2013.05.017,A new general circulation model for Mars based on the NCAR Community Atmosphere Model,Richard A. Urata; Owen B. Toon,2013,Icarus,journal-article,False,Discovery candidate — not screened,Atmosphere,,,,https://doi.org/10.1016/j.icarus.2013.05.017
10.1016/j.pepi.2012.12.001,Erratum to “Equatorially asymmetric convection inducing a hemispherical magnetic field in rotating spheres and implications for the past martian dynamo”,Maylis Landeau; Julien Aubert,2013,Physics of the Earth and Planetary Interiors,journal-article,False,Discovery candidate — not screened,Magnetism,,,,https://doi.org/10.1016/j.pepi.2012.12.001
10.1016/j.pepi.2013.01.001,A hemispherical dynamo model: Implications for the Martian crustal magnetization,W. Dietrich; J. Wicht,2013,Physics of the Earth and Planetary Interiors,journal-article,True,Abstract consulted,Magnetism,Numerical hemispherical dynamos driven by imposed core-mantle boundary heat-flux variations can reverse rapidly.,A hemispheric field explanation must satisfy time-integrated magnetic recording as well as spatial field contrast.,"Author-hosted abstract consulted. The reported reversal problem concerns this simulated regime, not every possible Martian dynamo.",https://doi.org/10.1016/j.pepi.2013.01.001
10.1016/j.proeng.2013.05.065,Meteorites from Mars via a Natural Two-stage Gas Gun,Paul S De Carli,2013,Procedia Engineering,journal-article,False,Discovery candidate — not screened,Surface and water,,,,https://doi.org/10.1016/j.proeng.2013.05.065
10.1016/j.tibs.2013.01.005,Citric acid cycle and the origin of MARS,Sandeepa M. Eswarappa; Paul L. Fox,2013,Trends in Biochemical Sciences,journal-article,False,Discovery candidate — not screened,Dichotomy,,,,https://doi.org/10.1016/j.tibs.2013.01.005
10.1016/s0262-4079(13)61194-x,Martian feast,Nigel Henbest,2013,New Scientist,journal-article,False,Discovery candidate — not screened,Dichotomy,,,,https://doi.org/10.1016/s0262-4079(13)61194-x
10.1016/s0262-4079(13)61429-3,Martian holiday,Brian Horton,2013,New Scientist,journal-article,False,Discovery candidate — not screened,Dichotomy,,,,https://doi.org/10.1016/s0262-4079(13)61429-3
10.1017/9781139016308.018,Martian meteorites,,2013,Atlas of Meteorites,other,False,Discovery candidate — not screened,Dichotomy; Meteorite magnetism; Meteorite geochemistry,,,,https://doi.org/10.1017/9781139016308.018
10.1038/502597b,Why Martian craters are flat,,2013,Nature,journal-article,False,Discovery candidate — not screened,Meteorite provenance,,,,https://doi.org/10.1038/502597b
10.1038/nature12225,Volcanism on Mars controlled by early oxidation of the upper mantle,J. Tuff; J. Wade; B. J. Wood,2013,Nature,journal-article,False,Discovery candidate — not screened,Volcanism and tectonics,,,,https://doi.org/10.1038/nature12225
10.1038/nature12341,Solving the Martian meteorite age conundrum using micro-baddeleyite and launch-generated zircon,D. E. Moser; K. R. Chamberlain; K. T. Tait; A. K. Schmitt; J. R. Darling; I. R. Barker; B. C. Hyde,2013,Nature,journal-article,False,Discovery candidate — not screened,Meteorite magnetism,,,,https://doi.org/10.1038/nature12341
10.1038/nature12764,Origin and age of the earliest Martian crust from meteorite NWA 7533,M. Humayun; A. Nemchin; B. Zanda; R. H. Hewins; M. Grange; A. Kennedy; J.-P. Lorand; C. Göpel; C. Fieni; S. Pont; D. Deldicque,2013,Nature,journal-article,False,Discovery candidate — not screened,Meteorite magnetism; Meteorite geochemistry,,,,https://doi.org/10.1038/nature12764
10.1038/ncomms2414,The Tissint Martian meteorite as evidence for the largest impact excavation,Ioannis P. Baziotis; Yang Liu; Paul S. DeCarli; H. Jay Melosh; Harry Y. McSween; Robert J. Bodnar; Lawrence A. Taylor,2013,Nature Communications,journal-article,False,Discovery candidate — not screened,Meteorite magnetism,,,,https://doi.org/10.1038/ncomms2414
10.1038/ngeo1846,Wet martian mantle,Tamara Goldin,2013,Nature Geoscience,journal-article,False,Discovery candidate — not screened,Dichotomy; Meteorite geochemistry,,,,https://doi.org/10.1038/ngeo1846
10.1038/ngeo2010,Evolved magma on Mars,Briony Horgan,2013,Nature Geoscience,journal-article,False,Discovery candidate — not screened,Interior,,,,https://doi.org/10.1038/ngeo2010
10.1038/nphys2841,Subsurface air flow on Mars,Norbert Schörghofer,2013,Nature Physics,journal-article,False,Discovery candidate — not screened,Surface and water,,,,https://doi.org/10.1038/nphys2841
10.1063/pt.5.026658,Recently discovered Martian meteorite has unique properties,,2013,Physics Today,journal-article,False,Discovery candidate — not screened,Meteorite magnetism,,,,https://doi.org/10.1063/pt.5.026658
10.1063/pt.5.027263,Age dispute over certain Mars meteorites may be settled,,2013,Physics Today,journal-article,False,Discovery candidate — not screened,Surface and water,,,,https://doi.org/10.1063/pt.5.027263
10.1063/pt.5.027526,Martian meteorite nearly as old as Mars,,2013,Physics Today,journal-article,False,Discovery candidate — not screened,Meteorite magnetism,,,,https://doi.org/10.1063/pt.5.027526
10.1089/ast.2012.0942,Transfer of Impact Ejecta Material from the Surface of Mars to Phobos and Deimos,Loïc Chappaz; Henry J. Melosh; Mar Vaquero; Kathleen C. Howell,2013,Astrobiology,journal-article,False,Discovery candidate — not screened,Moons and impacts,,,,https://doi.org/10.1089/ast.2012.0942
10.1089/ast.2013.0999,Perchlorate Radiolysis on Mars and the Origin of Martian Soil Reactivity,Richard C. Quinn; Hana F.H. Martucci; Stephanie R. Miller; Charles E. Bryson; Frank J. Grunthaner; Paula J. Grunthaner,2013,Astrobiology,journal-article,False,Discovery candidate — not screened,Dichotomy,,,,https://doi.org/10.1089/ast.2013.0999
10.1111/maps.12074,The Ksar Ghilane 002 shergottite—The 100th registered Martian meteorite fragment,Jordi Llorca; Julia Roszjar; Julia A. Cartwright; Addi Bischoff; Ulrich Ott; Andreas Pack; Silke Merchel; Georg Rugel; Leticia Fimiani; Peter Ludwig; José V. Casado; David Allepuz,2013,Meteoritics & Planetary Science,journal-article,False,Discovery candidate — not screened,Meteorite magnetism,,,,https://doi.org/10.1111/maps.12074
10.1111/maps.12110,Quantifying noble gas contamination during terrestrial alteration in Martian meteorites from Antarctica,S. P. Schwenzer; R. C. Greenwood; S. P. Kelley; U. Ott; A. G. Tindle; R. Haubold; S. Herrmann; J. M. Gibson; M. Anand; S. Hammond; I. A. Franchi,2013,Meteoritics & Planetary Science,journal-article,False,Discovery candidate — not screened,Meteorite magnetism,,,,https://doi.org/10.1111/maps.12110
10.1111/maps.12172,"Opaque minerals, magnetic properties, and paleomagnetism of the Tissint Martian meteorite",Jérôme Gattacceca; Roger H. Hewins; Jean‐Pierre Lorand; Pierre Rochette; France Lagroix; Cécile Cournède; Minoru Uehara; Sylvain Pont; Violaine Sautter; Rosa. B. Scorzelli; Chrystel Hombourger; Pablo Munayco; Brigitte Zanda; Hasnaa Chennaoui; Ludovic Ferrière,2013,Meteoritics & Planetary Science,journal-article,True,Selected full-text sections consulted,Meteorite magnetism,Tissint records a weak post-shock field interpreted as a local Martian crustal field.,Demonstrates magnetic recording long after the early dynamo interval.,A young weak paleofield need not imply a young global dynamo.,https://doi.org/10.1111/maps.12172
10.1126/science.1239505,"Curiosity at Gale Crater, Mars: Characterization and Analysis of the Rocknest Sand Shadow",D. F. Blake; R. V. Morris; G. Kocurek; S. M. Morrison; R. T. Downs; D. Bish; D. W. Ming; K. S. Edgett; D. Rubin; W. Goetz; M. B. Madsen; R. Sullivan; R. Gellert; I. Campbell; A. H. Treiman; S. M. McLennan; A. S. Yen; J. Grotzinger; D. T. Vaniman; S. J. Chipera; C. N. Achilles; E. B. Rampe; D. Sumner; P.-Y. Meslin; S. Maurice; O. Forni; O. Gasnault; M. Fisk; M. Schmidt; P. Mahaffy; L. A. Leshin; D. Glavin; A. Steele; C. Freissinet; R. Navarro-González; R. A. Yingst; L. C. Kah; N. Bridges; K. W. Lewis; T. F. Bristow; J. D. Farmer; J. A. Crisp; E. M. Stolper; D. J. Des Marais; P. Sarrazin; MSL Science Team; Christophe Agard; José Alexandre Alves Verdasca; Robert Anderson; Ryan Anderson; Doug Archer; Carlos Armiens-Aparicio; Ray Arvidson; Evgeny Atlaskin; Sushil Atreya; Andrew Aubrey; Burt Baker; Michael Baker; Tonci Balic-Zunic; David Baratoux; Julien Baroukh; Bruce Barraclough; Keri Bean; Luther Beegle; Alberto Behar; James Bell; Steve Bender; Mehdi Benna; Jennifer Bentz; Gilles Berger; Jeff Berger; Daniel Berman; Juan Jose Blanco Avalos; Diana Blaney; Jen Blank; Hannah Blau; Lora Bleacher; Eckart Boehm; Oliver Botta; Stephan Böttcher; Thomas Boucher; Hannah Bower; Nick Boyd; Bill Boynton; Elly Breves; John Bridges; William Brinckerhoff; David Brinza; Claude Brunet; Anna Brunner; Will Brunner; Arnaud Buch; Mark Bullock; Sönke Burmeister; Michel Cabane; Fred Calef; James Cameron; Bruce Cantor; Michael Caplinger; Javier Caride Rodríguez; Marco Carmosino; Isaías Carrasco Blázquez; Antoine Charpentier; David Choi; Benton Clark; Sam Clegg; Timothy Cleghorn; Ed Cloutis; George Cody; Patrice Coll; Pamela Conrad; David Coscia; Agnès Cousin; David Cremers; Alain Cros; Frank Cucinotta; Claude d’Uston; Scott Davis; Mackenzie Day; Manuel de la Torre Juarez; Lauren DeFlores; Dorothea DeLapp; Julia DeMarines; William Dietrich; Robert Dingler; Christophe Donny; Darrell Drake; Gilles Dromart; Audrey Dupont; Brian Duston; Jason Dworkin; M. Darby Dyar; Lauren Edgar; Christopher Edwards; Laurence Edwards; Bethany Ehlmann; Bent Ehresmann; Jen Eigenbrode; Beverley Elliott; Harvey Elliott; Ryan Ewing; Cécile Fabre; Alberto Fairén; Ken Farley; Caleb Fassett; Laurent Favot; Donald Fay; Fedor Fedosov; Jason Feldman; Sabrina Feldman; Mike Fitzgibbon; Greg Flesch; Melissa Floyd; Lorenzo Flückiger; Abby Fraeman; Raymond Francis; Pascaline François; Heather Franz; Katherine Louise French; Jens Frydenvang; Alain Gaboriaud; Marc Gailhanou; James Garvin; Claude Geffroy; Maria Genzer; Austin Godber; Fred Goesmann; Dmitry Golovin; Felipe Gómez Gómez; Javier Gómez-Elvira; Brigitte Gondet; Suzanne Gordon; Stephen Gorevan; John Grant; Jennifer Griffes; David Grinspoon; Philippe Guillemot; Jingnan Guo; Sanjeev Gupta; Scott Guzewich; Robert Haberle; Douglas Halleaux; Bernard Hallet; Vicky Hamilton; Craig Hardgrove; David Harker; Daniel Harpold; Ari-Matti Harri; Karl Harshman; Donald Hassler; Harri Haukka; Alex Hayes; Ken Herkenhoff; Paul Herrera; Sebastian Hettrich; Ezat Heydari; Victoria Hipkin; Tori Hoehler; Jeff Hollingsworth; Judy Hudgins; Wesley Huntress; Joel Hurowitz; Stubbe Hviid; Karl Iagnemma; Steve Indyk; Guy Israël; Ryan Jackson; Samantha Jacob; Bruce Jakosky; Elsa Jensen; Jaqueline Kløvgaard Jensen; Jeffrey Johnson; Micah Johnson; Steve Johnstone; Andrea Jones; John Jones; Jonathan Joseph; Insoo Jun; Henrik Kahanpää; Melinda Kahre; Natalya Karpushkina; Wayne Kasprzak; Janne Kauhanen; Leslie Keely; Osku Kemppinen; Didier Keymeulen; Myung-Hee Kim; Kjartan Kinch; Penny King; Laurel Kirkland; Asmus Koefoed; Jan Köhler; Onno Kortmann; Alexander Kozyrev; Jill Krezoski; Daniel Krysak; Ruslan Kuzmin; Jean Luc Lacour; Vivian Lafaille; Yves Langevin; Nina Lanza; Jeremie Lasue; Stéphane Le Mouélic; Ella Mae Lee; Qiu-Mei Lee; David Lees; Matthew Lefavor; Mark Lemmon; Alain Lepinette Malvitte; Richard Léveillé; Éric Lewin-Carpintier; Shuai Li; Leslie Lipkaman; Cynthia Little; Maxim Litvak; Eric Lorigny; Guenter Lugmair; Angela Lundberg; Eric Lyness; Justin Maki; Alexey Malakhov; Charles Malespin; Michael Malin; Nicolas Mangold; Heidi Manning; Geneviève Marchand; Mercedes Marín Jiménez; César Martín García; Dave Martin; Mildred Martin; Jesús Martínez-Frías; Javier Martín-Soler; F. Javier Martín-Torres; Patrick Mauchien; Amy McAdam; Elaina McCartney; Timothy McConnochie; Emily McCullough; Ian McEwan; Christopher McKay; Sean McNair; Noureddine Melikechi; Michael Meyer; Alissa Mezzacappa; Hayden Miller; Kristen Miller; Ralph Milliken; Michelle Minitti; Michael Mischna; Igor Mitrofanov; Jeff Moersch; Maxim Mokrousov; Antonio Molina Jurado; John Moores; Luis Mora-Sotomayor; John Michael Morookian; Reinhold Mueller-Mellin; Jan-Peter Muller; Guillermo Muñoz Caro; Marion Nachon; Sara Navarro López; Kenneth Nealson; Ara Nefian; Tony Nelson; Megan Newcombe; Claire Newman; Horton Newsom; Sergey Nikiforov; Paul Niles; Brian Nixon; Eldar Noe Dobrea; Thomas Nolan; Dorothy Oehler; Ann Ollila; Timothy Olson; Tobias Owen; Hernández Pablo; Alexis Paillet; Etienne Pallier; Marisa Palucis; Timothy Parker; Yann Parot; Kiran Patel; Mark Paton; Gale Paulsen; Alex Pavlov; Betina Pavri; Verónica Peinado-González; Robert Pepin; Laurent Peret; Rene Perez; Glynis Perrett; Joe Peterson; Cedric Pilorget; Patrick Pinet; Jorge Pla-García; Ianik Plante; Franck Poitrasson; Jouni Polkko; Radu Popa; Liliya Posiolova; Irina Pradler; Benito Prats; Vasily Prokhorov; Sharon Wilson Purdy; Eric Raaen; Leon Radziemski; Scot Rafkin; Miguel Ramos; François Raulin; Michael Ravine; Günther Reitz; Nilton Rennó; Melissa Rice; Mark Richardson; François Robert; José Antonio Rodriguez Manfredi; Julio J. Romeral-Planelló; Scott Rowland; Muriel Saccoccio; Andrew Salamon; Jennifer Sandoval; Anton Sanin; Sara Alejandra Sans Fuentes; Lee Saper; Violaine Sautter; Hannu Savijärvi; Juergen Schieber; Walter Schmidt; Daniel Scholes; Marcel Schoppers; Susanne Schröder; Eduardo Sebastian Martinez; Aaron Sengstacken; Ruslan Shterts; Kirsten Siebach; Tero Siili; Jeff Simmonds; Jean-Baptiste Sirven; Susie Slavney; Ronald Sletten; Michael Smith; Pablo Sobrón Sánchez; Nicole Spanovich; John Spray; Steven Squyres; Katie Stack; Fabien Stalport; Thomas Stein; Jennifer Stern; Noel Stewart; Susan Louise Svane Stipp; Kevin Stoiber; Bob Sucharski; Roger Summons; Vivian Sun; Kimberley Supulver; Brad Sutter; Cyril Szopa; Christopher Tate; Samuel Teinturier; Inge Loes ten Kate; Peter Thomas; Lucy Thompson; Robert Tokar; Mike Toplis; Josefina Torres Redondo; Melissa Trainer; Vladislav Tretyakov; Roser Urqui-O’Callaghan; Jason Van Beek; Tessa Van Beek; Scott VanBommel; Alexey Varenikov; Ashwin Vasavada; Paulo Vasconcelos; Edward Vicenzi; Andrey Vostrukhin; Mary Voytek; Meenakshi Wadhwa; Jennifer Ward; Chris Webster; Eddie Weigle; Danika Wellington; Frances Westall; Roger Craig Wiens; Mary Beth Wilhelm; Amy Williams; Joshua Williams; Rebecca Williams; Richard B. Williams; Mike Wilson; Robert Wimmer-Schweingruber; Mike Wolff; Mike Wong; James Wray; Megan Wu; Charles Yana; Cary Zeitlin; Robert Zimdar; María-Paz Zorzano Mier,2013,Science,journal-article,False,Discovery candidate — not screened,Missions,,,,https://doi.org/10.1126/science.1239505
10.1126/science.341.6143.214-c,Mars' Atmosphere from Curiosity,,2013,Science,journal-article,False,Discovery candidate — not screened,Atmosphere; Missions,,,,https://doi.org/10.1126/science.341.6143.214-c
10.1130/g34201.1,Evidence for Hesperian glaciation along the Martian dichotomy boundary,Alfonso F. Davila; Alberto G. Fairén; Chris R. Stokes; Thomas Platz; Alexis P. Rodriguez; Denis Lacelle; James Dohm; Wayne Pollard,2013,Geology,journal-article,False,Discovery candidate — not screened,Dichotomy; Surface and water,,,,https://doi.org/10.1130/g34201.1
10.2458/azu_uapress_9780816530595-ch003,Mars: Atmosphere and Climate Overview,S. C. R. Rafkin; J. L. Hollingsworth; M. A. Mischna; C. E. Newman; M. I. Richardson,2013,Comparative Climatology of Terrestrial Planets,book-chapter,False,Discovery candidate — not screened,Atmosphere,,,,https://doi.org/10.2458/azu_uapress_9780816530595-ch003
10.3997/2214-4609.20131686,Effects of the Borealis Impact on the Thermal Evolution of Mars,A. Fazelvalipour; Y. Vejdani; E. Fazelvalipour; M. Bakhshimazde,2013,"Proceedings 7th Congress of the Balkan geophysical society, proceedings",proceedings-article,False,Discovery candidate — not screened,Dichotomy,,,,https://doi.org/10.3997/2214-4609.20131686
10.64628/aa.9j5gg534q,Sparkling meteorite provides a glimpse of Martian history,Alexander Nemchin,2013,,posted-content,False,Discovery candidate — not screened,Meteorite magnetism,,,,https://doi.org/10.64628/aa.9j5gg534q
10.1007/978-1-4614-2302-7_5,The Martian Moons,Peter Grego,2012,Astronomers' Observing Guides Mars and How to Observe It,book-chapter,False,Discovery candidate — not screened,Dichotomy,,,,https://doi.org/10.1007/978-1-4614-2302-7_5
10.1007/978-1-4614-7774-7_11,Geochemical Consequences of Widespread Clay Mineral Formation in Mars’ Ancient Crust,Bethany L. Ehlmann; Gilles Berger; Nicolas Mangold; Joseph R. Michalski; David C. Catling; Steven W. Ruff; Eric Chassefière; Paul B. Niles; Vincent Chevrier; Francois Poulet,2012,Space Sciences Series of ISSI Quantifying the Martian Geochemical Reservoirs,book-chapter,False,Discovery candidate — not screened,Surface and water,,,,https://doi.org/10.1007/978-1-4614-7774-7_11
10.1007/978-1-4614-7774-7_5,Long-Term Evolution of the Martian Crust-Mantle System,M. Grott; D. Baratoux; E. Hauber; V. Sautter; J. Mustard; O. Gasnault; S. W. Ruff; S.-I. Karato; V. Debaille; M. Knapmeyer; F. Sohl; T. Van Hoolst; D. Breuer; A. Morschhauser; M. J. Toplis,2012,Space Sciences Series of ISSI Quantifying the Martian Geochemical Reservoirs,book-chapter,False,Discovery candidate — not screened,Meteorite geochemistry,,,,https://doi.org/10.1007/978-1-4614-7774-7_5
10.1007/s11214-012-9930-0,Geochemical Consequences of Widespread Clay Mineral Formation in Mars’ Ancient Crust,Bethany L. Ehlmann; Gilles Berger; Nicolas Mangold; Joseph R. Michalski; David C. Catling; Steven W. Ruff; Eric Chassefière; Paul B. Niles; Vincent Chevrier; Francois Poulet,2012,Space Science Reviews,journal-article,False,Discovery candidate — not screened,Surface and water,,,,https://doi.org/10.1007/s11214-012-9930-0
10.1007/s11214-012-9948-3,Long-Term Evolution of the Martian Crust-Mantle System,M. Grott; D. Baratoux; E. Hauber; V. Sautter; J. Mustard; O. Gasnault; S. W. Ruff; S.-I. Karato; V. Debaille; M. Knapmeyer; F. Sohl; T. Van Hoolst; D. Breuer; A. Morschhauser; M. J. Toplis,2012,Space Science Reviews,journal-article,False,Discovery candidate — not screened,Meteorite geochemistry,,,,https://doi.org/10.1007/s11214-012-9948-3
10.1016/j.asr.2011.09.025,Neutral atmosphere and crustal magnetization as factors determining differences in plasma convection and magnetic fields distribution in the ionospheres of Mars and Venus,A.P. Kireev; A.M. Krymskii,2012,Advances in Space Research,journal-article,False,Discovery candidate — not screened,Magnetism,,,,https://doi.org/10.1016/j.asr.2011.09.025
10.1016/j.epsl.2011.11.035,Wide distribution and glacial origin of polar gypsum on Mars,M. Massé; O. Bourgeois; S. Le Mouélic; C. Verpoorter; A. Spiga; L. Le Deit,2012,Earth and Planetary Science Letters,journal-article,False,Discovery candidate — not screened,Dichotomy,,,,https://doi.org/10.1016/j.epsl.2011.11.035
10.1016/j.epsl.2012.09.044,The nakhlite hydrothermal brine on Mars,J.C. Bridges; S.P. Schwenzer,2012,Earth and Planetary Science Letters,journal-article,False,Discovery candidate — not screened,Meteorite magnetism,,,,https://doi.org/10.1016/j.epsl.2012.09.044
10.1016/j.epsl.2012.09.049,Magmatic water in the martian meteorite Nakhla,L.J. Hallis; G.J. Taylor; K. Nagashima; G.R. Huss,2012,Earth and Planetary Science Letters,journal-article,False,Discovery candidate — not screened,Meteorite magnetism; Meteorite provenance,,,,https://doi.org/10.1016/j.epsl.2012.09.049
10.1016/j.icarus.2011.10.023,Low-magnetic crust underlying South Province of Mars,Jafar Arkani-Hamed; Daniel Boutin,2012,Icarus,journal-article,False,Discovery candidate — not screened,Gravity and topography; Magnetism; Meteorite geochemistry; Chronology; Missions,,,,https://doi.org/10.1016/j.icarus.2011.10.023
10.1016/j.icarus.2011.11.038,Impact-induced mantle dynamics on Mars,James H. Roberts; Jafar Arkani-Hamed,2012,Icarus,journal-article,False,Discovery candidate — not screened,Magnetism,,,,https://doi.org/10.1016/j.icarus.2011.11.038
10.1016/j.icarus.2012.01.006,Mars’ atmospheric 40Ar: A tracer for past crustal erosion,F. Leblanc; E. Chassefière; C. Gillmann; D. Breuer,2012,Icarus,journal-article,False,Discovery candidate — not screened,Magnetism,,,,https://doi.org/10.1016/j.icarus.2012.01.006
10.1016/j.icarus.2012.07.008,"Density and lithospheric structure at Tyrrhena Patera, Mars, from gravity and topography data",M. Grott; M.A. Wieczorek,2012,Icarus,journal-article,False,Discovery candidate — not screened,Gravity and topography,,,,https://doi.org/10.1016/j.icarus.2012.07.008
10.1016/j.icarus.2012.07.030,Is the primordial crust of Mars magnetized?,Jafar Arkani-Hamed; Daniel Boutin,2012,Icarus,journal-article,False,Discovery candidate — not screened,Gravity and topography; Meteorite geochemistry; Chronology; Surface and water,,,,https://doi.org/10.1016/j.icarus.2012.07.030
10.1016/j.pepi.2012.09.008,Constraints on the formation of the Martian crustal dichotomy from remnant crustal magnetism,Robert I. Citron; Shijie Zhong,2012,Physics of the Earth and Planetary Interiors,journal-article,True,Selected full-text sections consulted,Magnetism,Models ejecta burial and heating of the southern crust and considers a convection-based origin for magnetic lineations.,Prior work directly connects dichotomy formation scenarios to magnetic survival; any new consistency test must engage with it.,Discussion and conclusion consulted. Uniform ejecta and assumed thermal/recording histories restrict generality; later reacquisition must also be considered.,https://doi.org/10.1016/j.pepi.2012.09.008
10.1016/j.pss.2012.08.001,Magnetic activity at Mars – Mars Surface Magnetic Observatory,S. Vennerstrom; M. Menvielle; J.M.G. Merayo; T.V. Falkenberg,2012,Planetary and Space Science,journal-article,False,Discovery candidate — not screened,Magnetism,,,,https://doi.org/10.1016/j.pss.2012.08.001
10.1016/j.pss.2012.09.015,Characterization of palimpsest craters on Mars,T. Barata; E.I. Alves; A. Machado; G.A. Barberes,2012,Planetary and Space Science,journal-article,False,Discovery candidate — not screened,Chronology,,,,https://doi.org/10.1016/j.pss.2012.09.015
10.1016/j.srt.2012.03.012,Mars Express radar gives strong evidence for former Mars ocean,,2012,Space Research Today,journal-article,False,Discovery candidate — not screened,Surface and water; Missions,,,,https://doi.org/10.1016/j.srt.2012.03.012
10.1017/s1473550412000328,Gale crater: the Mars Science Laboratory/Curiosity Rover Landing Site,James J. Wray,2012,International Journal of Astrobiology,journal-article,False,Discovery candidate — not screened,Missions,,,,https://doi.org/10.1017/s1473550412000328
10.1029/2011gl050225,Degassing history of Mars and the lifespan of its magnetic dynamo,Constantin Sandu; Walter S. Kiefer,2012,Geophysical Research Letters,journal-article,False,Discovery candidate — not screened,Magnetism,,,,https://doi.org/10.1029/2011gl050225
10.1029/2011je003867,Martian crustal dichotomy and Tharsis formation by partial melting coupled to early plume migration,Ondřej Šrámek; Shijie Zhong,2012,Journal of Geophysical Research: Planets,journal-article,False,Discovery candidate — not screened,Dichotomy,,,,https://doi.org/10.1029/2011je003867
10.1029/2011je003873,Interannual similarity and variation in seasonal circulation of Mars' atmospheric Ar as seen by the Gamma Ray Spectrometer on Mars Odyssey,Ann L. Sprague; William V. Boynton; Francois Forget; Yuan Lian; Mark Richardson; Richard Starr; Albert E. Metzger; David Hamara; Thanasis Economou,2012,Journal of Geophysical Research: Planets,journal-article,False,Discovery candidate — not screened,Missions,,,,https://doi.org/10.1029/2011je003873
10.1029/2011je003976,Density and lithospheric thickness of the Tharsis Province from MEX MaRS and MRO gravity data,M. Beuthe; S. Le Maistre; P. Rosenblatt; M. Pätzold; V. Dehant,2012,Journal of Geophysical Research: Planets,journal-article,False,Discovery candidate — not screened,Interior,,,,https://doi.org/10.1029/2011je003976
10.1029/2011je004005,A chronology of early Mars climatic evolution from impact crater degradation,N. Mangold; S. Adeli; S. Conway; V. Ansan; B. Langlais,2012,Journal of Geophysical Research: Planets,journal-article,False,Discovery candidate — not screened,Chronology,,,,https://doi.org/10.1029/2011je004005
10.1029/2012je004099,The history of Mars' dynamo as revealed by modeling magnetic anomalies near Tyrrhenus Mons and Syrtis Major,C. Milbury; G. Schubert; C. A. Raymond; S. E. Smrekar; B. Langlais,2012,Journal of Geophysical Research: Planets,journal-article,False,Discovery candidate — not screened,Magnetism,,,,https://doi.org/10.1029/2012je004099
10.1029/2012je004156,Mineralogy and chemistry of altered Icelandic basalts: Application to clay mineral detection and understanding aqueous environments on Mars,B. L. Ehlmann; D. L. Bish; S. W. Ruff; J. F. Mustard,2012,Journal of Geophysical Research: Planets,journal-article,False,Discovery candidate — not screened,Surface and water,,,,https://doi.org/10.1029/2012je004156
10.1038/nature.2012.11125,Curiosity sets down on Mars,Eric Hand,2012,Nature,journal-article,False,Discovery candidate — not screened,Missions,,,,https://doi.org/10.1038/nature.2012.11125
10.1038/ngeo1560,Uninhabitable martian clays?,Brian Hynek,2012,Nature Geoscience,journal-article,False,Discovery candidate — not screened,Dichotomy,,,,https://doi.org/10.1038/ngeo1560
10.1049/et.2012.0823,The graphic: Curiosity Mars Rover,,2012,Engineering & Technology,journal-article,False,Discovery candidate — not screened,Missions,,,,https://doi.org/10.1049/et.2012.0823
10.1063/pt.5.026065,Reduced carbon found in Mars meteorites,,2012,Physics Today,journal-article,False,Discovery candidate — not screened,Surface and water,,,,https://doi.org/10.1063/pt.5.026065
10.1063/pt.5.026229,Curiosity lands on Mars,,2012,Physics Today,journal-article,False,Discovery candidate — not screened,Missions,,,,https://doi.org/10.1063/pt.5.026229
10.1063/pt.5.026249,Mars may show signs of plate tectonics,,2012,Physics Today,journal-article,False,Discovery candidate — not screened,Volcanism and tectonics,,,,https://doi.org/10.1063/pt.5.026249
10.1080/00387010.2011.614670,Shock-Induced Phase Transformations in Melt Pockets within Martian Meteorite NWA 4468,Suporn Boonsue; John Spray,2012,Spectroscopy Letters,journal-article,False,Discovery candidate — not screened,Meteorite magnetism,,,,https://doi.org/10.1080/00387010.2011.614670
10.1098/rsta.2011.0500,The fluvial history of Mars,Michael H. Carr,2012,"Philosophical Transactions of the Royal Society A: Mathematical, Physical and Engineering Sciences",journal-article,False,Discovery candidate — not screened,Magnetism,,,,https://doi.org/10.1098/rsta.2011.0500
10.1111/j.1468-4004.2012.53504_15.x,Is there plate tectonics on Mars?,,2012,Astronomy & Geophysics,journal-article,False,Discovery candidate — not screened,Volcanism and tectonics,,,,https://doi.org/10.1111/j.1468-4004.2012.53504_15.x
10.1111/j.1945-5100.2012.01350.x,Meteorites on Mars,G. Joseph H. MCCALL,2012,Meteoritics & Planetary Science,journal-article,False,Discovery candidate — not screened,Surface and water,,,,https://doi.org/10.1111/j.1945-5100.2012.01350.x
10.1111/phor.12004,Curiosity on Mars,,2012,The Photogrammetric Record,journal-article,False,Discovery candidate — not screened,Missions,,,,https://doi.org/10.1111/phor.12004
10.1126/science.336.6081.517-g,Martian Veins,,2012,Science,journal-article,False,Discovery candidate — not screened,Dichotomy,,,,https://doi.org/10.1126/science.336.6081.517-g
10.1126/science.337.6091.131-g,Abiotic Martian Organics,,2012,Science,journal-article,False,Discovery candidate — not screened,Dichotomy,,,,https://doi.org/10.1126/science.337.6091.131-g
10.1145/2212776.2212818,Martian boneyards,Jodi Asbell-Clarke; Elisabeth Sylvan,2012,CHI '12 Extended Abstracts on Human Factors in Computing Systems,proceedings-article,False,Discovery candidate — not screened,Dichotomy,,,,https://doi.org/10.1145/2212776.2212818
10.1177/0309133312436570,Mid-latitude glaciation on Mars,Colin Souness; Bryn Hubbard,2012,Progress in Physical Geography: Earth and Environment,journal-article,False,Discovery candidate — not screened,Surface and water,,,,https://doi.org/10.1177/0309133312436570
10.2110/pec.12.102.0097,Aqueous Alteration in Martian Meteorites,Michael A. Velbel,2012,Sedimentary Geology of Mars,book-chapter,False,Discovery candidate — not screened,Meteorite magnetism; Meteorite geochemistry,,,,https://doi.org/10.2110/pec.12.102.0097
10.2138/am.2012.4148,Graphite in the martian meteorite Allan Hills 84001,A. Steele; F. M. McCubbin; M. D. Fries; D. C. Golden; D. W. Ming; L. G. Benning,2012,American Mineralogist,journal-article,False,Discovery candidate — not screened,Meteorite magnetism,,,,https://doi.org/10.2138/am.2012.4148
10.2514/6.2012-2866,Shock Layer Radiation Modeling and Uncertainty for Mars Entry,Christopher Johnston; Aaron Brandis; Kenneth Sutton,2012,43rd AIAA Thermophysics Conference,proceedings-article,False,Discovery candidate — not screened,Magnetism,,,,https://doi.org/10.2514/6.2012-2866
10.4018/ijgbl.2012010104,Martian Boneyards,Jodi Asbell-Clarke; Teon Edwards; Elizabeth Rowe; Jamie Larsen; Elisabeth Sylvan; Jim Hewitt,2012,International Journal of Game-Based Learning,journal-article,False,Discovery candidate — not screened,Dichotomy,,,,https://doi.org/10.4018/ijgbl.2012010104
10.1007/978-3-642-11274-4_1756,Mars Odyssey,Frances Westall,2011,Encyclopedia of Astrobiology,book-chapter,False,Discovery candidate — not screened,Missions,,,,https://doi.org/10.1007/978-3-642-11274-4_1756
10.1007/978-3-642-11274-4_2723,Martian Meteorites,,2011,Encyclopedia of Astrobiology,book-chapter,False,Discovery candidate — not screened,Dichotomy; Meteorite magnetism; Meteorite geochemistry,,,,https://doi.org/10.1007/978-3-642-11274-4_2723
10.1007/978-3-642-11274-4_5004,"Water, Mars",,2011,Encyclopedia of Astrobiology,book-chapter,False,Discovery candidate — not screened,Surface and water,,,,https://doi.org/10.1007/978-3-642-11274-4_5004
10.1007/978-3-642-11274-4_5052,"Atmosphere, Mars",,2011,Encyclopedia of Astrobiology,book-chapter,False,Discovery candidate — not screened,Atmosphere,,,,https://doi.org/10.1007/978-3-642-11274-4_5052
10.1007/978-3-642-11274-4_940,Mars Express,Jean-Pierre Bibring,2011,Encyclopedia of Astrobiology,book-chapter,False,Discovery candidate — not screened,Missions,,,,https://doi.org/10.1007/978-3-642-11274-4_940
10.1007/978-3-642-11274-4_942,Mars Pathfinder,Lionel D’Uston,2011,Encyclopedia of Astrobiology,book-chapter,False,Discovery candidate — not screened,Missions,,,,https://doi.org/10.1007/978-3-642-11274-4_942
10.1016/j.actaastro.2010.10.018,Northern light drill for Mars: Performance evaluation,Nimal Navarathinam; Regina Lee; Konstantin Borschiov; Ben Quine,2011,Acta Astronautica,journal-article,False,Discovery candidate — not screened,Surface and water,,,,https://doi.org/10.1016/j.actaastro.2010.10.018
10.1016/j.epsl.2011.03.013,Impact demagnetization of the Martian crust: Current knowledge and future directions,Karin L. Louzada; Sarah T. Stewart; Benjamin P. Weiss; Jérôme Gattacceca; Robert J. Lillis; Jasper S. Halekas,2011,Earth and Planetary Science Letters,journal-article,False,Discovery candidate — not screened,Magnetism,,,,https://doi.org/10.1016/j.epsl.2011.03.013
10.1016/j.epsl.2011.10.001,"Eruption history of the Elysium Volcanic Province, Mars",Thomas Platz; Gregory Michael,2011,Earth and Planetary Science Letters,journal-article,False,Discovery candidate — not screened,Volcanism and tectonics,,,,https://doi.org/10.1016/j.epsl.2011.10.001
10.1016/j.gca.2011.07.027,CO2 solubility in Martian basalts and Martian atmospheric evolution,Ben D. Stanley; Marc M. Hirschmann; Anthony C. Withers,2011,Geochimica et Cosmochimica Acta,journal-article,False,Discovery candidate — not screened,Dichotomy,,,,https://doi.org/10.1016/j.gca.2011.07.027
10.1016/j.icarus.2010.09.011,"Stratigraphy, mineralogy, and origin of layered deposits inside Terby crater, Mars",V. Ansan; D. Loizeau; N. Mangold; S. Le Mouélic; J. Carter; F. Poulet; G. Dromart; A. Lucas; J.-P. Bibring; A. Gendrin; B. Gondet; Y. Langevin; Ph. Masson; S. Murchie; J.F. Mustard; G. Neukum,2011,Icarus,journal-article,False,Discovery candidate — not screened,Dichotomy,,,,https://doi.org/10.1016/j.icarus.2010.09.011
10.1016/j.icarus.2010.10.004,"Mars high resolution gravity fields from MRO, Mars seasonal gravity, and other dynamical parameters",Alex S. Konopliv; Sami W. Asmar; William M. Folkner; Özgür Karatekin; Daniel C. Nunes; Suzanne E. Smrekar; Charles F. Yoder; Maria T. Zuber,2011,Icarus,journal-article,False,Discovery candidate — not screened,Gravity and topography; Missions,,,,https://doi.org/10.1016/j.icarus.2010.10.004
10.1016/j.icarus.2010.12.028,"Crustal recycling, mantle dehydration, and the thermal evolution of Mars",A. Morschhauser; M. Grott; D. Breuer,2011,Icarus,journal-article,False,Discovery candidate — not screened,Magnetism,,,,https://doi.org/10.1016/j.icarus.2010.12.028
10.1016/j.icarus.2011.03.028,Impact megadomes and the origin of the martian crustal dichotomy,C.C. Reese; C.P. Orth; V.S. Solomatov,2011,Icarus,journal-article,False,Discovery candidate — not screened,Dichotomy,,,,https://doi.org/10.1016/j.icarus.2011.03.028
10.1016/j.icarus.2011.06.012,Origin of the martian dichotomy and Tharsis from a giant impact causing massive magmatism,Gregor J. Golabek; Tobias Keller; Taras V. Gerya; Guizhi Zhu; Paul J. Tackley; James A.D. Connolly,2011,Icarus,journal-article,False,Discovery candidate — not screened,Dichotomy,,,,https://doi.org/10.1016/j.icarus.2011.06.012
10.1016/j.icarus.2011.06.030,Magnetic storms on Mars,S. Vennerstrom,2011,Icarus,journal-article,False,Discovery candidate — not screened,Magnetism,,,,https://doi.org/10.1016/j.icarus.2011.06.030
10.1016/j.icarus.2011.07.029,The thermal evolution of Mars as constrained by paleo-heat flows,Javier Ruiz; Patrick J. McGovern; Alberto Jiménez-Díaz; Valle López; Jean-Pierre Williams; Brian C. Hahn; Rosa Tejero,2011,Icarus,journal-article,False,Discovery candidate — not screened,Interior,,,,https://doi.org/10.1016/j.icarus.2011.07.029
10.1016/j.pepi.2011.01.004,Equatorially asymmetric convection inducing a hemispherical magnetic field in rotating spheres and implications for the past martian dynamo,Maylis Landeau; Julien Aubert,2011,Physics of the Earth and Planetary Interiors,journal-article,False,Discovery candidate — not screened,Magnetism,,,,https://doi.org/10.1016/j.pepi.2011.01.004
10.1016/j.pepi.2011.06.010,Effects of the Borealis impact on the mantle dynamics of Mars,Abdolreza Ghods; Jafar Arkani-Hamed,2011,Physics of the Earth and Planetary Interiors,journal-article,False,Discovery candidate — not screened,Dichotomy,,,,https://doi.org/10.1016/j.pepi.2011.06.010
10.1016/j.pepi.2011.07.008,The influence of degree-1 mantle heterogeneity on the past dynamo of Mars,Hagay Amit; Ulrich R. Christensen; Benoit Langlais,2011,Physics of the Earth and Planetary Interiors,journal-article,False,Discovery candidate — not screened,Interior; Magnetism,,,,https://doi.org/10.1016/j.pepi.2011.07.008
10.1016/j.pss.2010.04.018,Spectral heterogeneity on Phobos and Deimos: HiRISE observations and comparisons to Mars Pathfinder results,N. Thomas; R. Stelter; A. Ivanov; N.T. Bridges; K.E. Herkenhoff; A.S. McEwen,2011,Planetary and Space Science,journal-article,False,Discovery candidate — not screened,Moons and impacts,,,,https://doi.org/10.1016/j.pss.2010.04.018
10.1016/j.pss.2010.05.016,Reduced sulfur–carbon–water systems on Mars may yield shallow methane hydrate reservoirs,M.E. Elwood Madden; J.R. Leeman; M.J. Root; S. Gainey,2011,Planetary and Space Science,journal-article,False,Discovery candidate — not screened,Surface and water,,,,https://doi.org/10.1016/j.pss.2010.05.016
10.1016/j.pss.2010.11.004,History of plains resurfacing in the Scandia region of Mars,Kenneth L. Tanaka; Corey M. Fortezzo; Rosalyn K. Hayward; J.Alexis P. Rodriguez; James A. Skinner,2011,Planetary and Space Science,journal-article,False,Discovery candidate — not screened,Surface and water,,,,https://doi.org/10.1016/j.pss.2010.11.004
10.1016/j.pss.2011.02.013,Mars mantle convection: Influence of phase transitions with core cooling,Nathalie Michel; Olivier Forni,2011,Planetary and Space Science,journal-article,False,Discovery candidate — not screened,Interior,,,,https://doi.org/10.1016/j.pss.2011.02.013
10.1016/j.pss.2011.03.022,Mars: The evolutionary history of the northern lowlands based on crater counting and geologic mapping,S.C. Werner; K.L. Tanaka; J.A. Skinner,2011,Planetary and Space Science,journal-article,False,Discovery candidate — not screened,Chronology,,,,https://doi.org/10.1016/j.pss.2011.03.022
10.1016/s0262-4079(11)62195-7,Giant Mars crater hints at steamy past,,2011,New Scientist,journal-article,False,Discovery candidate — not screened,Dichotomy,,,,https://doi.org/10.1016/s0262-4079(11)62195-7
10.1029/2010ja016231,Photoelectrons on closed crustal field lines at Mars,Matthew Trantham; Mike Liemohn; David Mitchell; Jacki Frank,2011,Journal of Geophysical Research: Space Physics,journal-article,False,Discovery candidate — not screened,Interior; Magnetism,,,,https://doi.org/10.1029/2010ja016231
10.1029/2010je003764,Isotopic evidence for a Martian regolith component in shergottite meteorites,M. N. Rao; L. E. Nyquist; D. D. Bogard; D. H. Garrison; S. R. Sutton; R. Michel; R. C. Reedy; I. Leya,2011,Journal of Geophysical Research,journal-article,False,Discovery candidate — not screened,Meteorite magnetism; Meteorite geochemistry,,,,https://doi.org/10.1029/2010je003764
10.1029/2010je003772,"Regional-scale stratigraphy of surface units in Tyrrhena and Iapygia Terrae, Mars: Insights into highland crustal evolution and alteration history",A. Deanne Rogers; Robin L. Fergason,2011,Journal of Geophysical Research,journal-article,False,Discovery candidate — not screened,Magnetism,,,,https://doi.org/10.1029/2010je003772
10.1029/2010je003787,"Constraints on the origin and evolution of Iani Chaos, Mars",Nicholas H. Warner; Sanjeev Gupta; Jung-Rack Kim; Jan-Peter Muller; Lucille Le Corre; Jeremy Morley; Shih-Yuan Lin; Chris McGonigle,2011,Journal of Geophysical Research,journal-article,False,Discovery candidate — not screened,Dichotomy,,,,https://doi.org/10.1029/2010je003787
10.1029/2011gl047310,Very recent and wide-spread basaltic volcanism on Mars,E. Hauber; P. Brož; F. Jagert; P. Jodłowski; T. Platz,2011,Geophysical Research Letters,journal-article,False,Discovery candidate — not screened,Volcanism and tectonics,,,,https://doi.org/10.1029/2011gl047310
10.1029/2011gl047435,Martian surface heat production and crustal heat flow from Mars Odyssey Gamma-Ray spectrometry,B. C. Hahn; S. M. McLennan; E. C. Klein,2011,Geophysical Research Letters,journal-article,False,Discovery candidate — not screened,Missions,,,,https://doi.org/10.1029/2011gl047435
10.1029/2011je003878,Correction to “Possible crippling of the core dynamo of Mars by Borealis impact”,Jafar Arkani-Hamed,2011,Journal of Geophysical Research,journal-article,False,Discovery candidate — not screened,Dichotomy; Magnetism,,,,https://doi.org/10.1029/2011je003878
10.1038/470172a,Astronomy: Martian illusions,Michael Carr,2011,Nature,journal-article,False,Discovery candidate — not screened,Dichotomy,,,,https://doi.org/10.1038/470172a
10.1038/ngeo1255,Martian snows,Amy Whitchurch,2011,Nature Geoscience,journal-article,False,Discovery candidate — not screened,Dichotomy,,,,https://doi.org/10.1038/ngeo1255
10.1038/ngeo1310,Martian water aloft,Alicia Newton,2011,Nature Geoscience,journal-article,False,Discovery candidate — not screened,Dichotomy,,,,https://doi.org/10.1038/ngeo1310
10.1073/pnas.1013478108,Combining meteorites and missions to explore Mars,Timothy J. McCoy; Catherine M. Corrigan; Christopher D. K. Herd,2011,Proceedings of the National Academy of Sciences,journal-article,False,Discovery candidate — not screened,Surface and water,,,,https://doi.org/10.1073/pnas.1013478108
10.1088/1742-6596/301/1/012007,Measuring Martian lightning,K L Aplin; C J Davis; W J Bradford; K L Herpoldt,2011,Journal of Physics: Conference Series,journal-article,False,Discovery candidate — not screened,Dichotomy,,,,https://doi.org/10.1088/1742-6596/301/1/012007
10.1109/jproc.2011.2106190,Polarization in Bistatic Radar Probing of Planetary Surfaces: Application to Mars Express Data,R A Simpson; G L Tyler; M Pätzold; B Häusler; S W Asmar; A K Sultan-Salem,2011,Proceedings of the IEEE,journal-article,False,Discovery candidate — not screened,Missions,,,,https://doi.org/10.1109/jproc.2011.2106190
10.1109/ursigass.2011.6051118,Overview of the plasma environment of Mars as seen by the radar sounder on Mars Express Spacecraft,F. Duru; D. A. Gurnett; D. D. Morgan,2011,2011 XXXth URSI General Assembly and Scientific Symposium,proceedings-article,False,Discovery candidate — not screened,Missions,,,,https://doi.org/10.1109/ursigass.2011.6051118
10.1111/j.1468-4004.2011.52108_1.x,Martian record-breaker,,2011,Astronomy & Geophysics,journal-article,False,Discovery candidate — not screened,Dichotomy,,,,https://doi.org/10.1111/j.1468-4004.2011.52108_1.x
10.1111/j.1468-4004.2011.52207_5.x,Mars Express reveals new views,,2011,Astronomy & Geophysics,journal-article,False,Discovery candidate — not screened,Missions,,,,https://doi.org/10.1111/j.1468-4004.2011.52207_5.x
10.1111/j.1468-4004.2011.52604_5.x,Underground clay on Mars,,2011,Astronomy & Geophysics,journal-article,False,Discovery candidate — not screened,Surface and water,,,,https://doi.org/10.1111/j.1468-4004.2011.52604_5.x
10.1111/j.1945-5100.2011.01297.x,Meteorites at Meridiani Planum provide evidence for significant amounts of surface and near‐surface water on early Mars,Alberto G. FAIRÉN; James M. DOHM; Victor R. BAKER; Shane D. THOMPSON; William C. MAHANEY; Kenneth E. HERKENHOFF; J. Alexis P. RODRÍGUEZ; Alfonso F. DAVILA; Dirk SCHULZE‐MAKUCH; M. Ramy EL MAARRY; Esther R. UCEDA; Ricardo AMILS; Hirdy MIYAMOTO; Kyeong J. KIM; Robert C. ANDERSON; Christopher P. McKAY,2011,Meteoritics & Planetary Science,journal-article,False,Discovery candidate — not screened,Surface and water,,,,https://doi.org/10.1111/j.1945-5100.2011.01297.x
10.1126/science.1205169,Cold-Trapping Mars' Atmosphere,Peter C. Thomas,2011,Science,journal-article,False,Discovery candidate — not screened,Atmosphere,,,,https://doi.org/10.1126/science.1205169
10.1126/science.332.6031.763-h,Martian CO2 Store,,2011,Science,journal-article,False,Discovery candidate — not screened,Dichotomy,,,,https://doi.org/10.1126/science.332.6031.763-h
10.1126/science.333.6043.671-b,Martian Waves,,2011,Science,journal-article,False,Discovery candidate — not screened,Dichotomy,,,,https://doi.org/10.1126/science.333.6043.671-b
10.1144/sp356.1,Martian Geomorphology: introduction,M. R. Balme; A. S. Bargery; C. J. Gallagher; S. Gupta,2011,"Geological Society, London, Special Publications",journal-article,False,Discovery candidate — not screened,Dichotomy,,,,https://doi.org/10.1144/sp356.1
10.1144/sp356.11,"Fill and spill in Lethe Vallis: a recent flood-routing system in Elysium Planitia, Mars",M. R. Balme; C. J. Gallagher; S. Gupta; J. B. Murray,2011,"Geological Society, London, Special Publications",journal-article,False,Discovery candidate — not screened,Volcanism and tectonics,,,,https://doi.org/10.1144/sp356.11
10.3103/s0027134911010085,Anomalous structure of the crust and mantle of mars,N. A. Chuikova; L. P. Nasonova; T. G. Maksimova,2011,Moscow University Physics Bulletin,journal-article,False,Discovery candidate — not screened,Meteorite geochemistry; Chronology,,,,https://doi.org/10.3103/s0027134911010085
10.5860/choice.48-3843,Trailblazing Mars: NASA's next giant leap,,2011,Choice Reviews Online,journal-article,False,Discovery candidate — not screened,Dichotomy,,,,https://doi.org/10.5860/choice.48-3843
10.1007/978-3-642-14400-4_17,Entropic Quadtrees and Mining Mars Craters,Rosanne Vetro; Dan A. Simovici,2010,Lecture Notes in Computer Science Advances in Data Mining. Applications and Theoretical Aspects,book-chapter,False,Discovery candidate — not screened,Chronology,,,,https://doi.org/10.1007/978-3-642-14400-4_17
10.1016/j.epsl.2009.06.042,Geologic history of Mars,Michael H. Carr; James W. Head,2010,Earth and Planetary Science Letters,journal-article,False,Discovery candidate — not screened,Magnetism,,,,https://doi.org/10.1016/j.epsl.2009.06.042
10.1016/j.epsl.2009.12.006,Shock and static pressure demagnetization of pyrrhotite and implications for the Martian crust,Karin L. Louzada; Sarah T. Stewart; Benjamin P. Weiss; Jérôme Gattacceca; Natalia S. Bezaeva,2010,Earth and Planetary Science Letters,journal-article,False,Discovery candidate — not screened,Magnetism,,,,https://doi.org/10.1016/j.epsl.2009.12.006
10.1016/j.icarus.2009.02.019,Large density fluctuations in the martian ionosphere as observed by the Mars Express radar sounder,D.A. Gurnett; D.D. Morgan; F. Duru; F. Akalin; J.D. Winningham; R.A. Frahm; E. Dubinin; S. Barabash,2010,Icarus,journal-article,False,Discovery candidate — not screened,Missions,,,,https://doi.org/10.1016/j.icarus.2009.02.019
10.1016/j.icarus.2009.12.025,"Deep versus shallow origin of gravity anomalies, topography and volcanism on Earth, Venus and Mars",Bernhard Steinberger; Stephanie C. Werner; Trond H. Torsvik,2010,Icarus,journal-article,False,Discovery candidate — not screened,Gravity and topography,,,,https://doi.org/10.1016/j.icarus.2009.12.025
10.1016/j.icarus.2010.03.030,Do young martian ray craters have ages consistent with the crater count system?,William K. Hartmann; Cathy Quantin; Stephanie C. Werner; Olga Popova,2010,Icarus,journal-article,False,Discovery candidate — not screened,Meteorite provenance,,,,https://doi.org/10.1016/j.icarus.2010.03.030
10.1016/j.icarus.2010.04.025,Late Hesperian plains formation and degradation in a low sedimentation zone of the northern lowlands of Mars,José Alexis Palmero Rodríguez; Kenneth L. Tanaka; Daniel C. Berman; Jeffrey S. Kargel,2010,Icarus,journal-article,False,Discovery candidate — not screened,Chronology,,,,https://doi.org/10.1016/j.icarus.2010.04.025
10.1017/s1431927610055431,Investigation of Baddeleyite Phase Found in Martian Meteorites,J Li; T Malis; C Herd,2010,Microscopy and Microanalysis,journal-article,False,Discovery candidate — not screened,Meteorite magnetism,,,,https://doi.org/10.1017/s1431927610055431
10.1017/s1431927610062860,Microanalysis of Melt Pockets within Martian Meteorite DaG 476,S Boonsue; JG Spray,2010,Microscopy and Microanalysis,journal-article,False,Discovery candidate — not screened,Meteorite magnetism,,,,https://doi.org/10.1017/s1431927610062860
10.1017/s1431927610063142,Quantitative Phase Analysis of Martian Meteorite Alteration,E Vicenzi; M Velbel,2010,Microscopy and Microanalysis,journal-article,False,Discovery candidate — not screened,Meteorite magnetism; Meteorite provenance,,,,https://doi.org/10.1017/s1431927610063142
10.1029/2009gl041426,Near‐tropical subsurface ice on Mars,Mathieu Vincendon; John Mustard; François Forget; Mikhail Kreslavsky; Aymeric Spiga; Scott Murchie; Jean‐Pierre Bibring,2010,Geophysical Research Letters,journal-article,False,Discovery candidate — not screened,Surface and water,,,,https://doi.org/10.1029/2009gl041426
10.1029/2009gl041523,Simulating observed boundary layer clouds on Mars,F. Daerden; J. A. Whiteway; R. Davy; C. Verhoeven; L. Komguem; C. Dickinson; P. A. Taylor; N. Larsen,2010,Geophysical Research Letters,journal-article,False,Discovery candidate — not screened,Surface and water,,,,https://doi.org/10.1029/2009gl041523
10.1029/2009je003336,Lineated valley fill at the Martian dichotomy boundary: Nature and history of degradation,S. van Gasselt; E. Hauber; G. Neukum,2010,Journal of Geophysical Research: Planets,journal-article,False,Discovery candidate — not screened,Dichotomy,,,,https://doi.org/10.1029/2009je003336
10.1029/2009je003506,Impact origin for the Martian crustal dichotomy: Half emptied or half filled?,C. C. Reese; C. P. Orth; V. S. Solomatov,2010,Journal of Geophysical Research: Planets,journal-article,False,Discovery candidate — not screened,Dichotomy,,,,https://doi.org/10.1029/2009je003506
10.1029/2009je003537,"Internal structure of Planum Boreum, from Mars advanced radar for subsurface and ionospheric sounding data",M. M. Selvans; J. J. Plaut; O. Aharonson; A. Safaeinili,2010,Journal of Geophysical Research: Planets,journal-article,False,Discovery candidate — not screened,Surface and water,,,,https://doi.org/10.1029/2009je003537
10.1029/2009je003556,Study of impact demagnetization at Mars using Monte Carlo modeling and multiple altitude data,Robert J. Lillis; Michael E. Purucker; Jasper S. Halekas; Karin L. Louzada; Sarah T. Stewart‐Mukhopadhyay; Michael Manga; Herbert V. Frey,2010,Journal of Geophysical Research: Planets,journal-article,False,Discovery candidate — not screened,Magnetism,,,,https://doi.org/10.1029/2009je003556
10.1029/2010gl043528,K and Cl concentrations on the Martian surface determined by the Mars Odyssey Gamma Ray Spectrometer: Implications for bulk halogen abundances in Mars,G. Jeffrey Taylor; William V. Boynton; Scott M. McLennan; Linda M. V. Martel,2010,Geophysical Research Letters,journal-article,False,Discovery candidate — not screened,Missions,,,,https://doi.org/10.1029/2010gl043528
10.1029/2010gl045181,Candidate ice‐rich material within equatorial craters on Mars,David E. Shean,2010,Geophysical Research Letters,journal-article,False,Discovery candidate — not screened,Chronology,,,,https://doi.org/10.1029/2010gl045181
10.1029/2010je003597,Long‐wavelength stagnant lid convection with hemispheric variation in lithospheric thickness: Link between Martian crustal dichotomy and Tharsis?,Ondřej Šrámek; Shijie Zhong,2010,Journal of Geophysical Research: Planets,journal-article,False,Discovery candidate — not screened,Dichotomy,,,,https://doi.org/10.1029/2010je003597
10.1029/2010je003602,Possible crippling of the core dynamo of Mars by Borealis impact,Jafar Arkani‐Hamed,2010,Journal of Geophysical Research: Planets,journal-article,False,Discovery candidate — not screened,Dichotomy; Magnetism,,,,https://doi.org/10.1029/2010je003602
10.1029/2010je003658,"Geology of the Martian crustal dichotomy boundary: Age, modifications, and implications for modeling efforts",Rossman P. Irwin; Thomas R. Watters,2010,Journal of Geophysical Research: Planets,journal-article,True,Selected full-text sections consulted,Dichotomy,Boundary stratigraphy and structure distinguish an ancient dichotomy from younger erosion and faulting.,Prevents dating primordial formation from the age of young boundary landforms.,Regional exposures and resurfacing limit extrapolation around the entire planet.,https://doi.org/10.1029/2010je003658
10.1029/2010je003663,Nightside ionosphere of Mars: Radar soundings by the Mars Express spacecraft,F. Němec; D. D. Morgan; D. A. Gurnett; F. Duru,2010,Journal of Geophysical Research: Planets,journal-article,False,Discovery candidate — not screened,Missions,,,,https://doi.org/10.1029/2010je003663
10.1038/ngeo1001,Hidden martian carbonates,Timothy D. Glotch,2010,Nature Geoscience,journal-article,False,Discovery candidate — not screened,Dichotomy,,,,https://doi.org/10.1038/ngeo1001
10.1038/ngeo971,Deep crustal carbonate rocks exposed by meteor impact on Mars,Joseph R. Michalski; Paul B. Niles,2010,Nature Geoscience,journal-article,False,Discovery candidate — not screened,Magnetism,,,,https://doi.org/10.1038/ngeo971
10.1088/1674-4527/10/8/002,"Mars geodesy, rotation and gravity",Pascal Rosenblatt; Veronique Dehant,2010,Research in Astronomy and Astrophysics,journal-article,False,Discovery candidate — not screened,Gravity and topography,,,,https://doi.org/10.1088/1674-4527/10/8/002
10.1101/cshperspect.a003509,An Origin of Life on Mars,C. P. McKay,2010,Cold Spring Harbor Perspectives in Biology,journal-article,False,Discovery candidate — not screened,Dichotomy,,,,https://doi.org/10.1101/cshperspect.a003509
10.1109/icgpr.2010.5550143,"Radar subsurface sounding over the putative frozen sea in Cerberus Palus, Mars",R Orosei; M Cartacci; A Cicchetti; R Noschese; C Federico; A Frigeri; E Flamini; J W Holt; L Marinangeli; E Pettinelli; R J Phillips; G Picardi; R Seu; J J Plaut,2010,Proceedings of the XIII Internarional Conference on Ground Penetrating Radar,proceedings-article,False,Discovery candidate — not screened,Surface and water,,,,https://doi.org/10.1109/icgpr.2010.5550143
10.1109/icgpr.2010.5550144,Imaging the subsurface structure of Planum Boreum with the Mars Reconnaissance Orbiter Shallow Radar,Nathaniel E Putzig; Roger J Phillips; Bruce A Campbell; Frederick J Foss,2010,Proceedings of the XIII Internarional Conference on Ground Penetrating Radar,proceedings-article,False,Discovery candidate — not screened,Surface and water,,,,https://doi.org/10.1109/icgpr.2010.5550144
10.1109/whispers.2010.5594928,Retrieving Mars aerosol optical depth from CRISM/MRO imagery,Sylvain Doute; Xavier Ceamanos,2010,2010 2nd Workshop on Hyperspectral Image and Signal Processing: Evolution in Remote Sensing,proceedings-article,False,Discovery candidate — not screened,Missions,,,,https://doi.org/10.1109/whispers.2010.5594928
10.1111/j.1365-2966.2010.16350.x,The making of Martian meteorite Block Island,Martin Beech; Ian M. Coulson,2010,Monthly Notices of the Royal Astronomical Society,journal-article,False,Discovery candidate — not screened,Meteorite magnetism; Meteorite provenance,,,,https://doi.org/10.1111/j.1365-2966.2010.16350.x
10.1111/j.1945-5100.2010.01042.x,"Geochemistry of the Martian meteorite ALH 84001, revisited",Jean-Alix BARRAT; Claire BOLLINGER,2010,Meteoritics & Planetary Science,journal-article,False,Discovery candidate — not screened,Meteorite magnetism,,,,https://doi.org/10.1111/j.1945-5100.2010.01042.x
10.1126/science.328.5976.284-a,Less Old Martian Meteorite,,2010,Science,journal-article,False,Discovery candidate — not screened,Meteorite magnetism; Meteorite provenance,,,,https://doi.org/10.1126/science.328.5976.284-a
10.1126/science.329.5997.1255-g,Martian Carbon Dioxide,,2010,Science,journal-article,False,Discovery candidate — not screened,Dichotomy,,,,https://doi.org/10.1126/science.329.5997.1255-g
10.1524/zkri.2010.1243,Pyroxene from martian meteorite NWA856: Structural investigations by X-ray and neutron diffraction,Friedrich Frey; Eveline Weidner; Björn Pedersen; Hans Boysen; Manfred Burghammer; Markus Hoelzel,2010,Zeitschrift für Kristallographie,journal-article,False,Discovery candidate — not screened,Meteorite magnetism,,,,https://doi.org/10.1524/zkri.2010.1243
10.3998/mpub.1432919,A Martian Muse,Reginald Shepherd,2010,,monograph,False,Discovery candidate — not screened,Dichotomy,,,,https://doi.org/10.3998/mpub.1432919
10.4016/17333.01,UH Scientist Gives New Age to ALH84001,,2010,SciVee,dataset,False,Discovery candidate — not screened,Meteorite magnetism,,,,https://doi.org/10.4016/17333.01
10.1007/978-0-387-98191-8,Martian Outpost,Erik Seedhouse,2009,,book,False,Discovery candidate — not screened,Dichotomy,,,,https://doi.org/10.1007/978-0-387-98191-8
10.1016/j.asr.2008.04.007,Mars Phobos and Deimos Survey (M-PADS) – A martian Moons orbiter and Phobos lander,Andrew J. Ball; Michael E. Price; Roger J. Walker; Glyn C. Dando; Nigel S. Wells; John C. Zarnecki,2009,Advances in Space Research,journal-article,False,Discovery candidate — not screened,Moons and impacts,,,,https://doi.org/10.1016/j.asr.2008.04.007
10.1016/j.epsl.2009.01.040,True Polar Wander driven by late-stage volcanism and the distribution of paleopolar deposits on Mars,Edwin S. Kite; Isamu Matsuyama; Michael Manga; J. Taylor Perron; Jerry X. Mitrovica,2009,Earth and Planetary Science Letters,journal-article,False,Discovery candidate — not screened,Gravity and topography,,,,https://doi.org/10.1016/j.epsl.2009.01.040
10.1016/j.epsl.2009.01.042,Martian meteorite chronology and the evolution of the interior of Mars,Audrey Bouvier; Janne Blichert-Toft; Francis Albarède,2009,Earth and Planetary Science Letters,journal-article,False,Discovery candidate — not screened,Meteorite magnetism,,,,https://doi.org/10.1016/j.epsl.2009.01.042
10.1016/j.gca.2009.05.064,Origins of magnetite nanocrystals in Martian meteorite ALH84001,K.L. Thomas-Keprta; S.J. Clemett; D.S. McKay; E.K. Gibson; S.J. Wentworth,2009,Geochimica et Cosmochimica Acta,journal-article,False,Discovery candidate — not screened,Meteorite magnetism,,,,https://doi.org/10.1016/j.gca.2009.05.064
10.1016/j.gca.2009.09.008,Silicate mineralogy of martian meteorites,J.J. Papike; J.M. Karner; C.K. Shearer; P.V. Burger,2009,Geochimica et Cosmochimica Acta,journal-article,False,Discovery candidate — not screened,Meteorite magnetism; Meteorite geochemistry,,,,https://doi.org/10.1016/j.gca.2009.09.008
10.1016/j.icarus.2008.10.026,Degradation of mid-latitude craters on Mars,Daniel C. Berman; David A. Crown; Leslie F. Bleamaster,2009,Icarus,journal-article,False,Discovery candidate — not screened,Chronology,,,,https://doi.org/10.1016/j.icarus.2008.10.026
10.1016/j.icarus.2008.11.010,"Sorted stone circles in Elysium Planitia, Mars: Implications for recent martian climate",M.R. Balme; C.J. Gallagher; D.P. Page; J.B. Murray; J.-P. Muller,2009,Icarus,journal-article,False,Discovery candidate — not screened,Volcanism and tectonics,,,,https://doi.org/10.1016/j.icarus.2008.11.010
10.1016/j.icarus.2008.11.011,Contribution of Mars Odyssey GRS at Central Elysium Planitia,B. Diez; W.C. Feldman; N. Mangold; D. Baratoux; S. Maurice; O. Gasnault; L. d'Uston; F. Costard,2009,Icarus,journal-article,False,Discovery candidate — not screened,Volcanism and tectonics,,,,https://doi.org/10.1016/j.icarus.2008.11.011
10.1016/j.icarus.2008.12.018,"OMEGA/Mars Express: South Pole Region, water vapor daily variability",R. Melchiorri; T. Encrenaz; P. Drossart; T. Fouchet; F. Forget; D. Titov; L. Maltagliati; F. Altieri; M. Vincendon; Y. Langevin; J.P. Bibring,2009,Icarus,journal-article,False,Discovery candidate — not screened,Missions,,,,https://doi.org/10.1016/j.icarus.2008.12.018
10.1016/j.icarus.2009.01.005,Did tidal deformation power the core dynamo of Mars?,Jafar Arkani-Hamed,2009,Icarus,journal-article,False,Discovery candidate — not screened,Magnetism,,,,https://doi.org/10.1016/j.icarus.2009.01.005
10.1016/j.icarus.2009.01.025,"Lithospheric structure and tectonics at Isidis Planitia, Mars",J. Andreas Ritzer; Steven A. Hauck,2009,Icarus,journal-article,False,Discovery candidate — not screened,Volcanism and tectonics,,,,https://doi.org/10.1016/j.icarus.2009.01.025
10.1016/j.icarus.2009.03.029,Towards self-consistent modeling of the martian dichotomy: The influence of one-ridge convection on crustal thickness distribution,Tobias Keller; Paul J. Tackley,2009,Icarus,journal-article,False,Discovery candidate — not screened,Dichotomy,,,,https://doi.org/10.1016/j.icarus.2009.03.029
10.1016/j.icarus.2009.04.026,Machine cataloging of impact craters on Mars,Tomasz F. Stepinski; Michael P. Mendenhall; Brian D. Bue,2009,Icarus,journal-article,False,Discovery candidate — not screened,Chronology,,,,https://doi.org/10.1016/j.icarus.2009.04.026
10.1016/j.icarus.2009.04.037,Amazonian northern mid-latitude glaciation on Mars: A proposed climate scenario,J.-B. Madeleine; F. Forget; James W. Head; B. Levrard; F. Montmessin; E. Millour,2009,Icarus,journal-article,False,Discovery candidate — not screened,Surface and water,,,,https://doi.org/10.1016/j.icarus.2009.04.037
10.1016/j.icarus.2009.05.008,"Ancient heat flow and crustal thickness at Warrego rise, Thaumasia highlands, Mars: Implications for a stratified crust",Javierz Ruiz; Jean-Pierre Williams; James M. Dohm; Carlos Fernández; Valle López,2009,Icarus,journal-article,False,Discovery candidate — not screened,Interior,,,,https://doi.org/10.1016/j.icarus.2009.05.008
10.1016/j.icarus.2009.05.021,The very early thermal state of Terra Cimmeria: Implications for magnetic carriers in the crust of Mars,Javier Ruiz,2009,Icarus,journal-article,True,Abstract consulted,Magnetism,Early geotherms inferred for Terra Cimmeria are used to evaluate candidate magnetic carriers and magnetized depths.,Establishes prior thermal-carrier consistency tests that a modern joint analysis should extend rather than claim to invent.,"Abstract consulted with limited section previews. Inferred heat flow, loading age and source depths are conditional; Curie depth is not a directly measured magnetic boundary.",https://doi.org/10.1016/j.icarus.2009.05.021
10.1016/j.icarus.2009.07.020,Polar wander of Mars: Evidence from giant impact basins,Jafar Arkani-Hamed,2009,Icarus,journal-article,False,Discovery candidate — not screened,Dichotomy; Gravity and topography,,,,https://doi.org/10.1016/j.icarus.2009.07.020
10.1016/j.icarus.2009.07.034,Subsurface structure of Planum Boreum from Mars Reconnaissance Orbiter Shallow Radar soundings,Nathaniel E. Putzig; Roger J. Phillips; Bruce A. Campbell; John W. Holt; Jeffrey J. Plaut; Lynn M. Carter; Anthony F. Egan; Fabrizio Bernardini; Ali Safaeinili; Roberto Seu,2009,Icarus,journal-article,False,Discovery candidate — not screened,Surface and water,,,,https://doi.org/10.1016/j.icarus.2009.07.034
10.1016/j.pss.2009.09.016,The Mars express MARSIS sounder instrument,R. Jordan; G. Picardi; J. Plaut; K. Wheeler; D. Kirchner; A. Safaeinili; W. Johnson; R. Seu; D. Calabrese; E. Zampolini; A. Cicchetti; R. Huff; D. Gurnett; A. Ivanov; W. Kofman; R. Orosei; T. Thompson; P. Edenhofer; O. Bombaci,2009,Planetary and Space Science,journal-article,False,Discovery candidate — not screened,Missions,,,,https://doi.org/10.1016/j.pss.2009.09.016
10.1016/s0262-4079(09)61550-5,Could Earth's gravity tear Mars apart?,Stephen Battersby,2009,New Scientist,journal-article,False,Discovery candidate — not screened,Gravity and topography,,,,https://doi.org/10.1016/s0262-4079(09)61550-5
10.1016/s0262-4079(09)62051-0,"Small steps for humankind, a giant leap to Mars",,2009,New Scientist,journal-article,False,Discovery candidate — not screened,Dichotomy,,,,https://doi.org/10.1016/s0262-4079(09)62051-0
10.1017/cbo9780511691645.006,Mars tectonics,Matthew P. Golombek; Roger J. Phillips,2009,Planetary Tectonics,book-chapter,False,Discovery candidate — not screened,Volcanism and tectonics,,,,https://doi.org/10.1017/cbo9780511691645.006
10.1029/2008je003287,Giant impacts on early Mars and the cessation of the Martian dynamo,J. H. Roberts; R. J. Lillis; M. Manga,2009,Journal of Geophysical Research: Planets,journal-article,False,Discovery candidate — not screened,Magnetism,,,,https://doi.org/10.1029/2008je003287
10.1029/2008je003291,Coupled core‐mantle thermal evolution of early Mars,Y. Ke; V. S. Solomatov,2009,Journal of Geophysical Research: Planets,journal-article,False,Discovery candidate — not screened,Interior,,,,https://doi.org/10.1029/2008je003291
10.1029/2009gl039341,Atmospheric origin of cold ion escape from Mars,R. Lundin; S. Barabash; M. Holmström; H. Nilsson; M. Yamauchi; E. M. Dubinin; M. Fraenz,2009,Geophysical Research Letters,journal-article,False,Discovery candidate — not screened,Dichotomy; Atmosphere,,,,https://doi.org/10.1029/2009gl039341
10.1029/2009gl039827,Mantle convection controls the observed lateral variations in lithospheric thickness on present‐day Mars,Walter S. Kiefer; Qingsong Li,2009,Geophysical Research Letters,journal-article,False,Discovery candidate — not screened,Interior,,,,https://doi.org/10.1029/2009gl039827
10.1038/ngeo579,Early martian mantle overturn inferred from isotopic composition of nakhlite meteorites,V. Debaille; A. D. Brandon; C. O’Neill; Q.-Z. Yin; B. Jacobsen,2009,Nature Geoscience,journal-article,False,Discovery candidate — not screened,Meteorite geochemistry,,,,https://doi.org/10.1038/ngeo579
10.1063/1.4797106,Martian methane,Bertram M. Schwarzschild,2009,Physics Today,journal-article,False,Discovery candidate — not screened,Dichotomy,,,,https://doi.org/10.1063/1.4797106
10.1063/pt.5.023453,Martian Lightning,,2009,Physics Today,journal-article,False,Discovery candidate — not screened,Dichotomy,,,,https://doi.org/10.1063/pt.5.023453
10.1088/0004-637x/702/1/707,"CALCIUM ISOTOPE COMPOSITION OF METEORITES, EARTH, AND MARS",Justin I. Simon; Donald J. DePaolo; Frederic Moynier,2009,The Astrophysical Journal,journal-article,False,Discovery candidate — not screened,Surface and water,,,,https://doi.org/10.1088/0004-637x/702/1/707
10.1111/j.1468-4004.2009.50106_7.x,Martian carbonates,,2009,Astronomy & Geophysics,journal-article,False,Discovery candidate — not screened,Dichotomy,,,,https://doi.org/10.1111/j.1468-4004.2009.50106_7.x
10.1111/j.1468-4004.2009.50207_3.x,Mars Odyssey gets a reboot,,2009,Astronomy & Geophysics,journal-article,False,Discovery candidate — not screened,Missions,,,,https://doi.org/10.1111/j.1468-4004.2009.50207_3.x
10.1111/j.1945-5100.2009.tb00723.x,Magnetic zones of Mars: Deformation‐controlled origin of magnetic anomalies,Gunther KLETETSCHKA; Robert J. LILLIS; Norman F. NESS; Mario H. ACUÑA; Jack E. P. CONNERNEY; Peter J. WASILEWSKI,2009,Meteoritics & Planetary Science,journal-article,False,Discovery candidate — not screened,Dichotomy,,,,https://doi.org/10.1111/j.1945-5100.2009.tb00723.x
10.1111/j.1945-5100.2009.tb01216.x,Estimate of the magnetic field of Mars based on the magnetic characteristics of the Yamato 000593 nakhlite,Minoru Funaki; Viktor Hoffmann; Naoya Imae,2009,Meteoritics & Planetary Science,journal-article,False,Discovery candidate — not screened,Meteorite magnetism,,,,https://doi.org/10.1111/j.1945-5100.2009.tb01216.x
10.1117/12.832317,Life on Mars: new evidence from martian meteorites,"David S. McKay; Kathy L. Thomas-Keprta; Simon J. Clemett; Everett K. Gibson, Jr.; Lauren Spencer; Susan J. Wentworth",2009,SPIE Proceedings Instruments and Methods for Astrobiology and Planetary Missions XII,proceedings-article,False,Discovery candidate — not screened,Meteorite magnetism; Surface and water,,,,https://doi.org/10.1117/12.832317
10.1126/science.323.5917.979c,Measuring Martian Methane,,2009,Science,journal-article,False,Discovery candidate — not screened,Dichotomy,,,,https://doi.org/10.1126/science.323.5917.979c
10.1126/science.325_1596c,Martian Impact,,2009,Science,journal-article,False,Discovery candidate — not screened,Dichotomy,,,,https://doi.org/10.1126/science.325_1596c
10.1130/b30182.1,What we know about Mars from its impact craters,N. G. Barlow,2009,Geological Society of America Bulletin,journal-article,False,Discovery candidate — not screened,Chronology,,,,https://doi.org/10.1130/b30182.1
10.1162/leon.2009.42.2.178,The Martian Rose,Howard Boland; Laura Cinti,2009,Leonardo,journal-article,False,Discovery candidate — not screened,Dichotomy,,,,https://doi.org/10.1162/leon.2009.42.2.178
10.14770/jgsk.2009.45.6.639,Noble gas isotope study and Martian meteorites,Jisun Park,2009,Journal of the Geological Society of Korea,journal-article,False,Discovery candidate — not screened,Meteorite magnetism,,,,https://doi.org/10.14770/jgsk.2009.45.6.639
10.2307/j.ctv26071km.6,Martian Blackjack:,,2009,The Early Admissions Game,book-chapter,False,Discovery candidate — not screened,Dichotomy,,,,https://doi.org/10.2307/j.ctv26071km.6
10.2514/1.37281,Shock Radiation Measurements for Mars Aerocapture Radiative Heating Analysis,Jay H. Grinstead; Michael J. Wright; David W. Bogdanoff; Gary A. Allen,2009,Journal of Thermophysics and Heat Transfer,journal-article,False,Discovery candidate — not screened,Magnetism,,,,https://doi.org/10.2514/1.37281
10.5194/angeo-27-3537-2009,Plasma boundary variability at Mars as observed by Mars Global Surveyor and Mars Express,N. J. T. Edberg; D. A. Brain; M. Lester; S. W. H. Cowley; R. Modolo; M. Fränz; S. Barabash,2009,Annales Geophysicae,journal-article,False,Discovery candidate — not screened,Surface and water,,,,https://doi.org/10.5194/angeo-27-3537-2009
10.1007/978-0-387-76508-2_3,Martian Canal Engineers,Markus Hotakainen,2008,Mars,book-chapter,False,Discovery candidate — not screened,Dichotomy,,,,https://doi.org/10.1007/978-0-387-76508-2_3
10.1007/978-3-540-78697-9_123,Disordered chromite in the Martian meteorite Allan Hills 84001,H. P. Gunnlaugsson; C. Bender Koch; K. Bharuth-Ram; M. Dietrich; Ö. Helgason; M. B. Madsen; R. Mantovan; D. Naidoo; S. Steinthorsson; L. Vistisen; G. Weyer,2008,ICAME 2007,book-chapter,False,Discovery candidate — not screened,Meteorite magnetism,,,,https://doi.org/10.1007/978-3-540-78697-9_123
10.1007/s10751-008-9834-2,Disordered chromite in the Martian meteorite Allan Hills 84001,H. P. Gunnlaugsson; C. Bender Koch; K. Bharuth-Ram; M. Dietrich; Ö. Helgason; M. B. Madsen; R. Mantovan; D. Naidoo; S. Steinthorsson; L. Vistisen; G. Weyer,2008,Hyperfine Interactions,journal-article,False,Discovery candidate — not screened,Meteorite magnetism,,,,https://doi.org/10.1007/s10751-008-9834-2
10.1016/j.asr.2007.01.062,An overview of radar soundings of the martian ionosphere from the Mars Express spacecraft,D.A. Gurnett; R.L. Huff; D.D. Morgan; A.M. Persoon; T.F. Averkamp; D.L. Kirchner; F. Duru; F. Akalin; A.J. Kopf; E. Nielsen; A. Safaeinili; J.J. Plaut; G. Picardi,2008,Advances in Space Research,journal-article,False,Discovery candidate — not screened,Missions,,,,https://doi.org/10.1016/j.asr.2007.01.062
10.1016/j.crte.2008.08.006,New perspectives on Mars’ crustal magnetic field,Benoit Langlais; Yoann Quesnel,2008,Comptes Rendus. Géoscience,journal-article,False,Discovery candidate — not screened,Interior; Magnetism,,,,https://doi.org/10.1016/j.crte.2008.08.006
10.1016/j.epsl.2008.02.015,"Ancient heat flow, crustal thickness, and lithospheric mantle rheology in the Amenthes region, Mars",Javier Ruiz; Carlos Fernández; David Gomez-Ortiz; James M. Dohm; Valle López; Rosa Tejero,2008,Earth and Planetary Science Letters,journal-article,False,Discovery candidate — not screened,Interior,,,,https://doi.org/10.1016/j.epsl.2008.02.015
10.1016/j.epsl.2008.03.047,Magnetic anisotropy of HED and Martian meteorites and implications for the crust of Vesta and Mars,Jérôme Gattacceca; Pierre Rochette; Matthieu Gounelle; Matthias Van Ginneken,2008,Earth and Planetary Science Letters,journal-article,False,Discovery candidate — not screened,Meteorite geochemistry,,,,https://doi.org/10.1016/j.epsl.2008.03.047
10.1016/j.epsl.2008.03.062,Linked magma ocean solidification and atmospheric growth for Earth and Mars,L.T. Elkins-Tanton,2008,Earth and Planetary Science Letters,journal-article,False,Discovery candidate — not screened,Interior,,,,https://doi.org/10.1016/j.epsl.2008.03.062
10.1016/j.epsl.2008.09.014,Constraints on the maximum crustal density from gravity–topography modeling: Applications to the southern highlands of Mars,M PAUER; D BREUER,2008,Earth and Planetary Science Letters,journal-article,False,Discovery candidate — not screened,Interior; Gravity and topography,,,,https://doi.org/10.1016/j.epsl.2008.09.014
10.1016/j.icarus.2007.09.032,An improved crustal magnetic field map of Mars from electron reflectometry: Highland volcano magmatic history and the end of the martian dynamo,Robert J. Lillis; Herbert V. Frey; Michael Manga; David L. Mitchell; Robert P. Lin; Mario H. Acuña; Stephen W. Bougher,2008,Icarus,journal-article,False,Discovery candidate — not screened,Magnetism,,,,https://doi.org/10.1016/j.icarus.2007.09.032
10.1016/j.icarus.2008.06.001,"On the origin of a double, oblique impact on Mars",J.E. Chappelow; R.R. Herrick,2008,Icarus,journal-article,False,Discovery candidate — not screened,Dichotomy,,,,https://doi.org/10.1016/j.icarus.2008.06.001
10.1016/j.pss.2007.09.007,The pre-atmospheric size of the Martian meteorite ALH 77005 progenitor,Martin Beech; Wenshuang Nie; Ian M. Coulson,2008,Planetary and Space Science,journal-article,False,Discovery candidate — not screened,Meteorite magnetism,,,,https://doi.org/10.1016/j.pss.2007.09.007
10.1016/j.pss.2008.01.001,Recent geological and hydrological activity on Mars: The Tharsis/Elysium corridor,James M. Dohm; Robert C. Anderson; Nadine G. Barlow; Hirdy Miyamoto; Ashley G. Davies; G. Jeffrey Taylor; Victor R. Baker; William V. Boynton; John Keller; Kris Kerry; Daniel Janes; Alberto G. Fairén; Dirk Schulze-Makuch; Mihaela Glamoclija; Lucia Marinangeli; Gian G. Ori; Robert G. Strom; Jean-Pierre Williams; Justin C. Ferris; J.A.P. Rodríguez; Miguel A. de Pablo; Suniti Karunatillake,2008,Planetary and Space Science,journal-article,False,Discovery candidate — not screened,Volcanism and tectonics,,,,https://doi.org/10.1016/j.pss.2008.01.001
10.1016/s0262-4079(08)62479-3,White meteorites from Mars may be hiding evidence of life,,2008,New Scientist,journal-article,False,Discovery candidate — not screened,Surface and water,,,,https://doi.org/10.1016/s0262-4079(08)62479-3
10.1017/cbo9780511536069.008,History of water on Mars,,2008,"Mars: An Introduction to its Interior, Surface and Atmosphere",book-chapter,False,Discovery candidate — not screened,Magnetism,,,,https://doi.org/10.1017/cbo9780511536069.008
10.1017/cbo9780511536076,The Martian Surface,,2008,,edited-book,False,Discovery candidate — not screened,Dichotomy,,,,https://doi.org/10.1017/cbo9780511536076
10.1017/cbo9780511536076.007,Volatiles on Mars: scientific results from the Mars Odyssey Neutron Spectrometer,W. C. Feldman; M. T. Mellon; O. Gasnault; S. Maurice; T. H. Prettyman,2008,The Martian Surface,book-chapter,False,Discovery candidate — not screened,Missions,,,,https://doi.org/10.1017/cbo9780511536076.007
10.1017/cbo9780511536076.012,Mars' crustal magnetization: a window into the past,M. H. Acuña; G. Kletetschka; J. E. P. Connerney,2008,The Martian Surface,book-chapter,False,Discovery candidate — not screened,Interior; Magnetism,,,,https://doi.org/10.1017/cbo9780511536076.012
10.1017/cbo9780511536076.013,Multispectral imaging from Mars Pathfinder,W. H. Farrand; J. F. Bell; J. R. Johnson; J. L. Bishop; R. V. Morris,2008,The Martian Surface,book-chapter,False,Discovery candidate — not screened,Missions,,,,https://doi.org/10.1017/cbo9780511536076.013
10.1017/cbo9780511536076.018,Martian meteorites as crustal samples,H. Y. McSween,2008,The Martian Surface,book-chapter,False,Discovery candidate — not screened,Meteorite magnetism; Meteorite geochemistry,,,,https://doi.org/10.1017/cbo9780511536076.018
10.1017/cbo9780511536076.026,Martian polar processes,T. N. Titus; W. M. Calvin; H. H. Kieffer; Y. Langevin; T. H. Prettyman,2008,The Martian Surface,book-chapter,False,Discovery candidate — not screened,Dichotomy,,,,https://doi.org/10.1017/cbo9780511536076.026
10.1017/cbo9780511575358.008,Mars: crustal composition and evolution,,2008,Planetary Crusts,book-chapter,False,Discovery candidate — not screened,Interior; Magnetism,,,,https://doi.org/10.1017/cbo9780511575358.008
10.1029/2007gl031466,Buried impact basin distribution on Mars: Contributions from crustal thickness data,Lauren A. Edgar; Herbert V. Frey,2008,Geophysical Research Letters,journal-article,False,Discovery candidate — not screened,Interior; Magnetism,,,,https://doi.org/10.1029/2007gl031466
10.1029/2007je002928,Thickness of the magnetic crust of Mars,Coerte V. Voorhies,2008,Journal of Geophysical Research: Planets,journal-article,False,Discovery candidate — not screened,Gravity and topography; Magnetism; Meteorite geochemistry; Chronology; Surface and water,,,,https://doi.org/10.1029/2007je002928
10.1029/2007je002990,Meteorites on Mars observed with the Mars Exploration Rovers,C. Schröder; D. S. Rodionov; T. J. McCoy; B. L. Jolliff; R. Gellert; L. R. Nittler; W. H. Farrand; J. R. Johnson; S. W. Ruff; J. W. Ashley; D. W. Mittlefehldt; K. E. Herkenhoff; I. Fleischer; A. F. C. Haldemann; G. Klingelhöfer; D. W. Ming; R. V. Morris; P. A. de Souza; S. W. Squyres; C. Weitz; A. S. Yen; J. Zipfel; T. Economou,2008,Journal of Geophysical Research: Planets,journal-article,False,Discovery candidate — not screened,Surface and water,,,,https://doi.org/10.1029/2007je002990
10.1029/2007je003023,Temporally transitional mantle convection: Implications for Mars,Alexander Loddoch; Ulrich Hansen,2008,Journal of Geophysical Research: Planets,journal-article,False,Discovery candidate — not screened,Interior,,,,https://doi.org/10.1029/2007je003023
10.1029/2008gl034338,Rapid decrease in Martian crustal magnetization in the Noachian era: Implications for the dynamo and climate of early Mars,R. J. Lillis; H. V. Frey; M. Manga,2008,Geophysical Research Letters,journal-article,False,Discovery candidate — not screened,Magnetism,,,,https://doi.org/10.1029/2008gl034338
10.1029/2008gl035585,Paleointensity of the ancient Martian magnetic field,Benjamin P. Weiss; Luis E. Fong; Hojatollah Vali; Eduardo A. Lima; Franz J. Baudenbacher,2008,Geophysical Research Letters,journal-article,True,Abstract consulted,Meteorite magnetism,ALH 84001 paleointensity work supports a substantial ancient Martian magnetic field.,Supplies a sample-scale constraint complementary to orbital remanent anomalies.,Uncertain acquisition history and unknown original location prevent a direct hemispheric map.,https://doi.org/10.1029/2008gl035585
10.1029/2008ja013313,Variation of the Martian ionospheric electron density from Mars Express radar soundings,D. D. Morgan; D. A. Gurnett; D. L. Kirchner; J. L. Fox; E. Nielsen; J. J. Plaut,2008,Journal of Geophysical Research: Space Physics,journal-article,False,Discovery candidate — not screened,Missions,,,,https://doi.org/10.1029/2008ja013313
10.1038/453703a,Mars reveals early mysteries,Eric Hand,2008,Nature,journal-article,False,Discovery candidate — not screened,Meteorite geochemistry,,,,https://doi.org/10.1038/453703a
10.1038/nature07011,The Borealis basin and the origin of the martian crustal dichotomy,Jeffrey C. Andrews-Hanna; Maria T. Zuber; W. Bruce Banerdt,2008,Nature,journal-article,True,Abstract consulted,Dichotomy,Removing the inferred Tharsis contribution reveals an elliptical boundary compatible with an oblique impact.,Tests northern-basin geometry using gravity and topography together.,The reconstructed ellipse depends on separating volcanic loading and crustal structure.,https://doi.org/10.1038/nature07011
10.1038/nature07025,Implications of an impact origin for the martian hemispheric dichotomy,F. Nimmo; S. D. Hart; D. G. Korycansky; C. B. Agnor,2008,Nature,journal-article,True,Abstract consulted,Dichotomy,"Large-impact calculations explore crustal removal, melting and disruption as a route to the dichotomy.",Connects basin formation to crustal and magnetic consequences.,A simplified impact geometry cannot independently establish the actual impact trajectory.,https://doi.org/10.1038/nature07025
10.1038/nature07070,Mega-impact formation of the Mars hemispheric dichotomy,Margarita M. Marinova; Oded Aharonson; Erik Asphaug,2008,Nature,journal-article,True,Abstract consulted,Dichotomy,Three-dimensional impact simulations produce a large elliptical northern excavation within a restricted impact parameter range.,Supplies quantitative northern-impact initial conditions.,"Success depends on material physics, melt treatment and the assumed initial crust.",https://doi.org/10.1038/nature07070
10.1063/1.2832979,EJECTION MECHANISMS FOR MARTIAN METEORITES,P. S. DeCarli; A. El Goresy; Z. Xie; T. G. Sharp; Mark Elert; Michael D. Furnish; Ricky Chau; Neil Holmes; Jeffrey Nguyen,2008,AIP Conference Proceedings,proceedings-article,False,Discovery candidate — not screened,Meteorite magnetism; Meteorite geochemistry,,,,https://doi.org/10.1063/1.2832979
10.1063/pt.5.022534,Applying shock wave physics to Mars,,2008,Physics Today,journal-article,False,Discovery candidate — not screened,Magnetism,,,,https://doi.org/10.1063/pt.5.022534
10.1073/pnas.0800202105,Giant saltation on Mars,Murilo P. Almeida; Eric J. R. Parteli; José S. Andrade; Hans J. Herrmann,2008,Proceedings of the National Academy of Sciences,journal-article,False,Discovery candidate — not screened,Dichotomy,,,,https://doi.org/10.1073/pnas.0800202105
10.1109/radar.2008.4720758,Mars north polar cup subsurface materials property estimation using GPR SHAllow RADar data,M. Iorio; F. Fois; R. Mecozzi; C. Catallo; G. Picardi; R. Seu; E. Flamini,2008,2008 IEEE Radar Conference,proceedings-article,False,Discovery candidate — not screened,Surface and water,,,,https://doi.org/10.1109/radar.2008.4720758
10.1109/radar.2008.4720759,Subsurface sounding in Northern hemisphere for Mars by MARSIS: Mars express mission,G. Picardi; D. Biccari; M. Cartacci; A. Cicchetti; M. Iorio; A. Masdea; R. Seu; J.J. Plaut; W.T.K. Johnson; R.L. Jordan; A. Safaeinili; A. Frigeri; P.T. Melacci; R. Orosei; O. Bombaci; D. Calabrese; E. Zampolini,2008,2008 IEEE Radar Conference,proceedings-article,False,Discovery candidate — not screened,Surface and water,,,,https://doi.org/10.1109/radar.2008.4720759
10.1111/j.1468-4004.2008.49408_6.x,Mars: Impact theory explains differences,,2008,Astronomy & Geophysics,journal-article,False,Discovery candidate — not screened,Dichotomy; Magnetism,,,,https://doi.org/10.1111/j.1468-4004.2008.49408_6.x
10.1111/j.1945-5100.2008.tb01085.x,Petrology of Martian meteorite Northwest Africa 998,Allan H. TREIMAN; Anthony J. IRVING,2008,Meteoritics & Planetary Science,journal-article,False,Discovery candidate — not screened,Meteorite magnetism,,,,https://doi.org/10.1111/j.1945-5100.2008.tb01085.x
10.1126/science.1161119,Mars' Paleomagnetic Field as the Result of a Single-Hemisphere Dynamo,Sabine Stanley; Linda Elkins-Tanton; Maria T. Zuber; E. Marc Parmentier,2008,Science,journal-article,True,Abstract consulted,Magnetism,Hemispheric core heat-flow forcing can produce a strongly asymmetric dynamo.,Offers a source-field alternative to selective destruction of crustal magnetization.,Requires compatible core–mantle thermal forcing and preservation of the resulting crustal record.,https://doi.org/10.1126/science.1161119
10.1126/science.319.5870.1585m,Martian Chlorides,,2008,Science,journal-article,False,Discovery candidate — not screened,Dichotomy,,,,https://doi.org/10.1126/science.319.5870.1585m
10.1126/science.320.5879.981g,Martian Opal,,2008,Science,journal-article,False,Discovery candidate — not screened,Dichotomy,,,,https://doi.org/10.1126/science.320.5879.981g
10.1126/science.320.5880.1129f,Probing Martian Rocks,,2008,Science,journal-article,False,Discovery candidate — not screened,Dichotomy,,,,https://doi.org/10.1126/science.320.5880.1129f
10.1126/science.321.5897.1737d,Martian Dynamo,,2008,Science,journal-article,False,Discovery candidate — not screened,Dichotomy,,,,https://doi.org/10.1126/science.321.5897.1737d
10.1126/science.322.5905.1159a,Martian Reservoirs,,2008,Science,journal-article,False,Discovery candidate — not screened,Dichotomy; Meteorite geochemistry,,,,https://doi.org/10.1126/science.322.5905.1159a
10.1126/science.322.5907.1431f,Martian Rhythmic Rocks,,2008,Science,journal-article,False,Discovery candidate — not screened,Dichotomy,,,,https://doi.org/10.1126/science.322.5907.1431f
10.1126/science.322.5909.1753f,Martian Minerals,,2008,Science,journal-article,False,Discovery candidate — not screened,Dichotomy,,,,https://doi.org/10.1126/science.322.5909.1753f
10.1130/g24382a.1,Late Amazonian glaciation at the dichotomy boundary on Mars: Evidence for glacial thickness maxima and multiple glacial phases,James L. Dickson; James W. Head; David R. Marchant,2008,Geology,journal-article,False,Discovery candidate — not screened,Surface and water; Volcanism and tectonics,,,,https://doi.org/10.1130/g24382a.1
10.2138/am.2008.2757,Mineralogy of the Paso Robles soils on Mars,M. D. Lane; J. L. Bishop; M. Darby Dyar; P. L. King; M. Parente; B. C. Hyde,2008,American Mineralogist,journal-article,False,Discovery candidate — not screened,Surface and water,,,,https://doi.org/10.2138/am.2008.2757
10.2514/6.2008-1133,Anomaly Trends for Missions to Mars: Mars Global Surveyor and Mars Odyssey,Nelson Green; Alan Hoffman,2008,46th AIAA Aerospace Sciences Meeting and Exhibit,proceedings-article,False,Discovery candidate — not screened,Missions,,,,https://doi.org/10.2514/6.2008-1133
10.2514/6.2008-1272,Shock Radiation Measurements for Mars Aerocapture Radiative Heating Analysis,Jay Grinstead; Michael Wilder; Michael Wright; David Bogdanoff; Gary Allen; Kim Dang; Michael Forrest,2008,46th AIAA Aerospace Sciences Meeting and Exhibit,proceedings-article,False,Discovery candidate — not screened,Magnetism,,,,https://doi.org/10.2514/6.2008-1272
10.2514/6.2008-3311,The Mars Express Integrated Station Scheduling,Isabelle Dauvin; Sophia Lee; Dwight Holmes; Ricardo Torres; Thomas Ormston; Duncan Warren; Sibylle Peschke; Peter Schmitz; Erhard Rabenau; John Reynolds,2008,SpaceOps 2008 Conference,proceedings-article,False,Discovery candidate — not screened,Missions,,,,https://doi.org/10.2514/6.2008-3311
10.1002/9780470514986.ch14,Water on Early Mars,Michael H. Carr,2007,Novartis Foundation Symposia Ciba Foundation Symposium 202 ‐ Evolution of Hydrothermal Ecosystems on Earth (And Mars?),other,False,Discovery candidate — not screened,Meteorite geochemistry,,,,https://doi.org/10.1002/9780470514986.ch14
10.1002/scin.2007.5591712407,Shifting ocean: Tipsy Mars may explain undulating shoreline,Ron Cowen,2007,Science News,journal-article,False,Discovery candidate — not screened,Surface and water,,,,https://doi.org/10.1002/scin.2007.5591712407
10.1007/978-0-387-74288-5_10,Planetary Magnetic Dynamo Effect on Atmospheric Protection of Early Earth and Mars,V. Dehant; H. Lammer; Y. N. Kulikov; J. -M. Grießmeier; D. Breuer; O. Verhoeven; Ö. Karatekin; T. Van Hoolst; O. Korablev; P. Lognonné,2007,Space Sciences Series of ISSI Geology and Habitability of Terrestrial Planets,book-chapter,False,Discovery candidate — not screened,Magnetism,,,,https://doi.org/10.1007/978-0-387-74288-5_10
10.1007/s11214-007-9163-9,Planetary Magnetic Dynamo Effect on Atmospheric Protection of Early Earth and Mars,V. Dehant; H. Lammer; Y. N. Kulikov; J.-M. Grießmeier; D. Breuer; O. Verhoeven; Ö. Karatekin; T. Van Hoolst; O. Korablev; P. Lognonné,2007,Space Science Reviews,journal-article,False,Discovery candidate — not screened,Magnetism,,,,https://doi.org/10.1007/s11214-007-9163-9
10.1007/s11430-007-0089-6,Cosmic-ray exposure age of Martian meteorite GRV 99027,Ping Kong; D. Fabel; R. Brown; S. Freeman,2007,Science in China Series D: Earth Sciences,journal-article,False,Discovery candidate — not screened,Meteorite magnetism,,,,https://doi.org/10.1007/s11430-007-0089-6
10.1016/b978-012088589-3/50019-0,Mars Atmosphere: History and Surface Interactions,David C. Catling; Conway Leovy,2007,Encyclopedia of the Solar System,book-chapter,False,Discovery candidate — not screened,Atmosphere,,,,https://doi.org/10.1016/b978-012088589-3/50019-0
10.1016/b978-012088589-3/50021-9,"Mars: Landing Site Geology, Mineralogy and Geochemistry",Matthew P. Golombek; Harry Y. McSween,2007,Encyclopedia of the Solar System,book-chapter,False,Discovery candidate — not screened,Surface and water,,,,https://doi.org/10.1016/b978-012088589-3/50021-9
10.1016/j.epsl.2007.01.009,The Martian meteorite paradox: Climatic influence on impact ejection from Mars?,J FRITZ; A GRESHAKE; D STOFFLER,2007,Earth and Planetary Science Letters,journal-article,False,Discovery candidate — not screened,Meteorite magnetism; Meteorite provenance,,,,https://doi.org/10.1016/j.epsl.2007.01.009
10.1016/j.epsl.2007.05.019,High-temperature Mars-to-Earth transfer of meteorite ALH84001,Kyoungwon Min; Peter W. Reiners,2007,Earth and Planetary Science Letters,journal-article,False,Discovery candidate — not screened,Meteorite magnetism,,,,https://doi.org/10.1016/j.epsl.2007.05.019
10.1016/j.pss.2006.02.003,The combined effects of escape and magnetic field histories at Mars,Eric Chassefière; François Leblanc; Benoit Langlais,2007,Planetary and Space Science,journal-article,False,Discovery candidate — not screened,Atmosphere,,,,https://doi.org/10.1016/j.pss.2006.02.003
10.1016/j.pss.2006.02.004,Local inversion of magnetic anomalies: Implication for Mars’ crustal evolution,Yoann Quesnel; Benoit Langlais; Christophe Sotin,2007,Planetary and Space Science,journal-article,False,Discovery candidate — not screened,Magnetism,,,,https://doi.org/10.1016/j.pss.2006.02.004
10.1016/j.pss.2006.03.009,Lithospheric structure in the eastern region of Mars’ dichotomy boundary,Colleen A.E. Milbury; Suzanne E. Smrekar; Carol A. Raymond; Gerald Schubert,2007,Planetary and Space Science,journal-article,False,Discovery candidate — not screened,Dichotomy; Gravity and topography; Magnetism; Chronology; Surface and water; Volcanism and tectonics,,,,https://doi.org/10.1016/j.pss.2006.03.009
10.1016/j.pss.2006.05.035,South Pole of Mars: Nature and composition of the icy terrains from Mars Express OMEGA observations,Sylvain Douté; Bernard Schmitt; Y Langevin; J-P. Bibring; F Altieri; G Bellucci; B. Gondet; F. Poulet,2007,Planetary and Space Science,journal-article,False,Discovery candidate — not screened,Missions,,,,https://doi.org/10.1016/j.pss.2006.05.035
10.1016/j.pss.2006.05.040,Water vapor mapping on Mars using OMEGA/Mars Express,R. Melchiorri; T. Encrenaz; T. Fouchet; P. Drossart; E. Lellouch; B. Gondet; J.-P. Bibring; Y. Langevin; B. Schmitt; D. Titov; N. Ignatiev,2007,Planetary and Space Science,journal-article,False,Discovery candidate — not screened,Missions,,,,https://doi.org/10.1016/j.pss.2006.05.040
10.1017/cbo9780511536014.003,Impact structures on Earth and Mars,Nadine G. Barlow; Virgil Sharpton; Ruslan O. Kuzmin,2007,The Geology of Mars,book-chapter,False,Discovery candidate — not screened,Magnetism,,,,https://doi.org/10.1017/cbo9780511536014.003
10.1017/cbo9780511536014.017,Geochemical analogs and Martian meteorites,Horton E. Newsom,2007,The Geology of Mars,book-chapter,False,Discovery candidate — not screened,Meteorite magnetism; Meteorite geochemistry,,,,https://doi.org/10.1017/cbo9780511536014.017
10.1017/cbo9780511536052.028,Mars Pathfinder and Sojourner,,2007,Planetary Landers and Entry Probes,book-chapter,False,Discovery candidate — not screened,Missions,,,,https://doi.org/10.1017/cbo9780511536052.028
10.1029/2005je002424,Viscous and impact demagnetization of Martian crust,Hosein Shahnas; Jafar Arkani‐Hamed,2007,Journal of Geophysical Research: Planets,journal-article,False,Discovery candidate — not screened,Magnetism,,,,https://doi.org/10.1029/2005je002424
10.1029/2006gl027685,"Effect of shock on the magnetic properties of pyrrhotite, the Martian crust, and meteorites",Karin L. Louzada; Sarah T. Stewart; Benjamin P. Weiss,2007,Geophysical Research Letters,journal-article,False,Discovery candidate — not screened,Meteorite geochemistry,,,,https://doi.org/10.1029/2006gl027685
10.1029/2006gl027960,Survey of TES high albedo events in Mars' northern polar craters,J. C. Armstrong; S. K. Nielson; T. N. Titus,2007,Geophysical Research Letters,journal-article,False,Discovery candidate — not screened,Chronology,,,,https://doi.org/10.1029/2006gl027960
10.1029/2006je002680,Geochemistry of Martian soil and bedrock in mantled and less mantled terrains with gamma ray data from Mars Odyssey,Horton E. Newsom; Larry S. Crumpler; Robert C. Reedy; Michael T. Petersen; Gary C. Newsom; Larry G. Evans; G. Jeffrey Taylor; John M. Keller; Daniel M. Janes; William V. Boynton; Kris. E. Kerry; Suniti Karunatillake,2007,Journal of Geophysical Research: Planets,journal-article,False,Discovery candidate — not screened,Missions,,,,https://doi.org/10.1029/2006je002680
10.1029/2006je002682,Compact Reconnaissance Imaging Spectrometer for Mars (CRISM) on Mars Reconnaissance Orbiter (MRO),S. Murchie; R. Arvidson; P. Bedini; K. Beisser; J.‐P. Bibring; J. Bishop; J. Boldt; P. Cavender; T. Choo; R. T. Clancy; E. H. Darlington; D. Des Marais; R. Espiritu; D. Fort; R. Green; E. Guinness; J. Hayes; C. Hash; K. Heffernan; J. Hemmler; G. Heyler; D. Humm; J. Hutcheson; N. Izenberg; R. Lee; J. Lees; D. Lohr; E. Malaret; T. Martin; J. A. McGovern; P. McGuire; R. Morris; J. Mustard; S. Pelkey; E. Rhodes; M. Robinson; T. Roush; E. Schaefer; G. Seagrave; F. Seelos; P. Silverglate; S. Slavney; M. Smith; W.‐J. Shyong; K. Strohbehn; H. Taylor; P. Thompson; B. Tossman; M. Wirzburger; M. Wolff,2007,Journal of Geophysical Research: Planets,journal-article,False,Discovery candidate — not screened,Missions,,,,https://doi.org/10.1029/2006je002682
10.1029/2006je002701,An overview of the Mars Reconnaissance Orbiter (MRO) science mission,Richard W. Zurek; Suzanne E. Smrekar,2007,Journal of Geophysical Research: Planets,journal-article,False,Discovery candidate — not screened,Missions,,,,https://doi.org/10.1029/2006je002701
10.1029/2006je002821,Mars Odyssey Gamma Ray Spectrometer elemental abundances and apparent relative surface age: Implications for Martian crustal evolution,Brian C. Hahn; Scott M. McLennan; G. Jeffrey Taylor; William V. Boynton; James M. Dohm; Mike J. Finch; David K. Hamara; Daniel M. Janes; Suniti Karunatillake; John M. Keller; Kristopher E. Kerry; Albert E. Metzger; Remo M. S. Williams,2007,Journal of Geophysical Research: Planets,journal-article,False,Discovery candidate — not screened,Missions,,,,https://doi.org/10.1029/2006je002821
10.1029/2006je002835,Mineralogy of the Nili Fossae region with OMEGA/Mars Express data: 2. Aqueous alteration of the crust,N. Mangold; F. Poulet; J. F. Mustard; J.‐P. Bibring; B. Gondet; Y. Langevin; V. Ansan; Ph. Masson; C. Fassett; J. W. Head; H. Hoffmann; G. Neukum,2007,Journal of Geophysical Research: Planets,journal-article,False,Discovery candidate — not screened,Surface and water; Missions,,,,https://doi.org/10.1029/2006je002835
10.1029/2006je002836,Stealth quasi‐circular depressions (sQCDs) in the northern lowlands of Mars,Debra L. Buczkowski,2007,Journal of Geophysical Research: Planets,journal-article,False,Discovery candidate — not screened,Chronology,,,,https://doi.org/10.1029/2006je002836
10.1029/2006je002849,Dissecting the polar dichotomy of the noncondensable gas enhancement on Mars using the NASA Ames Mars General Circulation Model,Steven M. Nelli; James R. Murphy; Ann L. Sprague; William V. Boynton; Kris E. Kerry; Daniel M. Janes; Albert E. Metzger,2007,Journal of Geophysical Research: Planets,journal-article,False,Discovery candidate — not screened,Dichotomy; Surface and water; Atmosphere,,,,https://doi.org/10.1029/2006je002849
10.1029/2006je002852,"Lineated valley fill and lobate debris apron stratigraphy in Nilosyrtis Mensae, Mars: Evidence for phases of glacial modification of the dichotomy boundary",Joseph S. Levy; James W. Head; David R. Marchant,2007,Journal of Geophysical Research: Planets,journal-article,False,Discovery candidate — not screened,Surface and water,,,,https://doi.org/10.1029/2006je002852
10.1029/2006je002859,Chemical compositions at Mars landing sites subject to Mars Odyssey Gamma Ray Spectrometer constraints,Suniti Karunatillake; John M. Keller; Steven W. Squyres; William V. Boynton; Johannes Brückner; Daniel M. Janes; Olivier Gasnault; Horton E. Newsom,2007,Journal of Geophysical Research: Planets,journal-article,False,Discovery candidate — not screened,Missions,,,,https://doi.org/10.1029/2006je002859
10.1029/2007gl030083,An alternative mechanism for recent volcanism on Mars,Sandra Schumacher; Doris Breuer,2007,Geophysical Research Letters,journal-article,False,Discovery candidate — not screened,Volcanism and tectonics,,,,https://doi.org/10.1029/2007gl030083
10.1029/2007gl030544,Mantle convection and magma production on present‐day Mars: Effects of temperature‐dependent rheology,Qingsong Li; Walter S. Kiefer,2007,Geophysical Research Letters,journal-article,False,Discovery candidate — not screened,Interior,,,,https://doi.org/10.1029/2007gl030544
10.1029/2007gl031501,Pressure demagnetization of the Martian crust: Ground truth from SNC meteorites,Natalia S. Bezaeva; Pierre Rochette; Jérôme Gattacceca; Ravil A. Sadykov; Vladimir I. Trukhin,2007,Geophysical Research Letters,journal-article,False,Discovery candidate — not screened,Meteorite geochemistry,,,,https://doi.org/10.1029/2007gl031501
10.1029/2007je002918,Correction to “Viscous and impact demagnetization of Martian crust”,Hosein Shahnas; Jafar Arkani‐Hamed,2007,Journal of Geophysical Research: Planets,journal-article,False,Discovery candidate — not screened,Magnetism,,,,https://doi.org/10.1029/2007je002918
10.1038/nature05873,Evidence for an ancient martian ocean in the topography of deformed shorelines,J. Taylor Perron; Jerry X. Mitrovica; Michael Manga; Isamu Matsuyama; Mark A. Richards,2007,Nature,journal-article,False,Discovery candidate — not screened,Surface and water,,,,https://doi.org/10.1038/nature05873
10.1038/nature06317,Coupled 142Nd–143Nd evidence for a protracted magma ocean in Mars,V. Debaille; A. D. Brandon; Q. Z. Yin; B. Jacobsen,2007,Nature,journal-article,False,Discovery candidate — not screened,Interior,,,,https://doi.org/10.1038/nature06317
10.1038/scientificamerican0207-20,Martian Rope Trick,George Musser,2007,Scientific American,journal-article,False,Discovery candidate — not screened,Dichotomy,,,,https://doi.org/10.1038/scientificamerican0207-20
10.1038/scientificamerican0607-36c,Martian Cave Dwellings,Charles Q. Choi,2007,Scientific American,journal-article,False,Discovery candidate — not screened,Dichotomy,,,,https://doi.org/10.1038/scientificamerican0607-36c
10.1063/1.2437535,The CI Carbonaceous Chondrites as the Missing Old Meteorites of Mars,J. E. Brandenburg,2007,AIP Conference Proceedings,proceedings-article,False,Discovery candidate — not screened,Surface and water,,,,https://doi.org/10.1063/1.2437535
10.1063/pt.5.020947,Giant Pool of Water Ice at Mars' South Pole,,2007,Physics Today,journal-article,False,Discovery candidate — not screened,Dichotomy,,,,https://doi.org/10.1063/pt.5.020947
10.1111/j.1468-4004.2007.48408_7.x,Mars rover poised to descend into giant crater,,2007,Astronomy & Geophysics,journal-article,False,Discovery candidate — not screened,Dichotomy,,,,https://doi.org/10.1111/j.1468-4004.2007.48408_7.x
10.1111/j.1945-5100.2007.tb00225.x,Petrology of the Miller Range 03346 nakhlite in comparison with the Yamato‐000593 nakhlite,N. IMAE; Y. IKEDA,2007,Meteoritics & Planetary Science,journal-article,False,Discovery candidate — not screened,Meteorite magnetism,,,,https://doi.org/10.1111/j.1945-5100.2007.tb00225.x
10.1111/j.1945-5100.2007.tb01006.x,Physical properties of Martian meteorites: Porosity and density measurements,Ian M. COULSON; Martin BEECH; Wenshuang NIE,2007,Meteoritics & Planetary Science,journal-article,False,Discovery candidate — not screened,Meteorite magnetism,,,,https://doi.org/10.1111/j.1945-5100.2007.tb01006.x
10.1117/12.739930,Mission to Mars: the HiRISE camera on-board MRO,Thomas H. Ebben; James Bergstrom; Peter Spuhler; Alan Delamere; Dennis Gallagher,2007,SPIE Proceedings Focal Plane Arrays for Space Telescopes III,proceedings-article,False,Discovery candidate — not screened,Missions,,,,https://doi.org/10.1117/12.739930
10.1126/science.1139672,Subsurface Radar Sounding of the South Polar Layered Deposits of Mars,Jeffrey J. Plaut; Giovanni Picardi; Ali Safaeinili; Anton B. Ivanov; Sarah M. Milkovich; Andrea Cicchetti; Wlodek Kofman; Jérémie Mouginot; William M. Farrell; Roger J. Phillips; Stephen M. Clifford; Alessandro Frigeri; Roberto Orosei; Costanzo Federico; Iwan P. Williams; Donald A. Gurnett; Erling Nielsen; Tor Hagfors; Essam Heggy; Ellen R. Stofan; Dirk Plettemeier; Thomas R. Watters; Carlton J. Leuschen; Peter Edenhofer,2007,Science,journal-article,False,Discovery candidate — not screened,Surface and water; Missions,,,,https://doi.org/10.1126/science.1139672
10.1126/science.1140549,Mars: A New Core-Crystallization Regime,Andrew J. Stewart; Max W. Schmidt; Wim van Westrenen; Christian Liebske,2007,Science,journal-article,False,Discovery candidate — not screened,Interior,,,,https://doi.org/10.1126/science.1140549
10.1126/science.315.5820.1788b,Warped Shorelines on a Rolling Mars,Richard A. Kerr,2007,Science,journal-article,False,Discovery candidate — not screened,Surface and water,,,,https://doi.org/10.1126/science.315.5820.1788b
10.1126/science.316.5829.1267c,... and Martian Ions,,2007,Science,journal-article,False,Discovery candidate — not screened,Dichotomy,,,,https://doi.org/10.1126/science.316.5829.1267c
10.1126/science.317.5842.1141e,Martian Ferric Oxides,,2007,Science,journal-article,False,Discovery candidate — not screened,Dichotomy,,,,https://doi.org/10.1126/science.317.5842.1141e
10.1130/2007.2430(42),Interaction between local magma ocean evolution and mantle dynamics on Mars,Chris C. Reese; Viatcheslav S. Solomatov; Christopher P. Orth,2007,"Special Paper 430: Plates, Plumes and Planetary Processes",book-chapter,False,Discovery candidate — not screened,Interior,,,,https://doi.org/10.1130/2007.2430(42)
10.1146/annurev.earth.35.031306.140220,Hemispheres Apart: The Crustal Dichotomy on Mars,Thomas R. Watters; Patrick J. McGovern; Rossman P. Irwin III,2007,Annual Review of Earth and Planetary Sciences,journal-article,True,Abstract consulted,Dichotomy,"Reviews the geological, topographic and tectonic expressions of the dichotomy.",Separates formation of the contrast from subsequent modification of the boundary.,Review predates InSight; old model parameters require updating.,https://doi.org/10.1146/annurev.earth.35.031306.140220
10.2514/1.28625,Mars Thermospheric Winds from Mars Global Surveyor and Mars Odyssey Accelerometers,Geoff Crowley; Robert H. Tolson,2007,Journal of Spacecraft and Rockets,journal-article,False,Discovery candidate — not screened,Missions,,,,https://doi.org/10.2514/1.28625
10.1007/s11016-006-9042-0,Martian Chronicles,Stephen R. L. Clark,2006,Metascience,journal-article,False,Discovery candidate — not screened,Dichotomy,,,,https://doi.org/10.1007/s11016-006-9042-0
10.1007/s11084-006-9037-2,Mars Primordial Crust: Unique Sites for Investigating Proto-biologic Properties,Randall S. Perry; William K. Hartmann,2006,Origins of Life and Evolution of Biospheres,journal-article,False,Discovery candidate — not screened,Meteorite geochemistry; Chronology; Surface and water,,,,https://doi.org/10.1007/s11084-006-9037-2
10.1016/j.epsl.2006.06.035,Elastic thickness estimates for the northern lowlands of Mars,T HOOGENBOOM; S SMREKAR,2006,Earth and Planetary Science Letters,journal-article,False,Discovery candidate — not screened,Chronology,,,,https://doi.org/10.1016/j.epsl.2006.06.035
10.1016/j.gca.2006.06.1087,REE and Nd isotopic composition of martian crust,G. Shimoda; Y. Ikeda,2006,Geochimica et Cosmochimica Acta,journal-article,False,Discovery candidate — not screened,Meteorite geochemistry,,,,https://doi.org/10.1016/j.gca.2006.06.1087
10.1016/j.icarus.2005.09.013,Early Mars may have had a methanol ocean,Y TANG; Q CHEN; Y HUANG,2006,Icarus,journal-article,False,Discovery candidate — not screened,Surface and water,,,,https://doi.org/10.1016/j.icarus.2005.09.013
10.1016/j.icarus.2005.09.015,"Thermally distinct craters near Hrad Vallis, Elysium Planitia, Mars",Aisha R. Morris; Peter J. Mouginis-Mark,2006,Icarus,journal-article,False,Discovery candidate — not screened,Chronology,,,,https://doi.org/10.1016/j.icarus.2005.09.015
10.1016/j.icarus.2005.10.015,Some problems related to the origin of methane on Mars,Vladimir A. Krasnopolsky,2006,Icarus,journal-article,False,Discovery candidate — not screened,Dichotomy,,,,https://doi.org/10.1016/j.icarus.2005.10.015
10.1016/j.icarus.2005.11.016,Plasma intrusion above Mars crustal fields—Mars Express ASPERA-3 observations,M. Fränz; J.D. Winningham; E. Dubinin; E. Roussos; J. Woch; S. Barabash; R. Lundin; M. Holmström; H. Andersson; M. Yamauchi; A. Grigoriev; R.A. Frahm; J.R. Sharber; J.R. Scherrer; A.J. Coates; Y. Soobiah; D.R. Linder; D.O. Kataria; E. Kallio; T. Säles; P. Riihelä; W. Schmidt; H.E.J. Koskinen; J. Kozyra; J. Luhmann; E. Roelof; D. Williams; S. Livi; C.C. Curtis; K.C. Hsieh; B.R. Sandel; M. Grande; M. Carter; J.-A. Sauvaud; A. Fedorov; J.-J. Thocaven; S. McKenna-Lawler; S. Orsini; R. Cerulli-Irelli; M. Maggi; P. Wurz; P. Bochsler; N. Krupp; K. Asamura; C. Dierker,2006,Icarus,journal-article,False,Discovery candidate — not screened,Interior; Magnetism,,,,https://doi.org/10.1016/j.icarus.2005.11.016
10.1016/j.icarus.2005.12.025,"A global solution for the Mars static and seasonal gravity, Mars orientation, Phobos and Deimos masses, and Mars ephemeris",Alex S. Konopliv; Charles F. Yoder; E. Myles Standish; Dah-Ning Yuan; William L. Sjogren,2006,Icarus,journal-article,False,Discovery candidate — not screened,Moons and impacts,,,,https://doi.org/10.1016/j.icarus.2005.12.025
10.1016/j.icarus.2006.02.015,ASPERA-3 on Mars Express,Stas Barabash; Rickard Lundin,2006,Icarus,journal-article,False,Discovery candidate — not screened,Missions,,,,https://doi.org/10.1016/j.icarus.2006.02.015
10.1016/j.icarus.2006.06.007,Paucity of candidate coastal constructional landforms along proposed shorelines on Mars: Implications for a northern lowlands-filling ocean,G GHATAN; J ZIMBELMAN,2006,Icarus,journal-article,False,Discovery candidate — not screened,Chronology; Surface and water,,,,https://doi.org/10.1016/j.icarus.2006.06.007
10.1029/2005gl024263,Probing structural elements of small buried craters using ground‐penetrating radar in the southwestern Egyptian desert: Implications for Mars shallow sounding,Essam Heggy; Philippe Paillou,2006,Geophysical Research Letters,journal-article,False,Discovery candidate — not screened,Chronology,,,,https://doi.org/10.1029/2005gl024263
10.1029/2005gl024280,Crustal magnetization of Mars controlled by lithology or cooling rate in a reversing dynamo?,P. Rochette,2006,Geophysical Research Letters,journal-article,False,Discovery candidate — not screened,Magnetism,,,,https://doi.org/10.1029/2005gl024280
10.1029/2005gl024325,Lithospheric flexure and the evolution of the dichotomy boundary on Mars,Thomas R. Watters; Patrick J. McGovern,2006,Geophysical Research Letters,journal-article,False,Discovery candidate — not screened,Dichotomy; Magnetism; Chronology; Surface and water; Volcanism and tectonics,,,,https://doi.org/10.1029/2005gl024325
10.1029/2005gl024360,Modification of the dichotomy boundary on Mars by Amazonian mid‐latitude regional glaciation,James W. Head; Amanda L. Nahm; David R. Marchant; Gerhard Neukum,2006,Geophysical Research Letters,journal-article,False,Discovery candidate — not screened,Dichotomy; Surface and water; Volcanism and tectonics,,,,https://doi.org/10.1029/2005gl024360
10.1029/2005gl024484,Impact constraints on the age and origin of the lowlands of Mars,H. V. Frey,2006,Geophysical Research Letters,journal-article,False,Discovery candidate — not screened,Chronology,,,,https://doi.org/10.1029/2005gl024484
10.1029/2005gl024782,On the origin of aurorae on Mars,D. A. Brain; J. S. Halekas; L. M. Peticolas; R. P. Lin; J. G. Luhmann; D. L. Mitchell; G. T. Delory; S. W. Bougher; M. H. Acuña; H. Rème,2006,Geophysical Research Letters,journal-article,False,Discovery candidate — not screened,Dichotomy,,,,https://doi.org/10.1029/2005gl024782
10.1029/2005je002449,"Impact constraints on, and a chronology for, major events in early Mars history",H. V. Frey,2006,Journal of Geophysical Research: Planets,journal-article,False,Discovery candidate — not screened,Chronology,,,,https://doi.org/10.1029/2005je002449
10.1029/2005je002536,SAR mapping of Burfellshraun: A terrestrial analog for recent volcanism on Mars,Henning Haack; Matti J. Rossi; Jørgen Dall,2006,Journal of Geophysical Research: Planets,journal-article,False,Discovery candidate — not screened,Volcanism and tectonics,,,,https://doi.org/10.1029/2005je002536
10.1029/2005je002580,Determination of local surface properties using Mars Express bistatic radar,Richard A. Simpson; G. Leonard Tyler; Martin Pätzold; Bernd Häusler,2006,Journal of Geophysical Research: Planets,journal-article,False,Discovery candidate — not screened,Missions,,,,https://doi.org/10.1029/2005je002580
10.1029/2005je002600,Identification of large (2–10 km) rayed craters on Mars in THEMIS thermal infrared images: Implications for possible Martian meteorite source regions,Livio L. Tornabene; Jeffrey E. Moersch; Harry Y. McSween; Alfred S. McEwen; Jennifer L. Piatek; Keith A. Milam; Phillip R. Christensen,2006,Journal of Geophysical Research: Planets,journal-article,False,Discovery candidate — not screened,Meteorite provenance,,,,https://doi.org/10.1029/2005je002600
10.1029/2005je002609,Radar subsurface mapping of the polar layered deposits on Mars,Daniel Cahn Nunes; Roger J. Phillips,2006,Journal of Geophysical Research: Planets,journal-article,False,Discovery candidate — not screened,Surface and water,,,,https://doi.org/10.1029/2005je002609
10.1029/2005je002631,Early transient superplumes and the origin of the Martian crustal dichotomy,Y. Ke; V. S. Solomatov,2006,Journal of Geophysical Research: Planets,journal-article,False,Discovery candidate — not screened,Dichotomy,,,,https://doi.org/10.1029/2005je002631
10.1029/2005je002636,Subsurface ice on Mars with rough topography,Oded Aharonson; Norbert Schorghofer,2006,Journal of Geophysical Research: Planets,journal-article,False,Discovery candidate — not screened,Gravity and topography,,,,https://doi.org/10.1029/2005je002636
10.1029/2005je002657,Analysis of gamma ray spectra measured by Mars Odyssey,Larry G. Evans; Robert C. Reedy; Richard D. Starr; Kristopher E. Kerry; William V. Boynton,2006,Journal of Geophysical Research: Planets,journal-article,False,Discovery candidate — not screened,Missions,,,,https://doi.org/10.1029/2005je002657
10.1029/2005je002668,Degree‐1 convection in the Martian mantle and the origin of the hemispheric dichotomy,James H. Roberts; Shijie Zhong,2006,Journal of Geophysical Research: Planets,journal-article,True,Abstract consulted,Dichotomy,Layered mantle viscosity permits degree-one convection to develop much faster than in some phase-change models.,Makes formation timescale and viscosity contrast explicit tests of an internal origin.,The appropriate early Martian rheology is uncertain; a simulated pattern is not an observation.,https://doi.org/10.1029/2005je002668
10.1029/2006gl025755,Introduction to special section: The Hemispheric Dichotomy of Mars,Thomas R. Watters; Patrick J. McGovern,2006,Geophysical Research Letters,journal-article,False,Discovery candidate — not screened,Dichotomy; Interior; Gravity and topography; Magnetism; Chronology; Surface and water; Volcanism and tectonics; Atmosphere,,,,https://doi.org/10.1029/2006gl025755
10.1029/2006je002675,Composition of northern low‐albedo regions of Mars: Insights from the Mars Odyssey Gamma Ray Spectrometer,Suniti Karunatillake; Steven W. Squyres; G. Jeffrey Taylor; John M. Keller; Olivier Gasnault; Larry G. Evans; Robert C. Reedy; Richard Starr; William Boynton; Daniel M. Janes; Kristopher E. Kerry; James M. Dohm; Ann L. Sprague; Brian C. Hahn; Dave Hamara,2006,Journal of Geophysical Research: Planets,journal-article,False,Discovery candidate — not screened,Missions,,,,https://doi.org/10.1029/2006je002675
10.1029/2006je002725,Crustal magnetization equivalent source model of Mars constructed from a hierarchical multiresolution inversion of the Mars Global Surveyor data,Ling‐Yun Chiao; Ja‐Ren Lin; Yuan‐Cheng Gung,2006,Journal of Geophysical Research: Planets,journal-article,False,Discovery candidate — not screened,Magnetism,,,,https://doi.org/10.1029/2006je002725
10.1038/441028b,A martian mystery,John F. Kerridge,2006,Nature,journal-article,False,Discovery candidate — not screened,Dichotomy,,,,https://doi.org/10.1038/441028b
10.1038/441287a,Martian arts,,2006,Nature,journal-article,False,Discovery candidate — not screened,Dichotomy,,,,https://doi.org/10.1038/441287a
10.1038/nature05356,MARSIS radar sounder evidence of buried basins in the northern lowlands of Mars,Thomas R. Watters; Carl J. Leuschen; Jeffrey J. Plaut; Giovanni Picardi; Ali Safaeinili; Stephen M. Clifford; William M. Farrell; Anton B. Ivanov; Roger J. Phillips; Ellen R. Stofan,2006,Nature,journal-article,False,Discovery candidate — not screened,Chronology,,,,https://doi.org/10.1038/nature05356
10.1038/news060612-6,More meteorites on Mars,Mark Peplow,2006,Nature,journal-article,False,Discovery candidate — not screened,Surface and water,,,,https://doi.org/10.1038/news060612-6
10.1038/scientificamerican1106-32,Martian Field Test,Christina Reed,2006,Scientific American,journal-article,False,Discovery candidate — not screened,Dichotomy,,,,https://doi.org/10.1038/scientificamerican1106-32
10.1051/0004-6361:20053929,Astrometric observations of Phobos and Deimos with the SRC on Mars Express,J. Oberst; K. D. Matz; T. Roatsch; B. Giese; H. Hoffmann; T. Duxbury; G. Neukum,2006,Astronomy & Astrophysics,journal-article,False,Discovery candidate — not screened,Moons and impacts,,,,https://doi.org/10.1051/0004-6361:20053929
10.1063/1.2263603,"Shock Demagnetization of Pyrrhotite (Fe1−xS, x≤0.13) and Implications for the Martian Crust and Meteorites",K. L. Louzada,2006,AIP Conference Proceedings,proceedings-article,False,Discovery candidate — not screened,Meteorite geochemistry,,,,https://doi.org/10.1063/1.2263603
10.1093/acprof:oso/9780195178456.003.0006,Being Martian,István Hargittai,2006,The Martians of Science,book-chapter,False,Discovery candidate — not screened,Dichotomy,,,,https://doi.org/10.1093/acprof:oso/9780195178456.003.0006
10.1108/978-1-60752-720-620251012,My Favorite Martian,Kevin G. Alderson,2006,Inclusion in Urban Educational Environments,book-chapter,False,Discovery candidate — not screened,Dichotomy,,,,https://doi.org/10.1108/978-1-60752-720-620251012
10.1111/j.1945-5100.2006.tb00427.x,Impact craters in the northern hemisphere of Mars: Layered ejecta and central pit characteristics,Nadine G. Barlow,2006,Meteoritics & Planetary Science,journal-article,False,Discovery candidate — not screened,Chronology,,,,https://doi.org/10.1111/j.1945-5100.2006.tb00427.x
10.1111/j.1945-5100.2006.tb00429.x,Nature of the Martian uplands: Effect on Martian meteorite age distribution and secondary cratering,William K. Hartmann; Nadine G. Barlow,2006,Meteoritics & Planetary Science,journal-article,False,Discovery candidate — not screened,Meteorite magnetism,,,,https://doi.org/10.1111/j.1945-5100.2006.tb00429.x
10.1111/j.1945-5100.2006.tb00431.x,The planforms of low‐angle impact craters in the northern hemisphere of Mars,Robert R. Herrick; Katie K. Hessen,2006,Meteoritics & Planetary Science,journal-article,False,Discovery candidate — not screened,Chronology,,,,https://doi.org/10.1111/j.1945-5100.2006.tb00431.x
10.1111/j.1945-5100.2006.tb00441.x,Modification of impact craters in the northern plains of Mars: Implications for Amazonian climate history,M. A. Kreslavsky; J. W. Head,2006,Meteoritics & Planetary Science,journal-article,False,Discovery candidate — not screened,Chronology,,,,https://doi.org/10.1111/j.1945-5100.2006.tb00441.x
10.1111/j.1945-5100.2006.tb00442.x,Martian perched craters and large ejecta volume: Evidence for episodes of deflation in the northern lowlands,Sandrine Meresse; François Costard; Nicolas Mangold; David Baratoux; Joseph M. Boyce,2006,Meteoritics & Planetary Science,journal-article,False,Discovery candidate — not screened,Chronology,,,,https://doi.org/10.1111/j.1945-5100.2006.tb00442.x
10.1111/j.1945-5100.2006.tb00495.x,Magmatic cristobalite and quartz in the NWA 856 Martian meteorite,Hugues Leroux; Patrick Cordier,2006,Meteoritics & Planetary Science,journal-article,False,Discovery candidate — not screened,Meteorite magnetism,,,,https://doi.org/10.1111/j.1945-5100.2006.tb00495.x
10.1111/j.1945-5100.2006.tb00989.x,Noble gases in the Martian meteorite Northwest Africa 2737: A new chassignite signature,Bernard MARTY; Veronika S. HEBER; Ansgar GRIMBERG; Rainer WIELER; Jean-Alix BARRAT,2006,Meteoritics & Planetary Science,journal-article,False,Discovery candidate — not screened,Meteorite magnetism,,,,https://doi.org/10.1111/j.1945-5100.2006.tb00989.x
10.1117/12.690503,Identification and analysis of carbon-bearing phases in the Martian meteorite Nakhla,"E. K. Gibson, Jr.; D. S. McKay; S. J. Clemett; K. L. Thomas-Keprta; S. J. Wentworth; F. Robert; A. B. Verchovsky; I. P. Wright; C. T. Pillinger; T. Rice; B. Van Leer; A. Meibom; S. M. Mostefaoui; L. Le",2006,"SPIE Proceedings Instruments, Methods, and Missions for Astrobiology IX",proceedings-article,False,Discovery candidate — not screened,Meteorite magnetism,,,,https://doi.org/10.1117/12.690503
10.1126/science.311.5763.913c,Martian Aurorae,,2006,Science,journal-article,False,Discovery candidate — not screened,Dichotomy,,,,https://doi.org/10.1126/science.311.5763.913c
10.1126/science.311.5769.1858a,New Signs of Ancient Life in Another Martian Meteorite?,Richard A. Kerr,2006,Science,journal-article,False,Discovery candidate — not screened,Meteorite magnetism,,,,https://doi.org/10.1126/science.311.5769.1858a
10.1134/s0010952506040058,Radar sounding of Mars from the orbit of the Mars-Express automatic interplanetary station,V. M. Smirnov; L. F. Chernaya; O. V. Yushkova; K. N. Rykov,2006,Cosmic Research,journal-article,False,Discovery candidate — not screened,Missions,,,,https://doi.org/10.1134/s0010952506040058
10.1144/0016-764904-501,The SNC meteorites: basaltic igneous processes on Mars,J.C. Bridges; P.H. Warren,2006,Journal of the Geological Society,journal-article,False,Discovery candidate — not screened,Surface and water,,,,https://doi.org/10.1144/0016-764904-501
10.1144/gsl.sp.2006.256.01.20,The history of research on meteorites from Mars,Monica M. Grady,2006,"Geological Society, London, Special Publications",journal-article,False,Discovery candidate — not screened,Surface and water,,,,https://doi.org/10.1144/gsl.sp.2006.256.01.20
10.2113/gselements.2.3.157,Aqueous Processes Recorded by Martian Meteorites: Analyzing Martian Water on Earth,L. A. Leshin; E. Vicenzi,2006,Elements,journal-article,False,Discovery candidate — not screened,Meteorite magnetism,,,,https://doi.org/10.2113/gselements.2.3.157
10.2138/am.2006.2110,The Mars/Earth dichotomy in Mg/Si and Al/Si ratios: Is it real?,J. Filiberto,2006,American Mineralogist,journal-article,False,Discovery candidate — not screened,Dichotomy,,,,https://doi.org/10.2138/am.2006.2110
10.2478/s11600-006-0009-8,Spectral scaling in Mars topography: effect of craters,Vladimir Nikora; Derek Goring,2006,Acta Geophysica,journal-article,False,Discovery candidate — not screened,Gravity and topography; Chronology,,,,https://doi.org/10.2478/s11600-006-0009-8
10.2514/6.2006-5699,Long Term Preservation of Mars Express,Zeina Mounzer; Joerg Fischer; Roberto Ferretti; Olivier Reboud; Michael McKay; Vicente Companys; Alan Moorhouse,2006,SpaceOps 2006 Conference,proceedings-article,False,Discovery candidate — not screened,Missions,,,,https://doi.org/10.2514/6.2006-5699
10.2514/6.2006-5959,Deployment of the MARSIS Radar Antennas On-Board Mars Express,Michel Denis; Joerg Fischer; Rudolf Schmidt; Eric Ecale; Richard Horttor; Enrico Flamini,2006,SpaceOps 2006 Conference,proceedings-article,False,Discovery candidate — not screened,Missions,,,,https://doi.org/10.2514/6.2006-5959
10.1002/0471743984.vse7394,Viking Mission to Mars,,2005,Van Nostrand's Scientific Encyclopedia,other,False,Discovery candidate — not screened,Missions,,,,https://doi.org/10.1002/0471743984.vse7394
10.1016/j.chemer.2005.01.004,The nakhlite meteorites: Augite-rich igneous rocks from Mars,Allan H. Treiman,2005,Geochemistry,journal-article,False,Discovery candidate — not screened,Surface and water,,,,https://doi.org/10.1016/j.chemer.2005.01.004
10.1016/j.epsl.2004.12.015,Spinel in Martian meteorite SaU 008: implications for Martian magnetism,Yongjae Yu; Jeff S. Gee,2005,Earth and Planetary Science Letters,journal-article,False,Discovery candidate — not screened,Dichotomy; Meteorite magnetism; Meteorite provenance,,,,https://doi.org/10.1016/j.epsl.2004.12.015
10.1016/j.epsl.2005.04.044,Early magnetic field and magmatic activity on Mars from magma ocean cumulate overturn,L.T. Elkins-Tanton; S.E. Zaranek; E.M. Parmentier; P.C. Hess,2005,Earth and Planetary Science Letters,journal-article,False,Discovery candidate — not screened,Interior,,,,https://doi.org/10.1016/j.epsl.2005.04.044
10.1016/j.icarus.2004.08.026,Antarctic Dry Valleys and indigenous weathering in Mars meteorites: Implications for water and life on Mars,Susan J. Wentworth; Everett K. Gibson; Michael A. Velbel; David S. McKay,2005,Icarus,journal-article,False,Discovery candidate — not screened,Surface and water,,,,https://doi.org/10.1016/j.icarus.2004.08.026
10.1016/j.icarus.2004.11.009,Polar wander on Mars: Evidence in the geoid,Kenneth F. Sprenke; Leslie L. Baker; Adele F. Williams,2005,Icarus,journal-article,False,Discovery candidate — not screened,Gravity and topography,,,,https://doi.org/10.1016/j.icarus.2004.11.009
10.1017/s1431927605501995,FIB Microscopy of Martian Meteorite ALH84001 Carbonate Disks,M P Bernas; S J Clemett; K L Thomas-Keprta; D S McKay; E K Gibson,2005,Microscopy and Microanalysis,journal-article,False,Discovery candidate — not screened,Meteorite magnetism,,,,https://doi.org/10.1017/s1431927605501995
10.1029/2004gl021368,The first Mars thermospheric general circulation model: The Martian atmosphere from the ground to 240 km,M. Angelats i Coll; F. Forget; M. A. López‐Valverde; F. González‐Galindo,2005,Geophysical Research Letters,journal-article,False,Discovery candidate — not screened,Atmosphere,,,,https://doi.org/10.1029/2004gl021368
10.1029/2004je002324,"Buried impact craters: A topographic analysis of quasi‐circular depressions, Utopia Basin, Mars",Debra L. Buczkowski; Herbert V. Frey; James H. Roark; George E. McGill,2005,Journal of Geophysical Research: Planets,journal-article,False,Discovery candidate — not screened,Chronology,,,,https://doi.org/10.1029/2004je002324
10.1029/2004je002328,Ancient oceans in the northern lowlands of Mars: Evidence from impact crater depth/diameter relationships,Joseph M. Boyce; Peter Mouginis‐Mark; Harold Garbeil,2005,Journal of Geophysical Research: Planets,journal-article,False,Discovery candidate — not screened,Chronology,,,,https://doi.org/10.1029/2004je002328
10.1029/2004je002343,Giant impact basins trace the ancient equator of Mars,Jafar Arkani‐Hamed,2005,Journal of Geophysical Research: Planets,journal-article,False,Discovery candidate — not screened,Dichotomy,,,,https://doi.org/10.1029/2004je002343
10.1029/2004je002373,"Crustal extension in the Ceraunius Fossae, Northern Tharsis Region, Mars",F. Borraccini; L. Lanci; F. C. Wezel; D. Baioni,2005,Journal of Geophysical Research: Planets,journal-article,False,Discovery candidate — not screened,Magnetism,,,,https://doi.org/10.1029/2004je002373
10.1029/2004je002393,A spatially continuous magnetization model for Mars,K. A. Whaler; M. E. Purucker,2005,Journal of Geophysical Research: Planets,journal-article,False,Discovery candidate — not screened,Magnetism,,,,https://doi.org/10.1029/2004je002393
10.1029/2004je002397,Magnetic crust of Mars,Jafar Arkani‐Hamed,2005,Journal of Geophysical Research: Planets,journal-article,False,Discovery candidate — not screened,Gravity and topography; Magnetism; Meteorite geochemistry; Chronology; Surface and water; Missions,,,,https://doi.org/10.1029/2004je002397
10.1029/2005eo050003,Hemispheres apart: The Martian Crustal Dichotomy,Thomas R. Watters; Patrick J. McGovern,2005,"Eos, Transactions American Geophysical Union",journal-article,False,Discovery candidate — not screened,Dichotomy,,,,https://doi.org/10.1029/2005eo050003
10.1029/2005gl022488,Detecting sub‐glacial aquifers in the north polar layered deposits with Mars Express/MARSIS,W. M. Farrell; J. J. Plaut; D. A. Gurnett; G. Picardi,2005,Geophysical Research Letters,journal-article,False,Discovery candidate — not screened,Missions,,,,https://doi.org/10.1029/2005gl022488
10.1029/2005gl024260,Buried mass anomalies along the hemispheric dichotomy in eastern Mars: Implications for the origin and evolution of the dichotomy,Walter S. Kiefer,2005,Geophysical Research Letters,journal-article,False,Discovery candidate — not screened,Dichotomy; Surface and water,,,,https://doi.org/10.1029/2005gl024260
10.1029/2005gl024385,Impact demagnetization of the Martian crust: Primaries versus secondaries,N. Artemieva; L. Hood; B. A. Ivanov,2005,Geophysical Research Letters,journal-article,False,Discovery candidate — not screened,Magnetism,,,,https://doi.org/10.1029/2005gl024385
10.1029/2005gl024492,Late crustal growth on Mars: Evidence from lithospheric extension,M. Grott,2005,Geophysical Research Letters,journal-article,False,Discovery candidate — not screened,Magnetism,,,,https://doi.org/10.1029/2005gl024492
10.1029/2005je002480,Possible formation of ancient crust on Mars through magma ocean processes,Linda T. Elkins‐Tanton; Paul C. Hess; E. M. Parmentier,2005,Journal of Geophysical Research: Planets,journal-article,False,Discovery candidate — not screened,Interior,,,,https://doi.org/10.1029/2005je002480
10.1029/2005je002504,Relaxation of the Martian dichotomy boundary: Faulting in the Ismenius Region and constraints on the early evolution of Mars,Alice Guest; Suzanne E. Smrekar,2005,Journal of Geophysical Research: Planets,journal-article,False,Discovery candidate — not screened,Dichotomy; Chronology; Surface and water; Volcanism and tectonics,,,,https://doi.org/10.1029/2005je002504
10.1038/433668a,Under martian ice,Stephen Baxter,2005,Nature,journal-article,False,Discovery candidate — not screened,Dichotomy,,,,https://doi.org/10.1038/433668a
10.1038/nature03359,"Tropical to mid-latitude snow and ice accumulation, flow and glaciation on Mars",The HRSC Co-Investigator Team; J. W. Head; G. Neukum; R. Jaumann; H. Hiesinger; E. Hauber; M. Carr; P. Masson; B. Foing; H. Hoffmann; M. Kreslavsky; S. Werner; S. Milkovich; S. van Gasselt,2005,Nature,journal-article,False,Discovery candidate — not screened,Surface and water,,,,https://doi.org/10.1038/nature03359
10.1038/nature03437,Solar eclipses of Phobos and Deimos observed from the surface of Mars,J. F. Bell; M. T. Lemmon; T. C. Duxbury; M. Y. H. Hubbard; M. J. Wolff; S. W. Squyres; L. Craig; J. M. Ludwinski,2005,Nature,journal-article,False,Discovery candidate — not screened,Moons and impacts,,,,https://doi.org/10.1038/nature03437
10.1038/nature03616,Timescales of shock processes in chondritic and martian meteorites,P. Beck; Ph. Gillet; A. El Goresy; S. Mostefaoui,2005,Nature,journal-article,False,Discovery candidate — not screened,Meteorite magnetism,,,,https://doi.org/10.1038/nature03616
10.1038/news050214-15,Mars Express scuppers greenhouse hopes,Roxanne Khamsi,2005,Nature,journal-article,False,Discovery candidate — not screened,Missions,,,,https://doi.org/10.1038/news050214-15
10.1038/news050509-1,Mars Express radar on hold,Mark Peplow,2005,Nature,journal-article,False,Discovery candidate — not screened,Missions,,,,https://doi.org/10.1038/news050509-1
10.1038/news051128-8,Radar exposes buried ice on Mars,Mark Peplow,2005,Nature,journal-article,False,Discovery candidate — not screened,Chronology,,,,https://doi.org/10.1038/news051128-8
10.1038/scientificamerican0505-34a,Martian Lake View,JR Minkel,2005,Scientific American,journal-article,False,Discovery candidate — not screened,Dichotomy,,,,https://doi.org/10.1038/scientificamerican0505-34a
10.1038/scientificamerican1205-28,Martian Claymation,George Musser,2005,Scientific American,journal-article,False,Discovery candidate — not screened,Dichotomy,,,,https://doi.org/10.1038/scientificamerican1205-28
10.1063/1.1867144,Environmental Resistance in the Mars Atmosphere,Bruce A. Pint,2005,AIP Conference Proceedings,proceedings-article,False,Discovery candidate — not screened,Atmosphere,,,,https://doi.org/10.1063/1.1867144
10.1073/pnas.0507469102,Tectonic implications of Mars crustal magnetism,J. E. P. Connerney; M. H. Acuña; N. F. Ness; G. Kletetschka; D. L. Mitchell; R. P. Lin; H. Reme,2005,Proceedings of the National Academy of Sciences,journal-article,False,Discovery candidate — not screened,Interior; Magnetism,,,,https://doi.org/10.1073/pnas.0507469102
10.1080/146893604123331316388,Mars Express orbit design evolution,M. Hechler; Y. Langevin; A. YáÑez,2005,Dynamical Systems,journal-article,False,Discovery candidate — not screened,Missions,,,,https://doi.org/10.1080/146893604123331316388
10.1109/aero.2005.1559358,A pulsed neutron gamma-ray system for Mars rover missions,J.I. Trombka; R.D. Starr; J. Groves; H. Akkurt; L.G. Evans; T.J. McCoy; A.M. Parsons; J. Schweitzer; E. Amatucci; M.T. Smith; S. Floyd; T.P. McClanahan,2005,2005 IEEE Aerospace Conference,proceedings-article,False,Discovery candidate — not screened,Missions,,,,https://doi.org/10.1109/aero.2005.1559358
10.1109/aero.2005.1559724,Mars Odyssey relay operations development,J.A. Lewis,2005,2005 IEEE Aerospace Conference,proceedings-article,False,Discovery candidate — not screened,Missions,,,,https://doi.org/10.1109/aero.2005.1559724
10.1109/eumc.2005.1610388,The using multifrequency airborne radar complex MARS for subsurface remote sensing,I.A. Kalmykov; V.N. Tsymbal; V.B. Yefimov,2005,2005 European Microwave Conference,proceedings-article,False,Discovery candidate — not screened,Surface and water,,,,https://doi.org/10.1109/eumc.2005.1610388
10.1111/j.1945-5100.2005.tb00409.x,Ejection of Martian meteorites,Jörg Fritz; Natalia Artemieva; Ansgar Greshake,2005,Meteoritics & Planetary Science,journal-article,False,Discovery candidate — not screened,Meteorite magnetism; Meteorite geochemistry; Meteorite provenance,,,,https://doi.org/10.1111/j.1945-5100.2005.tb00409.x
10.1111/j.1945-5100.2005.tb00961.x,Matching Martian crustal magnetization and magnetic properties of Martian meteorites,Pierre ROCHETTE; Jérǒme GATTACCECA; Vincent CHEVRIER; Viktor HOFFMANN; Jean-Pierre LORAND; Minoru FUNAKI; Rupert HOCHLEITNER,2005,Meteoritics & Planetary Science,journal-article,True,Abstract consulted,Meteorite magnetism,"Martian meteorite families contain different magnetic carriers, including titanomagnetite and pyrrhotite.",Shows why magnetization cannot be interpreted solely as field intensity.,The measured meteorite collection is lithologically and statistically biased.,https://doi.org/10.1111/j.1945-5100.2005.tb00961.x
10.1126/science.1109091,Sulfates in the North Polar Region of Mars Detected by OMEGA/Mars Express,Yves Langevin; François Poulet; Jean-Pierre Bibring; Brigitte Gondet,2005,Science,journal-article,False,Discovery candidate — not screened,Missions,,,,https://doi.org/10.1126/science.1109091
10.1126/science.1109098,Olivine and Pyroxene Diversity in the Crust of Mars,J. F. Mustard; F. Poulet; A. Gendrin; J.-P. Bibring; Y. Langevin; B. Gondet; N. Mangold; G. Bellucci; F. Altieri,2005,Science,journal-article,False,Discovery candidate — not screened,Gravity and topography; Meteorite geochemistry; Chronology,,,,https://doi.org/10.1126/science.1109098
10.1126/science.1109438,Summer Evolution of the North Polar Cap of Mars as Observed by OMEGA/Mars Express,Y. Langevin; F. Poulet; J.-P. Bibring; B. Schmitt; S. Douté; B. Gondet,2005,Science,journal-article,False,Discovery candidate — not screened,Missions,,,,https://doi.org/10.1126/science.1109438
10.1126/science.1113077,Martian Surface Paleotemperatures from Thermochronology of Meteorites,David L. Shuster; Benjamin P. Weiss,2005,Science,journal-article,False,Discovery candidate — not screened,Meteorite magnetism,,,,https://doi.org/10.1126/science.1113077
10.1126/science.1122165,Radar Soundings of the Subsurface of Mars,Giovanni Picardi; Jeffrey J. Plaut; Daniela Biccari; Ornella Bombaci; Diego Calabrese; Marco Cartacci; Andrea Cicchetti; Stephen M. Clifford; Peter Edenhofer; William M. Farrell; Costanzo Federico; Alessandro Frigeri; Donald A. Gurnett; Tor Hagfors; Essam Heggy; Alain Herique; Richard L. Huff; Anton B. Ivanov; William T. K. Johnson; Rolando L. Jordan; Donald L. Kirchner; Wlodek Kofman; Carlton J. Leuschen; Erling Nielsen; Roberto Orosei; Elena Pettinelli; Roger J. Phillips; Dirk Plettemeier; Ali Safaeinili; Roberto Seu; Ellen R. Stofan; Giuliano Vannaroni; Thomas R. Watters; Enrico Zampolini,2005,Science,journal-article,False,Discovery candidate — not screened,Surface and water,,,,https://doi.org/10.1126/science.1122165
10.1126/science.307.5709.477e,Martian Glow,,2005,Science,journal-article,False,Discovery candidate — not screened,Dichotomy,,,,https://doi.org/10.1126/science.307.5709.477e
10.1126/science.309.5734.532m,Cool Martian Surfaces,,2005,Science,journal-article,False,Discovery candidate — not screened,Dichotomy,,,,https://doi.org/10.1126/science.309.5734.532m
10.1130/g21342.1,Tectonic consequences of Martian dichotomy modification by lower-crustal flow and erosion,Francis Nimmo,2005,Geology,journal-article,False,Discovery candidate — not screened,Dichotomy,,,,https://doi.org/10.1130/g21342.1
10.1134/1.2127995,Hard X-ray and gamma-ray flares on the Sun: Stereoscopic effects near the limb from observations on the 2001 Mars Odyssey spacecraft and near-Earth spacecraft,M. A. Livshits; V. A. Chernetskii; I. G. Mitrofanov; A. S. Kozyrev; M. L. Litvak; A. B. Sanin; V. I. Tret’yakov; W. Boynton; K. Shinohara; D. Hamara,2005,Astronomy Reports,journal-article,False,Discovery candidate — not screened,Missions,,,,https://doi.org/10.1134/1.2127995
10.1146/annurev.earth.33.092203.122637,EARLY CRUSTAL EVOLUTION OF MARS,Francis Nimmo; Ken Tanaka,2005,Annual Review of Earth and Planetary Sciences,journal-article,False,Discovery candidate — not screened,Interior; Magnetism,,,,https://doi.org/10.1146/annurev.earth.33.092203.122637
10.2307/4016739,"Fresh mars: Craft views new gullies, craters, and landslides",Ron Cowen,2005,Science News,journal-article,False,Discovery candidate — not screened,Chronology,,,,https://doi.org/10.2307/4016739
10.2458/azu_uapress_9780816540068-ch006,Planetary Astrobiology: Early Mars,E. S. Amador,2005,Planetary Astrobiology,book-chapter,False,Discovery candidate — not screened,Meteorite geochemistry; Chronology,,,,https://doi.org/10.2458/azu_uapress_9780816540068-ch006
10.2514/1.15170,Mars Odyssey Navigation Experience,Robert A. Mase; Peter G. Antreasian; Julia L. Bell; Tomas L. Martin-Mur; John C. Smith,2005,Journal of Spacecraft and Rockets,journal-article,False,Discovery candidate — not screened,Missions,,,,https://doi.org/10.2514/1.15170
10.2514/1.15198,Modeling Reaction-Control-System Effects on Mars Odyssey,Jill L. Hanna Prince; Zachary Q. Chavis; Richard G. Wilmoth,2005,Journal of Spacecraft and Rockets,journal-article,False,Discovery candidate — not screened,Missions,,,,https://doi.org/10.2514/1.15198
10.2514/1.15213,2001 Mars Odyssey Aerobraking,John C. Smith; Julia L. Bell,2005,Journal of Spacecraft and Rockets,journal-article,False,Discovery candidate — not screened,Missions,,,,https://doi.org/10.2514/1.15213
10.2514/1.17749,Introduction: 2001 Mars Odyssey Mission,Robert A. Mase,2005,Journal of Spacecraft and Rockets,journal-article,False,Discovery candidate — not screened,Missions,,,,https://doi.org/10.2514/1.17749
10.2514/6.iac-05-e2.3.08,Martian Flight Prototypes,Asier Ania; Dominique Poirel; Marie-Josée Potvin,2005,"56th International Astronautical Congress of the International Astronautical Federation, the International Academy of Astronautics, and the International Institute of Space Law",proceedings-article,False,Discovery candidate — not screened,Dichotomy,,,,https://doi.org/10.2514/6.iac-05-e2.3.08
10.5040/9798216977537.0055,My Favorite Martian,,2005,Mars,other,False,Discovery candidate — not screened,Dichotomy,,,,https://doi.org/10.5040/9798216977537.0055
10.1002/jrs.1175,Mineralogy of a Martian meteorite as determined by Raman spectroscopy,Alian Wang; Karla Kuebler; Bradley Jolliff; Larry A. Haskin,2004,Journal of Raman Spectroscopy,journal-article,False,Discovery candidate — not screened,Meteorite magnetism,,,,https://doi.org/10.1002/jrs.1175
10.1007/978-0-306-48600-5,2001 Mars Odyssey,,2004,,book,False,Discovery candidate — not screened,Missions,,,,https://doi.org/10.1007/978-0-306-48600-5
10.1007/978-0-306-48600-5_1,2001 Mars Odyssey Mission Summary,R. S. Saunders; R. E. Arvidson; G. D. Badhwar; W. V. Boynton; P. R. Christensen; F. A. Cucinotta; W. C. Feldman; R. G. Gibbs; C. Kloss; M. R. Landano; R. A. Mase; G. W. Mcsmith; M. A. Meyer; I. G. Mitrofanov; G. D. Pace; J. J. Plaut; W. P. Sidney; D. A. Spencer; T. W. Thompson; C. J. Zeitlin,2004,2001 Mars Odyssey,book-chapter,False,Discovery candidate — not screened,Missions,,,,https://doi.org/10.1007/978-0-306-48600-5_1
10.1007/978-0-306-48600-5_2,The Mars Odyssey Gamma-Ray Spectrometer Instrument Suite,W. V. Boynton; W. C. Feldman; I. G. Mitrofanov; L. G. Evans; R. C. Reedy; S. W. Squyres; R. Starr; J. I. Trombka; C. D’uston; J. R. Arnold; P. A. J. Englert; A. E. Metzger; H. Wänke; J. Brückner; D. M. Drake; C. Shinohara; C. Fellows; D. K. Hamara; K. Harshman; K. Kerry; C. Turner; M. Ward; H. Barthe; K. R. Fuller; S. A. Storms; G. W. Thornton; J. L. Longmire; M. L. Litvak; A. K. Ton’chev,2004,2001 Mars Odyssey,book-chapter,False,Discovery candidate — not screened,Missions,,,,https://doi.org/10.1007/978-0-306-48600-5_2
10.1007/978-0-306-48604-3_1,Mars Crustal Magnetism,J. E. P. Connerney; M. H. Acuña; N. F. Ness; T. Spohn; G. Schubert,2004,Space Sciences Series of ISSI Mars’ Magnetism and Its Interaction with the Solar Wind,book-chapter,False,Discovery candidate — not screened,Interior; Magnetism,,,,https://doi.org/10.1007/978-0-306-48604-3_1
10.1007/978-0-306-48604-3_3,Bow Shock and Upstream Phenomena at Mars,C. Mazelle; D. Winterhalter; K. Sauer; J. G. Trotignon; M. H. Acuña; K. Baumgärtel; C. Bertucci; D. A. Brain; S. H. Brecht; M. Delva; E. Dubinin; M. Øieroset; J. Slavin,2004,Space Sciences Series of ISSI Mars’ Magnetism and Its Interaction with the Solar Wind,book-chapter,False,Discovery candidate — not screened,Magnetism,,,,https://doi.org/10.1007/978-0-306-48604-3_3
10.1007/978-0-306-48604-3_5,Mars Global Surveyor Observations of Solar Wind Magnetic Field Draping Around Mars,Dana H. Crider; David A. Brain; Mario H. Acuña; Didier Vignes; Christian Mazelle; Cesar Bertucci,2004,Space Sciences Series of ISSI Mars’ Magnetism and Its Interaction with the Solar Wind,book-chapter,False,Discovery candidate — not screened,Magnetism,,,,https://doi.org/10.1007/978-0-306-48604-3_5
10.1007/978-0-306-48604-3_8,Mars Express and MARSIS,Erling Nielsen,2004,Space Sciences Series of ISSI Mars’ Magnetism and Its Interaction with the Solar Wind,book-chapter,False,Discovery candidate — not screened,Missions,,,,https://doi.org/10.1007/978-0-306-48604-3_8
10.1016/j.earscirev.2004.04.001,Mars chronology: assessing techniques for quantifying surficial processes,P DORAN,2004,Earth-Science Reviews,journal-article,False,Discovery candidate — not screened,Chronology,,,,https://doi.org/10.1016/j.earscirev.2004.04.001
10.1016/j.epsl.2004.05.022,Experimental constraints on the origin of Martian meteorites and the composition of the Martian mantle,Carl B. Agee; David S. Draper,2004,Earth and Planetary Science Letters,journal-article,False,Discovery candidate — not screened,Meteorite magnetism; Meteorite geochemistry,,,,https://doi.org/10.1016/j.epsl.2004.05.022
10.1016/j.epsl.2004.09.013,Toward a robust normalized magnetic paleointensity method applied to meteorites,J. Gattacceca; P. Rochette,2004,Earth and Planetary Science Letters,journal-article,True,Metadata / preview only,Meteorite magnetism,A methodological source for normalized non-thermal paleointensity estimates used in the meteorite compilation.,Links several meteorite estimates to shared calibration assumptions.,Bibliographic record and citations in later primary papers checked; original methods not audited.,https://doi.org/10.1016/j.epsl.2004.09.013
10.1016/j.icarus.2003.09.013,"Surficial properties in Gale Crater, Mars, from Mars Odyssey THEMIS data",Shannon M Pelkey; Bruce M Jakosky; Philip R Christensen,2004,Icarus,journal-article,False,Discovery candidate — not screened,Missions,,,,https://doi.org/10.1016/j.icarus.2003.09.013
10.1016/j.icarus.2003.11.025,Age and origin of the lowlands of Mars,Alberto G Fairén; James M Dohm,2004,Icarus,journal-article,False,Discovery candidate — not screened,Dichotomy; Chronology,,,,https://doi.org/10.1016/j.icarus.2003.11.025
10.1016/j.icarus.2003.12.005,Impact demagnetization of the martian crust,Pundit Surdas Mohit; Jafar Arkani-Hamed,2004,Icarus,journal-article,False,Discovery candidate — not screened,Magnetism,,,,https://doi.org/10.1016/j.icarus.2003.12.005
10.1016/j.icarus.2004.05.003,Launch of martian meteorites in oblique impacts,Natalia Artemieva; Boris Ivanov,2004,Icarus,journal-article,False,Discovery candidate — not screened,Meteorite magnetism,,,,https://doi.org/10.1016/j.icarus.2004.05.003
10.1016/j.pss.2003.08.020,Performance and surface scattering models for the Mars Advanced Radar for Subsurface and Ionosphere Sounding (MARSIS),G. Picardi; D. Biccari; R. Seu; L. Marinangeli; W.T.K. Johnson; R.L. Jordan; J. Plaut; A. Safaenili; D.A. Gurnett; G.G. Ori; R. Orosei; D. Calabrese; E. Zampolini,2004,Planetary and Space Science,journal-article,False,Discovery candidate — not screened,Surface and water,,,,https://doi.org/10.1016/j.pss.2003.08.020
10.1016/j.pss.2004.07.002,Mars atmospheric escape and evolution; interaction with the solar wind,Eric Chassefière; François Leblanc,2004,Planetary and Space Science,journal-article,False,Discovery candidate — not screened,Atmosphere,,,,https://doi.org/10.1016/j.pss.2004.07.002
10.1016/j.spacepol.2004.06.002,Martian Expedition Planning,Philip R Harris,2004,Space Policy,journal-article,False,Discovery candidate — not screened,Dichotomy,,,,https://doi.org/10.1016/j.spacepol.2004.06.002
10.1016/s0273-1177(03)00525-8,Radar detection of subsurface features on Mars,D.V Kartashov; O.B Shchuko; R Orosei,2004,Advances in Space Research,journal-article,False,Discovery candidate — not screened,Surface and water,,,,https://doi.org/10.1016/s0273-1177(03)00525-8
10.1016/s0960-0779(03)00054-7,Mars topography: bulk statistics and spectral scaling,V. Nikora; D. Goring,2004,"Chaos, Solitons & Fractals",journal-article,False,Discovery candidate — not screened,Gravity and topography,,,,https://doi.org/10.1016/s0960-0779(03)00054-7
10.1023/b:spac.0000021006.84299.18,2001 Mars Odyssey Mission Summary,R.S. Saunders; R.E. Arvidson; G.D. Badhwar; W.V. Boynton; P.R. Christensen; F.A. Cucinotta; W.C. Feldman; R.G. Gibbs; C. Kloss; M.R. Landano; R.A. Mase; G.W. McSmith; M.A. Meyer; I.G. Mitrofanov; G.D. Pace; J.J. Plaut; W.P. Sidney; D.A. Spencer; T.W. Thompson; C.J. Zeitlin,2004,Space Science Reviews,journal-article,False,Discovery candidate — not screened,Missions,,,,https://doi.org/10.1023/b:spac.0000021006.84299.18
10.1023/b:spac.0000021007.76126.15,The Mars Odyssey Gamma-Ray Spectrometer Instrument Suite,W.V. Boynton; W.C. Feldman; I.G. Mitrofanov; L.G. Evans; R.C. Reedy; S.W. Squyres; R. Starr; J.I. Trombka; C. d'Uston; J.R. Arnold; P.A.J. Englert; A.E. Metzger; H. Wänke; J. Brückner; D.M. Drake; C. Shinohara; C. Fellows; D.K. Hamara; K. Harshman; K. Kerry; C. Turner; M. Ward; H. Barthe; K.R. Fuller; S.A. Storms; G.W. Thornton; J.L. Longmire; M.L. Litvak; A.K. Ton'chev,2004,Space Science Reviews,journal-article,False,Discovery candidate — not screened,Missions,,,,https://doi.org/10.1023/b:spac.0000021007.76126.15
10.1023/b:spac.0000032712.05204.5e,Mars Express and MARSIS,Erling Nielsen,2004,Space Science Reviews,journal-article,False,Discovery candidate — not screened,Missions,,,,https://doi.org/10.1023/b:spac.0000032712.05204.5e
10.1023/b:spac.0000032714.66124.4e,Mars Global Surveyor Observations of Solar Wind Magnetic Field Draping Around Mars,Dana H. Crider; David A. Brain; Mario H. Acuña; Didier Vignes; Christian Mazelle; Cesar Bertucci,2004,Space Science Reviews,journal-article,False,Discovery candidate — not screened,Magnetism,,,,https://doi.org/10.1023/b:spac.0000032714.66124.4e
10.1023/b:spac.0000032717.98679.d0,Bow Shock and Upstream Phenomena at Mars,C. Mazelle; D. Winterhalter; K. Sauer; J.G. Trotignon; M.H. Acuña; K. Baumgärtel; C. Bertucci; D.A. Brain; S.H. Brecht; M. Delva; E. Dubinin; M. Øieroset; J. Slavin,2004,Space Science Reviews,journal-article,False,Discovery candidate — not screened,Magnetism,,,,https://doi.org/10.1023/b:spac.0000032717.98679.d0
10.1023/b:spac.0000032719.40094.1d,Mars Crustal Magnetism,J.E.P. Connerney; M.H. Acuña; N.F. Ness; T. Spohn; G. Schubert,2004,Space Science Reviews,journal-article,False,Discovery candidate — not screened,Interior; Magnetism,,,,https://doi.org/10.1023/b:spac.0000032719.40094.1d
10.1029/2002je002025,Impact melts and glasses on Mars,Peter H. Schultz; John F. Mustard,2004,Journal of Geophysical Research: Planets,journal-article,False,Discovery candidate — not screened,Magnetism,,,,https://doi.org/10.1029/2002je002025
10.1029/2003gl019306,Tharsis as a consequence of Mars' dichotomy and layered mantle,Mark J. Wenzel; Michael Manga; A. Mark Jellinek,2004,Geophysical Research Letters,journal-article,False,Discovery candidate — not screened,Dichotomy; Gravity and topography; Magnetism; Chronology; Surface and water; Volcanism and tectonics,,,,https://doi.org/10.1029/2003gl019306
10.1029/2003je002048,Crustal magnetic field of Mars,B. Langlais; M. E. Purucker; M. Mandea,2004,Journal of Geophysical Research: Planets,journal-article,False,Discovery candidate — not screened,Interior; Magnetism; Atmosphere,,,,https://doi.org/10.1029/2003je002048
10.1029/2003je002163,Upper atmosphere of Mars up to 120 km: Mars Global Surveyor accelerometer data analysis with the LMD general circulation model,M. Angelats i Coll; F. Forget; M. A. López‐Valverde; P. L. Read; S. R. Lewis,2004,Journal of Geophysical Research: Planets,journal-article,False,Discovery candidate — not screened,Atmosphere,,,,https://doi.org/10.1029/2003je002163
10.1029/2003je002172,Growth of the hemispheric dichotomy and the cessation of plate tectonics on Mars,A. Lenardic; F. Nimmo; L. Moresi,2004,Journal of Geophysical Research: Planets,journal-article,False,Discovery candidate — not screened,Dichotomy; Surface and water; Volcanism and tectonics,,,,https://doi.org/10.1029/2003je002172
10.1029/2003je002205,"Putative shorelines in northern Arabia Terra, Mars",Valerie E. Webb,2004,Journal of Geophysical Research: Planets,journal-article,False,Discovery candidate — not screened,Surface and water,,,,https://doi.org/10.1029/2003je002205
10.1029/2004eo220006,Comment on “Impact demagnetization by phase transition on Mars”,P. Surdas Mohit,2004,"Eos, Transactions American Geophysical Union",journal-article,False,Discovery candidate — not screened,Magnetism,,,,https://doi.org/10.1029/2004eo220006
10.1029/2004eo220007,Reply [to “Comment on ‘Impact demagnetization by phase transition on Mars’” by P. Surdas Mohit],Pierre Rochette; Lon Hood; Gérard Fillion; Rafik Ballou; Bachir Ouladdiaf,2004,"Eos, Transactions American Geophysical Union",journal-article,False,Discovery candidate — not screened,Magnetism,,,,https://doi.org/10.1029/2004eo220007
10.1029/2004gl020189,Mapping crustal magnetic fields at Mars using electron reflectometry,R. J. Lillis; D. L. Mitchell; R. P. Lin; J. E. P. Connerney; M. H. Acuña,2004,Geophysical Research Letters,journal-article,False,Discovery candidate — not screened,Magnetism,,,,https://doi.org/10.1029/2004gl020189
10.1029/2004je002248,"Sedimentary resurfacing and fretted terrain development along the crustal dichotomy boundary, Aeolis Mensae, Mars",Rossman P. Irwin; Thomas R. Watters; Alan D. Howard; James R. Zimbelman,2004,Journal of Geophysical Research: Planets,journal-article,False,Discovery candidate — not screened,Dichotomy; Surface and water; Volcanism and tectonics,,,,https://doi.org/10.1029/2004je002248
10.1029/2004je002260,Geologic evolution of the Martian dichotomy in the Ismenius area of Mars and implications for plains magnetization,S. E. Smrekar; G. E. McGill; C. A. Raymond; A. M. Dimitriou,2004,Journal of Geophysical Research: Planets,journal-article,False,Discovery candidate — not screened,Dichotomy,,,,https://doi.org/10.1029/2004je002260
10.1029/2004je002262,Crustal structure of Mars from gravity and topography,G. A. Neumann; M. T. Zuber; M. A. Wieczorek; P. J. McGovern; F. G. Lemoine; D. E. Smith,2004,Journal of Geophysical Research: Planets,journal-article,False,Discovery candidate — not screened,Interior; Gravity and topography; Magnetism,,,,https://doi.org/10.1029/2004je002262
10.1029/2004je002265,A coherent model of the crustal magnetic field of Mars,Jafar Arkani‐Hamed,2004,Journal of Geophysical Research: Planets,journal-article,False,Discovery candidate — not screened,Magnetism,,,,https://doi.org/10.1029/2004je002265
10.1029/2004je002286,Correction to “Localized gravity/topography admittance and correlation spectra on Mars: Implications for regional and global evolution”,Patrick J. McGovern; Sean C. Solomon; David E. Smith; Maria T. Zuber; Mark Simons; Mark A. Wieczorek; Roger J. Phillips; Gregory A. Neumann; Oded Aharonson; James W. Head,2004,Journal of Geophysical Research: Planets,journal-article,False,Discovery candidate — not screened,Gravity and topography,,,,https://doi.org/10.1029/2004je002286
10.1038/news041101-14,Mars Express pictures action of glaciers,Mark Peplow,2004,Nature,journal-article,False,Discovery candidate — not screened,Missions,,,,https://doi.org/10.1038/news041101-14
10.1073/pnas.0402292101,Magnetic tests for magnetosome chains in Martian meteorite ALH84001,Benjamin P. Weiss; Soon Sam Kim; Joseph L. Kirschvink; Robert E. Kopp; Mohan Sankaran; Atsuko Kobayashi; Arash Komeili,2004,Proceedings of the National Academy of Sciences,journal-article,False,Discovery candidate — not screened,Meteorite magnetism,,,,https://doi.org/10.1073/pnas.0402292101
10.1111/j.1755-6724.2004.tb00759.x,A New Martian Meteorite from Antarctica: Grove Mountains (GRV) 020090,MIAO Bingkui; OUYANG Ziyuan; WANG Daode; JU Yitai; WANG Guiqin; LIN Yangting,2004,Acta Geologica Sinica - English Edition,journal-article,False,Discovery candidate — not screened,Meteorite magnetism,,,,https://doi.org/10.1111/j.1755-6724.2004.tb00759.x
10.1111/j.1945-5100.2004.tb00079.x,Pressure effects on martian crustal magnetization near large impact basins,Gunther KLETETSCHKA; John E. P. CONNERNEY; Norman F. NESS; Mario H. ACUÑA,2004,Meteoritics & Planetary Science,journal-article,False,Discovery candidate — not screened,Magnetism,,,,https://doi.org/10.1111/j.1945-5100.2004.tb00079.x
10.1111/j.1945-5100.2004.tb00114.x,Pyroxene microstructure in the Northwest Africa 856 martian meteorite,Hugues Leroux; Bertrand Devouard; Patrick Cordier; François Guyot,2004,Meteoritics & Planetary Science,journal-article,False,Discovery candidate — not screened,Meteorite magnetism,,,,https://doi.org/10.1111/j.1945-5100.2004.tb00114.x
10.1111/j.1945-5100.2004.tb00344.x,Marine‐target craters on Mars? An assessment study,Jens Ormö; James M. Dohm; Justin C. Ferris; Alain Lepinette; Alberto G. Fairén,2004,Meteoritics & Planetary Science,journal-article,False,Discovery candidate — not screened,Chronology,,,,https://doi.org/10.1111/j.1945-5100.2004.tb00344.x
10.1117/12.506028,Odyssey gives evidence for liquid water on Mars,Gilbert V. Levin,2004,"SPIE Proceedings Instruments, Methods, and Missions for Astrobiology VII",proceedings-article,False,Discovery candidate — not screened,Missions,,,,https://doi.org/10.1117/12.506028
10.1117/12.578976,CRISM (Compact Reconnaissance Imaging Spectrometer for Mars) on MRO (Mars Reconnaissance Orbiter),Scott L. Murchie; Raymond E. Arvidson; Peter Bedini; K. Beisser; Jean-Pierre Bibring; J. Bishop; John D. Boldt; Tech H. Choo; R. Todd Clancy; Edward H. Darlington; D. Des Marais; R. Espiritu; Melissa J. Fasold; Dennis Fort; Richard N. Green; E. Guinness; John R. Hayes; C. Hash; Kevin J. Heffernan; J. Hemmler; Gene A. Heyler; David C. Humm; J. Hutchison; Noam R. Izenberg; Robert E. Lee; Jeffrey J. Lees; David A. Lohr; Erick R. Malaret; T. Martin; Richard V. Morris; John F. Mustard; Edgar A. Rhodes; Mark S. Robinson; Ted L. Roush; Edward D. Schaefer; Gordon G. Seagrave; Peter R. Silverglate; S. Slavney; Mark F. Smith; Kim Strohbehn; Howard W. Taylor; Patrick L. Thompson; Barry E. Tossman,2004,"SPIE Proceedings Instruments, Science, and Methods for Geospace and Planetary Remote Sensing",proceedings-article,False,Discovery candidate — not screened,Missions,,,,https://doi.org/10.1117/12.578976
10.1130/g20548.1,Igneous dikes on Mars revealed by Mars Orbiter Laser Altimeter topography,Richard A. Schultz; Chris H. Okubo; Cheryl L. Goudy; Scott J. Wilkins,2004,Geology,journal-article,False,Discovery candidate — not screened,Gravity and topography; Atmosphere,,,,https://doi.org/10.1130/g20548.1
10.2138/am-2004-2-306,Experimental determination of siderite stability and application to Martian Meteorite ALH84001,Andrea M. Koziol,2004,American Mineralogist,journal-article,False,Discovery candidate — not screened,Meteorite magnetism,,,,https://doi.org/10.2138/am-2004-2-306
10.2138/am-2004-5-601,"Raman spectroscopy of Fe-Ti-Cr-oxides, case study: Martian meteorite EETA79001",Alian Wang; Karla E. Kuebler; Bradley L. Jolliff; Larry A. Haskin,2004,American Mineralogist,journal-article,False,Discovery candidate — not screened,Meteorite magnetism,,,,https://doi.org/10.2138/am-2004-5-601
10.2138/am-2004-5-602,Evidence for exclusively inorganic formation of magnetite in Martian meteorite ALH84001,D.C. Golden; D.W. Ming; R.V. Morris; A.J. Brearley; H.V. Lauer; A.H. Treiman; M.E. Zolensky; C.S. Schwandt; G.E. Lofgren; G.A. McKay,2004,American Mineralogist,journal-article,False,Discovery candidate — not screened,Meteorite magnetism,,,,https://doi.org/10.2138/am-2004-5-602
10.2514/6.2004-247-98,"Operating the Rosetta, Mars Express and Venus Express Interplanetary Family",P. Ferri; M. Denis; A. Accomazzo; M. Warhaut,2004,Space OPS 2004 Conference,proceedings-article,False,Discovery candidate — not screened,Missions,,,,https://doi.org/10.2514/6.2004-247-98
10.2514/6.2004-5094,Mars Global Surveyor and Mars Odyssey - Relay Satellites for the Mars Exploration Rover Mission,Pasquale Esposito; Ramachand Bhat; Stuart Demcak; Shadan Ardalan; Jacob Breeden; Cliff Helfrich; David Jefferson; Jason Stauch,2004,AIAA/AAS Astrodynamics Specialist Conference and Exhibit,proceedings-article,False,Discovery candidate — not screened,Missions,,,,https://doi.org/10.2514/6.2004-5094
10.2514/6.2004-525-318,Mars Reconnaissance Orbiter (MRO) - From Downlink to Archive,E.M. De Jong,2004,Space OPS 2004 Conference,proceedings-article,False,Discovery candidate — not screened,Missions,,,,https://doi.org/10.2514/6.2004-525-318
10.1002/0471263869.sst076,Pathfinder Mission to Mars,R.C. Anderson,2003,Encyclopedia of Space Science and Technology,other,False,Discovery candidate — not screened,Missions,,,,https://doi.org/10.1002/0471263869.sst076
10.1007/bf03040634,Grove Mountains (GRV) 99027: A new Martian meteorite,Yangting Lin; Daode Wang; Bingkui Miao; Ziyuan Ouyang; Xiaohan Liu; Yitai Ju,2003,Chinese Science Bulletin,journal-article,False,Discovery candidate — not screened,Meteorite magnetism,,,,https://doi.org/10.1007/bf03040634
10.1007/s00114-003-0411-x,Modern terrestrial analogues for the carbonate globules in Martian meteorite ALH84001,Józef Kazmierczak; Stephan Kempe,2003,Naturwissenschaften,journal-article,False,Discovery candidate — not screened,Meteorite magnetism,,,,https://doi.org/10.1007/s00114-003-0411-x
10.1016/s0016-7037(02)01114-6,Kinetic model of carbonate dissolution in Martian meteorite ALH84001,R.E. Kopp; M. Humayun,2003,Geochimica et Cosmochimica Acta,journal-article,False,Discovery candidate — not screened,Meteorite magnetism,,,,https://doi.org/10.1016/s0016-7037(02)01114-6
10.1016/s0016-7037(03)00234-5,The sources of water in Martian meteorites: clues from hydrogen isotopes,N.Z Boctor; C.M.O’D Alexander; J Wang; E Hauri,2003,Geochimica et Cosmochimica Acta,journal-article,False,Discovery candidate — not screened,Surface and water,,,,https://doi.org/10.1016/s0016-7037(03)00234-5
10.1016/s0019-1035(03)00152-0,"Surficial properties in Melas Chasma, Mars, from Mars Odyssey THEMIS data",Shannon M Pelkey; Bruce M Jakosky; Philip R Christensen,2003,Icarus,journal-article,False,Discovery candidate — not screened,Missions,,,,https://doi.org/10.1016/s0019-1035(03)00152-0
10.1016/s0019-1035(03)00172-6,The origin of water on Mars,Jonathan I. Lunine; John Chambers; Alessandro Morbidelli; Laurie A. Leshin,2003,Icarus,journal-article,False,Discovery candidate — not screened,Dichotomy,,,,https://doi.org/10.1016/s0019-1035(03)00172-6
10.1016/s0094-5765(02)00157-1,Mars Express—ESA's first mission to planet Mars,R. Schmidt,2003,Acta Astronautica,journal-article,False,Discovery candidate — not screened,Missions,,,,https://doi.org/10.1016/s0094-5765(02)00157-1
10.1016/s0094-5765(03)80010-3,Mars express orbit design,Martin Hechler; Arturo Yáñez,2003,Acta Astronautica,journal-article,False,Discovery candidate — not screened,Missions,,,,https://doi.org/10.1016/s0094-5765(03)80010-3
10.1029/2002je001856,Ground‐penetrating radar as a tool for probing the shallow subsurface of Mars,John A. Grant; Alan E. Schutz; Bruce A. Campbell,2003,Journal of Geophysical Research: Planets,journal-article,False,Discovery candidate — not screened,Surface and water,,,,https://doi.org/10.1029/2002je001856
10.1029/2002je001908,Resurfacing history of the northern plains of Mars based on geologic mapping of Mars Global Surveyor data,K. L. Tanaka; J. A. Skinner; T. M. Hare; T. Joyal; A. Wenker,2003,Journal of Geophysical Research: Planets,journal-article,False,Discovery candidate — not screened,Surface and water,,,,https://doi.org/10.1029/2002je001908
10.1029/2002je001927,"Phreatomagmatic explosive origin of Hrad Vallis, Mars",Lionel Wilson; Peter J. Mouginis‐Mark,2003,Journal of Geophysical Research: Planets,journal-article,False,Discovery candidate — not screened,Dichotomy,,,,https://doi.org/10.1029/2002je001927
10.1029/2002je001934,Thrust faults along the dichotomy boundary in the eastern hemisphere of Mars,Thomas R. Watters,2003,Journal of Geophysical Research: Planets,journal-article,False,Discovery candidate — not screened,Dichotomy; Surface and water; Volcanism and tectonics,,,,https://doi.org/10.1029/2002je001934
10.1029/2002je001979,Paleomagnetic record of Martian meteorite ALH84001,Maria Antretter; Mike Fuller; Edward Scott; Mike Jackson; Bruce Moskowitz; Peter Solheid,2003,Journal of Geophysical Research: Planets,journal-article,False,Discovery candidate — not screened,Meteorite magnetism; Meteorite provenance,,,,https://doi.org/10.1029/2002je001979
10.1029/2002je001999,Early plate tectonics versus single‐plate tectonics on Mars: Evidence from magnetic field history and crust evolution,D. Breuer; T. Spohn,2003,Journal of Geophysical Research: Planets,journal-article,False,Discovery candidate — not screened,Magnetism; Meteorite geochemistry; Chronology,,,,https://doi.org/10.1029/2002je001999
10.1029/2003eo500001,Impact demagnetization by phase transition on Mars,Pierre Rochette; Lon Hood; Gerard Fillion; Rafik Ballou; Bachir Ouladdiaf,2003,"Eos, Transactions American Geophysical Union",journal-article,False,Discovery candidate — not screened,Magnetism,,,,https://doi.org/10.1029/2003eo500001
10.1029/2003gl017359,High pressure magnetic transition in pyrrhotite and impact demagnetization on Mars,P. Rochette; G. Fillion; R. Ballou; F. Brunet; B. Ouladdiaf; L. Hood,2003,Geophysical Research Letters,journal-article,False,Discovery candidate — not screened,Magnetism,,,,https://doi.org/10.1029/2003gl017359
10.1029/2003je002140,Can a solid inner core of Mars be detected from observations of polar motion and nutation of Mars?,V. Dehant; T. Van Hoolst; O. de Viron; M. Greff‐Lefftz; H. Legros; P. Defraigne,2003,Journal of Geophysical Research: Planets,journal-article,False,Discovery candidate — not screened,Interior,,,,https://doi.org/10.1029/2003je002140
10.1029/2003je002145,Mars nutation resonance due to Free Inner Core Nutation,P. Defraigne; A. Rivoldini; T. Van Hoolst; V. Dehant,2003,Journal of Geophysical Research: Planets,journal-article,False,Discovery candidate — not screened,Interior,,,,https://doi.org/10.1029/2003je002145
10.1038/426779a,Icy martian mysteries,Victor R. Baker,2003,Nature,journal-article,False,Discovery candidate — not screened,Dichotomy,,,,https://doi.org/10.1038/426779a
10.1063/1.1556665,Gamma-ray Tracking With The MARS Detector,Th. Kröll,2003,AIP Conference Proceedings,proceedings-article,False,Discovery candidate — not screened,Missions,,,,https://doi.org/10.1063/1.1556665
10.1063/1.1581553,Rarefied Aerothermodynamics of Mars Odyssey,Naruhisa Takashima,2003,AIP Conference Proceedings,proceedings-article,False,Discovery candidate — not screened,Missions,,,,https://doi.org/10.1063/1.1581553
10.1063/1.1627280,Simulating Martian Temperatures,Randy K. Buchanan,2003,AIP Conference Proceedings,proceedings-article,False,Discovery candidate — not screened,Dichotomy,,,,https://doi.org/10.1063/1.1627280
10.1111/j.1945-5100.2003.tb00009.x,Ion microprobe U‐Th‐Pb dating of phosphates in martian meteorite ALH 84001,Kentaro Terada; Tsuyoshi Monde; Yuji Sano,2003,Meteoritics & Planetary Science,journal-article,False,Discovery candidate — not screened,Meteorite magnetism,,,,https://doi.org/10.1111/j.1945-5100.2003.tb00009.x
10.1111/j.1945-5100.2003.tb00013.x,Magma ocean fractional crystallization and cumulate overturn in terrestrial planets: Implications for Mars,Linda T. ELKINS‐TANTON; E. M. PARMENTIER; P. C. HESS,2003,Meteoritics & Planetary Science,journal-article,False,Discovery candidate — not screened,Interior,,,,https://doi.org/10.1111/j.1945-5100.2003.tb00013.x
10.1111/j.1945-5100.2003.tb00017.x,Melting in the martian mantle: Shergottite formation and implications for present‐day mantle convection on Mars,Walter S. KIEFER,2003,Meteoritics & Planetary Science,journal-article,False,Discovery candidate — not screened,Interior,,,,https://doi.org/10.1111/j.1945-5100.2003.tb00017.x
10.1111/j.1945-5100.2003.tb00261.x,Precursors of Mars: Constraints from nitrogen and oxygen isotopic compositions of martian meteorites,Ratan K. MOHAPATRA; S. V. S. MURTY,2003,Meteoritics & Planetary Science,journal-article,False,Discovery candidate — not screened,Meteorite geochemistry,,,,https://doi.org/10.1111/j.1945-5100.2003.tb00261.x
10.1111/j.1945-5100.2003.tb00282.x,Transmission electron microscopy of minerals in the martian meteorite Allan Hills 84001,David J. BARBER; Edward R. D. SCOTT,2003,Meteoritics & Planetary Science,journal-article,False,Discovery candidate — not screened,Meteorite magnetism,,,,https://doi.org/10.1111/j.1945-5100.2003.tb00282.x
10.1111/j.1945-5100.2003.tb00284.x,Searching for the source regions of martian meteorites using MGS TES: Integrating martian meteorites into the global distribution of igneous materials on Mars,Victoria E. HAMILTON; Philip R. CHRISTENSEN; Harry Y. McSWEEN; Joshua L. BANDFIELD,2003,Meteoritics & Planetary Science,journal-article,False,Discovery candidate — not screened,Meteorite magnetism,,,,https://doi.org/10.1111/j.1945-5100.2003.tb00284.x
10.1117/12.455976,Background lines in the Mars Odyssey 2001 gamma-ray detector,Larry G. Evans; William V. Boynton; Robert C. Reedy; Richard D. Starr; Jacob I. Trombka,2003,SPIE Proceedings X-Ray and Gamma-Ray Detectors and Applications IV,proceedings-article,False,Discovery candidate — not screened,Missions,,,,https://doi.org/10.1117/12.455976
10.1117/12.473823,"An imaging interferometer for satellite observations of wind and temperature on Mars, the Dynamic Atmosphere Mars Observer (DYNAMO)",William E. Ward; William A. Gault; Neil Rowlands; Shiguang Wang; Gordon G. Shepherd; Ian C. McDade; Jack C. McConnell; D Michelangeli; John Caldwell,2003,SPIE Proceedings Applications of Photonic Technology 5,proceedings-article,False,Discovery candidate — not screened,Magnetism,,,,https://doi.org/10.1117/12.473823
10.1119/1.1607809,Super Martian Hat,Rosemary Russ,2003,The Physics Teacher,journal-article,False,Discovery candidate — not screened,Dichotomy,,,,https://doi.org/10.1119/1.1607809
10.1126/science.1080885,Morphology and Composition of the Surface of Mars: Mars Odyssey THEMIS Results,Philip R. Christensen; Joshua L. Bandfield; James F. Bell III; Noel Gorelick; Victoria E. Hamilton; Anton Ivanov; Bruce M. Jakosky; Hugh H. Kieffer; Melissa D. Lane; Michael C. Malin; Timothy McConnochie; Alfred S. McEwen; Harry Y. McSween; Greg L. Mehall; Jeffery E. Moersch; Kenneth H. Nealson; James W. Rice; Mark I. Richardson; Steven W. Ruff; Michael D. Smith; Timothy N. Titus; Michael B. Wyatt,2003,Science,journal-article,False,Discovery candidate — not screened,Missions,,,,https://doi.org/10.1126/science.1080885
10.1126/science.1083626,A Liquid Core for Mars?,Veronique Dehant,2003,Science,journal-article,False,Discovery candidate — not screened,Interior,,,,https://doi.org/10.1126/science.1083626
10.1126/science.300.5617.209a,Martian Liquidity,,2003,Science,journal-article,False,Discovery candidate — not screened,Dichotomy,,,,https://doi.org/10.1126/science.300.5617.209a
10.1126/science.302.5647.945a,Martian Soil Analogs,,2003,Science,journal-article,False,Discovery candidate — not screened,Dichotomy,,,,https://doi.org/10.1126/science.302.5647.945a
10.1126/science.302.5652.1863b,Martian Minimagnetopause,,2003,Science,journal-article,False,Discovery candidate — not screened,Dichotomy,,,,https://doi.org/10.1126/science.302.5652.1863b
10.1130/0091-7613(2003)031<0175:ommdoe>2.0.co;2,"Olympus Mons, Mars: Detection of extensive preaureole volcanism and implications for initial mantle plume behavior",Elizabeth R. Fuller; James W. Head,2003,Geology,journal-article,False,Discovery candidate — not screened,Volcanism and tectonics,,,,https://doi.org/10.1130/0091-7613(2003)031<0175:ommdoe>2.0.co;2
10.1130/0091-7613(2003)031<0271:lfatoo>2.0.co;2,Lithospheric flexure and the origin of the dichotomy boundary on Mars,Thomas R. Watters,2003,Geology,journal-article,False,Discovery candidate — not screened,Dichotomy; Chronology; Surface and water; Volcanism and tectonics,,,,https://doi.org/10.1130/0091-7613(2003)031<0271:lfatoo>2.0.co;2
10.1140/epja/i2002-10355-6,Gamma-ray tracking with the MARS detector,Th Kröll; D. Bazzacco; R. Venturelli; B. Quintana Arnes; C. A. Ur; M. Bellato; R. Isocrate; Ch Manea; R. Menegazzo; P. Pavan; C. Rossi Alvarez; E. Farnea; A. Gadea; D. Rosso; P. Spolaore; F. Camera; B. Million; E. Musso; A. Pullia; O. Wieland; G. Casati; A. Geraci; G. Ripamonti; M. Descovich,2003,The European Physical Journal A,journal-article,False,Discovery candidate — not screened,Missions,,,,https://doi.org/10.1140/epja/i2002-10355-6
10.1190/1.1605078,The magnetic field of Mars,M. H. Acuña,2003,The Leading Edge,journal-article,False,Discovery candidate — not screened,Magnetism; Atmosphere,,,,https://doi.org/10.1190/1.1605078
10.2514/6.2003-301,Modeling Plume Effects on Mars Odyssey Aerodynamics,Zachary Chavis,2003,41st Aerospace Sciences Meeting and Exhibit,proceedings-article,False,Discovery candidate — not screened,Missions,,,,https://doi.org/10.2514/6.2003-301
10.2514/6.iac-03-iaa.1.1.06,Martian Working Robot,Mario Delail,2003,"54th International Astronautical Congress of the International Astronautical Federation, the International Academy of Astronautics, and the International Institute of Space Law",proceedings-article,False,Discovery candidate — not screened,Dichotomy,,,,https://doi.org/10.2514/6.iac-03-iaa.1.1.06
10.4271/2003-01-2673,Cross Contamination of Martian Rock Samples,Naresh Rohatgi; Partha Shakkottai,2003,SAE Technical Paper Series,proceedings-article,False,Discovery candidate — not screened,Meteorite magnetism,,,,https://doi.org/10.4271/2003-01-2673
10.1002/scin.5591611313,Astronomy: Mars Odyssey instrument revived,,2002,Science News,journal-article,False,Discovery candidate — not screened,Missions,,,,https://doi.org/10.1002/scin.5591611313
10.1006/icar.2002.6817,Strength of Faults on Mars from MOLA Topography,D Barnett,2002,Icarus,journal-article,False,Discovery candidate — not screened,Gravity and topography,,,,https://doi.org/10.1006/icar.2002.6817
10.1006/icar.2002.6838,Hydrothermal Systems Associated with Martian Impact Craters,Julie A. Rathbun; Steven W. Squyres,2002,Icarus,journal-article,False,Discovery candidate — not screened,Meteorite provenance,,,,https://doi.org/10.1006/icar.2002.6838
10.1006/icar.2002.6914,Comparison of Viking Lander Descent Data and MOLA Topography Reveals Kilometer-Scale Offset in Mars Atmosphere Profiles,Paul Withers; R.D. Lorenz; G.A. Neumann,2002,Icarus,journal-article,False,Discovery candidate — not screened,Atmosphere,,,,https://doi.org/10.1006/icar.2002.6914
10.1006/icar.2002.6942,An Origin for the Linear Magnetic Anomalies on Mars through Accretion of Terranes: Implications for Dynamo Timing,A Fairén,2002,Icarus,journal-article,False,Discovery candidate — not screened,Magnetism,,,,https://doi.org/10.1006/icar.2002.6942
10.1016/s0012-821x(01)00591-x,A new Martian meteorite from Morocco: the nakhlite North West Africa 817,V Sautter; J.A Barrat; A Jambon; J.P Lorand; Ph Gillet; M Javoy; J.L Joron; M Lesourd,2002,Earth and Planetary Science Letters,journal-article,False,Discovery candidate — not screened,Meteorite magnetism,,,,https://doi.org/10.1016/s0012-821x(01)00591-x
10.1016/s0012-821x(02)00562-9,Martian atmospheric and interior volatiles in the meteorite Nakhla,K.J. Mathew; K. Marti,2002,Earth and Planetary Science Letters,journal-article,False,Discovery candidate — not screened,Meteorite magnetism,,,,https://doi.org/10.1016/s0012-821x(02)00562-9
10.1016/s0012-821x(02)00728-8,Records of an ancient Martian magnetic field in ALH84001,Benjamin P. Weiss; Hojatollah Vali; Franz J. Baudenbacher; Joseph L. Kirschvink; Sarah T. Stewart; David L. Shuster,2002,Earth and Planetary Science Letters,journal-article,True,Abstract consulted,Meteorite magnetism,ALH 84001 carbonate-related remanence is investigated as an ancient paleofield recorder.,"Links mineral formation, low-temperature history and early magnetism.",Mineral-scale recording and later overprints must be separated; meteorite crystallization age is not automatically magnetic age.,https://doi.org/10.1016/s0012-821x(02)00728-8
10.1016/s0012-821x(02)00729-x,Temperatures on Mars from 40Ar/39Ar thermochronology of ALH84001,Benjamin P. Weiss; David L. Shuster; Sarah T. Stewart,2002,Earth and Planetary Science Letters,journal-article,False,Discovery candidate — not screened,Meteorite magnetism,,,,https://doi.org/10.1016/s0012-821x(02)00729-x
10.1016/s0012-821x(02)00835-x,Aqueous alteration in the Northwest Africa 817 (NWA 817) Martian meteorite,Ph. Gillet; J.A. Barrat; E. Deloule; M. Wadhwa; A. Jambon; V. Sautter; B. Devouard; D. Neuville; K. Benzerara; M. Lesourd,2002,Earth and Planetary Science Letters,journal-article,False,Discovery candidate — not screened,Meteorite magnetism,,,,https://doi.org/10.1016/s0012-821x(02)00835-x
10.1016/s0016-7037(01)00892-4,"Crystallization conditions of Los Angeles, a basaltic Martian meteorite",Dimitrios Xirouchakis; David S. Draper; Craig S. Schwandt; Antonio Lanzirotti,2002,Geochimica et Cosmochimica Acta,journal-article,False,Discovery candidate — not screened,Meteorite magnetism,,,,https://doi.org/10.1016/s0016-7037(01)00892-4
10.1016/s0032-0633(02)00053-3,High molecular weight organic matter in martian meteorites,M.A. Sephton; I.P. Wright; I. Gilmour; J.W. de Leeuw; M.M. Grady; C.T. Pillinger,2002,Planetary and Space Science,journal-article,False,Discovery candidate — not screened,Meteorite magnetism,,,,https://doi.org/10.1016/s0032-0633(02)00053-3
10.1016/s0045-8732(02)80080-8,"2001 Mars odyssey, launched April 7, 2001, Mars explorer mission",,2002,COSPAR Information Bulletin,journal-article,False,Discovery candidate — not screened,Missions,,,,https://doi.org/10.1016/s0045-8732(02)80080-8
10.1016/s0273-1177(02)00481-7,Martian meteorites do not eliminate the need for back contamination precautions on sample return missions,Benton C. Clark,2002,Advances in Space Research,journal-article,False,Discovery candidate — not screened,Meteorite magnetism,,,,https://doi.org/10.1016/s0273-1177(02)00481-7
10.1016/s1474-7065(02)00134-1,Paleomagnetism and rock magnetism of martian meteorite ALH 84001,M Antretter; M Fuller,2002,"Physics and Chemistry of the Earth, Parts A/B/C",journal-article,False,Discovery candidate — not screened,Meteorite magnetism,,,,https://doi.org/10.1016/s1474-7065(02)00134-1
10.1023/a:1022153103030,Mars Express Mission and Astrobiology*,A. Chicarro,2002,Solar System Research,journal-article,False,Discovery candidate — not screened,Missions,,,,https://doi.org/10.1023/a:1022153103030
10.1029/2000je001445,Northern lowlands of Mars: Evidence for widespread volcanic flooding and tectonic deformation in the Hesperian Period,James W. Head; Mikhail A. Kreslavsky; Stephen Pratt,2002,Journal of Geophysical Research: Planets,journal-article,False,Discovery candidate — not screened,Chronology,,,,https://doi.org/10.1029/2000je001445
10.1029/2000je001478,Are the northern plains of Mars a frozen ocean?,P. Janhunen,2002,Journal of Geophysical Research: Planets,journal-article,False,Discovery candidate — not screened,Surface and water,,,,https://doi.org/10.1029/2000je001478
10.1029/2000je001481,Terrestrial analogs to wind‐related features at the Viking and Pathfinder landing sites on Mars,Ronald Greeley; Nathan T. Bridges; Ruslan O. Kuzmin; Julie E. Laity,2002,Journal of Geophysical Research: Planets,journal-article,False,Discovery candidate — not screened,Missions,,,,https://doi.org/10.1029/2000je001481
10.1029/2000je001488,Admittance estimates of mean crustal thickness and density at the Martian hemispheric dichotomy,Francis Nimmo,2002,Journal of Geophysical Research: Planets,journal-article,False,Discovery candidate — not screened,Dichotomy; Interior,,,,https://doi.org/10.1029/2000je001488
10.1029/2001gl013832,Ancient lowlands on Mars,Herbert V. Frey; James H. Roark; Kelly M. Shockey; Erin L. Frey; Susan E. H. Sakimoto,2002,Geophysical Research Letters,journal-article,False,Discovery candidate — not screened,Chronology,,,,https://doi.org/10.1029/2001gl013832
10.1029/2001gl014513,Factors controlling the location of the Bow Shock at Mars,D. Vignes; M. H. Acuña; J. E. P. Connerney; D. H. Crider; H. Rème; C. Mazelle,2002,Geophysical Research Letters,journal-article,False,Discovery candidate — not screened,Magnetism,,,,https://doi.org/10.1029/2001gl014513
10.1029/2001ja000239,Structure of the magnetic field fluxes connected with crustal magnetization and topside ionosphere at Mars,A. M. Krymskii; T. K. Breus; N. F. Ness; M. H. Acuña; J. E. P. Connerney; D. H. Crider; D. L. Mitchell; S. J. Bauer,2002,Journal of Geophysical Research: Space Physics,journal-article,False,Discovery candidate — not screened,Magnetism,,,,https://doi.org/10.1029/2001ja000239
10.1029/2001je001594,Is the Martian crust also the Martian elastic lithosphere?,Donald L. Turcotte; Robert Shcherbakov; Bruce D. Malamud; Algis B. Kucinskas,2002,Journal of Geophysical Research: Planets,journal-article,False,Discovery candidate — not screened,Dichotomy,,,,https://doi.org/10.1029/2001je001594
10.1029/2001je001801,Thermal and crustal evolution of Mars,Steven A. Hauck; Roger J. Phillips,2002,Journal of Geophysical Research: Planets,journal-article,False,Discovery candidate — not screened,Interior; Magnetism,,,,https://doi.org/10.1029/2001je001801
10.1029/2001je001819,Thermal evolution of a growing Mars,Hiroki Senshu; Kiyoshi Kuramoto; Takafumi Matsui,2002,Journal of Geophysical Research: Planets,journal-article,False,Discovery candidate — not screened,Interior,,,,https://doi.org/10.1029/2001je001819
10.1029/2002gl014711,Degree‐one displacements on Mars,T. Van Hoolst; V. Dehant; O. de Viron; P. Defraigne; J.‐P. Barriot,2002,Geophysical Research Letters,journal-article,False,Discovery candidate — not screened,Interior,,,,https://doi.org/10.1029/2002gl014711
10.1029/2002gl015214,Mars Pathfinder convective vortices: Frequency of occurrence,James R. Murphy; Steven Nelli,2002,Geophysical Research Letters,journal-article,False,Discovery candidate — not screened,Missions,,,,https://doi.org/10.1029/2002gl015214
10.1029/2002je001851,Stress differences in the Martian lithosphere: Constraints on the thermal state of Mars,Jafar Arkani‐Hamed; Lucas Riendler,2002,Journal of Geophysical Research: Planets,journal-article,False,Discovery candidate — not screened,Interior,,,,https://doi.org/10.1029/2002je001851
10.1029/2002je001854,Localized gravity/topography admittance and correlation spectra on Mars: Implications for regional and global evolution,Patrick J. McGovern; Sean C. Solomon; David E. Smith; Maria T. Zuber; Mark Simons; Mark A. Wieczorek; Roger J. Phillips; Gregory A. Neumann; Oded Aharonson; James W. Head,2002,Journal of Geophysical Research: Planets,journal-article,False,Discovery candidate — not screened,Gravity and topography,,,,https://doi.org/10.1029/2002je001854
10.1038/417263a,Spectral evidence for weathered basalt as an alternative to andesite in the northern lowlands of Mars,Michael B. Wyatt; Harry Y. McSween,2002,Nature,journal-article,False,Discovery candidate — not screened,Chronology,,,,https://doi.org/10.1038/417263a
10.1073/pnas.102045799,Origin of supposedly biogenic magnetite in the Martian meteorite Allan Hills 84001,David J. Barber; Edward R. D. Scott,2002,Proceedings of the National Academy of Sciences,journal-article,False,Discovery candidate — not screened,Meteorite magnetism,,,,https://doi.org/10.1073/pnas.102045799
10.1088/0031-9120/37/4/404,"Data analysis of craters, calderas and shadows on Mars",Surjit S Wadhwa,2002,Physics Education,journal-article,False,Discovery candidate — not screened,Chronology,,,,https://doi.org/10.1088/0031-9120/37/4/404
10.1111/j.1945-5100.2002.tb00823.x,Hosts of hydrogen in Allan Hills 84001: Evidence for hydrous martian salts in the oldest martian meteorite?,John M. Eiler; Nami Kitchen; Lauri Leshin; Melissa Strausberg,2002,Meteoritics & Planetary Science,journal-article,False,Discovery candidate — not screened,Meteorite magnetism,,,,https://doi.org/10.1111/j.1945-5100.2002.tb00823.x
10.1111/j.1945-5100.2002.tb00859.x,Sayh al Uhaymir 094: A new martian meteorite from the Oman desert,E. Gnos; B. Hofmann; I. A. Franchi; A. Al‐Kathiri; M. Huser; L. Moser,2002,Meteoritics & Planetary Science,journal-article,False,Discovery candidate — not screened,Meteorite magnetism,,,,https://doi.org/10.1111/j.1945-5100.2002.tb00859.x
10.1111/j.1945-5100.2002.tb00877.x,Nannobacterial alteration of pyroxenes in martian meteorite Allan Hills 84001,Robert L. Folk; Lawrence A. Taylor,2002,Meteoritics & Planetary Science,journal-article,False,Discovery candidate — not screened,Meteorite magnetism,,,,https://doi.org/10.1111/j.1945-5100.2002.tb00877.x
10.1111/j.1945-5100.2002.tb00881.x,Martian meteorite Dhofar 019: A new shergottite,L. A. Taylor; M. A. Nazarov; C. K. Shearer; H. Y. McSween; J. Cahill; C. R. Neal; M. A. Ivanova; L. D. Barsukova; R. C. Lentz; R. N. Clayton; T. K. Mayeda,2002,Meteoritics & Planetary Science,journal-article,False,Discovery candidate — not screened,Meteorite magnetism,,,,https://doi.org/10.1111/j.1945-5100.2002.tb00881.x
10.1117/12.461934,Bidirectional reflectance distribution function and hemispherical reflectance of JSC MARS-1,Georgi T. Georgiev; James J. Butler,2002,SPIE Proceedings Surface Scattering and Diffraction for Advanced Metrology II,proceedings-article,False,Discovery candidate — not screened,Magnetism,,,,https://doi.org/10.1117/12.461934
10.1117/12.481584,<title>Mars orbital laser altimeter and mars advanced radar for subsurface and ionosphere sounding (MARSIS)</title>,Daniela Biccari; Giovanni Picardi; Roberto Seu; Roberto Orosei; Pietro T. Melacci,2002,SPIE Proceedings Electronic Imaging and Multimedia Technology III,proceedings-article,False,Discovery candidate — not screened,Surface and water,,,,https://doi.org/10.1117/12.481584
10.1126/science.1073541,Global Distribution of Neutrons from Mars: Results from Mars Odyssey,W. C. Feldman; W. V. Boynton; R. L. Tokar; T. H. Prettyman; O. Gasnault; S. W. Squyres; R. C. Elphic; D. J. Lawrence; S. L. Lawson; S. Maurice; G. W. McKinney; K. R. Moore; R. C. Reedy,2002,Science,journal-article,False,Discovery candidate — not screened,Missions,,,,https://doi.org/10.1126/science.1073541
10.1126/science.1077483,Martian Meteorite Launch: High-Speed Ejecta from Small Craters,James N. Head; H. Jay Melosh; Boris A. Ivanov,2002,Science,journal-article,False,Discovery candidate — not screened,Meteorite magnetism; Meteorite provenance,,,,https://doi.org/10.1126/science.1077483
10.1126/science.297.5578.9b,Subsurface Martian Water,,2002,Science,journal-article,False,Discovery candidate — not screened,Dichotomy,,,,https://doi.org/10.1126/science.297.5578.9b
10.1126/science.298.5599.1675c,Martian Meteorites Can Escape,,2002,Science,journal-article,False,Discovery candidate — not screened,Meteorite magnetism; Meteorite geochemistry,,,,https://doi.org/10.1126/science.298.5599.1675c
10.1128/aem.68.8.3663-3672.2002,Magnetofossils from Ancient Mars: a Robust Biosignature in the Martian Meteorite ALH84001,"Kathie L. Thomas-Keprta; Simon J. Clemett; Dennis A. Bazylinski; Joseph L. Kirschvink; David S. McKay; Susan J. Wentworth; Hojatollah Vali; Everett K. Gibson,; Christopher S. Romanek",2002,Applied and Environmental Microbiology,journal-article,False,Discovery candidate — not screened,Meteorite magnetism,,,,https://doi.org/10.1128/aem.68.8.3663-3672.2002
10.2138/am-2002-0728,Characterization of a high-pressure phase of silica from the Martian meteorite Shergotty,Przemyslaw Dera; Charles T. Prewitt; Nabil Z. Boctor; Russell J. Hemley,2002,American Mineralogist,journal-article,False,Discovery candidate — not screened,Meteorite magnetism,,,,https://doi.org/10.2138/am-2002-0728
10.2138/am-2002-1010,Symplectites derived from metastable phases in martian basaltic meteorites,Carolyn J. Aramovich; Christopher D. K. Herd; James J. Papike,2002,American Mineralogist,journal-article,False,Discovery candidate — not screened,Meteorite magnetism,,,,https://doi.org/10.2138/am-2002-1010
10.2138/rmg.2002.47.6,Martian Noble Gases,T. D. Swindle,2002,Reviews in Mineralogy and Geochemistry,journal-article,False,Discovery candidate — not screened,Dichotomy,,,,https://doi.org/10.2138/rmg.2002.47.6
10.2514/6.2002-4530,The Mars Odyssey Navigation Experience,Robert Mase; Peter Antreasian; Julia Bell; Tomas Martin-Mur; John Smith,2002,AIAA/AAS Astrodynamics Specialist Conference and Exhibit,proceedings-article,False,Discovery candidate — not screened,Missions,,,,https://doi.org/10.2514/6.2002-4530
10.2514/6.2002-4531,2001 Mars Odyssey Orbit Determination During Interplanetary Cruise,Peter Antreasian; Darren Baird; Jim Border; P. Burkhart; Eric Graat; Moriba Jah; Robert Mase; Tim McElrath; Brian Portock,2002,AIAA/AAS Astrodynamics Specialist Conference and Exhibit,proceedings-article,False,Discovery candidate — not screened,Missions,,,,https://doi.org/10.2514/6.2002-4531
10.2514/6.2002-4532,2001 Mars Odyssey Aerobraking,John Smith; Julia Bell,2002,AIAA/AAS Astrodynamics Specialist Conference and Exhibit,proceedings-article,False,Discovery candidate — not screened,Missions,,,,https://doi.org/10.2514/6.2002-4532
10.2514/6.2002-4534,Modeling Reaction Control System Effects on Mars Odyssey,Jill Hanna; Zachary Chavis; Richard Wilmoth,2002,AIAA/AAS Astrodynamics Specialist Conference and Exhibit,proceedings-article,False,Discovery candidate — not screened,Missions,,,,https://doi.org/10.2514/6.2002-4534
10.2514/6.2002-4809,Aerodynamics of Mars Odyssey,Naruhisa Takashima; Richard Wilmoth,2002,AIAA Atmospheric Flight Mechanics Conference and Exhibit,proceedings-article,False,Discovery candidate — not screened,Missions,,,,https://doi.org/10.2514/6.2002-4809
10.4324/9780203029893-65,Martian Water,,2002,101 Philosophy Problems,book-chapter,False,Discovery candidate — not screened,Dichotomy,,,,https://doi.org/10.4324/9780203029893-65
10.1006/icar.2000.6572,Modeling the Volcanism on Mars,A Weizman,2001,Icarus,journal-article,False,Discovery candidate — not screened,Volcanism and tectonics,,,,https://doi.org/10.1006/icar.2000.6572
10.1006/icar.2001.6654,Wind-Related Modification of Some Small Impact Craters on Mars,R Kuzmin,2001,Icarus,journal-article,False,Discovery candidate — not screened,Chronology,,,,https://doi.org/10.1006/icar.2001.6654
10.1007/978-94-010-0320-9_55,Radiometric chronology of the Moon and Mars,Laurence E. Nyquist; Donald D. Bogard; Shih Chi-Yu,2001,The Century of Space Science,book-chapter,False,Discovery candidate — not screened,Chronology,,,,https://doi.org/10.1007/978-94-010-0320-9_55
10.1007/978-94-017-1035-0,Chronology and Evolution of Mars,,2001,Space Sciences Series of ISSI,book,False,Discovery candidate — not screened,Chronology,,,,https://doi.org/10.1007/978-94-017-1035-0
10.1007/978-94-017-1035-0_5,Ages and Geologic Histories of Martian Meteorites,L. E. Nyquist; D. D. Bogard; C.-Y. Shih; A. Greshake; D. Stöffler; O. Eugster,2001,Space Sciences Series of ISSI Chronology and Evolution of Mars,book-chapter,False,Discovery candidate — not screened,Meteorite magnetism,,,,https://doi.org/10.1007/978-94-017-1035-0_5
10.1007/978-94-017-1035-0_6,Cratering Chronology and the Evolution of Mars,William K. Hartmann; Gerhard Neukum,2001,Space Sciences Series of ISSI Chronology and Evolution of Mars,book-chapter,False,Discovery candidate — not screened,Chronology,,,,https://doi.org/10.1007/978-94-017-1035-0_6
10.1016/s0012-821x(01)00223-0,Erratum to “Sulfur isotopic compositions of individual sulfides in Martian meteorites ALH84001 and Nakhla: implications for crust–regolith exchange on Mars”,James P. Greenwood; Stephen J. Mojzsis; Christopher D. Coath,2001,Earth and Planetary Science Letters,journal-article,False,Discovery candidate — not screened,Meteorite geochemistry,,,,https://doi.org/10.1016/s0012-821x(01)00223-0
10.1016/s0012-821x(01)00345-4,Degree-1 mantle convection and the crustal dichotomy on Mars,Shijie Zhong; Maria T Zuber,2001,Earth and Planetary Science Letters,journal-article,True,Metadata / preview only,Dichotomy,Proposes that mantle convection and the dichotomy are dynamically linked.,Foundational reference for degree-one convection.,Metadata and primary-source preview checked; detailed model assumptions remain to be extracted.,https://doi.org/10.1016/s0012-821x(01)00345-4
10.1016/s0016-7037(01)00756-6,Water in martian magmas: clues from light lithophile elements in shergottite and nakhlite pyroxenes,R.C.F. Lentz; H.Y. McSween; J. Ryan; L.R. Riciputi,2001,Geochimica et Cosmochimica Acta,journal-article,False,Discovery candidate — not screened,Meteorite magnetism,,,,https://doi.org/10.1016/s0016-7037(01)00756-6
10.1016/s0032-0633(00)00142-2,Steady-state convection in Mars’ mantle,P. Defraigne; V. Dehant; T. Van Hoolst,2001,Planetary and Space Science,journal-article,False,Discovery candidate — not screened,Interior,,,,https://doi.org/10.1016/s0032-0633(00)00142-2
10.1016/s0169-555x(00)00085-4,"Morphology, evolution and tectonics of Valles Marineris wallslopes (Mars)",Jean-Pierre Peulvast; Daniel Mège; Jan Chiciak; François Costard; Philippe L. Masson,2001,Geomorphology,journal-article,False,Discovery candidate — not screened,Volcanism and tectonics,,,,https://doi.org/10.1016/s0169-555x(00)00085-4
10.1016/s0169-555x(00)00086-6,Origin of the valley networks on Mars: a hydrological perspective,Virginia C Gulick,2001,Geomorphology,journal-article,False,Discovery candidate — not screened,Dichotomy,,,,https://doi.org/10.1016/s0169-555x(00)00086-6
10.1016/s0261-3069(01)00016-4,The Mars Pathfinder Wheel Abrasion Experiment,Dale C. Ferguson; David M. Wilt; Aloysius F. Hepp; Joseph C. Kolecki; Mark W. Siebert; Phillip P. Jenkins; David A. Scheiman; Navid S. Fatemi; Richard W. Hoffman,2001,Materials & Design,journal-article,False,Discovery candidate — not screened,Missions,,,,https://doi.org/10.1016/s0261-3069(01)00016-4
10.1016/s0273-1177(01)00333-7,Magnetic field draping around Mars: Mars Global Surveyor results,D. Crider; M. Acuña; J. Connerney; D. Mitchell; R. Lin; P. Cloutier; H. Rème; C. Mazelle; D. Brain; N. Ness; S. Bauer,2001,Advances in Space Research,journal-article,False,Discovery candidate — not screened,Magnetism; Atmosphere,,,,https://doi.org/10.1016/s0273-1177(01)00333-7
10.1023/a:1011861828314,"On the smooth surface of the northern bow shock of Mars, based on Mars Global Surveyor's measurements",N. Sergis; X. Moussas,2001,Solar Physics,journal-article,False,Discovery candidate — not screened,Magnetism,,,,https://doi.org/10.1023/a:1011861828314
10.1023/a:1011945222010,Cratering Chronology and the Evolution of Mars,William K. Hartmann; Gerhard Neukum,2001,Space Science Reviews,journal-article,False,Discovery candidate — not screened,Chronology,,,,https://doi.org/10.1023/a:1011945222010
10.1023/a:1011965826553,Alteration Assemblages in Martian Meteorites: Implications for Near-Surface Processes,J.C. Bridges; D.C. Catling; J.M. Saxton; T.D. Swindle; I.C. Lyon; M.M. Grady,2001,Space Science Reviews,journal-article,False,Discovery candidate — not screened,Meteorite magnetism,,,,https://doi.org/10.1023/a:1011965826553
10.1023/a:1011993105172,Ages and Geologic Histories of Martian Meteorites,L.E. Nyquist; D.D. Bogard; C.-Y. Shih; A. Greshake; D. Stöffler; O. Eugster,2001,Space Science Reviews,journal-article,False,Discovery candidate — not screened,Meteorite magnetism,,,,https://doi.org/10.1023/a:1011993105172
10.1029/2000je001329,Mars' “White Rock” feature lacks evidence of an aqueous origin: Results from Mars Global Surveyor,Steven W. Ruff; Philip R. Christensen; Roger N. Clark; Hugh H. Kieffer; Michael C. Malin; Joshua L. Bandfield; Bruce M. Jakosky; Melissa D. Lane; Michael T. Mellon; Marsha A. Presley,2001,Journal of Geophysical Research: Planets,journal-article,False,Discovery candidate — not screened,Dichotomy,,,,https://doi.org/10.1029/2000je001329
10.1029/2000je001333,Wavelet analyses of Mars polar topography,Bruce D. Malamud; Donald L. Turcotte,2001,Journal of Geophysical Research: Planets,journal-article,False,Discovery candidate — not screened,Gravity and topography; Atmosphere,,,,https://doi.org/10.1029/2000je001333
10.1029/2001gl013619,The global magnetic field of Mars and implications for crustal evolution,J. E. P. Connerney; M. H. Acuña; P. J. Wasilewski; G. Kletetschka; N. F. Ness; H. Rème; R. P. Lin; D. L. Mitchell,2001,Geophysical Research Letters,journal-article,False,Discovery candidate — not screened,Magnetism,,,,https://doi.org/10.1029/2001gl013619
10.1029/2001gl013743,Crustal heat production and the thermal evolution of Mars,Scott M. McLennan,2001,Geophysical Research Letters,journal-article,False,Discovery candidate — not screened,Interior; Magnetism,,,,https://doi.org/10.1029/2001gl013743
10.1038/35070640,Enigmatic northern plains of Mars,Paul Withers; Gregory A. Neumann,2001,Nature,journal-article,False,Discovery candidate — not screened,Surface and water,,,,https://doi.org/10.1038/35070640
10.1038/35082664,Martian motion,Tim Lincoln,2001,Nature,journal-article,False,Discovery candidate — not screened,Dichotomy,,,,https://doi.org/10.1038/35082664
10.1038/35084155,Mars' core and magnetism,David J. Stevenson,2001,Nature,journal-article,False,Discovery candidate — not screened,Interior,,,,https://doi.org/10.1038/35084155
10.1038/35084163,The crust and mantle of Mars,Maria T. Zuber,2001,Nature,journal-article,False,Discovery candidate — not screened,Gravity and topography; Magnetism; Meteorite geochemistry; Chronology; Surface and water; Missions,,,,https://doi.org/10.1038/35084163
10.1038/35084184,Mars' volatile and climate history,Bruce M. Jakosky; Roger J. Phillips,2001,Nature,journal-article,False,Discovery candidate — not screened,Magnetism,,,,https://doi.org/10.1038/35084184
10.1038/scientificamerican0201-28b,Mars Water,Philip Yam,2001,Scientific American,journal-article,False,Discovery candidate — not screened,Surface and water,,,,https://doi.org/10.1038/scientificamerican0201-28b
10.1073/pnas.051500898,Truncated hexa-octahedral magnetite crystals in ALH84001: Presumptive biosignatures,Kathie L. Thomas-Keprta; Simon J. Clemett; Dennis A. Bazylinski; Joseph L. Kirschvink; David S. McKay; Susan J. Wentworth; Hojatollah Vali; Everett K. Gibson; Mary Fae McKay; Christopher S. Romanek,2001,Proceedings of the National Academy of Sciences,journal-article,False,Discovery candidate — not screened,Meteorite magnetism,,,,https://doi.org/10.1073/pnas.051500898
10.1088/0031-9120/36/3/302,"Meteorites, the Moon and Mars",Monica M Grady,2001,Physics Education,journal-article,False,Discovery candidate — not screened,Surface and water,,,,https://doi.org/10.1088/0031-9120/36/3/302
10.1109/6.915190,2001: a Mars Odyssey,S. Cass,2001,IEEE Spectrum,journal-article,False,Discovery candidate — not screened,Missions,,,,https://doi.org/10.1109/6.915190
10.1111/j.1945-5100.2001.tb01862.x,Martian meteorite mixology,Paul H. Warren,2001,Meteoritics & Planetary Science,journal-article,False,Discovery candidate — not screened,Dichotomy; Meteorite magnetism; Meteorite provenance,,,,https://doi.org/10.1111/j.1945-5100.2001.tb01862.x
10.1111/j.1945-5100.2001.tb01889.x,Lucky 13 and martian meteorites,Jutta Zipfel,2001,Meteoritics & Planetary Science,journal-article,False,Discovery candidate — not screened,Meteorite magnetism; Meteorite geochemistry,,,,https://doi.org/10.1111/j.1945-5100.2001.tb01889.x
10.1126/science.292.5514.39,Rethinking Water on Mars and the Origin of Life,Richard A. Kerr,2001,Science,journal-article,False,Discovery candidate — not screened,Dichotomy,,,,https://doi.org/10.1126/science.292.5514.39
10.1126/science.294.5546.1421a,Martian Magnetism,,2001,Science,journal-article,False,Discovery candidate — not screened,Dichotomy,,,,https://doi.org/10.1126/science.294.5546.1421a
10.1130/0-8137-2352-3.141,Uniformitarian plume tectonics: The post-Archean Earth and Mars,Daniel Mége,2001,Mantle plumes: their identification through time,book-chapter,False,Discovery candidate — not screened,Volcanism and tectonics,,,,https://doi.org/10.1130/0-8137-2352-3.141
10.1146/annurev.earth.29.1.489,"Giant Dike Swarms: Earth, Venus, and Mars",RE Ernst; EB Grosfils; D Mège,2001,Annual Review of Earth and Planetary Sciences,journal-article,False,Discovery candidate — not screened,Dichotomy,,,,https://doi.org/10.1146/annurev.earth.29.1.489
10.2307/4012573,Craft tracks giant dust storm on mars,Ron Cowen,2001,Science News,journal-article,False,Discovery candidate — not screened,Dichotomy,,,,https://doi.org/10.2307/4012573
10.1006/icar.1999.6287,Surface Ages and Resurfacing Rates of the Polar Layered Deposits on Mars,K Herkenhoff,2000,Icarus,journal-article,False,Discovery candidate — not screened,Surface and water,,,,https://doi.org/10.1006/icar.1999.6287
10.1006/icar.1999.6294,"Chasma Australe, Mars: Structural Framework for a Catastrophic Outflow Origin",F Anguita,2000,Icarus,journal-article,False,Discovery candidate — not screened,Dichotomy,,,,https://doi.org/10.1006/icar.1999.6294
10.1006/icar.2000.6409,Topographic Evidence for Geologically Recent Near-Polar Volcanism on Mars,J Garvin,2000,Icarus,journal-article,False,Discovery candidate — not screened,Volcanism and tectonics,,,,https://doi.org/10.1006/icar.2000.6409
10.1006/icar.2000.6439,"Magnetization, Paleomagnetic Poles, and Polar Wander on Mars",K Sprenke,2000,Icarus,journal-article,False,Discovery candidate — not screened,Gravity and topography; Magnetism,,,,https://doi.org/10.1006/icar.2000.6439
10.1016/s0012-821x(00)00019-4,Evaporite mineral assemblages in the nakhlite (martian) meteorites,J Bridges,2000,Earth and Planetary Science Letters,journal-article,False,Discovery candidate — not screened,Meteorite magnetism,,,,https://doi.org/10.1016/s0012-821x(00)00019-4
10.1016/s0012-821x(00)00301-0,Sulfur isotopic compositions of individual sulfides in Martian meteorites ALH84001 and Nakhla: implications for crust–regolith exchange on Mars,James P. Greenwood; Stephen J. Mojzsis; Christopher D. Coath,2000,Earth and Planetary Science Letters,journal-article,False,Discovery candidate — not screened,Meteorite geochemistry,,,,https://doi.org/10.1016/s0012-821x(00)00301-0
10.1016/s0016-7037(00)00458-0,"Isotopic evidence for extraterrestrial organic material in the Martian meteorite, Nakhla",A.J.T Jull; J.W Beck; G.S Burr,2000,Geochimica et Cosmochimica Acta,journal-article,False,Discovery candidate — not screened,Meteorite magnetism,,,,https://doi.org/10.1016/s0016-7037(00)00458-0
10.1016/s0016-7037(00)00481-6,Elongated prismatic magnetite crystals in ALH84001 carbonate globules:,Kathie L. Thomas-Keprta; Dennis A. Bazylinski; Joseph L. Kirschvink; Simon J. Clemett; David S. McKay; Susan J. Wentworth; Hojatollah Vali; Everett K. Gibson; Christopher S. Romanek,2000,Geochimica et Cosmochimica Acta,journal-article,False,Discovery candidate — not screened,Meteorite magnetism,,,,https://doi.org/10.1016/s0016-7037(00)00481-6
10.1016/s0016-7037(00)00482-8,Re-Os isotopic evidence for early differentiation of the Martian mantle,A.D. Brandon; R.J. Walker; J.W. Morgan; G.G. Goles,2000,Geochimica et Cosmochimica Acta,journal-article,False,Discovery candidate — not screened,Meteorite geochemistry,,,,https://doi.org/10.1016/s0016-7037(00)00482-8
10.1016/s0016-7037(99)00297-5,Martian atmosphere-like nitrogen in the orthopyroxenite ALH84001,Yayoi N. Miura; Naoji Sugiura,2000,Geochimica et Cosmochimica Acta,journal-article,False,Discovery candidate — not screened,Meteorite magnetism,,,,https://doi.org/10.1016/s0016-7037(99)00297-5
10.1016/s0032-0633(00)00105-7,The SNC meteorites are from Mars,Allan H. Treiman; James D. Gleason; Donald D. Bogard,2000,Planetary and Space Science,journal-article,False,Discovery candidate — not screened,Surface and water,,,,https://doi.org/10.1016/s0032-0633(00)00105-7
10.1029/1999gl008418,Mantle convection and the dynamic geoid of Mars,Helmut Harder,2000,Geophysical Research Letters,journal-article,False,Discovery candidate — not screened,Interior,,,,https://doi.org/10.1029/1999gl008418
10.1029/1999gl008455,Insights into Martian water reservoirs from analyses of Martian meteorite QUE94201,Laurie A. Leshin,2000,Geophysical Research Letters,journal-article,False,Discovery candidate — not screened,Meteorite magnetism; Meteorite provenance,,,,https://doi.org/10.1029/1999gl008455
10.1029/1999gl010746,Possible effects of the Martian crustal magnetization on its magnetosphere,Károly Szegő,2000,Geophysical Research Letters,journal-article,False,Discovery candidate — not screened,Magnetism,,,,https://doi.org/10.1029/1999gl010746
10.1029/1999gl011064,Ancient Martian nitrogen,K. Marti; K. J. Mathew,2000,Geophysical Research Letters,journal-article,False,Discovery candidate — not screened,Dichotomy,,,,https://doi.org/10.1029/1999gl011064
10.1029/1999je001175,"Crustal history of north central Arabia Terra, Mars",George E. McGill,2000,Journal of Geophysical Research: Planets,journal-article,False,Discovery candidate — not screened,Interior; Magnetism,,,,https://doi.org/10.1029/1999je001175
10.1029/1999je001193,"Characteristics and origin of polygonal terrain in southern Utopia Planitia, Mars: Results from Mars Orbiter Laser Altimeter and Mars Orbiter Camera data",Harald Hiesinger; James W. Head,2000,Journal of Geophysical Research: Planets,journal-article,False,Discovery candidate — not screened,Dichotomy,,,,https://doi.org/10.1029/1999je001193
10.1038/35023050,Martian chronicles,Kenneth Nealson,2000,Nature,journal-article,False,Discovery candidate — not screened,Dichotomy,,,,https://doi.org/10.1038/35023050
10.1046/j.1468-4004.2000.00009.x,Another Martian mystery,Peter Bond,2000,Astronomy & Geophysics,journal-article,False,Discovery candidate — not screened,Dichotomy,,,,https://doi.org/10.1046/j.1468-4004.2000.00009.x
10.1111/j.1945-5100.2000.tb01458.x,Water soluble ions in the Nakhla martian meteorite,Douglas J. SAWYER; Michael D. McGEHEE; Julie CANEPA; Carleton B. MOORE,2000,Meteoritics & Planetary Science,journal-article,False,Discovery candidate — not screened,Meteorite magnetism,,,,https://doi.org/10.1111/j.1945-5100.2000.tb01458.x
10.1111/j.1945-5100.2000.tb01475.x,"The exploration of Mars, martian meteorites, and the search for life",Derek Sears,2000,Meteoritics & Planetary Science,journal-article,False,Discovery candidate — not screened,Surface and water,,,,https://doi.org/10.1111/j.1945-5100.2000.tb01475.x
10.1111/j.1945-5100.2000.tb01483.x,Symplectic exsolution in olivine from the Nakhla martian meteorite,Takashi MIKOUCHI; Ikiko YAMADA; Masamichi MIYAMOTO,2000,Meteoritics & Planetary Science,journal-article,False,Discovery candidate — not screened,Meteorite magnetism,,,,https://doi.org/10.1111/j.1945-5100.2000.tb01483.x
10.1111/j.1945-5100.2000.tb01772.x,Investigations into an unknown organism on the martian meteorite Allan Hills 84001,Andrew Steele; David t. Goddard; Dave Stapleton; Jan k. w. Toporski; Vanessa Peters; Virginia Bassinger; George Sharples; David d. Wynn‐Williams; David s. Mckay,2000,Meteoritics & Planetary Science,journal-article,False,Discovery candidate — not screened,Meteorite magnetism,,,,https://doi.org/10.1111/j.1945-5100.2000.tb01772.x
10.1111/j.1945-5100.2000.tb01971.x,Experimental hydrothermal alteration of a martian analog basalt: Implications for martian meteorites,Leslie L. BAKER; Deborah J. AGENBROAD; Scott A. WOOD,2000,Meteoritics & Planetary Science,journal-article,False,Discovery candidate — not screened,Meteorite magnetism,,,,https://doi.org/10.1111/j.1945-5100.2000.tb01971.x
10.1126/science.287.5453.547a,Questions About Magnetic Lineations in the Ancient Crust of Mars,C. G. A. Harrison,2000,Science,journal-article,False,Discovery candidate — not screened,Magnetism; Meteorite geochemistry; Chronology,,,,https://doi.org/10.1126/science.287.5453.547a
10.1126/science.287.5458.1553b,"Mars, North and South",,2000,Science,journal-article,False,Discovery candidate — not screened,Missions,,,,https://doi.org/10.1126/science.287.5458.1553b
10.1126/science.287.5459.1727a,Buried Channels May Have Fed Mars Ocean,Richard A. Kerr,2000,Science,journal-article,False,Discovery candidate — not screened,Surface and water,,,,https://doi.org/10.1126/science.287.5459.1727a
10.1126/science.287.5459.1788,Internal Structure and Early Thermal Evolution of Mars from Mars Global Surveyor Topography and Gravity,Maria T. Zuber; Sean C. Solomon; Roger J. Phillips; David E. Smith; G. Leonard Tyler; Oded Aharonson; Georges Balmino; W. Bruce Banerdt; James W. Head; Catherine L. Johnson; Frank G. Lemoine; Patrick J. McGovern; Gregory A. Neumann; David D. Rowlands; Shijie Zhong,2000,Science,journal-article,False,Discovery candidate — not screened,Gravity and topography,,,,https://doi.org/10.1126/science.287.5459.1788
10.1126/science.288.5475.2281a,Martian Groundwater,,2000,Science,journal-article,False,Discovery candidate — not screened,Dichotomy,,,,https://doi.org/10.1126/science.288.5475.2281a
10.1126/science.289.5479.521b,Martian Gamble,,2000,Science,journal-article,False,Discovery candidate — not screened,Dichotomy,,,,https://doi.org/10.1126/science.289.5479.521b
10.1126/science.290.5490.273c,Missing Martian Meteorites,Richard L. S. Taylor,2000,Science,journal-article,False,Discovery candidate — not screened,Dichotomy; Meteorite magnetism; Meteorite geochemistry,,,,https://doi.org/10.1126/science.290.5490.273c
10.1126/science.290.5492.791,A Low Temperature Transfer of ALH84001 from Mars to Earth,Benjamin P. Weiss; Joseph L. Kirschvink; Franz J. Baudenbacher; Hojatollah Vali; Nick T. Peters; Francis A. Macdonald; John P. Wikswo,2000,Science,journal-article,False,Discovery candidate — not screened,Meteorite magnetism,,,,https://doi.org/10.1126/science.290.5492.791
10.1130/0091-7613(2000)028<1011:latmdb>2.3.co;2,Los Angeles: The most differentiated basaltic martian meteorite,Alan E. Rubin; Paul H. Warren; James P. Greenwood; Robert S. Verish; Laurie A. Leshin; Richard L. Hervig; Robert N. Clayton; Toshiko K. Mayeda,2000,Geology,journal-article,False,Discovery candidate — not screened,Meteorite magnetism,,,,https://doi.org/10.1130/0091-7613(2000)028<1011:latmdb>2.3.co;2
10.1130/0091-7613(2000)28<1011:latmdb>2.0.co;2,Los Angeles: The most differentiated basaltic martian meteorite,Alan E. Rubin; Paul H. Warren; James P. Greenwood; Robert S. Verish; Laurie A. Leshin; Richard L. Hervig; Robert N. Clayton; Toshiko K. Mayeda,2000,Geology,journal-article,False,Discovery candidate — not screened,Meteorite magnetism,,,,https://doi.org/10.1130/0091-7613(2000)28<1011:latmdb>2.0.co;2
10.1177/025764300001600206,Mars in Indian History,Kaushik Roy,2000,Studies in History,journal-article,False,Discovery candidate — not screened,Magnetism,,,,https://doi.org/10.1177/025764300001600206
10.1007/978-94-011-4728-6_20,Mars Express: Mission Scenario and Objectives,A. F. Chicarro,1999,Astrophysics and Space Science Library Laboratory Astrophysics and Space Research,book-chapter,False,Discovery candidate — not screened,Missions,,,,https://doi.org/10.1007/978-94-011-4728-6_20
10.1016/s0012-821x(99)00014-x,The origin of organic matter in the Martian meteorite ALH84001,Luann Becker; Brian Popp; Terri Rust; Jeffrey L Bada,1999,Earth and Planetary Science Letters,journal-article,False,Discovery candidate — not screened,Meteorite magnetism,,,,https://doi.org/10.1016/s0012-821x(99)00014-x
10.1016/s0032-0633(98)00127-5,Comparative Raman microscopy of a Martian meteorite and Antarctic lithic analogues,H.G.M Edwards; D.W Farwell; M.M Grady; D.D Wynn-Williams; I.P Wright,1999,Planetary and Space Science,journal-article,False,Discovery candidate — not screened,Meteorite magnetism,,,,https://doi.org/10.1016/s0032-0633(98)00127-5
10.1016/s0094-5765(99)00145-9,Mars Express,Dieter Kolbe Dss,1999,Acta Astronautica,journal-article,False,Discovery candidate — not screened,Missions,,,,https://doi.org/10.1016/s0094-5765(99)00145-9
10.1016/s0273-1177(99)00090-3,The origin of organic matter in the Martian meteorite ALH84001,Luann Becker; Brian Popp; Terri Rust; Jeffrey L. Bada,1999,Advances in Space Research,journal-article,False,Discovery candidate — not screened,Meteorite magnetism,,,,https://doi.org/10.1016/s0273-1177(99)00090-3
10.1016/s0273-1177(99)00276-8,Planned observation of Phobos/Deimos by Mars imaging camera (MIC) on NOZOMI,A. Inada; M. Kawamata; S. Sumikawa; T. Mukai,1999,Advances in Space Research,journal-article,False,Discovery candidate — not screened,Moons and impacts,,,,https://doi.org/10.1016/s0273-1177(99)00276-8
10.1029/1998je001007,Lobate scarps and the Martian crustal dichotomy,Thomas R. Watters; Mark S. Robinson,1999,Journal of Geophysical Research: Planets,journal-article,False,Discovery candidate — not screened,Dichotomy,,,,https://doi.org/10.1029/1998je001007
10.1029/1998je900018,Cloud formation under Mars Pathfinder conditions,Anthony Colaprete; Owen B. Toon; Julio A. Magalhães,1999,Journal of Geophysical Research: Planets,journal-article,False,Discovery candidate — not screened,Missions,,,,https://doi.org/10.1029/1998je900018
10.1029/1998je900032,Introduction to the special section: Mars Pathfinder,Matthew Golombek,1999,Journal of Geophysical Research: Planets,journal-article,False,Discovery candidate — not screened,Missions,,,,https://doi.org/10.1029/1998je900032
10.1029/1998je900034,Origin of carbonate‐magnetite‐sulfide assemblages in Martian meteorite ALH84001,Edward R. D. Scott,1999,Journal of Geophysical Research: Planets,journal-article,False,Discovery candidate — not screened,Meteorite magnetism,,,,https://doi.org/10.1029/1998je900034
10.1029/1999gl005388,Martian soil component in impact glasses in a Martian meteorite,M. N. Rao; L. E. Borg; D. S. McKay; S. J. Wentworth,1999,Geophysical Research Letters,journal-article,False,Discovery candidate — not screened,Dichotomy; Meteorite magnetism; Meteorite provenance,,,,https://doi.org/10.1029/1999gl005388
10.1029/1999je900004,Raman spectroscopic characterization of a Martian SNC meteorite: Zagami,Alian Wang; Bradley L. Jolliff; Larry A. Haskin,1999,Journal of Geophysical Research: Planets,journal-article,False,Discovery candidate — not screened,Meteorite magnetism,,,,https://doi.org/10.1029/1999je900004
10.1029/98je01430,The Mars Pathfinder landing site and the Viking control point network,Wolfgang Zeitler; Jürgen Oberst,1999,Journal of Geophysical Research: Planets,journal-article,False,Discovery candidate — not screened,Missions,,,,https://doi.org/10.1029/98je01430
10.1029/98je02248,Mars Pathfinder spectral measurements of Phobos and Deimos: Comparison with previous data,Scott Murchie; Nick Thomas; Daniel Britt; Ken Herkenhoff; James F. Bell,1999,Journal of Geophysical Research: Planets,journal-article,False,Discovery candidate — not screened,Moons and impacts,,,,https://doi.org/10.1029/98je02248
10.1029/98je02552,Debris‐flow origin for the Simud/Tiu deposit on Mars,Kenneth L. Tanaka,1999,Journal of Geophysical Research: Planets,journal-article,False,Discovery candidate — not screened,Dichotomy,,,,https://doi.org/10.1029/98je02552
10.1029/98je02555,"Observations of Phobos, Deimos, and bright stars with the Imager for Mars Pathfinder",N. Thomas; D. T. Britt; K. E. Herkenhoff; S. L. Murchie; B. Semenov; H. U. Keller; P. H. Smith,1999,Journal of Geophysical Research: Planets,journal-article,False,Discovery candidate — not screened,Moons and impacts,,,,https://doi.org/10.1029/98je02555
10.1029/99eo00149,Martian life “still kicking” in meteorite ALH84001,Allan Treiman,1999,"Eos, Transactions American Geophysical Union",journal-article,False,Discovery candidate — not screened,Meteorite magnetism,,,,https://doi.org/10.1029/99eo00149
10.1038/17545,Evidence for recent volcanism on Mars from crater counts,William K. Hartmann; Michael Malin; Alfred McEwen; Michael Carr; Larry Soderblom; Peter Thomas; Ed Danielson; Phillip James; Joseph Veverka,1999,Nature,journal-article,False,Discovery candidate — not screened,Volcanism and tectonics,,,,https://doi.org/10.1038/17545
10.1038/20505,Hubble spots giant cyclonic storm on Mars,Ehsan Masood,1999,Nature,journal-article,False,Discovery candidate — not screened,Dichotomy,,,,https://doi.org/10.1038/20505
10.1038/20554,Plate tectonics on Mars?,Dan McKenzie,1999,Nature,journal-article,False,Discovery candidate — not screened,Volcanism and tectonics,,,,https://doi.org/10.1038/20554
10.1073/pnas.96.16.8835,Amino acids in the Martian meteorite Nakhla,Daniel P. Glavin; Jeffrey L. Bada; Karen L. F. Brinton; Gene D. McDonald,1999,Proceedings of the National Academy of Sciences,journal-article,False,Discovery candidate — not screened,Meteorite magnetism; Meteorite provenance,,,,https://doi.org/10.1073/pnas.96.16.8835
10.1109/52.795102,Streamlined design approach lands Mars pathfinder,S.A. Stolper,1999,IEEE Software,journal-article,False,Discovery candidate — not screened,Missions,,,,https://doi.org/10.1109/52.795102
10.1111/j.1945-5100.1999.tb01340.x,The meteorites of Mars: Sample return this millenium,Derek Sears,1999,Meteoritics & Planetary Science,journal-article,False,Discovery candidate — not screened,Surface and water,,,,https://doi.org/10.1111/j.1945-5100.1999.tb01340.x
10.1111/j.1945-5100.1999.tb01352.x,The composition and thickness of the crust of Mars estimated from rare earth elements and neodymium‐isotopic compositions of Martian meteorites,Marc D. NORMAN,1999,Meteoritics & Planetary Science,journal-article,False,Discovery candidate — not screened,Meteorite geochemistry,,,,https://doi.org/10.1111/j.1945-5100.1999.tb01352.x
10.1126/science.284.5415.719,Signs of Plate Tectonics on an Infant Mars,Richard A. Kerr,1999,Science,journal-article,False,Discovery candidate — not screened,Volcanism and tectonics,,,,https://doi.org/10.1126/science.284.5415.719
10.1126/science.284.5415.790,Global Distribution of Crustal Magnetization Discovered by the Mars Global Surveyor MAG/ER Experiment,M. H. Acuña; J. E. P. Connerney; N. F.; Ness; R. P. Lin; D. Mitchell; C. W. Carlson; J. McFadden; K. A. Anderson; H. Rème; C. Mazelle; D. Vignes; P. Wasilewski; P. Cloutier,1999,Science,journal-article,True,Abstract consulted,Magnetism,"Mars Global Surveyor measurements reveal strong, spatially heterogeneous crustal remanent fields.",Establishes magnetization as a major constraint on early crustal evolution.,Weak fields above basins are not a unique clock for dynamo cessation.,https://doi.org/10.1126/science.284.5415.790
10.1126/science.284.5415.794,Magnetic Lineations in the Ancient Crust of Mars,J. E. P. Connerney; M. H. Acuña; P. J. Wasilewski; N. F. Ness; H. Rème; C. Mazelle; D. Vignes; R. P. Lin; D. L. Mitchell; P. A. Cloutier,1999,Science,journal-article,True,Abstract consulted,Magnetism,"Alternating, elongated magnetic anomalies were interpreted in relation to ancient tectonic processes.",Tests whether magnetic spatial organization contains evidence of crustal mobility.,Orbital stripes alone do not demonstrate seafloor spreading or Earth-like plate tectonics.,https://doi.org/10.1126/science.284.5415.794
10.1126/science.286.5437.90,The Age of the Carbonates in Martian Meteorite ALH84001,Lars E. Borg; James N. Connelly; Larry E. Nyquist; Chi-Y. Shih; Henry Wiesmann; Young Reese,1999,Science,journal-article,False,Discovery candidate — not screened,Meteorite magnetism,,,,https://doi.org/10.1126/science.286.5437.90
10.1126/science.286.5437.94,The Gravity Field of Mars: Results from Mars Global Surveyor,David E. Smith; William L. Sjogren; G. Leonard Tyler; Georges Balmino; Frank G. Lemoine; Alex S. Konopliv,1999,Science,journal-article,False,Discovery candidate — not screened,Gravity and topography,,,,https://doi.org/10.1126/science.286.5437.94
10.1126/science.286.5437.9b,Older Martian Alteration,,1999,Science,journal-article,False,Discovery candidate — not screened,Dichotomy,,,,https://doi.org/10.1126/science.286.5437.9b
10.1126/science.286.5437.9e,Surveying Martian Gravity,,1999,Science,journal-article,False,Discovery candidate — not screened,Dichotomy,,,,https://doi.org/10.1126/science.286.5437.9e
10.1126/science.286.5439.401c,Mars Shorelines Evaporate,,1999,Science,journal-article,False,Discovery candidate — not screened,Surface and water,,,,https://doi.org/10.1126/science.286.5439.401c
10.1126/science.286.5447.2041a,Martian Seashores,,1999,Science,journal-article,False,Discovery candidate — not screened,Dichotomy,,,,https://doi.org/10.1126/science.286.5447.2041a
10.1126/science.286.5447.2042a,Martian Seashores,,1999,Science,journal-article,False,Discovery candidate — not screened,Dichotomy,,,,https://doi.org/10.1126/science.286.5447.2042a
10.1145/312379.313028,My Favorite Martian,Lisa Cooke,1999,ACM SIGGRAPH 99 Electronic art and animation catalog,proceedings-article,False,Discovery candidate — not screened,Dichotomy,,,,https://doi.org/10.1145/312379.313028
10.2138/am-1999-1010,Vibrational spectroscopic study of minerals in the Martian meteorite ALH 84001,T. F. Cooney; Edward R. D. Scott; Alexander N. Krot; S. K. Sharma; A. Yamaguchi,1999,American Mineralogist,journal-article,False,Discovery candidate — not screened,Meteorite magnetism,,,,https://doi.org/10.2138/am-1999-1010
10.2307/4011961,Mars craft finds evidence of a past ocean,Ron Cowen,1999,Science News,journal-article,False,Discovery candidate — not screened,Surface and water,,,,https://doi.org/10.2307/4011961
10.2514/2.3456,Mars Pathfinder Heatshield Design and Flight Experience,William H. Willcockson,1999,Journal of Spacecraft and Rockets,journal-article,False,Discovery candidate — not screened,Missions,,,,https://doi.org/10.2514/2.3456
10.2514/2.3461,Mars Microprobe Entry-to-Impact Analysis,Robert D. Braun; Robert A. Mitcheltree; F. McNeil Cheatwood,1999,Journal of Spacecraft and Rockets,journal-article,False,Discovery candidate — not screened,Magnetism,,,,https://doi.org/10.2514/2.3461
10.2514/2.3476,Navigation Flight Operations for Mars Pathfinder,Robin M. Vaughan; Pieter H. Kallemeyn; David A. Spencer; Robert D. Braun,1999,Journal of Spacecraft and Rockets,journal-article,False,Discovery candidate — not screened,Missions,,,,https://doi.org/10.2514/2.3476
10.2514/2.3477,Mars Pathfinder Atmospheric Entry Navigation Operations,R. D. Braun; D. A. Spencer; P. H. Kallemeyn; R. M. Vaughan,1999,Journal of Spacecraft and Rockets,journal-article,False,Discovery candidate — not screened,Missions,,,,https://doi.org/10.2514/2.3477
10.2514/2.3478,"Mars Pathfinder Entry, Descent, and Landing Reconstruction",David A. Spencer; Robert C. Blanchard; Robert D. Braun; Pieter H. Kallemeyn; Sam W. Thurman,1999,Journal of Spacecraft and Rockets,journal-article,False,Discovery candidate — not screened,Missions,,,,https://doi.org/10.2514/2.3478
10.2514/6.1999-1701,Mars Pathfinder parachute system performance,Allen Witkowski,1999,15th Aerodynamic Decelerator Systems Technology Conference,proceedings-article,False,Discovery candidate — not screened,Missions,,,,https://doi.org/10.2514/6.1999-1701
10.2514/6.1999-376,Abrasion on Mars - Pathfinder results,D. Ferguson; D. Wilt; J. Kolecki; M. Siebert,1999,37th Aerospace Sciences Meeting and Exhibit,proceedings-article,False,Discovery candidate — not screened,Missions,,,,https://doi.org/10.2514/6.1999-376
10.1007/978-94-011-5056-9_34,Ultrastructure in the Carbonate Globules of Martian Meteorite ALH84001,Frances Westall; Pietro Gobbi; Dane Gerneke; Giovanni Mazzotti,1998,"Exobiology: Matter, Energy, and Information in the Origin and Evolution of Life in the Universe",book-chapter,False,Discovery candidate — not screened,Meteorite magnetism,,,,https://doi.org/10.1007/978-94-011-5056-9_34
10.1007/bf02891465,Isotopic evidence for a terrestrial origin of most organic material found in some martian meteorites,A. J. T. Jull; C. Courtney; D. A. Jeffrey; J. W. Beck,1998,Chinese Science Bulletin,journal-article,False,Discovery candidate — not screened,Meteorite geochemistry,,,,https://doi.org/10.1007/bf02891465
10.1007/s007920050074,Life on Mars: chemical arguments and clues from Martian meteorites,André Brack; Colin T. Pillinger,1998,Extremophiles,journal-article,False,Discovery candidate — not screened,Surface and water,,,,https://doi.org/10.1007/s007920050074
10.1016/s0012-821x(98)00129-0,Correlated chemical and isotopic zoning in carbonates in the martian meteorite ALH84001,J.M. Saxton; I.C. Lyon; G. Turner,1998,Earth and Planetary Science Letters,journal-article,False,Discovery candidate — not screened,Meteorite magnetism,,,,https://doi.org/10.1016/s0012-821x(98)00129-0
10.1016/s0016-7037(97)00331-1,Oxygen Isotopic Constraints on the Genesis of Carbonates from Martian Meteorite ALH84001,Laurie A Leshin; Kevin D McKeegan; Paul K Carpenter; Ralph P Harvey,1998,Geochimica et Cosmochimica Acta,journal-article,False,Discovery candidate — not screened,Meteorite magnetism,,,,https://doi.org/10.1016/s0016-7037(97)00331-1
10.1016/s0016-7037(98)00133-1,Formation and relative ages of maskelynite and carbonate in ALH84001,DavidA. Kring; TimothyD. Swindle; JamesD. Gleason; JenniferA. Grier,1998,Geochimica et Cosmochimica Acta,journal-article,False,Discovery candidate — not screened,Meteorite magnetism,,,,https://doi.org/10.1016/s0016-7037(98)00133-1
10.1016/s0031-9201(98)00121-6,Convection underneath a crust inhomogeneously enriched in heat sources: application to martian mantle dynamics,Ursula Wüllner; Helmut Harder,1998,Physics of the Earth and Planetary Interiors,journal-article,False,Discovery candidate — not screened,Meteorite geochemistry,,,,https://doi.org/10.1016/s0031-9201(98)00121-6
10.1016/s0032-0633(98)00030-0,"Multiple-process origin of Valles Marineris basins and troughs, Mars",Richard A. Schultz,1998,Planetary and Space Science,journal-article,False,Discovery candidate — not screened,Dichotomy,,,,https://doi.org/10.1016/s0032-0633(98)00030-0
10.1017/s143192760002314x,Microstructures and Microanalysis in ALH84001: Minerals or Martians?,Ralph P Harvey; John Bradley; Harry Y McSween,1998,Microscopy and Microanalysis,journal-article,False,Discovery candidate — not screened,Meteorite magnetism,,,,https://doi.org/10.1017/s143192760002314x
10.1029/1998gl900057,Mars: Northern hemisphere slopes and slope distributions,Oded Aharonson; Maria T. Zuber; Gregory A. Neumann; James W. Head,1998,Geophysical Research Letters,journal-article,False,Discovery candidate — not screened,Surface and water,,,,https://doi.org/10.1029/1998gl900057
10.1029/1998gl900095,The MOLA Topographic signature at the crustal dichotomy boundary zone on Mars,Herbert Frey; Susan E. Sakimoto; James Roark,1998,Geophysical Research Letters,journal-article,False,Discovery candidate — not screened,Dichotomy; Surface and water; Volcanism and tectonics,,,,https://doi.org/10.1029/1998gl900095
10.1029/1998je900002,Symmetries of volcanic distributions on Mars and Earth and their mantle plume dynamics,Ctirad Matyska; David A. Yuen; Doris Breuer; Tilman Spohn,1998,Journal of Geophysical Research: Planets,journal-article,False,Discovery candidate — not screened,Volcanism and tectonics,,,,https://doi.org/10.1029/1998je900002
10.1029/97je03033,Mars water abundance: An estimate from D/H ratio in SNC meteorites,Suchita Ghosh; K. K. Mahajan,1998,Journal of Geophysical Research: Planets,journal-article,False,Discovery candidate — not screened,Surface and water,,,,https://doi.org/10.1029/97je03033
10.1029/98je01126,"The long lava flows of Elysium Planita, Mars",Peter Mouginis‐Mark; Michelle Tatsumura Yoshioka,1998,Journal of Geophysical Research: Planets,journal-article,False,Discovery candidate — not screened,Volcanism and tectonics,,,,https://doi.org/10.1029/98je01126
10.1029/98je01321,Magmatic intrusions and a hydrothermal origin for fluvial valleys on Mars,Virginia C. Gulick,1998,Journal of Geophysical Research: Planets,journal-article,False,Discovery candidate — not screened,Dichotomy,,,,https://doi.org/10.1029/98je01321
10.1029/98je01396,Early Mars Climate Models,Robert M. Haberle,1998,Journal of Geophysical Research: Planets,journal-article,False,Discovery candidate — not screened,Meteorite geochemistry,,,,https://doi.org/10.1029/98je01396
10.1038/scientificamerican0798-40,The Mars Pathfinder Mission,Matthew P. Golombek,1998,Scientific American,journal-article,False,Discovery candidate — not screened,Missions,,,,https://doi.org/10.1038/scientificamerican0798-40
10.1046/j.1365-2818.1998.00334.x,Atomic force microscopy imaging of fragments from the Martian meteorite ALH84001,Steele; Goddard; Beech; Tapper; Stapleton; Smith,1998,Journal of Microscopy,journal-article,False,Discovery candidate — not screened,Meteorite magnetism,,,,https://doi.org/10.1046/j.1365-2818.1998.00334.x
10.1080/00206819809465238,An Evaporation Model for Formation of Carbonates in the ALH84001 Martian Meteorite,Harry Y. Mcsween; Ralph P. Harvey,1998,International Geology Review,journal-article,False,Discovery candidate — not screened,Meteorite magnetism,,,,https://doi.org/10.1080/00206819809465238
10.1108/aeat.1998.12770aab.005,FPGAs prove integral to Mars Pathfinder success,,1998,Aircraft Engineering and Aerospace Technology,journal-article,False,Discovery candidate — not screened,Missions,,,,https://doi.org/10.1108/aeat.1998.12770aab.005
10.1111/j.1945-5100.1998.tb01331.x,"A survey of shergottite, nakhlite and chassigny meteorites whole‐rock compositions",K. LODDERS,1998,Meteoritics & Planetary Science,journal-article,False,Discovery candidate — not screened,Meteorite magnetism,,,,https://doi.org/10.1111/j.1945-5100.1998.tb01331.x
10.1111/j.1945-5100.1998.tb01672.x,Martian meteorites: Volatile trace elements and cluster analysis,MING‐SHENG WANG; JENNIFER A. MOKOS; MICHAEL E. LIPSCHUTZ,1998,Meteoritics & Planetary Science,journal-article,False,Discovery candidate — not screened,Meteorite magnetism,,,,https://doi.org/10.1111/j.1945-5100.1998.tb01672.x
10.1111/j.1945-5100.1998.tb01678.x,Isotopic composition of trapped and cosmogenic noble gases in several Martian meteorites,DANIEL H. GARRISON; DONALD D. BOGARD,1998,Meteoritics & Planetary Science,journal-article,False,Discovery candidate — not screened,Meteorite geochemistry,,,,https://doi.org/10.1111/j.1945-5100.1998.tb01678.x
10.1111/j.1945-5100.1998.tb01685.x,Martian “microfossils” in lunar meteorites?,DEREK W. G. SEARS; TIMOTHY A. KRAL,1998,Meteoritics & Planetary Science,journal-article,False,Discovery candidate — not screened,Meteorite magnetism; Meteorite geochemistry,,,,https://doi.org/10.1111/j.1945-5100.1998.tb01685.x
10.1126/science.279.5349.362,A Search for Endogenous Amino Acids in Martian Meteorite ALH84001,Jeffrey L. Bada; Daniel P. Glavin; Gene D. McDonald; Luann Becker,1998,Science,journal-article,False,Discovery candidate — not screened,Meteorite magnetism,,,,https://doi.org/10.1126/science.279.5349.362
10.1180/minmag.1998.62a.1.90,Lu-Hf Isotopic Compositions of SNC Meteorites: Implications for Martian Mantle Evolution,J. Blichert-Toft,1998,Mineralogical Magazine,journal-article,False,Discovery candidate — not screened,Meteorite geochemistry,,,,https://doi.org/10.1180/minmag.1998.62a.1.90
10.1515/9781501508806-021,Chapter 6. MARTIAN METEORITES,Harry Y. McSween Jr.; Allan H. Treiman,1998,Planetary Materials,book-chapter,False,Discovery candidate — not screened,Meteorite magnetism; Meteorite geochemistry,,,,https://doi.org/10.1515/9781501508806-021
10.2307/4011014,Global surveyor maps mars' northern ice,Ron Cowen,1998,Science News,journal-article,False,Discovery candidate — not screened,Surface and water,,,,https://doi.org/10.2307/4011014
10.2514/6.1998-298,Mars Pathfinder rarefied aerodynamics - Computations and measurements,James Moss; Robert Blanchard; Richard Wilmoth; Robert Braun,1998,36th AIAA Aerospace Sciences Meeting and Exhibit,proceedings-article,False,Discovery candidate — not screened,Missions,,,,https://doi.org/10.2514/6.1998-298
10.2514/6.1998-3844,Mars Pathfinder retrograde rocket development,"David McGrath; Clyde Carr, II",1998,34th AIAA/ASME/SAE/ASEE Joint Propulsion Conference and Exhibit,proceedings-article,False,Discovery candidate — not screened,Missions,,,,https://doi.org/10.2514/6.1998-3844
10.2514/6.1998-3845,Mars Pathfinder airbag gas generator development,David McGrath; Thomas Kirschner; Gary Mionske; Steven Goldstein,1998,34th AIAA/ASME/SAE/ASEE Joint Propulsion Conference and Exhibit,proceedings-article,False,Discovery candidate — not screened,Missions,,,,https://doi.org/10.2514/6.1998-3845
10.1006/icar.1997.5828,Destination: Earth. Martian Meteorite Delivery,Brett Gladman,1997,Icarus,journal-article,False,Discovery candidate — not screened,Meteorite magnetism; Meteorite provenance,,,,https://doi.org/10.1006/icar.1997.5828
10.1016/s0016-7037(97)00115-4,Ejection times of Martian meteorites,O. Eugster; A. Weigel; E. Polnau,1997,Geochimica et Cosmochimica Acta,journal-article,False,Discovery candidate — not screened,Meteorite magnetism; Meteorite geochemistry,,,,https://doi.org/10.1016/s0016-7037(97)00115-4
10.1016/s0032-0633(97)00186-4,Mars: a magnetic field due to thermoremanence?,Martin Leweling; Tilman Spohn,1997,Planetary and Space Science,journal-article,False,Discovery candidate — not screened,Magnetism,,,,https://doi.org/10.1016/s0032-0633(97)00186-4
10.1016/s0094-5765(98)00069-1,Back to Mars: The Mars Pathfinder mission,Richard A. Cook; Anthony J. Spear,1997,Acta Astronautica,journal-article,False,Discovery candidate — not screened,Missions,,,,https://doi.org/10.1016/s0094-5765(98)00069-1
10.1021/cen-v075n049.p008,Meteorite worms: Martian nanofossils or lab gunk?,ELIZABETH WILSON,1997,Chemical & Engineering News Archive,journal-article,False,Discovery candidate — not screened,Meteorite magnetism; Meteorite provenance,,,,https://doi.org/10.1021/cen-v075n049.p008
10.1023/a:1006143106970,"Arabia Terra, Mars: Tectonic and Palaeoclimatic Evolution of a Remarkable Sector of Martian Lithosphere",Francisco Anguita; Jorge Anguita; Gabriel Castilla; Miguel-Angel De La Casa; José-María Domínguez; Raquel Herrera; Pilar Llanes; Mónica López; Vicente Martínez,1997,"Earth, Moon, and Planets",journal-article,False,Discovery candidate — not screened,Interior,,,,https://doi.org/10.1023/a:1006143106970
10.1029/96je02805,The Mars Pathfinder Mission,Matthew P. Golombek,1997,Journal of Geophysical Research: Planets,journal-article,False,Discovery candidate — not screened,Missions,,,,https://doi.org/10.1029/96je02805
10.1029/96je02825,Rocks and aeolian features in the Mars Pathfinder landing site region: Viking infrared thermal mapper observations,Kenneth S. Edgett; Philip R. Christensen,1997,Journal of Geophysical Research: Planets,journal-article,False,Discovery candidate — not screened,Missions,,,,https://doi.org/10.1029/96je02825
10.1029/96je03318,Selection of the Mars Pathfinder landing site,M. P. Golombek; R. A. Cook; H. J. Moore; T. J. Parker,1997,Journal of Geophysical Research: Planets,journal-article,False,Discovery candidate — not screened,Missions,,,,https://doi.org/10.1029/96je03318
10.1029/96je03419,The interior structure of Mars: Implications from SNC meteorites,Frank Sohl; Tilman Spohn,1997,Journal of Geophysical Research: Planets,journal-article,False,Discovery candidate — not screened,Surface and water,,,,https://doi.org/10.1029/96je03419
10.1029/96je03568,The imager for Mars Pathfinder experiment,P. H. Smith; M. G. Tomasko; D. Britt; D. G. Crowe; R. Reid; H. U. Keller; N. Thomas; F. Gliem; P. Rueffer; R. Sullivan; R. Greeley; J. M. Knudsen; M. B. Madsen; H. P. Gunnlaugsson; S. F. Hviid; W. Goetz; L. A. Soderblom; L. Gaddis; R. Kirk,1997,Journal of Geophysical Research: Planets,journal-article,False,Discovery candidate — not screened,Missions,,,,https://doi.org/10.1029/96je03568
10.1029/96je03884,Trace element geochemistry of Martian iddingsite in the Lafayette meteorite,Allan H. Treiman; David J. Lindstrom,1997,Journal of Geophysical Research: Planets,journal-article,False,Discovery candidate — not screened,Meteorite magnetism,,,,https://doi.org/10.1029/96je03884
10.1029/97eo00274,"Mars has crustal, complex magnetic field",Randy Showstack,1997,"Eos, Transactions American Geophysical Union",journal-article,False,Discovery candidate — not screened,Interior; Magnetism; Atmosphere,,,,https://doi.org/10.1029/97eo00274
10.1029/97gl00497,A crustal magnetization model for the magnetic field of Mars: A preliminary study of the Tharsis Region,L. L. Hood; K. Hartdegen,1997,Geophysical Research Letters,journal-article,False,Discovery candidate — not screened,Magnetism,,,,https://doi.org/10.1029/97gl00497
10.1029/97gl00686,Carbonates in Martian meteorite ALH84001: A planetary perspective on formation temperature,Kevin S. Hutchins; Bruce M. Jakosky,1997,Geophysical Research Letters,journal-article,False,Discovery candidate — not screened,Meteorite magnetism,,,,https://doi.org/10.1029/97gl00686
10.1029/97je00058,Geology of central Chryse Planitia and the Viking 1 landing site: Implications for the Mars Pathfinder mission,Robert A. Craddock; Larry S. Crumpler; Jayne C. Aubele; James R. Zimbelman,1997,Journal of Geophysical Research: Planets,journal-article,False,Discovery candidate — not screened,Missions,,,,https://doi.org/10.1029/97je00058
10.1029/97je00113,Martian drainage densities,Michael H. Carr; Frank C. Chuang,1997,Journal of Geophysical Research: Planets,journal-article,False,Discovery candidate — not screened,Dichotomy,,,,https://doi.org/10.1029/97je00113
10.1029/97je01334,Meteorological predictions for the Mars Pathfinder lander,Robert M. Haberle; Jeffrey R. Barnes; James R. Murphy; Manoj M. Joshi; James Schaeffer,1997,Journal of Geophysical Research: Planets,journal-article,False,Discovery candidate — not screened,Missions,,,,https://doi.org/10.1029/97je01334
10.1029/97je01874,Determination of Martian meteorite lithologies and mineralogies using vibrational spectroscopy,Victoria E. Hamilton; Philip R. Christensen; Harry Y. McSween,1997,Journal of Geophysical Research: Planets,journal-article,False,Discovery candidate — not screened,Meteorite magnetism,,,,https://doi.org/10.1029/97je01874
10.1029/97je01997,Martian exobiology: Introduction,Bruce M. Jakosky,1997,Journal of Geophysical Research: Planets,journal-article,False,Discovery candidate — not screened,Dichotomy,,,,https://doi.org/10.1029/97je01997
10.1029/97je02527,Mars without Tharsis,Maria T. Zuber; David E. Smith,1997,Journal of Geophysical Research: Planets,journal-article,False,Discovery candidate — not screened,Gravity and topography,,,,https://doi.org/10.1029/97je02527
10.1038/37257,No ‘nanofossils’ in martian meteorite,J. P. Bradley; R. P Harvey; H. Y. McSween; Everett Gibson; Kathie Thomas-Keprta; H. Vali,1997,Nature,journal-article,False,Discovery candidate — not screened,Meteorite magnetism; Meteorite provenance,,,,https://doi.org/10.1038/37257
10.1038/37257-c1,No ‘nanofossils’ in martian meteorite,David S. McKay,1997,Nature,journal-article,False,Discovery candidate — not screened,Meteorite magnetism; Meteorite provenance,,,,https://doi.org/10.1038/37257-c1
10.1038/387377a0,Petrological evidence for shock melting of carbonates in the martian meteorite ALH84001,Edward R. D. Scott; Akira Yamaguchi; Alexander N. Krot,1997,Nature,journal-article,False,Discovery candidate — not screened,Meteorite magnetism,,,,https://doi.org/10.1038/387377a0
10.1038/41619,Pathfinder probes the weather on Mars,Stephen Battersby,1997,Nature,journal-article,False,Discovery candidate — not screened,Missions,,,,https://doi.org/10.1038/41619
10.1093/astrog/38.4.4,Pathfinder arrives at Mars,,1997,Astronomy & Geophysics,journal-article,False,Discovery candidate — not screened,Missions,,,,https://doi.org/10.1093/astrog/38.4.4
10.1093/astrog/38.5.15,Pathfinder on Mars,F W Taylor,1997,Astronomy & Geophysics,journal-article,False,Discovery candidate — not screened,Missions,,,,https://doi.org/10.1093/astrog/38.5.15
10.1093/astrog/38.5.23-a,Web Wanderings: Mars Pathfinder,Karl Mitchell; Linda Robshaw,1997,Astronomy & Geophysics,journal-article,False,Discovery candidate — not screened,Missions,,,,https://doi.org/10.1093/astrog/38.5.23-a
10.1109/23.604134,The gamma-ray burst monitor for the Russian Mars 1996 mission,K.P. Ziock; J. Bixler; T. Cline; D. Stilwell; D. Sheppard; K. Hurley; P. Berg; J.H. Primbsch; S. Slassi-Senou; N. Madden; D.S. Anfimov; A.M. Chernenko; O.M. Isupov; M.L. Litvak; D.A. Litvin; V.M. Loznikov; I.G. Mitrofanov; A.S. Pozanenko; A.K. Ton'shev; D.A. Ushakov,1997,IEEE Transactions on Nuclear Science,journal-article,False,Discovery candidate — not screened,Missions,,,,https://doi.org/10.1109/23.604134
10.1109/aero.1997.577508,Mars Pathfinder flight system integration and test,B.K. Muirhead,1997,1997 IEEE Aerospace Conference,proceedings-article,False,Discovery candidate — not screened,Missions,,,,https://doi.org/10.1109/aero.1997.577508
10.1111/j.1945-5100.1997.tb01571.x,Magnetic properties of Martian meteorites: Implications for an ancient Martian magnetic field,D. W. COLLINSON,1997,Meteoritics & Planetary Science,journal-article,False,Discovery candidate — not screened,Meteorite magnetism,,,,https://doi.org/10.1111/j.1945-5100.1997.tb01571.x
10.1117/12.278772,<title>Identification of possible source craters for Martian meteorite ALH84001</title>,Nadine G. Barlow,1997,"SPIE Proceedings Instruments, Methods, and Missions for the Investigation of Extraterrestrial Microorganisms",proceedings-article,False,Discovery candidate — not screened,Meteorite provenance,,,,https://doi.org/10.1117/12.278772
10.1126/science.275.5308.1885a,Biofilms on Martian Meteorite?,,1997,Science,journal-article,False,Discovery candidate — not screened,Meteorite magnetism; Meteorite provenance,,,,https://doi.org/10.1126/science.275.5308.1885a
10.1126/science.278.5344.1733,MARS PATHFINDER,,1997,Science,journal-article,False,Discovery candidate — not screened,Missions,,,,https://doi.org/10.1126/science.278.5344.1733
10.1126/science.278.5344.1734,Mars Pathfinder,,1997,Science,journal-article,False,Discovery candidate — not screened,Missions,,,,https://doi.org/10.1126/science.278.5344.1734
10.1126/science.278.5344.1758,Results from the Mars Pathfinder Camera,P. H. Smith; J. F. Bell; N. T. Bridges; D. T. Britt; L. Gaddis; R. Greeley; H. U. Keller; K. E. Herkenhoff; R. Jaumann; J. R. Johnson; R. L. Kirk; M. Lemmon; J. N. Maki; M. C. Malin; S. L. Murchie; J. Oberst; T. J. Parker; R. J. Reid; R. Sablotny; L. A. Soderblom; C. Stoker; R. Sullivan; N. Thomas; M. G. Tomasko; W. Ward; E. Wegryn,1997,Science,journal-article,False,Discovery candidate — not screened,Missions,,,,https://doi.org/10.1126/science.278.5344.1758
10.14452/mr-049-07-1997-11_7,The Martian Trilogy,John Newsinger,1997,Monthly Review,journal-article,False,Discovery candidate — not screened,Dichotomy,,,,https://doi.org/10.14452/mr-049-07-1997-11_7
10.2465/minerj.19.47,Mineralogical consideration of possible microfossils in martian meteorite ALH84001.,Takashi MIKOUCHI; Akira TSUCHIYAMA; Junji AKAI; Satoru NAKASHIMA; Kazue TAZAKI; Tetsumaru ITAYA; Keizo YANAI,1997,Mineralogical Journal,journal-article,False,Discovery candidate — not screened,Meteorite magnetism,,,,https://doi.org/10.2465/minerj.19.47
10.2465/minerj.19.65,General view of twelve martian meteorites.,Keizo YANAI,1997,Mineralogical Journal,journal-article,False,Discovery candidate — not screened,Meteorite magnetism; Meteorite geochemistry,,,,https://doi.org/10.2465/minerj.19.65
10.2514/6.1997-3663,Mars Pathfinder atmospheric entry navigation operations,R. Braun; D. Spencer; P. Kallemeyn; R. Vaughan; R. Braun; D. Spencer; P. Kallemeyn; R. Vaughan,1997,22nd Atmospheric Flight Mechanics Conference,proceedings-article,False,Discovery candidate — not screened,Missions,,,,https://doi.org/10.2514/6.1997-3663
10.5860/choice.34-5661,Mars rover: Northern Hemisphere; Southern Hemisphere,,1997,Choice Reviews Online,journal-article,False,Discovery candidate — not screened,Surface and water,,,,https://doi.org/10.5860/choice.34-5661
10.7210/jrsj.15.986,Humanoid Robots. Mars Pathfinder.,Takashi Kubota,1997,Journal of the Robotics Society of Japan,journal-article,False,Discovery candidate — not screened,Missions,,,,https://doi.org/10.7210/jrsj.15.986
10.1007/978-94-009-1712-5_35,Martian Soil Analysis,Yoji Ishikawa; Kensei Kobayashi; Takeshi Saito,1996,Chemical Evolution: Physics of the Origin and Evolution of Life,book-chapter,False,Discovery candidate — not screened,Dichotomy,,,,https://doi.org/10.1007/978-94-009-1712-5_35
10.1016/0016-7037(96)00165-2,Sulfur isotopic systematics in alteration assemblages in martian meteorite Allan Hills 84001,C.K. Shearer; G.D. Layne; J.J. Papike; M.N. Spilde,1996,Geochimica et Cosmochimica Acta,journal-article,False,Discovery candidate — not screened,Meteorite magnetism,,,,https://doi.org/10.1016/0016-7037(96)00165-2
10.1016/0032-0633(96)00013-x,"Amounts of crustal stretching in Valles Marineris, Mars",Daniel Mège; Philippe Masson,1996,Planetary and Space Science,journal-article,False,Discovery candidate — not screened,Interior; Magnetism,,,,https://doi.org/10.1016/0032-0633(96)00013-x
10.1016/0273-1177(95)00758-7,High precision gamma-ray spectrometer PGS for Russian interplanetary mission to Mars,I.G. Mitrofanov; D.S. Anfimov; A.M. Chernenko; V.Sh. Dolidze; V.I. Kostenko; O.E. Isupov; A.S. Pozanenko; A.K. Ton'shev; D.A. Ushakov; G.F. Auchampaugh; M. Cafferty; D.M. Drake; E.E. Fenimore; R.W. Klebesadel; J.L. Longmire; C.E. Moss; R.C. Reedy,1996,Advances in Space Research,journal-article,False,Discovery candidate — not screened,Missions,,,,https://doi.org/10.1016/0273-1177(95)00758-7
10.1016/s0032-0633(96)00112-2,"Stress models for Tharsis formation, Mars",Daniel Mège; Philippe Masson,1996,Planetary and Space Science,journal-article,False,Discovery candidate — not screened,Gravity and topography,,,,https://doi.org/10.1016/s0032-0633(96)00112-2
10.1016/s0032-0633(96)00113-4,"A plume tectonics model for the Tharsis province, Mars",Daniel Mège; Philippe Masson,1996,Planetary and Space Science,journal-article,False,Discovery candidate — not screened,Volcanism and tectonics,,,,https://doi.org/10.1016/s0032-0633(96)00113-4
10.1016/s0094-5765(96)00124-5,Mars Pathfinder mission operations concept,Richard Cook,1996,Acta Astronautica,journal-article,False,Discovery candidate — not screened,Missions,,,,https://doi.org/10.1016/s0094-5765(96)00124-5
10.1016/s0094-5765(96)00126-9,Mars Pathfinder project progress report,Anthony J. Spear; Matthew P. Golombek,1996,Acta Astronautica,journal-article,False,Discovery candidate — not screened,Missions,,,,https://doi.org/10.1016/s0094-5765(96)00126-9
10.1029/95je03699,An inversion of gravity and topography for mantle and crustal structure on Mars,Walter S. Kiefer; Bruce G. Bills; R. Steven Nerem,1996,Journal of Geophysical Research: Planets,journal-article,False,Discovery candidate — not screened,Gravity and topography,,,,https://doi.org/10.1029/95je03699
10.1029/96eo00068,Martian lights,Michael Carlowicz,1996,"Eos, Transactions American Geophysical Union",journal-article,False,Discovery candidate — not screened,Dichotomy,,,,https://doi.org/10.1029/96eo00068
10.1029/96je01139,Impact crater lakes on Mars,Horton E. Newsom; Gregory E. Brittelle; Charles A. Hibbitts; Laura J. Crossey; Albert M. Kudo,1996,Journal of Geophysical Research: Planets,journal-article,False,Discovery candidate — not screened,Dichotomy; Magnetism,,,,https://doi.org/10.1029/96je01139
10.1029/96je01563,Gamma ray production and transport in Mars,Jozef Masarik; Robert C. Reedy,1996,Journal of Geophysical Research: Planets,journal-article,False,Discovery candidate — not screened,Missions,,,,https://doi.org/10.1029/96je01563
10.1038/380507a0,A one-plume model of martian mantle convection,Helmut Harder; Ulrich R. Christensen,1996,Nature,journal-article,False,Discovery candidate — not screened,Interior,,,,https://doi.org/10.1038/380507a0
10.1111/j.1945-5100.1996.tb02045.x,Evidence for ancient life in a martian meteorite (! or ?),Harry Y. McSween,1996,Meteoritics & Planetary Science,journal-article,False,Discovery candidate — not screened,Meteorite magnetism,,,,https://doi.org/10.1111/j.1945-5100.1996.tb02045.x
10.1126/science.271.5246.184,The Shape of Mars and the Topographic Signature of the Hemispheric Dichotomy,David E. Smith; Maria T. Zuber,1996,Science,journal-article,False,Discovery candidate — not screened,Dichotomy; Surface and water,,,,https://doi.org/10.1126/science.271.5246.184
10.1126/science.274.5294.1932-a,The Loss of Atmosphere from Mars,R. E. Johnson; M. Liu,1996,Science,journal-article,False,Discovery candidate — not screened,Atmosphere,,,,https://doi.org/10.1126/science.274.5294.1932-a
10.1126/science.274.5295.1983b,Martian update,,1996,Science,journal-article,False,Discovery candidate — not screened,Dichotomy,,,,https://doi.org/10.1126/science.274.5295.1983b
10.2307/3980200,Searching for Life in a Martian Meteorite,Ron Cowen,1996,Science News,journal-article,False,Discovery candidate — not screened,Meteorite magnetism,,,,https://doi.org/10.2307/3980200
10.2514/3.55708,Aerothermal Study of Mars Pathfinder Aeroshell,Roop N. Gupta; K. P. Lee; Carl D. Scott,1996,Journal of Spacecraft and Rockets,journal-article,False,Discovery candidate — not screened,Missions,,,,https://doi.org/10.2514/3.55708
10.2514/6.1996-3656,The Mars Pathfinder navigation system,Pieter Kallemeyn; David Spencer; Robin Vaughan; Cliff Helfrich,1996,Astrodynamics Conference,proceedings-article,False,Discovery candidate — not screened,Missions,,,,https://doi.org/10.2514/6.1996-3656
10.1006/icar.1995.1176,Meridional Transport and Water Reservoirs in Southern Mars during 1988-1989,B. Rizk; R.M. Haberle; D.M. Hunten; J.B. Pollack,1995,Icarus,journal-article,False,Discovery candidate — not screened,Surface and water,,,,https://doi.org/10.1006/icar.1995.1176
10.1007/bf00643787,The crustal dichotomy of Mars,Cordula A. Robinson,1995,"Earth, Moon, and Planets",journal-article,False,Discovery candidate — not screened,Dichotomy; Interior; Gravity and topography; Magnetism; Chronology; Surface and water; Volcanism and tectonics; Atmosphere,,,,https://doi.org/10.1007/bf00643787
10.1007/bf00710795,Mars Pathfinder Microrover,D. Shirley; J. Matijevic,1995,Autonomous Robots,journal-article,False,Discovery candidate — not screened,Missions,,,,https://doi.org/10.1007/bf00710795
10.1016/0016-7037(95)00033-v,A search for endogenous amino acids in the Martian meteorite EETA79001,Gene D. McDonald; Jeffrey L. Bada,1995,Geochimica et Cosmochimica Acta,journal-article,False,Discovery candidate — not screened,Meteorite magnetism,,,,https://doi.org/10.1016/0016-7037(95)00033-v
10.1016/0094-5765(94)00175-l,A high precision gamma-ray spectrometer for the Mars-94 mission,I.G. Mitrofanov; D.S. Anfimov; A.M. Chernenko; V.Sh. Dolidze; A.S. Pozanenko; D.A. Ushakov; G.F. Auchampaugh; M. Cafferty; D.M. Drake; E.E. Fenimore; R.W. Klebesadel; J.L. Longmire; C.E. Moss; R.C. Reedy; J.E. Valencia,1995,Acta Astronautica,journal-article,False,Discovery candidate — not screened,Missions,,,,https://doi.org/10.1016/0094-5765(94)00175-l
10.1016/0094-5765(95)00066-9,Low cost approach to Mars Pathfinder,Anthony J. Spear,1995,Acta Astronautica,journal-article,False,Discovery candidate — not screened,Missions,,,,https://doi.org/10.1016/0094-5765(95)00066-9
10.1017/s1539299600010625,John Mellish and the Craters of Mars,Michael Anderer,1995,Highlights of Astronomy,journal-article,False,Discovery candidate — not screened,Chronology,,,,https://doi.org/10.1017/s1539299600010625
10.1029/94je02184,S ≠ NC: Multiple source areas for Martian meteorites,Allan H. Treiman,1995,Journal of Geophysical Research: Planets,journal-article,False,Discovery candidate — not screened,Meteorite magnetism,,,,https://doi.org/10.1029/94je02184
10.1029/94je02803,A search for nitrates in Martian meteorites,Monica M. Grady; I. P. Wright; C. T. Pillinger,1995,Journal of Geophysical Research: Planets,journal-article,False,Discovery candidate — not screened,Meteorite magnetism,,,,https://doi.org/10.1029/94je02803
10.1029/95gl01801,"Simultaneous estimation of the masses of Mars, Phobos, and Deimos using spacecraft distant encounters",David E. Smith; Frank G. Lemoine; Maria T. Zuber,1995,Geophysical Research Letters,journal-article,False,Discovery candidate — not screened,Moons and impacts,,,,https://doi.org/10.1029/95gl01801
10.1038/374595a0,Buried dry ice on Mars,Robert M. Haberle,1995,Nature,journal-article,False,Discovery candidate — not screened,Chronology,,,,https://doi.org/10.1038/374595a0
10.1088/2058-7058/8/8/27,Martian meteorites reveal torrid past,Michael Carr,1995,Physics World,journal-article,False,Discovery candidate — not screened,Meteorite magnetism; Meteorite geochemistry,,,,https://doi.org/10.1088/2058-7058/8/8/27
10.1126/science.7701319,Signatures of the Martian Atmosphere in Glass of the Zagami Meteorite,K. Marti; J. S. Kim; A. N. Thakur; T. J. McCoy; K. Keil,1995,Science,journal-article,False,Discovery candidate — not screened,Meteorite magnetism,,,,https://doi.org/10.1126/science.7701319
10.2514/6.1995-1552,Mars Pathfinder airbag impact attenuation system,Donald Waye; J Cole; Tommaso Rivellini,1995,13th Aerodynamic Decelerator Systems Technology Conference,proceedings-article,False,Discovery candidate — not screened,Interior; Magnetism; Missions,,,,https://doi.org/10.2514/6.1995-1552
10.2514/6.1995-2086,Mars Pathfinder computations including base-heating predictions,Brian Haas; Ethiraj Venkatapathy,1995,30th Thermophysics Conference,proceedings-article,False,Discovery candidate — not screened,Missions,,,,https://doi.org/10.2514/6.1995-2086
10.1006/icar.1994.1149,Lunar and Martian Meteorite Delivery Services,Paul H. Warren,1994,Icarus,journal-article,False,Discovery candidate — not screened,Meteorite magnetism; Meteorite provenance,,,,https://doi.org/10.1006/icar.1994.1149
10.1029/94je00216,Martian plate tectonics,Norman H. Sleep,1994,Journal of Geophysical Research: Planets,journal-article,True,Abstract consulted,Dichotomy,"Proposes northern crustal recycling and spreading, with testable structural and gravity predictions.",Retains early plate tectonics as a historical alternative to impact and stagnant-lid convection.,"Proposed tectonic reconstructions are interpretations, not confirmed Martian plate boundaries.",https://doi.org/10.1029/94je00216
10.1038/369028a0,The Martian chronicles,Joel Gwinn,1994,Nature,journal-article,False,Discovery candidate — not screened,Dichotomy,,,,https://doi.org/10.1038/369028a0
10.1111/j.1945-5100.1994.tb00673.x,"ALH84001, a cumulate orthopyroxenite member of the martian meteorite clan",David W. Mittlefehldt,1994,Meteoritics,journal-article,False,Discovery candidate — not screened,Meteorite magnetism,,,,https://doi.org/10.1111/j.1945-5100.1994.tb00673.x
10.1111/j.1945-5100.1994.tb01092.x,What we have learned about Mars from SNC meteorites,Harry Y. McSween,1994,Meteoritics,journal-article,False,Discovery candidate — not screened,Surface and water,,,,https://doi.org/10.1111/j.1945-5100.1994.tb01092.x
10.1111/j.1945-5100.1994.tb01106.x,"ALH84001, a cumulate orthopyroxenite member of the martian meteorite clan",David Mittlefehldt,1994,Meteoritics,journal-article,False,Discovery candidate — not screened,Meteorite magnetism,,,,https://doi.org/10.1111/j.1945-5100.1994.tb01106.x
10.1126/science.265.5168.86,Water on Mars: Clues from Deuterium/Hydrogen and Water Contents of Hydrous Phases in SNC Meteorites,Laurie Leshin Watson; Ian D. Hutcheon; Samuel Epstein; Edward M. Stolper,1994,Science,journal-article,False,Discovery candidate — not screened,Surface and water,,,,https://doi.org/10.1126/science.265.5168.86
10.1006/icar.1993.1079,"An Assessment of Volatile Release from Recent Volcanism in Elysium, Mars",J.B. Plescia,1993,Icarus,journal-article,False,Discovery candidate — not screened,Volcanism and tectonics,,,,https://doi.org/10.1006/icar.1993.1079
10.1007/bf00612183,Mars: fretted terrain as eroded ejecta from the borealis mega-impact origin for the crustal dichotomy,Kent D. Treco,1993,"Earth, Moon, and Planets",journal-article,False,Discovery candidate — not screened,Dichotomy,,,,https://doi.org/10.1007/bf00612183
10.1007/bf00619135,"Shallow and deep fresh impact craters in Hesperia Planum, Mars",Peter J. Mouginis-Mark; Joan N. Hayashi,1993,"Earth, Moon, and Planets",journal-article,False,Discovery candidate — not screened,Chronology,,,,https://doi.org/10.1007/bf00619135
10.1016/0032-0633(93)90022-t,Mantle differentiation and the crustal dichotomy of Mars,D. Breuer; T. Spohn; U. Wüllner,1993,Planetary and Space Science,journal-article,False,Discovery candidate — not screened,Dichotomy; Interior; Gravity and topography; Magnetism; Chronology; Surface and water; Volcanism and tectonics; Atmosphere,,,,https://doi.org/10.1016/0032-0633(93)90022-t
10.1029/93je00107,Thermally distinct ejecta blankets from Martian craters,Bruce H. Betts; Bruce C. Murray,1993,Journal of Geophysical Research: Planets,journal-article,False,Discovery candidate — not screened,Meteorite provenance,,,,https://doi.org/10.1029/93je00107
10.1029/93je00381,Ice in the northern lowlands and southern highlands of Mars and its enrichment beneath the Elysium lavas,Julie A. Cave,1993,Journal of Geophysical Research: Planets,journal-article,False,Discovery candidate — not screened,Chronology,,,,https://doi.org/10.1029/93je00381
10.1029/93je00617,Martian surface simulations,Robert W. Gaskell,1993,Journal of Geophysical Research: Planets,journal-article,False,Discovery candidate — not screened,Dichotomy,,,,https://doi.org/10.1029/93je00617
10.1029/93je01839,An improved gravity model for Mars: Goddard Mars model 1,D. E. Smith; F. J. Lerch; R. S. Nerem; M. T. Zuber; G. B. Patel; S. K. Fricke; F. G. Lemoine,1993,Journal of Geophysical Research: Planets,journal-article,False,Discovery candidate — not screened,Gravity and topography,,,,https://doi.org/10.1029/93je01839
10.1126/science.259.5103.1890,Outgassed Water on Mars: Constraints from Melt Inclusions in SNC Meteorites,Harry Y. McSween; Ralph P. Harvey,1993,Science,journal-article,False,Discovery candidate — not screened,Surface and water,,,,https://doi.org/10.1126/science.259.5103.1890
10.1007/978-94-011-2306-8_12,The Geological History of Mars,Peter Cattermole,1992,Mars,book-chapter,False,Discovery candidate — not screened,Magnetism,,,,https://doi.org/10.1007/978-94-011-2306-8_12
10.1007/bf00058074,Ridge systems related to Martian impact craters,J. Raitala; K. Kauhanen,1992,"Earth, Moon, and Planets",journal-article,False,Discovery candidate — not screened,Meteorite provenance,,,,https://doi.org/10.1007/bf00058074
10.1016/0019-1035(92)90015-y,The topography of impact craters in “softened” terrain on Mars,David G. Jankowski; Steven W. Squyres,1992,Icarus,journal-article,False,Discovery candidate — not screened,Chronology,,,,https://doi.org/10.1016/0019-1035(92)90015-y
10.1016/0094-5765(92)90141-5,International manned missions to Mars and the resources of Phobos and Deimos,Brian O'Leary,1992,Acta Astronautica,journal-article,False,Discovery candidate — not screened,Moons and impacts,,,,https://doi.org/10.1016/0094-5765(92)90141-5
10.1029/92ja00134,Viking 2 electron observations at Mars,Francis S. Johnson; William B. Hanson,1992,Journal of Geophysical Research: Space Physics,journal-article,False,Discovery candidate — not screened,Missions,,,,https://doi.org/10.1029/92ja00134
10.1029/92je00538,Science applications of the Mars Observer gamma ray spectrometer,W. V. Boynton; J. I. Trombka; W. C. Feldman; J. R. Arnold; P. A. J. Englert; A. E. Metzger; R. C. Reedy; S. W. Squyres; H. Wänke; S. H. Bailey; J. Brückner; J. L. Callas; D. M. Drake; P. Duke; L. G. Evans; E. L. Haines; F. C. McCloskey; H. Mills; C. Shinohara; R. Starr,1992,Journal of Geophysical Research: Planets,journal-article,False,Discovery candidate — not screened,Missions,,,,https://doi.org/10.1029/92je00538
10.1029/92je00612,Martian parent craters for the SNC meteorites,P. J. Mouginis‐Mark; T. J. McCoy; G. J. Taylor; K. Keil,1992,Journal of Geophysical Research: Planets,journal-article,False,Discovery candidate — not screened,Meteorite magnetism; Meteorite provenance,,,,https://doi.org/10.1029/92je00612
10.1029/92je02291,A Mars magnetic field: Constraints from molecular ion escape,H. Lammer; S. J. Bauer,1992,Journal of Geophysical Research: Planets,journal-article,False,Discovery candidate — not screened,Atmosphere,,,,https://doi.org/10.1029/92je02291
10.1038/355209c0,Martian moraines,,1992,Nature,journal-article,False,Discovery candidate — not screened,Dichotomy,,,,https://doi.org/10.1038/355209c0
10.1086/133118,The Ferric Mineralogy of Mars,"James F., III Bell",1992,Publications of the Astronomical Society of the Pacific,journal-article,False,Discovery candidate — not screened,Surface and water,,,,https://doi.org/10.1086/133118
10.1088/0031-8949/46/1/018,Mössbauer spectroscopy showing large-scale inhomogeneity in the presumed martian meteorite Zagami,L Vistisen; D Petersen; M B Madsen,1992,Physica Scripta,journal-article,False,Discovery candidate — not screened,Meteorite magnetism,,,,https://doi.org/10.1088/0031-8949/46/1/018
10.1126/science.11537889,Water in SNC Meteorites: Evidence for a Martian Hydrosphere,Haraldur R. Karlsson; Robert N. Clayton; Everett K. Gibson; Toshiko K. Mayeda,1992,Science,journal-article,False,Discovery candidate — not screened,Meteorite magnetism,,,,https://doi.org/10.1126/science.11537889
10.1130/0091-7613(1992)020<0003:agom>2.3.co;2,Ancient glaciation on Mars,Jeffrey S. Kargel; Robert G. Strom,1992,Geology,journal-article,False,Discovery candidate — not screened,Surface and water,,,,https://doi.org/10.1130/0091-7613(1992)020<0003:agom>2.3.co;2
10.3133/i2147,Geologic map of the Elysium region of Mars,,1992,,report,False,Discovery candidate — not screened,Volcanism and tectonics,,,,https://doi.org/10.3133/i2147
10.1002/rog.1991.29.s1.290,New Martian Paradigms,Alfred S. McEwen,1991,Reviews of Geophysics,journal-article,False,Discovery candidate — not screened,Dichotomy,,,,https://doi.org/10.1002/rog.1991.29.s1.290
10.1007/bf00113829,Schroeter's ratios for Martian craters: Radar results,Ladislav E. Roth,1991,"Earth, Moon, and Planets",journal-article,False,Discovery candidate — not screened,Meteorite provenance,,,,https://doi.org/10.1007/bf00113829
10.1016/0019-1035(91)90138-j,Mars volatile evolution: Evidence from stable isotopes,Bruce M. Jakosky,1991,Icarus,journal-article,False,Discovery candidate — not screened,Surface and water,,,,https://doi.org/10.1016/0019-1035(91)90138-j
10.1016/0019-1035(91)90221-e,Origin of the Martian crustal dichotomy: Evaluating hypotheses,George E. McGill; Steven W. Squyres,1991,Icarus,journal-article,True,Abstract consulted,Dichotomy,"Compares endogenous, single-impact and multiple-impact explanations against geological constraints.",Useful framework for asking which observations each mechanism actually explains.,"A historical assessment predating modern gravity, radar and seismic datasets.",https://doi.org/10.1016/0019-1035(91)90221-e
10.1016/0031-9201(91)90023-b,The Martian dynamo,Alexander Ruzmaikin,1991,Physics of the Earth and Planetary Interiors,journal-article,False,Discovery candidate — not screened,Dichotomy,,,,https://doi.org/10.1016/0031-9201(91)90023-b
10.1016/b978-0-08-040787-6.50013-6,ARE PHOBOS AND DEIMOS CARBONACEOUS CHONDRITES? MÖSSBAUER SPECTROSCOPY ON CARBONACEOUS CHONDRITES AND THEIR RELATION TO THE MARTIAN MOONS,M.B. Madsen; J.M. Knudsen; H.G. Jensen; L. Vistisen,1991,The Environmental Model of Mars,book-chapter,False,Discovery candidate — not screened,Moons and impacts,,,,https://doi.org/10.1016/b978-0-08-040787-6.50013-6
10.1016/b978-0-08-040787-6.50024-0,MARTIAN MÖSSBAUER SPECTROMETER,J. Galazka-Friedman; A. Kotlicki; A. ślawska-Waniewska; A. Witek,1991,The Environmental Model of Mars,book-chapter,False,Discovery candidate — not screened,Dichotomy,,,,https://doi.org/10.1016/b978-0-08-040787-6.50024-0
10.1029/90ja01676,Nonthermal atmospheric escape from Mars and Titan,H. Lammer; S. J. Bauer,1991,Journal of Geophysical Research: Space Physics,journal-article,False,Discovery candidate — not screened,Atmosphere,,,,https://doi.org/10.1029/90ja01676
10.1029/91ja00317,Viking 1 electron observations at Mars,Francis S. Johnson; William B. Hanson,1991,Journal of Geophysical Research: Space Physics,journal-article,False,Discovery candidate — not screened,Missions,,,,https://doi.org/10.1029/91ja00317
10.1029/91ja00439,"The solar wind interaction with Mars: Mariner 4, Mars 2, Mars 3, Mars 5, and Phobos 2 observations of bow shock position and shape",J. A. Slavin; K. Schwingenschuh; W. Riedler; Ye. Yeroshenko,1991,Journal of Geophysical Research: Space Physics,journal-article,False,Discovery candidate — not screened,Magnetism,,,,https://doi.org/10.1029/91ja00439
10.1029/91je02005,"Graben and extension in Northern Tharsis, Mars",J. B. Plescia,1991,Journal of Geophysical Research: Planets,journal-article,False,Discovery candidate — not screened,Surface and water,,,,https://doi.org/10.1029/91je02005
10.1063/1.42808,Burst detection capability of the Mars Observer gamma-ray spectrometer,Albert E. Metzger; William V. Boynton; John G. Laros; Jacob I. Trombka,1991,AIP Conference Proceedings,proceedings-article,False,Discovery candidate — not screened,Missions,,,,https://doi.org/10.1063/1.42808
10.1126/science.253.5027.1508,Radar Images of Mars,Duane O. Muhleman; Bryan J. Butler; Arie W. Grossman; Martin A. Slade,1991,Science,journal-article,False,Discovery candidate — not screened,Surface and water,,,,https://doi.org/10.1126/science.253.5027.1508
10.1016/0019-1035(90)90095-q,Recent flood lavas in the Elysium region of Mars,J.B. Plescia,1990,Icarus,journal-article,False,Discovery candidate — not screened,Volcanism and tectonics,,,,https://doi.org/10.1016/0019-1035(90)90095-q
10.1016/0045-8732(90)90053-q,Workshop on evolution of magma bodies on Mars,,1990,COSPAR Information Bulletin,journal-article,False,Discovery candidate — not screened,Interior,,,,https://doi.org/10.1016/0045-8732(90)90053-q
10.1016/0168-9002(90)90443-a,Radioactive material screening for gamma ray spectrometer experiment on Mars,J.S. Yadav; James R. Arnold,1990,"Nuclear Instruments and Methods in Physics Research Section A: Accelerators, Spectrometers, Detectors and Associated Equipment",journal-article,False,Discovery candidate — not screened,Missions,,,,https://doi.org/10.1016/0168-9002(90)90443-a
10.1016/0273-1177(90)90322-q,A mobile Lander-Borne radar to investigate the subsurface of the planet Mars,M.A. Balikhin; P.J. Cattermole; V.I. Gaidanskii; P.J. Jenkins; S.P. Kingsley; T.A. Lachlan-Cope; A.M. Natanzon; S. Quegan; A.E. Reznikov; L.J.C. Woolliscroft,1990,Advances in Space Research,journal-article,False,Discovery candidate — not screened,Surface and water,,,,https://doi.org/10.1016/0273-1177(90)90322-q
10.1029/jb095ib02p01401,Possible effects of breaking gravity waves on the circulation of the middle atmosphere of Mars,Jeffrey R. Barnes,1990,Journal of Geophysical Research: Solid Earth,journal-article,False,Discovery candidate — not screened,Atmosphere,,,,https://doi.org/10.1029/jb095ib02p01401
10.1029/jb095ib07p11073,Heterogeneities in the thickness of the elastic lithosphere of Mars: Constraints on heat flow and internal dynamics,Sean C. Solomon; James W. Head,1990,Journal of Geophysical Research: Solid Earth,journal-article,False,Discovery candidate — not screened,Interior,,,,https://doi.org/10.1029/jb095ib07p11073
10.1029/jb095ib08p12595,Origin of the Martian global dichotomy by crustal thinning in the Late Noachian or Early Hesperian,George E. McGill; Andrew M. Dimitriou,1990,Journal of Geophysical Research: Solid Earth,journal-article,False,Discovery candidate — not screened,Dichotomy,,,,https://doi.org/10.1029/jb095ib08p12595
10.1029/jb095ib09p14105,Mantle dynamics in Mars and Venus: Influence of an immobile lithosphere on three‐dimensional mantle convection,G. Schubert; D. Bercovici; G. A. Glatzmaier,1990,Journal of Geophysical Research: Solid Earth,journal-article,False,Discovery candidate — not screened,Interior,,,,https://doi.org/10.1029/jb095ib09p14105
10.1029/jb095ib09p14695,Atmospheric measurements at Mars via gamma ray spectroscopy,Albert E. Metzger; Eldon L. Haines,1990,Journal of Geophysical Research: Solid Earth,journal-article,False,Discovery candidate — not screened,Missions,,,,https://doi.org/10.1029/jb095ib09p14695
10.1111/j.1945-5100.1990.tb00712.x,Volatile compounds in shergottite and nakhlite meteorites,James L. Gooding; Kwesi E. Aggrey; David W. Muenow,1990,Meteoritics,journal-article,False,Discovery candidate — not screened,Meteorite magnetism,,,,https://doi.org/10.1111/j.1945-5100.1990.tb00712.x
10.1007/978-1-4899-6553-0_4,Craters on the Moon and Mars,Clark R. Chapman; David Morrison,1989,Cosmic Catastrophes,book-chapter,False,Discovery candidate — not screened,Chronology,,,,https://doi.org/10.1007/978-1-4899-6553-0_4
10.1007/bf00117193,Tectonics of Syrtis Major Planum on Mars,J. Raitala; K. Kauhanen,1989,"Earth, Moon, and Planets",journal-article,False,Discovery candidate — not screened,Volcanism and tectonics,,,,https://doi.org/10.1007/bf00117193
10.1016/0019-1035(89)90079-1,Radar altimetry of large Martian craters,L.E. Roth; R.S. Saunders; G.S. Downs; G. Schubert,1989,Icarus,journal-article,False,Discovery candidate — not screened,Meteorite provenance,,,,https://doi.org/10.1016/0019-1035(89)90079-1
10.1029/jb094ib03p02753,"Buried topography of Utopia, Mars: Persistence of a giant impact depression",George E. McGill,1989,Journal of Geophysical Research: Solid Earth,journal-article,False,Discovery candidate — not screened,Dichotomy,,,,https://doi.org/10.1029/jb094ib03p02753
10.1038/340220a0,Organic materials in a martian meteorite,I. P. Wright; M. M. Grady; C. T. Pillinger,1989,Nature,journal-article,False,Discovery candidate — not screened,Meteorite magnetism; Meteorite provenance,,,,https://doi.org/10.1038/340220a0
10.1038/341564a0,Probing martian space . . .,Mark Saunders,1989,Nature,journal-article,False,Discovery candidate — not screened,Dichotomy,,,,https://doi.org/10.1038/341564a0
10.1038/341565a0,. . . and martian surfaces,William B. McKinnon,1989,Nature,journal-article,False,Discovery candidate — not screened,Dichotomy,,,,https://doi.org/10.1038/341565a0
10.1063/1.38164,Scientific considerations in the design of the Mars observer gamma-ray spectrometer,J. R. Arnold; W. V. Boynton; P. Englert; W. C. Feldman; A. E. Metzger; R. C. Reedy; S. W. Squyres; J. I. Trombka; H. Wanke,1989,AIP Conference Proceedings,proceedings-article,False,Discovery candidate — not screened,Missions,,,,https://doi.org/10.1063/1.38164
10.1130/0091-7613(1989)017<0203:litero>2.3.co;2,Lahars in the Elysium region of Mars,Eric H. Christiansen,1989,Geology,journal-article,False,Discovery candidate — not screened,Volcanism and tectonics,,,,https://doi.org/10.1130/0091-7613(1989)017<0203:litero>2.3.co;2
10.2307/3974117,Meteorite May Carry Organic Martian Cargo,I. Amato,1989,Science News,journal-article,False,Discovery candidate — not screened,Meteorite magnetism; Meteorite provenance,,,,https://doi.org/10.2307/3974117
10.2514/6.1989-2391,Historical perspective - Viking Mars Lander propulsion,DONALD MORRISEY,1989,25th Joint Propulsion Conference,proceedings-article,False,Discovery candidate — not screened,Missions,,,,https://doi.org/10.2514/6.1989-2391
10.1007/bf00058491,Composite graben tectonics of Alba Patera on Mars,Jouko Raitala,1988,"Earth, Moon, and Planets",journal-article,False,Discovery candidate — not screened,Volcanism and tectonics,,,,https://doi.org/10.1007/bf00058491
10.1007/bf00113983,Tharsis block tectonics on Mars,Jouko T. Raitala,1988,"Earth, Moon, and Planets",journal-article,False,Discovery candidate — not screened,Gravity and topography; Volcanism and tectonics,,,,https://doi.org/10.1007/bf00113983
10.1029/gl015i003p00229,Large impact basins and the mega‐impact origin for the crustal dichotomy on Mars,Herbert Frey; Richard A. Schultz,1988,Geophysical Research Letters,journal-article,True,Abstract consulted,Dichotomy,Tests whether an impactor population can account for the lowlands and other large basins.,Requires an impact origin to fit basin statistics as well as hemisphere shape.,Results depend on the adopted impactor size distribution and recognition of old basins.,https://doi.org/10.1029/gl015i003p00229
10.1007/bf00055056,Tectonics of Tharsis dorsa on Mars,J. Raitala,1987,"Earth, Moon, and Planets",journal-article,False,Discovery candidate — not screened,Volcanism and tectonics,,,,https://doi.org/10.1007/bf00055056
10.1016/0019-1035(87)90082-0,Mars regolith versus SNC meteorites: Possible evidence for abundant crustal carbonates,Paul H. Warren,1987,Icarus,journal-article,False,Discovery candidate — not screened,Magnetism; Surface and water,,,,https://doi.org/10.1016/0019-1035(87)90082-0
10.1029/rg025i002p00285,The Martian surface,Michael H. Carr,1987,Reviews of Geophysics,journal-article,False,Discovery candidate — not screened,Dichotomy,,,,https://doi.org/10.1029/rg025i002p00285
10.1063/1.2820301,Martian Mistake,Edward C. Ezell; Linda N. Ezell,1987,Physics Today,journal-article,False,Discovery candidate — not screened,Dichotomy,,,,https://doi.org/10.1063/1.2820301
10.1126/science.235.4788.565,Recent Mafic Volcanism on Mars,B. K. Lucchitta,1987,Science,journal-article,False,Discovery candidate — not screened,Volcanism and tectonics,,,,https://doi.org/10.1126/science.235.4788.565
10.1126/science.237.4816.721,Martian Meteorites Are Arriving,Richard A. Kerr,1987,Science,journal-article,False,Discovery candidate — not screened,Meteorite magnetism; Meteorite geochemistry,,,,https://doi.org/10.1126/science.237.4816.721
10.1126/science.237.4816.722,If Meteorites Come from Mars . . .,Richard A. Kerr,1987,Science,journal-article,False,Discovery candidate — not screened,Surface and water,,,,https://doi.org/10.1126/science.237.4816.722
10.2113/gssgfbull.iii.1.21,"Les meteorites ""SNC"" sont-elles des echantillons de la planete Mars ?",P. Pellas,1987,Bulletin de la Société Géologique de France,journal-article,False,Discovery candidate — not screened,Surface and water,,,,https://doi.org/10.2113/gssgfbull.iii.1.21
10.1016/0273-1177(86)90046-3,The Martian magnetotail,O. Vaisberg; V. Smirnov,1986,Advances in Space Research,journal-article,False,Discovery candidate — not screened,Dichotomy,,,,https://doi.org/10.1016/0273-1177(86)90046-3
10.1029/rg024i001p00141,Correction to “SNC meteorites: Clues to Martian petrologic evolution?”,Harry Y. McSween,1986,Reviews of Geophysics,journal-article,False,Discovery candidate — not screened,Meteorite magnetism,,,,https://doi.org/10.1029/rg024i001p00141
10.1093/mnras/222.3.569,The origin of the Tharsis region of Mars,A. J. Connell,1986,Monthly Notices of the Royal Astronomical Society,journal-article,False,Discovery candidate — not screened,Dichotomy,,,,https://doi.org/10.1093/mnras/222.3.569
10.1007/978-94-009-5418-2_38,Subsurface Ice and Permafrost on Mars,Duwayne M. Anderson,1985,Ices in the Solar System,book-chapter,False,Discovery candidate — not screened,Surface and water,,,,https://doi.org/10.1007/978-94-009-5418-2_38
10.1007/bf00054711,Hoyle's ice age origin: Application to Mars,Kent D. Trego,1985,"Earth, Moon, and Planets",journal-article,False,Discovery candidate — not screened,Dichotomy,,,,https://doi.org/10.1007/bf00054711
10.1016/0019-1035(85)90090-9,"Volcano/ground ice interactions in Elysium Planitia, Mars",Peter J. Mouginis-Mark,1985,Icarus,journal-article,False,Discovery candidate — not screened,Volcanism and tectonics,,,,https://doi.org/10.1016/0019-1035(85)90090-9
10.1016/0019-1035(85)90203-9,"Volcano/ground ice interactions in Elysium Planitia, Mars",P Mouginis-Mark,1985,Icarus,journal-article,False,Discovery candidate — not screened,Volcanism and tectonics,,,,https://doi.org/10.1016/0019-1035(85)90203-9
10.1016/0273-1177(85)90244-3,Origin and evolution of the Valles Marineris region of Mars,Ph. Masson,1985,Advances in Space Research,journal-article,False,Discovery candidate — not screened,Dichotomy,,,,https://doi.org/10.1016/0273-1177(85)90244-3
10.1029/rg023i004p00391,SNC meteorites: Clues to Martian petrologic evolution?,Harry Y. McSween,1985,Reviews of Geophysics,journal-article,False,Discovery candidate — not screened,Meteorite magnetism,,,,https://doi.org/10.1029/rg023i004p00391
10.1038/317473a0,Meteorites: Evidence of Martian origins,R. O. Pepin,1985,Nature,journal-article,False,Discovery candidate — not screened,Meteorite magnetism; Meteorite geochemistry,,,,https://doi.org/10.1038/317473a0
10.1038/317509a0,Are all the ‘martian’ meteorites from Mars?,U. Ott; F. Begemann,1985,Nature,journal-article,False,Discovery candidate — not screened,Meteorite magnetism; Surface and water,,,,https://doi.org/10.1038/317509a0
10.1038/309138a0,The martian hemispheric dichotomy may be due to a giant impact,Don E. Wilhelms; Steven W. Squyres,1984,Nature,journal-article,True,Metadata / preview only,Dichotomy,Historical proposal that a giant impact formed the hemispheric contrast.,Establishes the northern-impact hypothesis to test.,Title and bibliographic record checked; original argument still needs full-text review.,https://doi.org/10.1038/309138a0
10.1038/311411a0,Astronomy: Meteorites from Mars,David W. Hughes,1984,Nature,journal-article,False,Discovery candidate — not screened,Surface and water,,,,https://doi.org/10.1038/311411a0
10.1130/0091-7613(1984)12<3:smatmr>2.0.co;2,SNC meteorites: Are they Martian rocks?,Harry Y. McSween,1984,Geology,journal-article,False,Discovery candidate — not screened,Meteorite magnetism; Meteorite geochemistry,,,,https://doi.org/10.1130/0091-7613(1984)12<3:smatmr>2.0.co;2
10.1016/0019-1035(83)90040-4,The origin of SNC meteorites: An alternative to Mars,Ann M. Vickery; H.J. Melosh,1983,Icarus,journal-article,False,Discovery candidate — not screened,Dichotomy; Surface and water,,,,https://doi.org/10.1016/0019-1035(83)90040-4
10.1016/0019-1035(83)90046-5,The role of seasonal reservoirs in the Mars water cycle,Bruce M. Jakosky,1983,Icarus,journal-article,False,Discovery candidate — not screened,Surface and water,,,,https://doi.org/10.1016/0019-1035(83)90046-5
10.1016/0019-1035(83)90047-7,The role of seasonal reservoirs in the Mars water cycle,Bruce M. Jakosky,1983,Icarus,journal-article,False,Discovery candidate — not screened,Surface and water,,,,https://doi.org/10.1016/0019-1035(83)90047-7
10.1029/ja088ia11p09027,Nitrogen escape from Mars,J. L. Fox; A. Dalgarno,1983,Journal of Geophysical Research: Space Physics,journal-article,False,Discovery candidate — not screened,Atmosphere,,,,https://doi.org/10.1029/ja088ia11p09027
10.1029/jb088is02p0a785,Do oblique impacts produce Martian meteorites?,L. E. Nyquist,1983,Journal of Geophysical Research: Solid Earth,journal-article,False,Discovery candidate — not screened,Meteorite magnetism; Meteorite geochemistry,,,,https://doi.org/10.1029/jb088is02p0a785
10.1126/science.221.4611.651,Martian Gases in an Antarctic Meteorite?,D. D. Bogard; P. Johnson,1983,Science,journal-article,False,Discovery candidate — not screened,Meteorite magnetism; Meteorite provenance,,,,https://doi.org/10.1126/science.221.4611.651
10.1016/0019-1035(82)90133-6,Pre-Pleistocene glaciation on Earth: Implications for climatic history of Mars,Nicholas Christie-Blick,1982,Icarus,journal-article,False,Discovery candidate — not screened,Surface and water,,,,https://doi.org/10.1016/0019-1035(82)90133-6
10.1016/0273-1177(82)90103-x,Martian meteorological variability,C. Leovy,1982,Advances in Space Research,journal-article,False,Discovery candidate — not screened,Dichotomy,,,,https://doi.org/10.1016/0273-1177(82)90103-x
10.1029/eo063i023p00529-03,"Viking snaps over 50,000 Mars photos",Peter M. Bell,1982,"Eos, Transactions American Geophysical Union",journal-article,False,Discovery candidate — not screened,Missions,,,,https://doi.org/10.1029/eo063i023p00529-03
10.1038/299761b0,Mars viewed through Viking eyes,J. Veverka,1982,Nature,journal-article,False,Discovery candidate — not screened,Missions,,,,https://doi.org/10.1038/299761b0
10.1016/0019-1035(81)90038-5,Mars: Hellas Planitia gravity analysis,W Sjorgren,1981,Icarus,journal-article,False,Discovery candidate — not screened,Gravity and topography,,,,https://doi.org/10.1016/0019-1035(81)90038-5
10.1029/ja086ia07p05833,The Martian twilight,Ralph Kahn; Richard Goody; James Pollack,1981,Journal of Geophysical Research: Space Physics,journal-article,False,Discovery candidate — not screened,Dichotomy,,,,https://doi.org/10.1029/ja086ia07p05833
10.1029/jb086ib04p03097,Martian ages,G. Neukum; K. Hiller,1981,Journal of Geophysical Research: Solid Earth,journal-article,False,Discovery candidate — not screened,Dichotomy; Meteorite provenance,,,,https://doi.org/10.1029/jb086ib04p03097
10.1029/rg019i001p00013,Volcanism on Mars,Ronald Greeley; Paul D. Spudis,1981,Reviews of Geophysics,journal-article,False,Discovery candidate — not screened,Volcanism and tectonics,,,,https://doi.org/10.1029/rg019i001p00013
10.1038/294305a0,Volcanism on Mars,James W. Head,1981,Nature,journal-article,False,Discovery candidate — not screened,Volcanism and tectonics,,,,https://doi.org/10.1038/294305a0
10.1038/294307a0,Martian geology,Michael H. Carr,1981,Nature,journal-article,False,Discovery candidate — not screened,Dichotomy,,,,https://doi.org/10.1038/294307a0
10.3133/i1385,Controlled photomosaic of the Elysium Northeast Quadrangle of Mars,,1981,,report,False,Discovery candidate — not screened,Volcanism and tectonics,,,,https://doi.org/10.3133/i1385
10.4095/298072,Craters on Mars named for Canadian communities,Canadian Permanent Committee on Geographical Names,1981,,report,False,Discovery candidate — not screened,Chronology,,,,https://doi.org/10.4095/298072
10.1016/0019-1035(80)90096-2,"Radar altimetry of South Tharsis, Mars",L.E. Roth; G.S. Downs; R.S. Saunders; G. Schubert,1980,Icarus,journal-article,False,Discovery candidate — not screened,Missions,,,,https://doi.org/10.1016/0019-1035(80)90096-2
10.1016/0019-1035(79)90010-1,Volcanoes and impact craters on the moon and mars,Ronald Greeley,1979,Icarus,journal-article,False,Discovery candidate — not screened,Chronology,,,,https://doi.org/10.1016/0019-1035(79)90010-1
10.1016/0019-1035(79)90104-0,Areal distribution of Martian rampart craters,Carlton C. Allen,1979,Icarus,journal-article,False,Discovery candidate — not screened,Meteorite provenance,,,,https://doi.org/10.1016/0019-1035(79)90104-0
10.1029/gl006i005p00368,Martian seismicity,Neal R. Goins; Andrew R. Lazarewicz,1979,Geophysical Research Letters,journal-article,False,Discovery candidate — not screened,Dichotomy,,,,https://doi.org/10.1029/gl006i005p00368
10.1029/gl006i009p00739,Venus tectonics: Another Earth or another Mars?,George E. McGill,1979,Geophysical Research Letters,journal-article,False,Discovery candidate — not screened,Volcanism and tectonics,,,,https://doi.org/10.1029/gl006i009p00739
10.1029/jb084ib11p06241,Comments on the gravity and topography of Mars,Kurt Lambeck,1979,Journal of Geophysical Research: Solid Earth,journal-article,False,Discovery candidate — not screened,Gravity and topography,,,,https://doi.org/10.1029/jb084ib11p06241
10.1029/jb084ib11p06248,Silt‐clay aggregates on Mars,Ronald Greeley,1979,Journal of Geophysical Research: Solid Earth,journal-article,False,Discovery candidate — not screened,Surface and water,,,,https://doi.org/10.1029/jb084ib11p06248
10.1029/jb084ib14p07955,Photogrammetric portrayal of Mars topography,Sherman S. C. Wu,1979,Journal of Geophysical Research: Solid Earth,journal-article,False,Discovery candidate — not screened,Gravity and topography; Atmosphere,,,,https://doi.org/10.1029/jb084ib14p07955
10.1029/jb084ib14p08335,The relative humidity of Mars' atmosphere,Donald W. Davies,1979,Journal of Geophysical Research: Solid Earth,journal-article,False,Discovery candidate — not screened,Atmosphere,,,,https://doi.org/10.1029/jb084ib14p08335
10.1038/277326a0,Viking Mars labelled release results,GILBERT V. LEVIN; PATRICIA A. STRAAT,1979,Nature,journal-article,False,Discovery candidate — not screened,Missions,,,,https://doi.org/10.1038/277326a0
10.1038/277326b0,Viking Mars labelled release results (reply),M. D. NUSSINOV; Y. B. CHERNYAK; J. L. ETTINGER,1979,Nature,journal-article,False,Discovery candidate — not screened,Missions,,,,https://doi.org/10.1038/277326b0
10.1038/278531a0,Martian extratropical cyclones,GARRY E. HUNT; PHILIP B. JAMES,1979,Nature,journal-article,False,Discovery candidate — not screened,Dichotomy,,,,https://doi.org/10.1038/278531a0
10.1119/1.2340252,Viking missions to Mars,Robert Hetzel,1979,The Physics Teacher,journal-article,False,Discovery candidate — not screened,Missions,,,,https://doi.org/10.1119/1.2340252
10.1146/annurev.aa.17.090179.002131,Martian Meteorology,Conway B. Leovy,1979,Annual Review of Astronomy and Astrophysics,journal-article,False,Discovery candidate — not screened,Dichotomy,,,,https://doi.org/10.1146/annurev.aa.17.090179.002131
10.1002/phbl.19780340404,Mars‐Programm Viking im Rückblick,Horst W. Köhler,1978,Physikalische Blätter,journal-article,False,Discovery candidate — not screened,Missions,,,,https://doi.org/10.1002/phbl.19780340404
10.1016/0012-8252(78)90057-0,Volcanoes and impact craters on the Moon and Mars,L. Wilson,1978,Earth-Science Reviews,journal-article,False,Discovery candidate — not screened,Chronology,,,,https://doi.org/10.1016/0012-8252(78)90057-0
10.1016/0016-7037(78)90135-7,Volcanoes and impact craters on the Moon and Mars,Michael R. Dence,1978,Geochimica et Cosmochimica Acta,journal-article,False,Discovery candidate — not screened,Chronology,,,,https://doi.org/10.1016/0016-7037(78)90135-7
10.1016/0019-1035(78)90039-8,"Mars, highlands-lowlands: Viking contributions to mariner relative age studies",David H. Scott,1978,Icarus,journal-article,False,Discovery candidate — not screened,Chronology,,,,https://doi.org/10.1016/0019-1035(78)90039-8
10.1016/0019-1035(78)90043-x,Thermal history and evolution of Mars,M. Nafi Toksöz; Albert T. Hsui,1978,Icarus,journal-article,False,Discovery candidate — not screened,Interior; Magnetism,,,,https://doi.org/10.1016/0019-1035(78)90043-x
10.1016/0019-1035(78)90053-2,The Viking biological experiments on Mars,Harold P. Klein,1978,Icarus,journal-article,False,Discovery candidate — not screened,Missions,,,,https://doi.org/10.1016/0019-1035(78)90053-2
10.1029/gl005i001p00081,The magnetic field of Mars: Mars 3 evidence reexamined,C. T. Russell,1978,Geophysical Research Letters,journal-article,False,Discovery candidate — not screened,Magnetism; Atmosphere,,,,https://doi.org/10.1029/gl005i001p00081
10.1029/gl005i001p00085,The magnetic field of Mars: Mars 5 evidence re‐examined,C. T. Russell,1978,Geophysical Research Letters,journal-article,False,Discovery candidate — not screened,Magnetism; Atmosphere,,,,https://doi.org/10.1029/gl005i001p00085
10.1029/gl005i001p00089,On The magnetic field of Mars: Mars 2 and 3 evidence,Sh. Sh. Dolginov,1978,Geophysical Research Letters,journal-article,False,Discovery candidate — not screened,Magnetism,,,,https://doi.org/10.1029/gl005i001p00089
10.1029/gl005i001p00093,On the magnetic field of Mars: Mars 5 Evidence,Sh. Sh. Dolginov,1978,Geophysical Research Letters,journal-article,False,Discovery candidate — not screened,Magnetism; Atmosphere,,,,https://doi.org/10.1029/gl005i001p00093
10.1029/jb083ib07p03497,Mars topography harmonics and geophysical implications,Bruce G. Bills; Alfred J. Ferrari,1978,Journal of Geophysical Research: Solid Earth,journal-article,False,Discovery candidate — not screened,Gravity and topography; Atmosphere,,,,https://doi.org/10.1029/jb083ib07p03497
10.1038/272691a0,Morphology of martian rampart craters,Peter J. Mouginis-Mark,1978,Nature,journal-article,False,Discovery candidate — not screened,Meteorite provenance,,,,https://doi.org/10.1038/272691a0
10.2307/326193,Martian in Moscow,James S. Elliott,1978,The Modern Language Journal,journal-article,False,Discovery candidate — not screened,Dichotomy,,,,https://doi.org/10.2307/326193
10.2514/3.57305,Mars and the Remarkable Viking Results,Gerald A. Soffen,1978,Journal of Spacecraft and Rockets,journal-article,False,Discovery candidate — not screened,Missions,,,,https://doi.org/10.2514/3.57305
10.2514/6.1978-191,Mars and the remarkable Viking results,G. SOFFEN,1978,16th Aerospace Sciences Meeting,proceedings-article,False,Discovery candidate — not screened,Missions,,,,https://doi.org/10.2514/6.1978-191
10.3133/i1131,Shaded relief map of the Elysium Quadrangle of Mars,,1978,,report,False,Discovery candidate — not screened,Volcanism and tectonics,,,,https://doi.org/10.3133/i1131
10.3133/i1135,Topographic map of the Elysium Quadrangle of Mars,,1978,,report,False,Discovery candidate — not screened,Volcanism and tectonics,,,,https://doi.org/10.3133/i1135
10.1016/0040-1951(77)90122-6,Volcanoes and impact craters on the Moon and Mars,P. Hédervári,1977,Tectonophysics,journal-article,False,Discovery candidate — not screened,Chronology,,,,https://doi.org/10.1016/0040-1951(77)90122-6
10.1016/0377-0273(77)90023-3,Volcanoes and Impact Craters on the Moon and Mars,Derek Bostok,1977,Journal of Volcanology and Geothermal Research,journal-article,False,Discovery candidate — not screened,Chronology,,,,https://doi.org/10.1016/0377-0273(77)90023-3
10.1029/js082i028p04039,Martian permafrost features,Michael H. Carr; Gerald G. Schaber,1977,Journal of Geophysical Research,journal-article,False,Discovery candidate — not screened,Dichotomy,,,,https://doi.org/10.1029/js082i028p04039
10.1038/267294a0,Martian geology,J. E. Guest,1977,Nature,journal-article,False,Discovery candidate — not screened,Dichotomy,,,,https://doi.org/10.1038/267294a0
10.1038/267757a0,"Phobos and Deimos, the moons of Mars",David W. Hughes,1977,Nature,journal-article,False,Discovery candidate — not screened,Moons and impacts,,,,https://doi.org/10.1038/267757a0
10.1038/scientificamerican0777-34,The Atmosphere of Mars,Conway B. Leovy,1977,Scientific American,journal-article,False,Discovery candidate — not screened,Atmosphere,,,,https://doi.org/10.1038/scientificamerican0777-34
10.1126/science.198.4316.453,Mars and Earth: Origin and Abundance of Volatiles,Edward Anders; Tobias Owen,1977,Science,journal-article,False,Discovery candidate — not screened,Dichotomy,,,,https://doi.org/10.1126/science.198.4316.453
10.17226/12380,Post-Viking Biological Investigations of Mars,,1977,,edited-book,False,Discovery candidate — not screened,Missions,,,,https://doi.org/10.17226/12380
10.2307/3962032,Viking: Mars Goes into Hiding,,1977,Science News,journal-article,False,Discovery candidate — not screened,Missions,,,,https://doi.org/10.2307/3962032
10.5962/p.399062,Mars – Some results of the Viking landers on Mars,,1977,Castlemaine Naturalist,journal-article,False,Discovery candidate — not screened,Missions,,,,https://doi.org/10.5962/p.399062
10.1007/bf00173706,The atmosphere of Mars,V.I. Moroz,1976,Space Science Reviews,journal-article,False,Discovery candidate — not screened,Atmosphere,,,,https://doi.org/10.1007/bf00173706
10.1007/bf00926945,The origin and evolution of the Viking mission to Mars,Richard S. Young,1976,Origins of Life,journal-article,False,Discovery candidate — not screened,Dichotomy,,,,https://doi.org/10.1007/bf00926945
10.1016/0019-1035(76)90111-1,Martian craters from earth,Rodger W. Gordon,1976,Icarus,journal-article,False,Discovery candidate — not screened,Meteorite provenance,,,,https://doi.org/10.1016/0019-1035(76)90111-1
10.1016/b978-0-08-020567-0.50007-6,MARTIAN ELECTRODYNAMICS,M.G. BOWLER,1976,Gravitation and Relativity,book-chapter,False,Discovery candidate — not screened,Dichotomy,,,,https://doi.org/10.1016/b978-0-08-020567-0.50007-6
10.1021/cen-v054n040.p006,"Krypton, xenon found in Mars' atmosphere",,1976,Chemical & Engineering News Archive,journal-article,False,Discovery candidate — not screened,Atmosphere,,,,https://doi.org/10.1021/cen-v054n040.p006
10.1029/gl003i008p00479,Winds on Mars during the Viking season: Predictions based on a general circulation model with topography,James B. Pollack; Conway B. Leovy; Yale H. Mintz; Warren Van Camp,1976,Geophysical Research Letters,journal-article,False,Discovery candidate — not screened,Atmosphere,,,,https://doi.org/10.1029/gl003i008p00479
10.1038/262349a0,Mars from Viking 1,,1976,Nature,journal-article,False,Discovery candidate — not screened,Missions,,,,https://doi.org/10.1038/262349a0
10.1126/science.193.4255.759,The First Viking Mission to Mars,G. A. Soffen; C. W. Snyder,1976,Science,journal-article,False,Discovery candidate — not screened,Missions,,,,https://doi.org/10.1126/science.193.4255.759
10.1595/003214076x2039293,The Viking Mission to Mars,,1976,Platinum Metals Review,journal-article,False,Discovery candidate — not screened,Missions,,,,https://doi.org/10.1595/003214076x2039293
10.2307/3961289,Martian Biochemistry,Franklin R. Ruehl Jr.,1976,Science News,journal-article,False,Discovery candidate — not screened,Dichotomy,,,,https://doi.org/10.2307/3961289
10.2307/3961551,Viking Photos of Mars,,1976,Science News,journal-article,False,Discovery candidate — not screened,Missions,,,,https://doi.org/10.2307/3961551
10.3133/i935,Geologic map of the Elysium Quadrangle of Mars,,1976,,report,False,Discovery candidate — not screened,Volcanism and tectonics,,,,https://doi.org/10.3133/i935
10.3133/ofr76767,Planimetric Martian triangulations,D.W. Arthur; D.K. McMacken,1976,Open-File Report,report-component,False,Discovery candidate — not screened,Dichotomy,,,,https://doi.org/10.3133/ofr76767
10.1016/0019-1035(75)90040-8,Mars: Satellite origin and angular momentum,William K. Hartmann; Donald R. Davis; Clark R. Chapman; Steven Soter; Richard Greenberg,1975,Icarus,journal-article,False,Discovery candidate — not screened,Dichotomy,,,,https://doi.org/10.1016/0019-1035(75)90040-8
10.1029/gl002i003p00089,The gravity field of Mars,R. D. Reasenberg; I. I. Shapiro; R. D. White,1975,Geophysical Research Letters,journal-article,False,Discovery candidate — not screened,Gravity and topography,,,,https://doi.org/10.1029/gl002i003p00089
10.1029/rg012i004p00730,Martian dust storms,Peter J. Gierasch,1974,Reviews of Geophysics,journal-article,False,Discovery candidate — not screened,Dichotomy,,,,https://doi.org/10.1029/rg012i004p00730
10.1038/252672a0,Martian terminator waves,TOM BEER,1974,Nature,journal-article,False,Discovery candidate — not screened,Dichotomy,,,,https://doi.org/10.1038/252672a0
10.1146/annurev.ea.02.050174.002001,The Atmosphere of Mars,C A Barth,1974,Annual Review of Earth and Planetary Sciences,journal-article,False,Discovery candidate — not screened,Atmosphere,,,,https://doi.org/10.1146/annurev.ea.02.050174.002001
10.1007/978-94-010-2542-3_32,The Atmosphere of Mars,John C. Mcconnell,1973,Astrophysics and Space Science Library Physics and Chemistry of Upper Atmosphere,book-chapter,False,Discovery candidate — not screened,Atmosphere,,,,https://doi.org/10.1007/978-94-010-2542-3_32
10.1016/0019-1035(73)90169-3,Topography and radar scattering properties of Mars,G.H. Pettengill; I.I. Shapiro; A.E.E. Rogers,1973,Icarus,journal-article,False,Discovery candidate — not screened,Gravity and topography; Atmosphere,,,,https://doi.org/10.1016/0019-1035(73)90169-3
10.1029/jb078i020p04049,Volcanism on Mars,Michael H. Carr,1973,Journal of Geophysical Research,journal-article,False,Discovery candidate — not screened,Volcanism and tectonics,,,,https://doi.org/10.1029/jb078i020p04049
10.1029/jb078i020p04355,Martian surface coordinates,Merton E. Davies; David W. G. Arthur,1973,Journal of Geophysical Research,journal-article,False,Discovery candidate — not screened,Dichotomy,,,,https://doi.org/10.1029/jb078i020p04355
10.1029/jb078i023p04815,Mars: Crustal structure inferred from Bouguer gravity anomalies,R. J. Phillips; R. S. Saunders; J. E. Conel,1973,Journal of Geophysical Research,journal-article,False,Discovery candidate — not screened,Interior; Magnetism,,,,https://doi.org/10.1029/jb078i023p04815
10.1038/243053b0,Mars: Targets for Viking,,1973,Nature,journal-article,False,Discovery candidate — not screened,Missions,,,,https://doi.org/10.1038/243053b0
10.1038/physci241121b0,Planets: Martian Magnetism,,1973,Nature Physical Science,journal-article,False,Discovery candidate — not screened,Dichotomy,,,,https://doi.org/10.1038/physci241121b0
10.7249/r1252,Martian Surface Coordinates,Merton Davies; D. Arthur,1973,,edited-book,False,Discovery candidate — not screened,Dichotomy,,,,https://doi.org/10.7249/r1252
10.1016/0019-1035(72)90133-9,The Viking missions to Mars,Gerald A. Soffen; A. Thomas Young,1972,Icarus,journal-article,False,Discovery candidate — not screened,Missions,,,,https://doi.org/10.1016/0019-1035(72)90133-9
10.1016/0019-1035(72)90134-0,Imaging experiment: The Viking Mars orbiter,M.H. Carr; W.A. Baum; G.A. Briggs; H. Masursky; D.W. Wise; D.R. Montgomery,1972,Icarus,journal-article,False,Discovery candidate — not screened,Missions,,,,https://doi.org/10.1016/0019-1035(72)90134-0
10.1016/0019-1035(72)90141-8,Biological experiments: The viking Mars lander,Harold P. Klein; Joshua Lederberg; Alexander Rich,1972,Icarus,journal-article,False,Discovery candidate — not screened,Missions,,,,https://doi.org/10.1016/0019-1035(72)90141-8
10.1016/0019-1035(72)90146-7,Meteorology experiments: the viking mars lander,Seymour L. Hess; Robert M. Henry; Joachim Kuettner; Conway B. Leovy; Jack A. Ryan,1972,Icarus,journal-article,False,Discovery candidate — not screened,Missions,,,,https://doi.org/10.1016/0019-1035(72)90146-7
10.1016/0019-1035(72)90147-9,Seismic investigations: The Viking Mars Lander,Don L. Anderson; Robert L. Kovach; Gary Latham; Frank Press; M. Nafi Toksoz; George Sutton,1972,Icarus,journal-article,False,Discovery candidate — not screened,Interior,,,,https://doi.org/10.1016/0019-1035(72)90147-9
10.1029/jb077i014p02419,Martian doublet craters,Verne R. Oberbeck; Michio Aoyagi,1972,Journal of Geophysical Research,journal-article,False,Discovery candidate — not screened,Dichotomy; Meteorite provenance,,,,https://doi.org/10.1029/jb077i014p02419
10.1038/physci238072a0,Aeolian Deposition in Martian Craters,H. T. U. SMITH,1972,Nature Physical Science,journal-article,False,Discovery candidate — not screened,Meteorite provenance,,,,https://doi.org/10.1038/physci238072a0
10.1093/mind/lxxxi.322.276,TRANSLATION INTO MARTIAN,R. HARRIS,1972,Mind,journal-article,False,Discovery candidate — not screened,Dichotomy,,,,https://doi.org/10.1093/mind/lxxxi.322.276
10.1126/science.175.4019.313,Mariner 9 S-Band Martian Occultation Experiment: Initial Results on the Atmosphere and Topography of Mars,A. J. Kliore; D. L. Cain; G. Fjeldbo; B. L. Seidel; S. I. Rasool,1972,Science,journal-article,False,Discovery candidate — not screened,Atmosphere,,,,https://doi.org/10.1126/science.175.4019.313
10.1126/science.175.4020.443,Mars: An Evolving Atmosphere,Michael B. McElroy,1972,Science,journal-article,False,Discovery candidate — not screened,Atmosphere,,,,https://doi.org/10.1126/science.175.4020.443
10.1175/1520-0469(1972)029<1081:mteoto>2.0.co;2,Mars: The Effects of Topography on Baroclinic Instability,Steven L. Blumsack; P. J. Gierasch,1972,Journal of the Atmospheric Sciences,journal-article,False,Discovery candidate — not screened,Gravity and topography,,,,https://doi.org/10.1175/1520-0469(1972)029<1081:mteoto>2.0.co;2
10.1007/978-94-010-3063-2_26,Variations of the Martian CO2 Abundance with Martian Season,Edwin S. Barker,1971,Planetary Atmospheres,book-chapter,False,Discovery candidate — not screened,Dichotomy,,,,https://doi.org/10.1007/978-94-010-3063-2_26
10.1007/bf00602790,The topography of mars,C. Best,1971,Die Naturwissenschaften,journal-article,False,Discovery candidate — not screened,Gravity and topography; Atmosphere,,,,https://doi.org/10.1007/bf00602790
10.1017/s0252921100089247,The Martian Satellites,S. Fred Singer,1971,International Astronomical Union Colloquium,journal-article,False,Discovery candidate — not screened,Dichotomy,,,,https://doi.org/10.1017/s0252921100089247
10.1038/233583a0,Space: Martian Accord,Our Washington Correspondent,1971,Nature,journal-article,False,Discovery candidate — not screened,Dichotomy,,,,https://doi.org/10.1038/233583a0
10.2307/3956305,Mapping the Topography of Mars with Radar,,1971,Science News,journal-article,False,Discovery candidate — not screened,Gravity and topography,,,,https://doi.org/10.2307/3956305
10.1029/rs005i002p00479,Topography and surface Features of Mars—Summary*,Alan B. Binder,1970,Radio Science,journal-article,False,Discovery candidate — not screened,Gravity and topography,,,,https://doi.org/10.1029/rs005i002p00479
10.1038/225124b0,Mars 1973: Viking Experiments Picked,,1970,Nature,journal-article,False,Discovery candidate — not screened,Missions,,,,https://doi.org/10.1038/225124b0
10.1126/science.167.3924.1490,Mariner 6: Origin of Mars Ionized Carbon Dioxide Ultraviolet Spectrum,A. Dalgarno; T. C. Degges; A. I. Stewart,1970,Science,journal-article,False,Discovery candidate — not screened,Dichotomy,,,,https://doi.org/10.1126/science.167.3924.1490
10.1364/ao.9.001289,Gamma Ray Spectroscopic Measurements of Mars,A. E. Metzger; J. R. Arnold,1970,Applied Optics,journal-article,False,Discovery candidate — not screened,Missions,,,,https://doi.org/10.1364/ao.9.001289
10.2514/6.1970-1162,The Viking Mars Lander decelerator system,J. HUSSONG; R. LAU,1970,3rd Aerodynamic Deceleration Systems Conference,proceedings-article,False,Discovery candidate — not screened,Missions,,,,https://doi.org/10.2514/6.1970-1162
10.1007/bf00203622,Radar observations of Mars,Arye Zachs; AdrianK. Fung,1969,Space Science Reviews,journal-article,False,Discovery candidate — not screened,Surface and water,,,,https://doi.org/10.1007/bf00203622
10.1016/0019-1035(69)90112-2,Topography and surface features of Mars,Alan B. Binder,1969,Icarus,journal-article,False,Discovery candidate — not screened,Gravity and topography; Atmosphere,,,,https://doi.org/10.1016/0019-1035(69)90112-2
10.1038/222047b0,Martian Research,L. WILSON,1969,Nature,journal-article,False,Discovery candidate — not screened,Dichotomy,,,,https://doi.org/10.1038/222047b0
10.1038/2221023a0,Mars: Viking Invasion Planned,,1969,Nature,journal-article,False,Discovery candidate — not screened,Missions,,,,https://doi.org/10.1038/2221023a0
10.1038/223017a0,Magnetic Field: From Earth to Mars,Our Magnetosphere Correspondent,1969,Nature,journal-article,False,Discovery candidate — not screened,Magnetism; Atmosphere,,,,https://doi.org/10.1038/223017a0
10.1126/science.164.3877.297-a,Martian Craters: Comparison of Statistical Counts,A. B. Binder,1969,Science,journal-article,False,Discovery candidate — not screened,Meteorite provenance,,,,https://doi.org/10.1126/science.164.3877.297-a
10.1126/science.164.3877.297.b,Martian Craters: Comparison of Statistical Counts,Alan B. Binder,1969,Science,journal-article,False,Discovery candidate — not screened,Meteorite provenance,,,,https://doi.org/10.1126/science.164.3877.297.b
10.1126/science.165.3890.234,Martian Predictions,Y. S. Lou; D. K. Weidner; O. H. Vaughan; G. S. West,1969,Science,journal-article,False,Discovery candidate — not screened,Dichotomy,,,,https://doi.org/10.1126/science.165.3890.234
10.1126/science.165.3890.234.a,Martian Predictions,Y. S. Lou; Don K. Weidner; Otha H. Vaughan; George S. West,1969,Science,journal-article,False,Discovery candidate — not screened,Dichotomy,,,,https://doi.org/10.1126/science.165.3890.234.a
10.1016/0019-1035(68)90093-6,Surface processes modifying Martian craters,Robert P. Sharp,1968,Icarus,journal-article,False,Discovery candidate — not screened,Meteorite provenance,,,,https://doi.org/10.1016/0019-1035(68)90093-6
10.1016/0019-1035(68)90100-0,“Fossil” Martian weathering,J.T. O'Connor,1968,Icarus,journal-article,False,Discovery candidate — not screened,Dichotomy,,,,https://doi.org/10.1016/0019-1035(68)90100-0
10.1126/science.160.3834.1333,Martian Craters: Number Density,A. H. Marcus,1968,Science,journal-article,False,Discovery candidate — not screened,Meteorite provenance,,,,https://doi.org/10.1126/science.160.3834.1333
10.1086/149409,The Upper Atmosphere of Mars,Michael B. McElroy,1967,The Astrophysical Journal,journal-article,False,Discovery candidate — not screened,Atmosphere,,,,https://doi.org/10.1086/149409
10.1126/science.155.3760.354-b,Martian and Lunar Craters,R. A. Wells; G. Fielder,1967,Science,journal-article,False,Discovery candidate — not screened,Meteorite provenance,,,,https://doi.org/10.1126/science.155.3760.354-b
10.1126/science.155.3760.354.b,Martian and Lunar Craters,R. A. Wells; G. Fielder,1967,Science,journal-article,False,Discovery candidate — not screened,Meteorite provenance,,,,https://doi.org/10.1126/science.155.3760.354.b
10.1126/science.155.3760.355,Response : Martian and Lunar Craters,E. J. Öpik,1967,Science,journal-article,False,Discovery candidate — not screened,Meteorite provenance,,,,https://doi.org/10.1126/science.155.3760.355
10.1016/0019-1035(66)90050-9,Martian atmosphere and crust,S. Miyamoto,1966,Icarus,journal-article,False,Discovery candidate — not screened,Meteorite geochemistry,,,,https://doi.org/10.1016/0019-1035(66)90050-9
10.1016/0019-1035(66)90071-6,Martian Cratering,William K. Hartmann,1966,Icarus,journal-article,False,Discovery candidate — not screened,Dichotomy,,,,https://doi.org/10.1016/0019-1035(66)90071-6
10.1111/j.1749-6632.1966.tb50952.x,COMMENTS CONCERNING THE LITHOSPHERE OF MARS,Eric Burgess,1966,Annals of the New York Academy of Sciences,journal-article,False,Discovery candidate — not screened,Interior; Volcanism and tectonics,,,,https://doi.org/10.1111/j.1749-6632.1966.tb50952.x
10.1111/j.1949-8594.1966.tb15065.x,CANALS AND OASES ON MARS MAY BE CRACKS AND CRATERS,,1966,School Science and Mathematics,journal-article,False,Discovery candidate — not screened,Chronology,,,,https://doi.org/10.1111/j.1949-8594.1966.tb15065.x
10.1126/science.151.3715.1216,Mars: Upper Atmosphere,S. H. Gross; W. E. McGovern; S. I. Rasool,1966,Science,journal-article,False,Discovery candidate — not screened,Atmosphere,,,,https://doi.org/10.1126/science.151.3715.1216
10.1126/science.153.3733.255,The Martian Surface,Ernst J. Öpik,1966,Science,journal-article,False,Discovery candidate — not screened,Dichotomy,,,,https://doi.org/10.1126/science.153.3733.255
10.2514/6.1966-2060,MARTIAN ENVIRONMENTAL MEDICINE,"HUBERTUS STRUGHOLD, MD, PHD",1966,Stepping Stones to Mars Meeting,proceedings-article,False,Discovery candidate — not screened,Dichotomy,,,,https://doi.org/10.2514/6.1966-2060
10.1126/science.147.3659.683,The Martian Environment,Philip H. Abelson,1965,Science,journal-article,False,Discovery candidate — not screened,Dichotomy,,,,https://doi.org/10.1126/science.147.3659.683
10.1126/science.149.3689.1241,Magnetic Field Measurements near Mars,Edward J. Smith; Leverett Davis; Paul J. Coleman; Douglas E. Jones,1965,Science,journal-article,False,Discovery candidate — not screened,Magnetism; Atmosphere,,,,https://doi.org/10.1126/science.149.3689.1241
10.1126/science.149.3691.1494,Age of Craters on Mars,Edward Anders; James R. Arnold,1965,Science,journal-article,False,Discovery candidate — not screened,Chronology,,,,https://doi.org/10.1126/science.149.3691.1494
10.1126/science.149.3691.1496,Mars: Age of Its Craters,J. Witting; F. Narin; C. A. Stone,1965,Science,journal-article,False,Discovery candidate — not screened,Chronology,,,,https://doi.org/10.1126/science.149.3691.1496
10.1126/science.150.3702.1445,Atmosphere of Mars,F. S. Johnson,1965,Science,journal-article,False,Discovery candidate — not screened,Atmosphere,,,,https://doi.org/10.1126/science.150.3702.1445
10.1126/science.150.3704.1715,Mars: Radar Observations,R. M. Goldstein,1965,Science,journal-article,False,Discovery candidate — not screened,Surface and water; Missions,,,,https://doi.org/10.1126/science.150.3704.1715
10.2307/3948908,Mars Atmosphere Cooler,,1965,The Science News-Letter,journal-article,False,Discovery candidate — not screened,Atmosphere,,,,https://doi.org/10.2307/3948908
10.2307/3949534,Craters Found on Mars,,1965,The Science News-Letter,journal-article,False,Discovery candidate — not screened,Chronology,,,,https://doi.org/10.2307/3949534
10.6028/jres.069d.188,Preliminary Mars radar results,Richard M. Goldstein,1965,"Journal of Research of the National Bureau of Standards, Section D: Radio Science",journal-article,False,Discovery candidate — not screened,Surface and water,,,,https://doi.org/10.6028/jres.069d.188
10.1175/1520-0469(1964)021<0220:ma>2.0.co;2,Martian Airglow,Edward C. Y. Inn,1964,Journal of the Atmospheric Sciences,journal-article,False,Discovery candidate — not screened,Dichotomy,,,,https://doi.org/10.1175/1520-0469(1964)021<0220:ma>2.0.co;2
10.1086/127908,On the Topography of Mars,Gilbert Fielder,1963,Publications of the Astronomical Society of the Pacific,journal-article,False,Discovery candidate — not screened,Gravity and topography; Atmosphere,,,,https://doi.org/10.1086/127908
10.1126/science.141.3586.1171.b,Radar Observations of Mars,R. M. Goldstein; W. F. Gillmore,1963,Science,journal-article,False,Discovery candidate — not screened,Surface and water,,,,https://doi.org/10.1126/science.141.3586.1171.b
10.2514/3.1560,ELECTRICAL PROPERTIES OF SHOCK WAVES ON MARS,WILLIAM O. DAVIES,1963,AIAA Journal,journal-article,False,Discovery candidate — not screened,Magnetism,,,,https://doi.org/10.2514/3.1560
10.1126/science.136.3510.17,Martian Biology,Frank B. Salisbury,1962,Science,journal-article,False,Discovery candidate — not screened,Dichotomy,,,,https://doi.org/10.1126/science.136.3510.17
10.1126/science.137.3533.928,Martian Antifreeze,N. D. Levine; F. Salisbury,1962,Science,journal-article,False,Discovery candidate — not screened,Dichotomy,,,,https://doi.org/10.1126/science.137.3533.928
10.1126/science.137.3533.928-a,Martian Antifreeze,Norman D. Levine,1962,Science,journal-article,False,Discovery candidate — not screened,Dichotomy,,,,https://doi.org/10.1126/science.137.3533.928-a
10.1126/science.137.3533.928.a,Martian Antifreeze,Norman D. Levine,1962,Science,journal-article,False,Discovery candidate — not screened,Dichotomy,,,,https://doi.org/10.1126/science.137.3533.928.a
10.1002/j.1477-8696.1957.tb00381.x,The ATMOSPHERE OF MARS,R. M. Goody,1957,Weather,journal-article,False,Discovery candidate — not screened,Atmosphere,,,,https://doi.org/10.1002/j.1477-8696.1957.tb00381.x
10.1038/161594d0,Atmosphere of Mars,,1948,Nature,journal-article,False,Discovery candidate — not screened,Atmosphere,,,,https://doi.org/10.1038/161594d0
10.2307/3910323,No Martian Men,Frank Thone,1934,The Science News-Letter,journal-article,False,Discovery candidate — not screened,Dichotomy,,,,https://doi.org/10.2307/3910323
10.1109/jrproc.1929.221855,Ionization in the Atmosphere of Mars,E.O. Hulburt,1929,Proceedings of the IRE,journal-article,False,Discovery candidate — not screened,Atmosphere,,,,https://doi.org/10.1109/jrproc.1929.221855
10.1086/142949,The Atmosphere of Mars,Donald H. Menzel,1926,The Astrophysical Journal,journal-article,False,Discovery candidate — not screened,Atmosphere,,,,https://doi.org/10.1086/142949
10.1175/1520-0493(1920)48<39a:ma>2.0.co;2,MARTIAN ATMOSPHERE,,1920,Monthly Weather Review,journal-article,False,Discovery candidate — not screened,Dichotomy,,,,https://doi.org/10.1175/1520-0493(1920)48<39a:ma>2.0.co;2
10.1177/002205741608300105,A Martian Opinion,,1916,Journal of Education,journal-article,False,Discovery candidate — not screened,Dichotomy,,,,https://doi.org/10.1177/002205741608300105
10.1038/088550a0,On Martian Detail,JAMES H. WORTHINGTON,1912,Nature,journal-article,False,Discovery candidate — not screened,Dichotomy,,,,https://doi.org/10.1038/088550a0
10.1038/089006b0,Mars and a Lunar Atmosphere,C. T. WHITMELL,1912,Nature,journal-article,False,Discovery candidate — not screened,Atmosphere,,,,https://doi.org/10.1038/089006b0
10.1038/089062a0,Mars and a Lunar Atmosphere,,1912,Nature,journal-article,False,Discovery candidate — not screened,Atmosphere,,,,https://doi.org/10.1038/089062a0
10.1037/10911-005,The Martian cycle.,Th. Flournoy,1900,From India to the planet Mars: A study of a case of somnambulism with glossolalia.,book-chapter,False,Discovery candidate — not screened,Dichotomy,,,,https://doi.org/10.1037/10911-005
10.1037/10911-006,The Martian cycle (continued)--the Martian language.,Th. Flournoy,1900,From India to the planet Mars: A study of a case of somnambulism with glossolalia.,book-chapter,False,Discovery candidate — not screened,Dichotomy,,,,https://doi.org/10.1037/10911-006
10.1037/10911-007,The Martian cycle (concluded)--the ultra-Martian.,Th. Flournoy,1900,From India to the planet Mars: A study of a case of somnambulism with glossolalia.,book-chapter,False,Discovery candidate — not screened,Dichotomy,,,,https://doi.org/10.1037/10911-007
10.1038/scientificamerican04271895-16112asupp,The Circulation of Water in the Atmosphere of Mars,Camille Flammarion,1895,Scientific American,journal-article,False,Discovery candidate — not screened,Atmosphere,,,,https://doi.org/10.1038/scientificamerican04271895-16112asupp
10.1086/140071,On Martian Longitudes,Percival Lowell,1895,The Astrophysical Journal,journal-article,False,Discovery candidate — not screened,Dichotomy,,,,https://doi.org/10.1086/140071
10.1086/120876,Concerning an Atmosphere on Mars,W. W. Campbell,1894,Publications of the Astronomical Society of the Pacific,journal-article,False,Discovery candidate — not screened,Atmosphere,,,,https://doi.org/10.1086/120876
10.1126/science.ns-20.511.282,Origin of the Lines of Mars,Henry W. Parker,1892,Science,journal-article,False,Discovery candidate — not screened,Dichotomy,,,,https://doi.org/10.1126/science.ns-20.511.282
10.1093/mnras/46.8.445,The Northern Hemisphere of Mars,N. E. Green.,1886,Monthly Notices of the Royal Astronomical Society,journal-article,False,Discovery candidate — not screened,Surface and water,,,,https://doi.org/10.1093/mnras/46.8.445
10.1098/rspl.1830.0043,On the atmosphere of Mars,James South,1837,Abstracts of the Papers Printed in the Philosophical Transactions of the Royal Society of London,journal-article,False,Discovery candidate — not screened,Atmosphere,,,,https://doi.org/10.1098/rspl.1830.0043
