altitude_km,shift_south_km,distance_each_side_km,station,north_field_nt,south_field_nt,delta_log1p_nt
150,0,200,14,39.84380892924868,52.19982238812416,0.26429980415226284
150,0,200,15,44.80489491554901,54.22720690472099,0.18706474927228056
150,0,200,44,31.369338011533888,24.81372818421473,-0.22630516647460075
150,0,200,45,31.14729294645087,24.574764906900874,-0.22872212691167126
150,0,200,46,29.99218925690207,25.15624603723417,-0.16964719709711318
150,0,200,47,25.940524346897963,25.911107996753607,-0.0010924962453304765
150,0,200,50,17.456645089805036,27.747882353451836,0.44313963414837865
150,0,200,51,13.817630255477686,27.76245220069652,0.6632530882055261
150,0,200,53,6.225361492623755,27.25221880396085,1.3635747299133365
150,0,200,54,5.485447009194488,27.463649780932716,1.479067081810913
150,0,200,55,5.040544150484905,27.27792448875876,1.5435873478198325
150,0,200,56,5.705558626183252,27.436243279089002,1.4447276752208202
150,0,200,57,6.273108355702177,27.565603151469972,1.3680195475940564
150,0,200,58,6.665461748500639,27.648510639634406,1.318376705483948
150,0,200,59,6.9809039023895085,27.693480950866956,1.2796182763720712
150,0,200,60,7.275728154871408,27.700582373421952,1.2435905023783356
150,0,200,61,7.595350497271085,27.681437684167157,1.2050287257239005
150,0,200,62,7.717760279052961,27.415642581579185,1.181577432464084
150,0,200,63,7.778806487167572,26.994206579047123,1.1596571178709945
150,0,200,64,7.966626282331673,26.73785690416828,1.1292886612830797
150,0,200,65,8.095617159107409,26.472229958074443,1.1053830081206257
150,0,200,66,8.131434296823826,26.24648577913387,1.093201771157926
150,0,200,67,8.323208639258633,26.20727076816346,1.0709774011875308
150,0,200,68,8.592504417623296,26.214126019246997,1.0427541737673138
150,0,200,69,8.670126211823273,25.8965906062746,1.0229581740391351
150,0,200,70,8.722094286497498,25.4450295735169,1.0006671659824407
150,0,200,71,8.949002297760376,25.000401406286286,0.9606397020445265
150,0,200,72,9.214062269840289,24.570246991616553,0.9176640239607079
150,0,200,73,9.347763869428611,24.29154653924373,0.8936997659103287
150,0,200,703,164.14725944576526,52.12821278696581,-1.134129455959338
150,0,200,704,164.4558009336721,50.377478029869906,-1.1695041894931166
150,0,200,705,162.1465596234445,49.31583216276705,-1.176329153309959
150,0,200,706,157.87896162399,49.14367693326602,-1.1532502413028674
150,0,200,707,153.15264888321263,47.838187684252155,-1.149430796635421
150,0,200,708,148.4149038415664,47.25930997885509,-1.1301382635972876
150,0,200,709,143.56816218871495,46.537638217379445,-1.112229326186251
150,0,200,710,138.81373093500935,45.76372036095426,-1.0952033470622662
150,0,200,711,133.85314195346692,45.15256819110967,-1.0722337407535232
150,0,200,712,129.71640721272703,44.9007289625598,-1.0465491476535829
150,0,200,713,121.14820552597172,45.167132230394664,-0.9729669855333989
150,0,200,714,113.85568805409801,45.754265486394296,-0.8987709619245439
150,0,200,843,149.42634128587704,64.95498589253602,-0.8245010603031222
150,0,200,844,155.82962692227596,66.5909762381419,-0.8416855507392196
150,0,200,845,151.4317529408635,65.16442434254299,-0.8345740523251761
150,0,200,846,147.62279761022464,64.26596639803392,-0.8229408244420151
150,0,200,847,151.37238319940772,68.00375234600229,-0.792166529284505
150,0,200,848,147.11545119852317,70.00618452283271,-0.7352250661257251
150,0,200,851,145.45469148228744,90.0711361441721,-0.47507519045770863
150,0,200,1236,80.0212722126619,81.8448758816038,0.022258153716657958
150,0,200,1237,93.70472502632762,81.51087320094818,-0.1378338125973384
150,0,200,1238,107.18628334145222,80.76640497114292,-0.2799881249650582
150,0,200,1239,118.83569596652416,81.54955777167399,-0.3727227910367148
150,0,200,1240,127.82328972052446,81.6950119481235,-0.4432823329416893
150,0,200,1241,137.86172392185244,82.48955658202287,-0.5087570929068654
150,0,200,1242,144.60404417589197,82.76221278986681,-0.5529089268797094
150,0,200,1243,147.8554144961418,83.27492368254639,-0.5688911067768592
150,0,200,1244,150.7455907763365,84.25124406309546,-0.5766026645052138
150,0,200,1245,152.2118878426492,85.6348806865834,-0.5701193374147548
150,0,200,1246,152.4900283447974,88.39183517732359,-0.5406062540979919
150,0,200,1247,152.1432320857904,91.74400924448082,-0.5015305318483332
150,0,200,1248,151.23020259872467,95.4463252334676,-0.4564072275401463
150,0,200,1249,149.81504313102022,99.29366568340643,-0.4079516668405603
150,0,200,1250,147.9648387839815,103.12620383099372,-0.3581066349596522
150,0,200,1260,130.45279661212754,79.11431459034092,-0.49519327895056353
150,0,200,1261,130.29804779360487,62.48961129134506,-0.7265936221055149
150,0,200,1262,127.96319030574755,61.315929192655766,-0.7273099387886779
150,0,200,1263,129.56662200853665,69.69581202304336,-0.6134972747058454
150,0,200,1264,129.07846631474743,90.21327499322275,-0.35493740978291477
150,0,200,1265,128.07858347899878,104.47463427178572,-0.2019509025815811
150,0,200,1266,129.0410298419894,126.80456715025056,-0.01734773682423718
150,0,200,1267,128.264442362314,134.18611224469961,0.04479219135598367
150,0,200,1268,127.99132851912894,140.05942365672396,0.0894360646490524
150,0,200,1269,127.15193891998328,143.75491335318208,0.12182547681761413
150,0,200,1270,125.7084354835136,150.03255783194692,0.1756067648418096
150,0,200,1271,122.82998314262045,154.51417852663795,0.2278273866044831
150,0,200,1272,116.71272159202618,155.6331608325437,0.2856594228173641
150,0,200,1273,114.51501748112283,161.6758326715369,0.3423589209967517
150,0,200,1274,113.1553540044722,167.4881734182308,0.3893052847876586
150,0,200,1275,108.37313121622216,170.11507057964332,0.44757099904619846
150,0,200,1276,102.85412513484911,172.12113132058855,0.5110042589464543
150,0,200,1277,99.2659902757453,172.09014803554322,0.545985988225067
150,0,200,1278,94.69658051108306,171.28933352260523,0.587992668706586
150,0,200,1279,92.60496217799198,170.88922688240194,0.6077668427832768
150,0,200,1280,85.18097088074039,158.87685351488437,0.6179544555015406
150,0,200,1281,84.39112307245068,147.34840266075784,0.5523214292051435
150,0,200,1282,84.61116428639717,138.44874354247705,0.4878814053897722
150,0,200,1283,80.34763583377553,126.92166831621586,0.452686338731767
150,0,200,1284,82.20378395073908,112.3957363893142,0.30959096563887734
150,0,200,1285,81.41522774032104,102.03981656165098,0.2233452595756642
150,0,200,1286,84.011466804527,101.4073098484314,0.186171944321873
150,0,200,1287,82.88649578948582,90.4563289365491,0.08639693447229035
150,0,200,1288,80.8650199784664,69.28707325152509,-0.152483891003536
150,0,200,1289,82.54648056095127,61.68527762961705,-0.28727651688500977
150,0,200,1290,77.5802809101721,45.17377856580582,-0.5317087155024565
150,0,200,1291,81.92667566801411,35.56188559233808,-0.8189504711208162
150,0,200,1292,83.42184462665048,31.22408825877842,-0.963111935256943
150,0,200,1293,84.39824295284424,31.230276465785,-0.9744192525675364
150,0,200,1294,82.12571891913291,32.362177420807114,-0.9129313018214287
150,0,200,1295,82.66819223811576,35.967666778938124,-0.8168152244621383
150,0,200,1333,83.04492288559257,37.096526616951984,-0.791228339080329
150,0,200,1334,83.17565481227302,31.731105449348522,-0.9445798814473143
150,0,200,1335,81.58109223460254,26.884751466725447,-1.0857007497448974
150,0,200,1336,81.45838075968491,25.34322855229308,-1.1410824293853365
150,0,200,1337,80.77285386801931,23.416374621554294,-1.2086913304613254
150,0,200,1339,72.408254766074,21.00094743170762,-1.204950874541399
150,0,200,1340,68.53358976932446,20.35383588362741,-1.180578551632499
150,0,200,1344,53.939339983773884,19.395338390345664,-0.9909233027338722
150,0,200,1345,52.527670890131,19.767400155200082,-0.9468142761164469
150,0,200,1346,49.674790879855514,20.372972517955976,-0.8633014082741353
150,0,200,1347,48.467386962814544,20.962754924999775,-0.8119655424710515
150,0,200,1348,48.13817058888297,22.320905624028903,-0.7452859424687168
150,0,200,1411,79.08948046222316,133.1544152211843,0.5158469735092908
150,0,200,1412,79.52543993990746,121.92015683393966,0.4229618545663554
150,0,200,1413,79.92086818286154,108.32019252647763,0.30080938104062227
150,0,200,1420,81.6815460816235,12.946793304450994,-1.7797468230285616
150,0,200,1421,81.8185360168384,17.734642892390315,-1.4862775301988456
150,0,200,1422,81.24497319929202,36.23227093214786,-0.7925263882637372
150,0,200,1423,81.46748889605766,44.84705459053015,-0.5870931851662062
150,0,200,1424,81.59311247872579,51.60869336252303,-0.4510449138761472
150,0,200,1425,81.86536905813642,55.3573982390782,-0.38550370858094496
150,0,400,1242,89.48502925568779,148.04783994631728,0.49908291344465106
150,0,400,1243,95.55960021265415,156.72850416471925,0.49071479045556465
150,0,400,1244,103.6971155253836,159.8704325802516,0.4295277068075478
150,0,400,1245,110.92384442722991,164.15254899759287,0.38905090661067465
150,0,400,1246,114.93184795469121,180.03241492553315,0.44567360239957754
150,0,400,1247,118.72334071138505,198.28328184012742,0.5095437523385904
150,0,400,1248,122.20187354666147,217.93494673161678,0.5749503804586871
150,0,400,1249,125.21453288781535,238.10851558311757,0.6389343879165734
150,0,400,1256,127.75922271134452,338.49771746334056,0.9695230540581132
150,0,400,1257,128.7567437381385,321.2075648437325,0.9095344536319505
150,0,400,1258,128.54033103166384,299.63789431741185,0.8419142624492881
150,0,400,1259,128.50946649263324,272.73523040394025,0.7484073480157765
150,0,400,1260,130.20418594062565,231.47765288640542,0.5720393227540121
150,0,400,1261,130.72184702477097,198.5141766439293,0.41519281491089544
150,0,400,1262,130.15085006303838,190.43683103427063,0.3782097022517661
150,0,400,1277,55.802144153009635,136.6337443809909,0.8850220565736162
150,0,600,103,6.486453614965384,41.50575342172643,1.7365442386442327
150,0,600,1162,5.818336988556814,5.627223805549545,-0.028429614490312893
150,0,600,1205,71.9819999533843,8.069211786939517,-2.085327477726041
150,0,600,1242,41.443353916603144,158.50831397896314,1.3239257082504223
150,0,600,1243,41.748917351236756,164.65307378759746,1.3545518145456081
150,0,600,1244,40.8857963893822,163.23635702865732,1.3663598105461356
150,0,600,1245,40.81662707375556,162.8585780536181,1.3657096895407959
150,0,600,1246,41.57802423254146,172.04119311086222,1.4021914195350882
150,0,600,1247,42.83750021667649,182.03961893187287,1.429213005895814
150,0,600,1248,44.415775512315044,192.65762684236066,1.4502322669249046
150,0,600,1249,46.05586912347746,203.61994101068564,1.4698187116488235
150,0,600,1250,47.48796432506676,214.59884728091632,1.4921038835560427
150,0,600,1251,48.47497582059596,225.24098954620604,1.5201337538079787
150,0,600,1252,48.8362574152683,235.20170862043832,1.5559433578532271
150,0,600,1253,48.4539786226186,244.17083152181982,1.600912726764622
150,0,600,1254,48.602129186403765,258.6145243271318,1.6551641721819275
150,0,600,1255,47.79575656854509,264.19377025103404,1.6928174137623584
150,0,600,1257,51.25037320249077,269.85348110506686,1.6455309810905927
150,0,600,1258,52.40063097775585,267.3267860115173,1.6143830265365073
150,0,600,1259,53.86396269083741,265.1602469102669,1.579241843695482
150,0,600,1260,55.69904536576844,261.1086700260171,1.5310018148496116
150,0,600,1261,54.73472586527804,251.5457748370309,1.510989121476923
150,0,600,1262,57.0398160918445,243.8692329938121,1.4395950658049177
150,0,600,1263,52.30585574052965,215.61587231412236,1.4020794223269806
150,0,600,1264,53.648488652681436,185.30649303856336,1.2264715703843834
150,0,600,1265,53.49871331715385,172.24170431380657,1.1565106616440635
150,0,600,1266,47.49985168069804,152.30963487876386,1.1508988939228342
150,0,600,1267,48.70220126307125,148.2951925989361,1.0998762812922402
150,0,600,1268,46.46780578070303,148.40440786055441,1.146605067804745
150,0,600,1269,34.239392258757114,158.56581436482324,1.5102919112228776
150,500,200,0,47.824327121216754,97.8590908275814,0.7054668160432129
150,500,200,1,56.461732151880916,77.70568381441109,0.31459617564340014
150,500,200,2,57.32616995314426,70.54263559606463,0.20424269711387932
150,500,200,3,57.51908467128343,66.45126990796882,0.14205247514182062
150,500,200,4,54.84750063761168,62.38819471893039,0.12665286776081697
150,500,200,5,53.682734696002406,62.77024057971918,0.15373860960221464
150,500,200,6,54.341330694852495,63.78097188155375,0.15749189655851037
150,500,200,7,54.539884216248,64.79704219906992,0.16947348875378143
150,500,200,11,62.10658462122854,69.60404512528812,0.11226232298821337
150,500,200,12,77.94278905669023,48.069467690770885,-0.47548639887316835
150,500,200,13,72.90225593015695,43.39463737060402,-0.509624672080967
150,500,200,14,40.710809255109034,57.448368193737075,0.33738345957745164
150,500,200,15,46.127602239175026,51.69431476704809,0.1116487063717364
150,500,200,16,47.15133832033852,53.089879384003126,0.1162981632950113
150,500,200,17,42.453700294156654,55.096838916624336,0.2553834534375379
150,500,200,18,36.293732285752476,54.832671482960926,0.403533931194481
150,500,200,19,38.89271770563065,56.26060539921983,0.36141907883132607
150,500,200,20,43.860134765338856,56.60809218982888,0.25011351402183957
150,500,200,21,55.550813911959736,55.74209470704679,0.00337675109897706
150,500,200,22,57.42159985809807,34.33207263714132,-0.5028945573099848
150,500,200,23,51.59381114673187,49.37924573348891,-0.04301915474802431
150,500,200,24,47.482431025697245,78.37371703370277,0.49296580830395964
150,500,200,25,47.24208942292526,79.91632411869553,0.5171837205919476
150,500,200,26,46.86660129944459,79.20050413396883,0.5161117984778305
150,500,200,27,46.46121142155986,72.20447877829844,0.433343828802919
150,500,200,28,45.59595481153414,63.44458385902779,0.3242919587873989
150,500,200,29,45.50230522634096,61.40448713578128,0.29413529589275855
150,500,200,30,46.24713370121583,61.42778894407011,0.2786185221934616
150,500,200,31,46.7370438428748,62.58171017529174,0.28661815615228425
150,500,200,32,46.8703087655754,63.27975350812589,0.2947492527343085
150,500,200,33,47.02441101233907,66.32491457899026,0.3378209255202287
150,500,200,37,42.09575814624299,79.53277825063097,0.6252397113999981
150,500,200,38,38.186403167902135,79.28094788819375,0.7172025024697843
150,500,200,39,32.49329250485208,78.92544972765081,0.8697491267530868
150,500,200,40,31.215649134809333,78.27536681315685,0.9004751150441965
150,500,200,41,29.502828436244855,78.10132238160644,0.952910177551443
150,500,200,42,29.06673624289357,77.28524927848186,0.956939745538667
150,500,200,43,29.488330084873635,76.38742041463172,0.931480250216489
150,500,200,44,29.348859898555435,76.38900906393002,0.9360858170762785
150,500,200,54,31.10484582219398,61.615391452886,0.6680041388038371
150,500,200,56,30.866652377737534,77.04844533539273,0.8957696449422223
150,500,200,57,30.66108734146037,81.06762921949334,0.9524552557346175
150,500,200,58,30.539439984935473,81.91557133225196,0.9665840515518727
150,500,200,59,30.387313053600717,82.15291502804973,0.9742774940995211
150,500,200,60,30.150115643648558,82.35962187941435,0.9843460842960097
150,500,200,61,30.025969033191295,82.48897669634691,0.989890042979932
150,500,200,62,27.629821456431838,81.93780191327691,1.0636420694863276
150,500,200,63,27.405682005500438,72.10900049188339,0.9453622891484232
150,500,200,64,27.000607799881507,66.75471257565582,0.883667798574773
150,500,200,65,26.82086787771194,58.564680636205175,0.7612764094472828
150,500,200,68,25.492190727422916,51.935609425291894,0.6922262584073731
150,500,200,74,16.363246509195584,49.92011673284131,1.0759023635156497
150,500,200,75,16.070979489914343,49.50445763217104,1.084681686389613
150,500,200,76,19.594950834748722,50.08255407660965,0.908397090771019
150,500,200,78,26.315653854056492,62.68535317523811,0.8464946625777521
150,500,200,81,27.937335976086366,61.00531503733015,0.7620874441619536
150,500,200,82,26.784977499942492,57.328188400120716,0.7415899855705503
150,500,200,83,28.623914360873812,57.17613362331726,0.6748932426954704
150,500,200,84,41.55906695421273,51.92652878027217,0.21801178066588633
150,500,200,85,43.78469087077414,48.111023514301685,0.09221716170815597
150,500,200,86,28.540498956219626,47.06670838225818,0.486827636223941
150,500,200,87,28.578027863431604,56.79581973487628,0.6698846663604456
150,500,200,88,27.958988687832647,56.74604118829544,0.6901741502926493
150,500,200,89,27.407386304208295,56.33601391974142,0.7022797489804642
150,500,200,90,26.07348975151818,60.917309484160405,0.8272447657069502
150,500,200,91,24.76049214703827,74.04762937282985,1.0692809641359733
150,500,200,92,23.993836160545285,84.13964450671793,1.2256635441038246
150,500,200,93,20.938506127554188,73.94583581527105,1.2285222999637129
150,500,200,98,4.917140352232669,34.59306040106875,1.7942974027209124
150,500,200,99,11.755102401429948,23.134759636000712,0.6377217300185429
150,500,200,100,15.735125598760849,31.376618163270447,0.6599266608580852
150,500,200,101,24.265905798545347,69.23719390027763,1.0224221083491831
150,500,200,106,36.1448923861366,59.30290332142397,0.48455397505431774
150,500,200,107,34.36767948799702,56.27914756184902,0.4821382463110191
150,500,200,108,34.075291552207176,56.29966864688054,0.49079790272194623
150,500,200,109,33.7164492854229,56.119132937590365,0.4979255208144888
150,500,200,110,32.38707797932285,55.252656190020275,0.5216843228495538
150,500,200,111,32.78676612719594,54.548121688632115,0.49718051140714214
150,500,200,112,33.29212407405838,52.25888546109288,0.44024894481521093
150,500,200,113,30.678047386897575,55.304092634450086,0.5751432963010168
150,500,200,116,25.563229316954022,61.17083363412609,0.8503580741906176
150,500,200,117,27.24264331374301,63.178800943569016,0.8208399427894708
150,500,200,118,28.522785862835214,61.590530662393604,0.7514516319633122
150,500,200,119,28.037550491431322,62.100311712183675,0.7761358725758205
150,500,200,120,26.57109027092848,63.548433551605825,0.8506480799804019
150,500,200,125,25.190325064044675,58.713948210127604,0.8241755612654464
150,500,200,126,31.744739702310845,56.381050244543,0.5609717843026809
150,500,200,127,40.18456571268425,15.057317836221124,-0.9418988819257659
150,500,200,128,33.26194706292225,4.457213961581657,-1.8370969271587652
150,500,200,129,26.915464754567818,9.464225432586252,-0.981218489425725
150,500,200,134,29.532007974962568,62.800516779107404,0.7369857151676227
150,500,200,135,32.5415608151858,68.78087389130293,0.7325746679562277
150,500,200,136,36.62333281833936,66.9218733617384,0.5907337118980553
150,500,200,137,37.927201837359796,52.17359589646397,0.3118686731360296
150,500,200,138,38.66541840051528,37.42264199203006,-0.03183281401743088
150,500,200,139,40.28010213437749,36.77313423649849,-0.08878247990586452
150,500,200,140,43.13027617298865,52.7374155450243,0.19696342876964712
150,500,200,141,47.14440423764832,63.46687811019746,0.2919466579541865
150,500,200,142,48.57908906512627,52.63539542029676,0.07864005904514793
150,500,200,143,38.30876804186463,45.15094949671215,0.1604699354986252
150,500,200,144,25.567032148141696,51.74284084962747,0.6857569904770768
150,500,200,145,16.95036589537847,52.54905625545349,1.0929876742539646
150,500,200,146,12.028578283511262,51.737612646202685,1.398183639255837
150,500,200,154,8.623679309501622,34.49424669053277,1.3051439621301655
150,500,200,155,8.291091595342742,35.83248405107079,1.3773241264742273
150,500,200,156,8.200005413127489,38.12024727490578,1.4474360936415698
150,500,200,157,8.652758229801208,32.145546798341414,1.2336646712839032
150,500,200,158,9.750678967997745,20.85128236235488,0.7092906967791541
150,500,200,159,12.060405108252302,18.424694466044958,0.3969600248504719
150,500,200,160,14.746831911427664,30.070947393391307,0.6796340186060181
150,500,200,161,18.48113930835282,33.91252352568497,0.5833988225588942
150,500,200,162,20.07786463533666,26.964483601348242,0.28271184180347486
150,500,200,168,37.03353047540286,34.84407315253026,-0.05928992171050096
150,500,200,169,48.95968858854565,48.98708418754218,0.0005482037873099088
150,500,200,170,50.418838091934205,35.755113159157894,-0.33572725559634087
150,500,200,171,46.010391993819475,60.60158631673987,0.27031893858187495
150,500,200,172,38.831878215627526,64.50924071311393,0.49752366039533946
150,500,200,173,30.022229915894158,39.33515702902141,0.26251942994485766
150,500,200,174,31.11605108962722,29.388559527191486,-0.05528973286605021
150,500,200,175,44.78192841324749,29.65361094481758,-0.40113896945266436
150,500,200,176,52.44251559336021,28.092830941006618,-0.6081148169391257
150,500,200,177,48.68256106886943,14.269829780892463,-1.1797750157231315
150,500,200,178,34.18377255910953,30.717781941018984,-0.103707501339934
150,500,200,179,32.697983105916684,33.50478677128344,0.023660074328358593
150,500,200,180,29.768690662198257,42.45840854350065,0.34530671926455714
150,500,200,181,78.19047846021468,44.95583124826518,-0.5441753251752384
150,500,200,182,80.7652377702832,41.9151443538676,-0.6446274082711261
150,500,200,183,81.6259524141094,41.547902469452175,-0.6636932669145263
150,500,200,184,88.6302932819086,38.173633579201635,-0.8276894497884291
150,500,200,185,84.48496173994576,37.30340541824801,-0.8028016678419116
150,500,200,186,74.48583861545352,37.69773133485078,-0.6681640941757339
150,500,200,187,68.77100637429984,38.293382377734716,-0.5741624246550479
150,500,200,197,11.71872928582851,34.22117805488612,1.018571896963325
150,500,200,198,43.87294037923127,21.35555488160793,-0.6967601181709058
150,500,200,199,37.040686816886954,26.772341679275204,-0.31461567080912944
150,500,200,201,31.761585843351085,22.492190607120218,-0.33258861439918785
150,500,200,202,39.56870878727822,43.529873443309505,0.09316322734945759
150,500,200,203,46.33691249220729,59.967442007914755,0.25304960200258897
150,500,200,204,51.834858866113066,51.18546222563043,-0.012367223994673715
150,500,200,205,54.53318043474506,33.60463280779475,-0.4729931185055185
150,500,200,206,54.264054866054735,24.43420229395676,-0.776027879513701
150,500,200,207,51.31857853110285,19.764208371313348,-0.9241207848969482
150,500,200,212,50.02466260188411,59.26138213049473,0.16638237329143424
150,500,200,213,47.285146803177646,78.26973056362154,0.49573235411122285
150,500,200,214,49.095183495263576,89.96256709730835,0.59652320565977
150,500,200,215,51.00974998668808,93.58717881208148,0.5980907355955116
150,500,200,216,51.066850386230094,93.60568743524185,0.597189117854577
150,500,200,217,48.108014367832524,81.88963323073676,0.5234877559279449
150,500,200,218,37.12585678213126,56.053270419662255,0.4030926925140679
150,500,200,228,49.82564929946053,35.020736208525236,-0.3443063562104278
150,500,200,229,52.97712534464651,39.15202189382613,-0.29588755446357995
150,500,200,230,74.29717329967609,41.39691365922915,-0.5743670263877085
150,500,200,232,51.08395827088317,40.526177558703615,-0.22653298575459635
150,500,200,233,49.81563832901458,44.68528599342762,-0.10642787178580848
150,500,200,234,41.51720499824688,38.43241467136306,-0.07532063203895012
150,500,200,235,26.9669040437724,27.268975934203468,0.010743133950930073
150,500,200,236,59.76260735066156,31.27745463440538,-0.6326056015164476
150,500,200,237,66.73997387741333,51.32484900883247,-0.2582050790725394
150,500,200,238,69.37991247454666,63.82558253910711,-0.08220757056164985
150,500,200,239,73.20008582420684,80.07235927182661,0.0885767734061238
150,500,200,240,73.95963525305889,100.78947981272351,0.3059569850238857
150,500,200,241,65.49413688157529,140.6971868676846,0.756578517185722
150,500,200,242,53.0643569349693,169.56384980881325,1.148934580271209
150,500,200,243,47.27480463499098,144.2505731572405,1.1015505603418254
150,500,200,244,44.93799236952239,110.2062986052075,0.8840945271818161
150,500,200,245,43.91853990070668,102.23466215871858,0.8321540453802014
150,500,200,246,43.371143491298376,90.77211569193665,0.726719164071798
150,500,200,247,42.39181782587528,80.16845128262632,0.6262557466930141
150,500,200,248,41.772901219222206,72.8109237298766,0.5456019856922176
150,500,200,249,40.67267899385554,56.84755240680135,0.3279654093641948
150,500,200,250,38.7850185856881,35.15355844112002,-0.09571504478321113
150,500,200,251,37.203175648134845,25.34678355316499,-0.3715724430642444
150,500,200,252,35.02666721807863,17.26480594465717,-0.6792833845357453
150,500,200,253,31.7297476048666,11.48853335342434,-0.9634734854764879
150,500,200,254,28.5691150422086,11.663649897946422,-0.8479947291212206
150,500,200,255,26.321296319652323,11.460920684576308,-0.7850690812042393
150,500,200,256,24.57794438062933,11.093267839239862,-0.7490815116630896
150,500,200,257,23.24464963761938,10.223169768088264,-0.770215588819342
150,500,200,258,25.152777634197445,6.495808034678397,-1.2496114685771977
150,500,200,259,26.270393889069982,2.4710683587520528,-2.0613392098581316
150,500,200,260,26.276377084633722,8.423985293129954,-1.0627629530086216
150,500,200,261,24.389460254103028,25.42419225039831,0.03994582637710753
150,500,200,262,26.42124080805075,23.446275368361803,-0.11484005740092407
150,500,200,263,26.34856862069908,10.166057227288977,-0.8957856198621372
150,500,200,264,25.23088119272639,8.6633359696577,-0.9985984610745757
150,500,200,265,13.838507860811427,7.964042091022954,-0.5040044327308224
150,500,200,266,6.133939981592854,8.241832470970182,0.25887651146779533
150,500,200,267,4.883920543213801,8.231691495265554,0.45041899354129766
150,500,200,268,3.7717322960300828,8.311065614872298,0.6684941401509206
150,500,200,269,16.13207773507881,9.207967655365241,-0.5177840391228599
150,500,200,270,18.666157705866425,13.99751967321643,-0.27101444322936885
150,500,200,271,20.404107569345125,19.0957789207793,-0.06307305703217869
150,500,200,272,26.61306378036205,22.31999723741082,-0.1689777430975088
150,500,200,273,35.06521008095214,24.398570981147863,-0.35063577914612143
150,500,200,274,40.53104000906498,19.80024465974035,-0.6914763505599848
150,500,200,275,42.56422855777437,15.537397653036665,-0.9686120270413521
150,500,200,276,38.836055406827285,6.610222246406508,-1.6552800409733144
150,500,200,277,41.01194786291136,5.410900776460157,-1.879954262946604
150,500,200,278,4.713607160011492,57.556225349919856,2.3271368587435033
150,500,200,279,10.13378851624513,60.83309187676379,1.7144541932422928
150,500,200,280,7.737801044292361,52.88107338601336,1.8191207118843549
150,500,200,281,7.9642452739023115,38.32060876637118,1.47850485984993
150,500,200,282,8.806276294705356,24.74545553706826,0.965235508618544
150,500,200,283,10.394398278716915,16.655637403012634,0.43793327641194946
150,500,200,284,11.741455274502666,17.750654463318792,0.3863677841293218
150,500,200,285,12.151390475140937,21.748454214492863,0.5479697038846005
150,500,200,286,12.622012935055572,23.67709545258187,0.5941884214146871
150,500,200,287,13.86079318771791,24.819426821439656,0.5524007709222918
150,500,200,288,14.578782338380313,26.31265195277421,0.5614401543716281
150,500,200,289,13.678515698439838,26.186865517038584,0.616349063658395
150,500,200,292,5.696990972335741,22.231382951207646,1.2438457610830014
150,500,200,293,32.87426512182215,9.378411878279726,-1.1829277173504313
150,500,200,294,33.20087044884824,9.846174498230384,-1.1484386584583968
150,500,200,295,31.27411086941345,10.958110616763854,-0.9928556269119384
150,500,200,296,26.13821611516419,12.566192052010187,-0.6933621039675626
150,500,200,297,19.012368493977878,13.627683834380626,-0.31343462078200135
150,500,200,298,19.439475679842563,11.981102937795994,-0.45397343357414366
150,500,200,299,19.275544418509895,11.692114199941857,-0.4684345798856233
150,500,200,300,20.383188384341327,9.381914080233011,-0.7225397622427296
150,500,200,301,20.301372802254782,11.355218299479823,-0.5446930132462864
150,500,200,302,20.656139357963013,18.68651347562956,-0.09535518120934316
150,500,200,303,23.11905475965873,13.980803189513166,-0.4762325879130014
150,500,200,304,26.131701684949213,14.278982656883821,-0.5742246465959502
150,500,200,305,33.78652779386699,58.43502947929496,0.5356535949594337
150,500,200,475,60.01748171741435,48.67646956653665,-0.20562903702231994
150,500,200,476,55.26517610131305,39.16079447310363,-0.3371845441678416
150,500,200,477,54.63016996986892,28.82656265213051,-0.6233263187982998
150,500,200,478,54.312488741077665,21.255443772876056,-0.9104120765805979
150,500,200,479,56.41195009131428,17.967586989908714,-1.1075208969204504
150,500,200,480,58.241574081589214,19.054607479305652,-1.0831646334897251
150,500,200,481,60.90496839337397,20.184627042329325,-1.0723246621815399
150,500,200,482,58.86614683008022,28.799159592914087,-0.697630992389473
150,500,200,483,51.500057181916894,48.08620971046167,-0.06723612471885909
150,500,200,484,50.23604301171704,45.86468590179346,-0.0891788234664257
150,500,200,485,37.759103990414076,49.423007154472494,0.2630818921841147
150,500,200,486,54.83309131736194,42.63424313918192,-0.246524492777481
150,500,200,487,78.22588220904464,22.34979553322911,-1.2217148135334073
150,500,200,488,75.18625766343126,23.088241159903813,-1.1514572980547428
150,500,200,489,71.86151664272326,26.61753339065744,-0.9701097684089026
150,500,200,490,68.59461847830043,41.584599731541566,-0.49119456437083775
150,500,200,491,66.37360991026333,45.71102796392761,-0.36627311525174466
150,500,200,492,67.82811885447323,50.0456506072579,-0.298892023424036
150,500,200,493,72.93203965838627,50.954589193091834,-0.35277623593942753
150,500,200,494,50.533443074717674,68.30324797325802,0.29626079639327507
150,500,200,497,64.11075037319223,58.27957776082819,-0.09382481371256368
150,500,200,498,41.560336093143704,53.349945101718106,0.24452086155114783
150,500,200,499,37.11923647824105,52.77573735445496,0.34410333774623814
150,500,200,500,28.018112440554372,49.30295207347769,0.5501435627756956
150,500,200,501,21.357413699343326,42.38687161739021,0.6629989228505258
150,500,200,502,40.215541174994634,33.010497994303414,-0.19214615671731838
150,500,200,503,58.97766210941295,29.191515496196413,-0.6864112536513223
150,500,200,504,65.26363863652959,30.352649326314797,-0.7483425383658084
150,500,200,505,72.39500108170279,36.539409302482824,-0.6704645322623639
150,500,200,506,71.34509038928725,42.672518494758144,-0.5047285547235623
150,500,200,507,66.55739890802879,53.98384440979382,-0.20593818664594554
150,500,200,508,61.71662225854012,139.8089593705905,0.8087775532971948
150,500,200,509,56.329007352701595,165.74643399105452,1.0676675670580131
150,500,200,510,51.88913086289828,209.18281964866296,1.3797798697233783
150,500,200,511,48.14039534155374,240.79631931517628,1.5934143037738986
150,500,200,512,41.62892308981616,247.49647307666442,1.7628956839192704
150,500,200,513,43.05271172602536,238.9012082027792,1.6948402954400361
150,500,200,514,49.34286783022056,189.9217589063547,1.3330067475895704
150,500,200,515,77.63804563795188,95.2729686954305,0.20233195697525463
150,500,200,516,101.00901489565753,64.17082212599546,-0.4480493353452255
150,500,200,517,111.14800529893046,20.661771810258028,-1.644270435542683
150,500,200,518,12.69961237768116,127.95485912965495,2.2420948750607796
150,500,200,519,20.144857716438953,165.45389270396504,2.0633216084180632
150,500,200,520,21.22950856466205,170.91936967770343,2.0456049650787946
150,500,200,521,26.033108246692905,223.57892309797663,2.117164849794981
150,500,200,522,30.236696717718537,231.32926418085432,2.0065620271416096
150,500,200,523,37.3802724621659,213.74920609107468,1.7219272743384706
150,500,200,524,62.65387900949797,166.3702413367136,0.9667481065089767
150,500,200,525,24.08239904594982,75.31121564392909,1.1126535545808829
150,500,200,526,28.420429822712244,171.41474740825913,1.7682135714343312
150,500,200,527,28.774589415426515,212.0492839663782,1.967868193496983
150,500,200,528,26.307657876723045,244.89714738547445,2.197746177284428
150,500,200,529,23.464357884595096,230.95570558697463,2.249329151133976
150,500,200,530,20.638509468511867,167.86512536076148,2.054625748431983
150,500,200,531,20.27400693427105,107.61575814777177,1.6303305038433709
150,500,200,532,19.180202600291665,65.91514706490018,1.1987233004999398
150,500,200,533,18.733186522246932,63.32895628094046,1.1817080473951465
150,500,200,534,18.02164955776877,63.31984641842474,1.2182904562001942
150,500,200,535,17.89804627109208,55.93175204935351,1.102794673169404
150,500,200,536,17.847181666960736,50.58940044319929,1.006952844592294
150,500,200,537,17.56155618581977,48.41959213428575,0.9792543774148519
150,500,200,538,38.03928439578945,90.38521825331544,0.8505153081363477
150,500,200,539,18.6821376373345,93.38379823335805,1.5676579240289512
150,500,200,540,21.468079962839884,83.2046351271696,1.321154335119917
150,500,200,541,22.990744324438985,81.33825428875005,1.233167712046793
150,500,200,542,22.37610807904014,83.46058333919875,1.2845704776717466
150,500,200,543,38.574759707199746,80.82439444107526,0.7263838857854257
150,500,200,544,27.68913133381696,112.18942370917357,1.3725443794024446
150,500,200,545,16.60128932671537,193.7692348217799,2.403843290048791
150,500,200,546,17.851070742189908,181.59388859322897,2.2706947831994926
150,500,200,547,10.008478811786414,51.08768458039581,1.554262763447118
150,500,200,548,10.111982580672944,50.42037337974423,1.5320104253465137
150,500,200,549,10.667209850919757,44.45632152931372,1.3599695681176192
150,500,200,550,11.877701023111346,40.47325769382832,1.1695516138563442
150,500,200,551,17.685655840514837,43.685591655877616,0.8718949531765392
150,500,200,552,27.838453224884013,47.95285718036597,0.5291480586376642
150,500,200,553,50.44816366107231,50.38072242078435,-0.0013117179914647892
150,500,200,554,61.839862954299896,51.57092728966431,-0.17842637870055222
150,500,200,555,58.11541065415722,49.99871975353252,-0.14769111645339184
150,500,200,556,65.43197564276204,50.410555030110864,-0.2563349992942259
150,500,200,557,77.02828263563143,51.12420588931366,-0.4034419135940457
150,500,200,558,73.32244763229784,49.84543251299933,-0.37962273195237506
150,500,200,559,73.2466837239904,49.906125366195596,-0.3774098555367149
150,500,200,560,82.47207626255023,51.819070689821366,-0.45763984710293615
150,500,200,561,102.58854755719308,56.313586968383625,-0.5918890634208154
150,500,200,562,105.92584893917724,56.6397741142508,-0.617922741440065
150,500,200,563,113.80279897338872,59.089191994452705,-0.6473858732233495
150,500,200,564,136.84541006881366,67.04279594030008,-0.7059959810722445
150,500,200,565,145.42341925302188,71.19103127014391,-0.7071867387614166
150,500,200,566,152.094412936948,75.48900033838137,-0.693907865029507
150,500,200,567,160.7019532327318,64.62530197457912,-0.9017935234528691
150,500,200,572,137.34629174747568,78.90005428873698,-0.5489833702277567
150,500,200,573,129.38430553301123,83.64219845362352,-0.4320533439660226
150,500,200,574,120.05553448220442,87.64990592390039,-0.3115544316569032
150,500,200,575,110.96160756672305,93.57117390217323,-0.1688033089457397
150,500,200,576,100.21462876463393,96.4751054104097,-0.03764628313903362
150,500,200,577,99.6806093319275,96.50701534057055,-0.0320288947870111
150,500,200,578,90.21739250197471,97.68808681236561,0.07871865200881967
150,500,200,579,86.86840891024637,98.1708153818365,0.12100342919671991
150,500,200,580,89.24836865731962,95.95740827646344,0.0717062709113554
150,500,200,581,89.16522277753951,96.07733172194044,0.07386409919535009
150,500,200,582,81.80540515827812,100.6753183945596,0.20529124433153445
150,500,200,583,75.43957848835085,103.9211255037699,0.3167082771220633
150,500,200,584,68.95459264139336,107.0100036138936,0.43437749387308777
150,500,200,585,61.727032512442605,110.2396481772533,0.5728943713509986
150,500,200,586,55.93956197659461,112.7939913742783,0.6923993313221803
150,500,200,587,49.73771457068155,114.63722568689013,0.823788414721935
150,500,200,588,42.34029219825557,115.97563822837023,0.9928829547616438
150,500,200,589,34.737447979026484,116.8507201632342,1.1932196382034705
150,500,200,590,27.319355415719482,113.14587894519062,1.3939317624011607
150,500,200,591,24.72141108446631,111.00442734735988,1.471214639221294
150,500,200,592,28.040689944731856,98.2022789254473,1.2284630389639606
150,500,200,593,22.425343124963003,89.75067747312322,1.3542974625578759
150,500,200,608,55.70567450603906,80.16921645430708,0.3586617823848828
150,500,200,609,55.99302019006318,57.026587771129094,0.01797250782509341
150,500,200,610,57.252916780092676,44.04901692878052,-0.25704300263458935
150,500,200,611,57.995345692083276,31.537237802395676,-0.5950733422514678
150,500,200,612,59.161428358152925,40.166295620790024,-0.3794115679160579
150,500,200,613,61.473000428431654,45.97996950675059,-0.28501314009952683
150,500,200,614,64.31121348443787,57.570050733224434,-0.1089402578197527
150,500,200,615,80.76948626897249,70.04057422014228,-0.14065296381454395
150,500,200,616,84.40108769393125,73.81271522397054,-0.1323709770172039
150,500,200,617,93.29676743295799,79.44624721847666,-0.15885768447094595
150,500,200,618,105.39744916366705,79.38290175128273,-0.28038011381095895
150,500,200,619,112.52738150391988,82.03749723376342,-0.31275177487845696
150,500,200,620,118.83485650144462,81.76657527090849,-0.37009029954623607
150,500,200,621,126.4668084042205,84.35195595729795,-0.40107263858982556
150,500,200,622,143.18028599731159,89.41869642761932,-0.4666134376837432
150,500,200,623,138.87447077908448,87.33176739290107,-0.459645573563944
150,500,200,624,145.98041078737938,88.7555258915269,-0.4932097226539689
150,500,200,625,159.4286695383469,96.30112515220081,-0.5000388643627929
150,500,200,626,163.73654888972945,99.28288457095486,-0.49635248642010943
150,500,200,627,176.76632518638894,107.27134377149785,-0.4958293894437604
150,500,200,628,183.48356411420122,116.4238376289159,-0.4517704430947642
150,500,200,629,191.58794064753303,127.66047186218522,-0.4033759504545138
150,500,200,630,199.6030799652834,154.44502209822483,-0.25503611570975515
150,500,200,631,206.2718311814157,161.68211155810903,-0.2422330651123339
150,500,200,632,207.5988006041236,161.75597803836797,-0.24816078097696348
150,500,200,633,207.75823630287678,174.1910447935679,-0.17529975529179342
150,500,200,634,210.76267896891486,181.88293308800627,-0.1466199705683655
150,500,200,635,211.8296349869668,181.60826340506895,-0.15314878865618553
150,500,200,636,211.2323654282539,194.4068593616149,-0.08259789457664102
150,500,200,637,209.10997645261062,216.37194960624734,0.03397884868302814
150,500,200,638,208.3479564636407,223.64390621874543,0.07051877840221543
150,500,200,639,195.70532566496357,227.29862468816594,0.1489477292828072
150,500,200,640,194.75796635002644,226.94156423330526,0.15221026828765982
150,500,200,641,198.98393459769846,218.37892955221483,0.09256347023829026
150,500,200,642,190.3698434682346,226.46371074721637,0.17278280350025543
150,500,200,643,186.82715270329993,230.2473779745994,0.20796589843233448
150,500,200,644,184.94335230907706,233.34187586063766,0.23133898722734525
150,500,200,645,176.69030636217047,238.2529373004542,0.29747912428158685
150,500,200,646,168.73348089286984,245.33856172197346,0.3724774095315029
150,500,200,647,168.38886268324015,262.2864265220876,0.44104547941005556
150,500,200,648,165.9149203386317,266.0219918057241,0.4698467977736138
150,500,200,649,164.80326069651989,266.1270319973568,0.4769224115736366
150,500,200,650,165.4782479588648,270.20742869849164,0.48801928965090546
150,500,200,651,165.03311797874062,269.83444323784,0.4893204492824168
150,500,200,652,164.57488001803486,270.55252909111323,0.4947320582423931
150,500,200,653,164.11100738989597,269.5292588363281,0.4937622384396798
150,500,200,654,164.2430765344731,268.6078461988095,0.4895509007888359
150,500,200,655,163.73971724981746,266.34234784633,0.4841632815837018
150,500,200,656,162.88639831854795,261.2148725349358,0.4699907972003219
150,500,200,657,163.6989099973876,262.2875939579612,0.4691279288235801
150,500,200,658,162.4196919455148,254.74591358252945,0.4478627376250106
150,500,200,659,161.08194434075008,249.13400459306095,0.4338947560201811
150,500,200,660,164.66103777745204,261.18196432873617,0.4590950233793425
150,500,200,661,162.29271474230717,246.59250374141635,0.4162398784131751
150,500,200,662,161.99430655148302,244.82100350178644,0.41088837197635897
150,500,200,663,165.93703298121392,246.99009843509927,0.39577212640341397
150,500,200,664,165.67910187986874,245.89747118251756,0.39290273577454116
150,500,200,665,163.92491473717476,254.67018050389285,0.43839794829755263
150,500,200,666,156.20849176054654,287.86933546850577,0.6084015620967813
150,500,200,667,156.79864365097507,321.1606778042901,0.7137306074706968
150,500,200,668,147.73262447448846,363.72790420496517,0.8970013803041521
150,500,200,669,135.04333594119072,393.5341480976164,1.0647322153846215
150,500,200,670,126.4329868054666,422.5465707482145,1.2010728416507783
150,500,200,671,124.23994790238655,463.2061605782491,1.3100972846642458
150,500,200,672,117.3731793658835,467.3652069212988,1.375406177104015
150,500,200,673,98.70447107909014,469.16943094561134,1.5508825998271893
150,500,200,674,87.23604966268809,472.93722231029244,1.681059264699238
150,500,200,675,89.35376878711934,462.0514760895816,1.6341054980026701
150,500,200,676,91.27216675706558,467.4167615466458,1.6246158716636172
150,500,200,677,86.47973818156834,465.3975755808329,1.6736312339591182
150,500,200,678,84.3637610952674,467.801721744401,1.7032582433302892
150,500,200,679,85.10272354162483,453.9367033615988,1.6646172525424765
150,500,200,680,81.23676382705943,463.1390598834734,1.730581754769795
150,500,200,681,79.09123438606646,478.5105723492725,1.7895995280718626
150,500,200,682,74.90161831335779,469.06666667973184,1.8234365228187261
150,500,200,683,73.42701844220002,456.7825168363997,1.8165751902458096
150,500,200,684,69.37321568348813,416.4724533589715,1.7804058304058925
150,500,200,685,65.96708628665476,323.92051653274285,1.5793793386688142
150,500,200,686,62.72616885173529,275.0507533589132,1.4659894455770788
150,500,200,692,55.31960578058405,264.82376561399,1.551790841731683
150,500,200,693,53.952537587445846,267.67372551374757,1.5870278673990539
150,500,200,694,49.22824893874171,268.5874442615612,1.6803152099344274
150,500,200,695,48.97939922202683,268.86693417582956,1.6863180961618403
150,500,200,696,43.18342489457926,268.7692369926058,1.809217199380306
150,500,200,697,41.43751197441813,268.710629793441,1.8493169552821582
150,500,200,698,42.25527243759301,269.629567461962,1.8336318440524662
150,500,200,699,40.189762527435924,268.4177209020098,1.8780732978243582
150,500,200,700,34.74859369255911,264.0735166361328,2.0034962776852714
150,500,200,701,33.704400832117685,261.1524415268961,2.0220596684037173
150,500,200,702,31.71116940585421,252.28258708566545,2.0467892187859515
150,500,200,703,31.125159699435795,239.45101157067256,2.012876860312829
150,500,200,704,29.335085517491006,228.36229831231313,2.0229978615770605
150,500,200,705,29.298289017495527,217.10220408440017,1.9738725361482246
150,500,200,706,30.905971501632386,207.0927934256183,1.8751909157762774
150,500,200,707,32.147196212861104,193.36853424708076,1.7687978837991989
150,500,200,708,34.47340233483884,171.0753463091314,1.5791492551662611
150,500,200,709,36.513278664530084,151.0726814328723,1.3996636058628766
150,500,200,710,37.71430434683486,134.68312255887903,1.254113032813624
150,500,200,711,38.35233742342546,131.0836557809498,1.2108801038154935
150,500,200,712,35.898325174860055,128.30053721913194,1.2539732787949562
150,500,200,713,35.73201542289288,129.179912938498,1.265268709738761
150,500,200,714,34.94817213093783,129.79406405038017,1.2915458179994013
150,500,200,715,34.19987728531866,130.78066157440713,1.32009628938212
150,500,200,716,33.22570152669301,131.88621711154565,1.3565163831670435
150,500,200,717,32.00551125577062,133.06554429830427,1.4016542616442682
150,500,200,718,30.335948101621817,127.68014287067021,1.4125638724770715
150,500,200,719,28.57508753839466,128.01919011431707,1.4730287841358511
150,500,200,720,28.331438653458363,123.039065758552,1.441936630063652
150,500,200,721,31.40986735300536,113.81662136634392,1.264873334460943
150,500,200,722,30.824636412689614,115.79704866723704,1.3001970820183426
150,500,200,723,34.57447070316875,113.03679585346966,1.1648929014312834
150,500,200,724,45.066494841203266,115.77694361392966,0.9301797576143609
150,500,200,725,54.97633464669678,122.9327922278073,0.794810414686328
150,500,200,726,59.33794462023353,124.97633289239678,0.7361328852744045
150,500,200,727,84.10340884748311,160.3035959002898,0.6394211863876063
150,500,200,728,120.11744802886616,183.93888298795952,0.4232646885771727
150,500,200,729,135.3422123974756,189.7646580244029,0.33587251851300604
150,500,200,730,146.22675645491273,196.37846414748444,0.29314906434583055
150,500,200,731,156.84245370518312,195.67639858862117,0.21996232424079665
150,500,200,732,166.9346386659808,192.85490376688082,0.14353511236329108
150,500,200,733,179.58553466472162,183.85047922416825,0.02334273609433346
150,500,200,734,187.7564419647304,167.03549790250509,-0.11628226303929345
150,500,200,735,192.04287712749104,145.380377912445,-0.2767037636214571
150,500,200,736,197.1026317329532,133.2606909971135,-0.3890018732812157
150,500,200,737,200.14326327419917,129.97105299327106,-0.429041077512748
150,500,200,738,202.41338773917786,130.2092070661488,-0.4384472513515618
150,500,200,739,206.0920265073266,124.2679345479073,-0.5027083472539413
150,500,200,740,207.16240546963837,128.42586092054424,-0.4752103559127976
150,500,200,741,206.50971072636383,131.66149093710123,-0.4473774344386259
150,500,200,742,209.2068276294331,129.64636886652704,-0.47559774075299455
150,500,200,743,212.94504653345223,123.02735518888548,-0.5452170425083986
150,500,200,744,215.18617541190372,118.9115344022176,-0.5893857020530966
150,500,200,745,217.09699668583983,115.03046209575183,-0.6310871418533672
150,500,200,746,218.7329603864373,111.6832023655723,-0.6678326300511648
150,500,200,747,220.80132547852665,107.96022942774971,-0.710799102892766
150,500,200,748,221.21620445441712,107.49913765169275,-0.7169085768458086
150,500,200,749,221.35337922997,107.42120459372015,-0.7182442304285841
150,500,200,750,233.54645437098833,90.32646681069272,-0.9432130339413396
150,500,200,751,259.8590619874466,74.52682345280608,-1.2394923984095616
150,500,200,754,286.9626959815623,42.67389345181782,-1.8860804241684912
150,500,200,755,298.92611471499663,68.0769136216398,-1.4683155860797417
150,500,200,756,308.5399853397373,84.32248395558744,-1.2886492705402919
150,500,200,757,334.9779035825101,109.69678257552462,-1.1102506197196123
150,500,200,761,422.96841059270287,181.47820686886814,-0.8430281976624352
150,500,200,762,430.1501870001359,272.93441596280985,-0.45356777118486047
150,500,200,763,420.09683113844613,369.97531380514135,-0.12672728915516807
150,500,200,764,399.5106252996816,421.9924341325625,0.054613996431789325
150,500,200,765,384.7332477719487,399.9474587497541,0.038684330541272516
150,500,200,781,653.6221220644851,355.1303266367553,-0.6087614063611557
150,500,200,782,654.2821888212256,356.6418669992876,-0.6055338513008603
150,500,200,785,652.8465512135766,345.2746269520388,-0.6356405130115652
150,500,200,802,624.2218170170946,342.0629157897934,-0.6001926356954099
150,500,200,803,587.4468424796859,433.7925339761563,-0.302617611551633
150,500,200,804,515.0328289024226,398.1465483506616,-0.25684174680655847
150,500,200,805,447.3974033889843,325.31531308254733,-0.31781576838754155
150,500,200,806,364.6257112640379,263.69376672805606,-0.32303660280551316
150,500,200,807,270.8343952253541,318.22849042063643,0.1607140775026048
150,500,200,812,209.51302448921217,61.231241785978156,-1.2186903721039961
150,500,200,813,242.67931484324535,68.63669647690809,-1.2525614008106274
150,500,200,814,74.10794210328987,271.6620057996295,1.2893066472599974
150,500,200,816,105.58723120858774,371.56547767677546,1.2514490790964947
150,500,200,817,73.23455760434632,324.8095408807764,1.4790832025508838
150,500,200,818,72.16238402815769,325.92768954983035,1.4970576040793935
150,500,200,824,102.0217170554,427.23707092787623,1.424737135067705
150,500,200,825,102.54379032191942,368.1130761355973,1.2711084183656416
150,500,200,826,102.03050417482467,299.87399442949066,1.0716664525229715
150,500,200,827,101.214072489776,256.59650472020616,0.9243250616202907
150,500,200,838,77.26581110599705,196.30565387520332,0.9246432009814773
150,500,200,845,76.24737193387344,252.23710780047267,1.1873133399003004
150,500,200,846,77.55878585824823,238.3146059190738,1.113931820103983
150,500,200,1114,3.0235171085698997,6.829739264012726,0.6657727870769952
150,500,200,1138,8.40112061201072,4.857800057064553,-0.4730547799950431
150,500,200,1245,282.1735288096613,96.30746261808322,-1.068184202482792
150,500,200,1258,199.56529616960955,223.45486933199308,0.11253479908907416
150,500,200,1259,180.63361327843913,226.52944748399239,0.22528812531972342
150,500,200,1260,153.1338182989825,215.24552699907318,0.33859328611217343
150,500,200,1261,131.89969241701428,194.5499425510238,0.3862211560976121
150,500,200,1262,128.65656985783698,182.83480187586986,0.3491483539406568
150,500,200,1263,113.50273543303354,162.03574797495753,0.35337077653728066
150,500,200,1274,169.21411984142475,146.82363161289084,-0.1410372881289934
150,500,200,1275,167.5395911896701,149.91654760612127,-0.11044366556372509
150,500,200,1276,164.85993558145594,149.8064596601875,-0.09514638003259446
150,500,200,1277,172.6509906055016,162.42581999747685,-0.06068829672073495
150,500,200,1278,173.67328410280024,168.88415867054312,-0.02780049582663402
150,500,200,1279,172.41718473520407,177.9390812226382,0.03134525552890555
150,500,200,1280,173.206309608473,198.32069290887188,0.13467476552378255
150,500,200,1281,154.73970469135335,229.25412091076714,0.39099751854211107
150,500,200,1282,144.37582122105002,256.984489124653,0.5735772036355904
150,500,200,1283,132.22289224375206,260.4239025638425,0.6741196305440189
150,500,200,1284,104.75599514559723,275.67176819803285,0.9616973432189218
150,500,200,1285,99.58437398396957,278.9988533367531,1.0237885905251733
150,500,200,1286,114.91280085938912,276.9154873257813,0.874478873351018
150,500,200,1287,110.51372283770617,278.86032495943937,0.920142981172166
150,500,200,1288,80.00782500888093,275.7464458246062,1.2285559739030472
150,500,200,1289,78.29699232863803,273.31786710137277,1.2410873327418264
150,500,200,1290,64.0485800604495,249.25275886354314,1.3473370662767854
150,500,200,1291,67.47930999555696,225.58334582267366,1.196581194181502
150,500,200,1296,135.22096772083933,238.30400627879013,0.563456406541901
150,500,200,1297,83.0230697955593,233.6073757007331,1.0268219736398692
150,500,200,1298,84.39247468286182,238.00592968019606,1.029230383556924
150,500,200,1302,107.8676453031528,280.11196476786273,0.9486201599640198
150,500,200,1303,91.14218217400702,274.74745830656786,1.096152598237583
150,500,200,1304,100.71325214275687,271.45377373310066,0.9853113612493116
150,500,200,1305,102.49888071663268,256.8425433097719,0.9127883030506023
150,500,200,1306,103.16555905156032,261.3945741631654,0.923867831777514
150,500,200,1307,104.42211102615356,220.67075557843685,0.7432208018982216
150,500,200,1331,65.51102825394446,49.62978761092232,-0.2728276812697934
150,500,200,1332,61.21256815960319,51.942916220373185,-0.16134275910891782
150,500,200,1333,56.447611562887175,49.22507993112771,-0.13435892708160946
150,500,200,1334,49.7120298477424,49.089489566023516,-0.012351960574572107
150,500,200,1335,37.046605139825914,51.498767753239605,0.3219778386575367
150,500,200,1336,35.573722790491296,50.09068068250471,0.334272080449054
150,500,200,1337,34.238602440276686,47.10376715898079,0.31121835141182297
150,500,200,1338,30.849640952447135,45.9105600001052,0.3872167011484513
150,500,200,1339,30.094317015697452,49.01648309041021,0.47532754303651537
150,500,200,1340,29.667904772933962,48.71600579387277,0.4831102688262403
150,500,200,1341,31.328752261134024,52.21001528327392,0.49828963868183207
150,500,200,1342,28.381921130513607,51.342286271813144,0.5774250196404664
150,500,200,1343,27.955665466827927,49.62159456953639,0.5586123721932741
150,500,200,1344,27.950259184618982,48.439059991774684,0.5351616430418229
150,500,200,1345,30.785765019628162,45.91004302519541,0.3892132408531084
150,500,200,1346,29.93465163136206,43.447272558987976,0.36242663271540554
150,500,200,1347,30.588143047440383,41.66275317511635,0.3005444184240229
150,500,200,1348,33.862365734782,39.366765208365535,0.14659890138600185
150,500,200,1349,32.668090848910346,44.38047815096626,0.29853148617616165
150,500,200,1350,33.964772569295555,42.09082230988108,0.20896897837894102
150,500,200,1351,35.59872290558456,44.158581285608534,0.2101669769918182
150,500,200,1352,34.478841530980446,45.56158898839693,0.2718394250154379
150,500,200,1353,36.09881264916792,44.37407753837337,0.20135599760985112
150,500,200,1354,35.46020174811888,47.50090298288862,0.28536111332906877
150,500,200,1355,35.9256096798207,53.313972299298406,0.38587617100246074
150,500,200,1356,36.55573187837449,51.289444359877024,0.33096850889560736
150,500,200,1357,36.76550019436623,50.33316152052202,0.3069409741403968
150,500,200,1358,36.89648498591984,48.81194745417141,0.27339650062289733
150,500,200,1359,36.497336275943944,42.73334071650659,0.1538408588524911
150,500,200,1360,36.740178877307734,38.15503607563276,0.03680376990045131
150,500,200,1361,36.9533985935079,37.55123777209041,0.015629153381301997
150,500,200,1362,38.0952525645275,39.22981821294283,0.028607425424985067
150,500,200,1363,42.098446664052574,54.77934301228399,0.2579166477519661
150,500,200,1364,46.15585534327106,78.09310997992881,0.517167578991196
150,500,200,1365,49.836959649533426,98.09341416935202,0.6674393405105707
150,500,200,1366,50.48056243043206,134.18080711507764,0.9654088864333819
150,500,200,1367,61.04802044215838,149.4265997300639,0.8855666472678543
150,500,200,1368,80.8903892555275,123.884654858487,0.4220089134981224
150,500,200,1369,117.00813390737865,109.13431363626854,-0.06905289951366012
150,500,200,1370,124.05604570736786,130.9219874318199,0.05344874109469444
150,500,200,1371,127.27116814566345,141.9559556473444,0.10839005615292141
150,500,200,1372,84.60176339822465,181.5014713796836,0.7570523519624164
150,500,200,1373,68.99215625198124,159.08783862209157,0.8273394737534918
150,500,200,1374,64.70952673922953,150.31899979711065,0.8341462712706296
150,500,200,1375,59.052997612989294,163.35851130247553,1.006822620534927
150,500,200,1376,51.96793840509862,144.08706083211496,1.0076471870209054
150,500,200,1377,54.787029926297855,162.71884301627253,1.076609180982647
150,500,200,1378,54.256447529951124,162.5485909803476,1.0851251077607706
150,500,200,1379,55.55275213419128,169.7796928229098,1.1052005111573058
150,500,200,1380,54.591049927734346,169.16193292325275,1.1187283144966953
150,500,200,1381,53.39066792670474,167.52040889490777,1.1308642698145799
150,500,200,1382,51.521714969639945,176.81377826990627,1.2195101106085873
150,500,200,1383,50.040650940274915,174.85322536066,1.2370273078093859
150,500,200,1384,49.53852630832702,174.39630863268064,1.2443120916751464
150,500,200,1385,49.700844100907325,174.94671908782956,1.2442386573582889
150,500,200,1386,49.858675677659974,174.92440647321493,1.2410036730261713
150,500,200,1387,56.5589133841035,141.9246680537038,0.9095086907545005
150,500,200,1388,56.237487763249604,142.4747772921765,0.918950187557753
150,500,200,1389,56.60293677432719,137.23755367196316,0.8754000565929498
150,500,200,1390,67.44294388892105,124.5869928414863,0.6069982262359801
150,500,200,1391,75.50486561264574,115.68000079168975,0.4220808101950553
150,500,200,1392,88.19428204465136,98.40683663915449,0.10840395547043347
150,500,200,1393,96.47243921275165,77.41706818004081,-0.21752805326291824
150,500,200,1394,96.48035046266476,76.63803472695002,-0.22759337863233853
150,500,200,1395,101.28482663781419,56.6006645691979,-0.5742272344507766
150,500,200,1396,103.08489874242862,51.39654897932237,-0.6863661701988115
150,500,200,1397,101.3226826206309,63.46838983127436,-0.4619563513388485
150,500,200,1398,67.55298899828935,48.43011054046249,-0.3270472446226407
150,500,200,1399,29.45761957627102,21.654752971182855,-0.29596652112569455
150,500,200,1401,101.79363545290623,56.804878930055224,-0.5756502564971822
150,500,200,1406,73.85882015400844,60.04470979987977,-0.20399739841476805
150,500,200,1407,42.65697392456236,32.334761952131615,-0.26976228373503375
150,500,200,1408,43.98097104362435,31.31100335631283,-0.33083170123725214
150,500,200,1409,50.279326568781585,33.30612774512323,-0.4019636904151862
150,500,200,1410,46.18309840436584,65.73525491878617,0.3466976289746233
150,500,200,1411,77.48597778358491,108.91772723867895,0.33681216988429874
150,500,200,1412,88.68763773148198,115.08014689803947,0.2579479324299987
150,500,200,1413,76.45999539029486,112.96030206288866,0.3860885456548706
150,500,200,1414,70.69185190691388,111.29089720703257,0.44871570095872393
150,500,200,1422,42.353986451104376,49.59267713151043,0.15440818644432008
150,500,200,1423,50.897114888799464,43.603514252813916,-0.15145054798748214
150,500,200,1424,59.5676658643314,48.837446707669834,-0.19499454069776512
150,500,200,1441,44.64099323418925,40.39679394613692,-0.09760285020080683
150,500,200,1446,41.2046243450332,41.9036779811449,0.016427759411063114
150,500,200,1447,44.34575160225678,47.402239677548586,0.06522959502344294
150,500,200,1448,45.31456810027338,47.134755304305024,0.03854792229163406
150,500,200,1449,45.48021543043348,38.859960407031295,-0.15365442595558587
150,500,200,1450,45.05978829694391,39.217226098558186,-0.135644884381525
150,500,200,1451,45.385324286831285,39.8721697787096,-0.12653373634889453
150,500,200,1452,45.67054550800633,39.41160063498471,-0.14399636033644247
150,500,200,1453,45.73918233012346,37.14411714108707,-0.20321129249012193
150,500,200,1454,47.01165013266012,36.50671279866723,-0.24692376763459256
150,500,200,1455,49.47523309333219,38.59390777277696,-0.2428075198805031
150,500,200,1456,49.26856646136816,41.60820722227759,-0.1653330679967211
150,500,200,1457,49.46359844687795,49.337378647768816,-0.0025043381267710885
150,500,200,1458,47.09879322515578,59.171071199020815,0.22393460402643983
150,500,200,1459,45.137259858604054,69.08674721300156,0.41811285728238623
150,500,200,1460,42.85286377111922,82.25841031977485,0.6411091235849962
150,500,200,1461,41.13902193341953,93.36206201497336,0.806164908765659
150,500,200,1462,40.96448581055055,94.53086629955484,0.8226257179485255
150,500,200,1463,39.87752635870064,102.9939799939712,0.9337525785445009
150,500,200,1464,40.62683235302176,107.90157663425259,0.9616995398261907
150,500,200,1465,42.587695533977076,105.5204327010929,0.8935619250936155
150,500,400,0,30.05738239288399,63.77841211935922,0.7351358632020784
150,500,400,5,68.48190337145634,44.830746959126124,-0.4161111386570746
150,500,400,6,69.06082350931176,43.88352117216983,-0.4452930564166184
150,500,400,7,70.23260500298956,43.27930917109522,-0.47543314268945824
150,500,400,8,72.13727103138203,51.90980110537011,-0.3237495026531225
150,500,400,9,74.74746135279497,51.640669085519676,-0.3639159328059707
150,500,400,11,47.83246553217403,71.0699485908493,0.3892417866547131
150,500,400,12,41.76875033629263,45.477492277159136,0.08316045477750444
150,500,400,13,43.53958762657783,39.449379038308635,-0.09632711124317428
150,500,400,14,26.75675548106335,109.92733583786847,1.3853961035313227
150,500,400,15,40.2633042514932,107.13434707450094,0.9634008203586593
150,500,400,16,50.87772899540408,84.7147222689039,0.5021350149776005
150,500,400,18,86.75371758656281,61.78405086418567,-0.33483315301917305
150,500,400,21,21.37431221249034,73.02753903076616,1.1965236484564032
150,500,400,22,58.00085975932983,60.01662290356961,0.03359431767444576
150,500,400,23,32.166879737609335,30.78461296228657,-0.042569476152118035
150,500,400,24,37.428735099175896,104.87410666430874,1.0134452256675504
150,500,400,25,42.31637372567962,113.11816790303081,0.9687037624706369
150,500,400,26,45.3612991885992,118.08521932155426,0.9433743235745187
150,500,400,27,49.35331642207992,110.80490351352506,0.797690935085408
150,500,400,28,58.2568563285926,83.79018047017888,0.3582982478043206
150,500,400,29,61.9802641761458,68.90088361935558,0.10425688008450607
150,500,400,30,58.3394790305856,63.71736768576696,0.08675476414989802
150,500,400,35,53.02854931574684,40.57473412857995,-0.2620199678132593
150,500,400,36,49.121381193186906,39.23459234138856,-0.21972055576672833
150,500,400,37,45.89738564070644,37.57435832724749,-0.19537416693915555
150,500,400,38,42.569395022143375,37.78594015864933,-0.11629714092670085
150,500,400,39,37.5323600125368,36.50587280297156,-0.027000879267085942
150,500,400,40,37.106159365338044,35.15636164789569,-0.05252301988165842
150,500,400,41,35.831091125529255,45.18644503197868,0.22634400144522981
150,500,400,42,34.40553052411998,64.14086544437073,0.609684048240712
150,500,400,43,34.38754921691724,64.13738382416012,0.6101385954494689
150,500,400,44,34.597021894500706,68.87239855012699,0.674408721020475
150,500,400,45,35.578027865067334,87.32148697440073,0.8815356900201912
150,500,400,46,35.136890879463536,84.322588144167,0.8591249761326281
150,500,400,47,35.58528929435934,82.0135771030489,0.8193579462107676
150,500,400,48,38.19907970740001,74.18071170861943,0.6512414351505433
150,500,400,49,35.61732270334767,74.67618366573245,0.7259420698794217
150,500,400,50,34.14980694021136,75.54882558380483,0.7783096543809278
150,500,400,51,34.02330167628651,76.26371145629902,0.7912107924597747
150,500,400,52,35.45668552657596,78.64321827862113,0.7814320307058571
150,500,400,53,34.89248472817166,78.97181609610486,0.8011463392717788
150,500,400,54,28.49680709182437,87.59488388481762,1.0997920886675168
150,500,400,55,21.91963997150153,85.08743323678449,1.3233692616696153
150,500,400,56,16.64081419485501,71.72666541632819,1.4164928986248029
150,500,400,57,14.197055357019885,56.73793232690773,1.3348126809566705
150,500,400,58,13.986858881406567,52.47375186312095,1.2720171715762683
150,500,400,59,14.054976994820002,50.6220853117442,1.2322409569781159
150,500,400,60,14.325557630222955,48.94276620843841,1.1813558058308922
150,500,400,61,14.642635790795863,47.948212379579644,1.140762599254629
150,500,400,63,16.30257665901168,71.89299027438844,1.438137048792643
150,500,400,64,16.009066861408105,82.04672898030995,1.585656902467314
150,500,400,65,14.921636855664367,87.66015572780334,1.7171315930783084
150,500,400,66,15.531083844734313,84.80651976147972,1.64685251347511
150,500,400,67,15.853025902246038,81.60603388445338,1.5895525078631945
150,500,400,68,15.950894356822186,77.81693067637953,1.5368072332360025
150,500,400,74,34.123282149089015,68.97234814428553,0.6892359178251946
150,500,400,77,15.05833214398404,81.49931965429002,1.6365621951239522
150,500,400,78,14.427776306583358,70.8311702579509,1.538148966947503
150,500,400,86,15.046693734875856,36.0309978842804,0.836252512029612
150,500,400,87,21.0783100060195,61.55314777114739,1.0414208808286602
150,500,400,88,20.936338500724595,35.902132967781114,0.5201247993923142
150,500,400,89,20.363270367604557,33.56488068957843,0.4811650481516261
150,500,400,93,18.216876999796074,40.8721400828583,0.778831787947782
150,500,400,94,20.35988847807983,45.52154302089261,0.7784007030644737
150,500,400,98,31.589110680765323,45.36329689750369,0.35252992669921346
150,500,400,99,34.28490475500575,53.33261875889717,0.43166951523177
150,500,400,100,33.599582261379574,30.377411899413893,-0.09775334083482168
150,500,400,101,38.62466845718444,36.441291291029636,-0.05667772452585007
150,500,400,102,38.74821047284447,45.86083751648317,0.16461748512166974
150,500,400,103,38.847230125755885,57.59210631272333,0.38554708763725465
150,500,400,104,30.187064482812552,50.10833732635828,0.49394423203730486
150,500,400,105,38.650426735485055,58.087448254501865,0.39891680979293875
150,500,400,106,21.75993166760811,67.18369890212922,1.097203910297757
150,500,400,125,25.71667820202915,63.99024604276989,0.8889491756010237
150,500,400,126,28.318556113127798,66.39084961186107,0.832288616261128
150,500,400,130,29.93740610521441,30.164700555543085,0.007320056515965234
150,500,400,140,25.235034375443135,37.65192647788813,0.38750091055257396
150,500,400,141,24.225475163826182,27.08972648882002,0.10754950102756178
150,500,400,142,22.649698703230985,25.025191161897123,0.09571458475621908
150,500,400,143,19.73393135545524,22.183708520719822,0.1116782588948122
150,500,400,144,18.581522293336423,27.71364559440929,0.3827860845816553
150,500,400,145,18.914014198711026,25.23272281362501,0.27558387884739055
150,500,400,146,20.318066697759395,21.584299351319487,0.057700030912750666
150,500,400,168,8.307656414230227,27.279825568774676,1.1113113411974003
150,500,400,169,8.652235526374218,68.71414135095566,1.9772136367243673
150,500,400,170,8.357335816293846,36.45411290725931,1.386955912929953
150,500,400,171,8.72293391137856,41.97197212970902,1.4860606765740463
150,500,400,172,9.30837176634739,23.464612831750447,0.8642713412748431
150,500,400,173,9.3777476979688,23.35170369837296,0.8529379447482754
150,500,400,178,41.959528899194574,41.31224972779381,-0.015181848304566259
150,500,400,202,80.77538443404251,36.55012755844211,-0.7782994992993832
150,500,400,203,84.33547670143209,47.85753273570345,-0.5576817051449279
150,500,400,204,87.1207152897538,28.221213646587493,-1.1038126988740942
150,500,400,205,86.08061914851635,2.620707967849847,-3.18016476850729
150,500,400,206,85.8064429610405,29.055508942861913,-1.0606348765086566
150,500,400,207,82.62149159274408,30.585551185143917,-0.9736007884705167
150,500,400,208,77.4509310027361,24.899352591287474,-1.1082553746572983
150,500,400,209,71.57954505576524,35.52256906441105,-0.686752733556296
150,500,400,210,66.30105220529765,51.33252204456419,-0.2515578568528243
150,500,400,211,62.53415401822693,64.85373276038835,0.03585849253033757
150,500,400,212,57.743234443846326,82.47596880597342,0.3513828037135358
150,500,400,213,57.386755165109875,118.15435207135286,0.7133306598704108
150,500,400,214,65.53689730642854,148.87475611082482,0.8120433455579539
150,500,400,215,80.755725299947,136.2688432632848,0.518205520926597
150,500,400,216,81.28741704638102,135.31890694193936,0.5047788400254163
150,500,400,217,64.46569850317859,63.23115207696156,-0.019037990643720804
150,500,400,218,44.5638973897525,39.35688684351075,-0.12135362122206494
150,500,400,224,21.62202350539324,28.748683997812357,0.27386097248674135
150,500,400,225,30.942976524873156,25.817707605328863,-0.17488992870855702
150,500,400,226,36.01508158673042,25.20200966556564,-0.3454893274278543
150,500,400,227,43.703016770493676,25.17087332115039,-0.5353939015502664
150,500,400,228,46.99306538784761,32.57145838837025,-0.3573802761317584
150,500,400,232,21.78778968553565,36.058048350343896,0.48626070518069797
150,500,400,233,17.879001862972515,64.08039889776866,1.2375731197844724
150,500,400,234,23.929321135403033,57.864599212648564,0.8591952115875618
150,500,400,235,28.01637948137274,27.55618750023906,-0.015986842571322768
150,500,400,236,39.173792466927814,31.596514054780663,-0.20900950252347572
150,500,400,237,38.54764989223397,36.67356503470311,-0.048547615475771355
150,500,400,240,35.45937446107822,87.51995186514873,0.8870293591603109
150,500,400,261,64.43188964721972,34.1115525063814,-0.6224795413491284
150,500,400,263,49.70190358043661,61.179990979737845,0.20406980370613592
150,500,400,276,37.21032953389389,25.970777214160037,-0.34835193123993236
150,500,400,277,46.48322195960998,11.20302485804124,-1.358692566549018
150,500,400,278,13.356905802021108,87.61573823120773,1.8200784072371832
150,500,400,279,32.47834210968537,124.55199887171025,1.3218212808299095
150,500,400,280,33.094504639540226,87.05547792931101,0.9488308298179078
150,500,400,281,34.89269372170985,51.07039282186882,0.37206275397690725
150,500,400,290,15.44366045882392,56.59669708717383,1.253525203330983
150,500,400,291,24.866705634881058,43.24022245006879,0.5366777404349032
150,500,400,292,35.64444405400049,16.321333589306693,-0.7493229248910485
150,500,400,302,46.67437795104009,85.09128932245176,0.5910141333019752
150,500,400,303,47.01776295121261,73.16473709529417,0.43471779197145777
150,500,400,473,67.7552566415694,60.34187610102797,-0.11409045036713916
150,500,400,474,66.8072743965626,70.5229913506932,0.0533494741881535
150,500,400,475,66.30334435006405,83.77153352945886,0.23074986834852051
150,500,400,476,66.23348623449209,90.51850525668392,0.30836976459925136
150,500,400,477,65.07040379358625,80.17744987681893,0.2059166000964563
150,500,400,478,64.41615950091801,64.57175700022724,0.002375754598604729
150,500,400,479,63.36805771785189,32.89026739200085,-0.6414896363076159
150,500,400,480,62.228508443848,26.036277221518095,-0.8495757174403025
150,500,400,481,60.97956019050901,22.767513659700217,-0.9584849803712521
150,500,400,482,66.41150324465217,38.109289948333085,-0.544455641284495
150,500,400,484,82.85888228817362,75.26391223469197,-0.09493555896530026
150,500,400,485,67.2966166583933,56.62759777263333,-0.16985864791565675
150,500,400,491,57.62687191874854,66.14333333642962,0.13563648122788763
150,500,400,494,20.812106932966877,52.132710639824474,0.8903275786329483
150,500,400,498,70.4215641672784,66.61258738105232,-0.05480567331964181
150,500,400,499,71.61040835205611,87.42844340403578,0.1970853985691443
150,500,400,500,68.77330089068374,111.6525225748575,0.47905663179403835
150,500,400,501,61.824567093386925,120.95076810367597,0.6632712304236099
150,500,400,505,61.50859272098905,145.12906699372866,0.8491862208691474
150,500,400,506,64.6153946273528,167.7529598308864,0.9446255267215937
150,500,400,507,65.76061385278328,187.6978607138273,1.0390338216703672
150,500,400,508,65.18006550942782,252.32160085592375,1.342280538768561
150,500,400,511,67.44181079077582,232.14667525048102,1.225683856270976
150,500,400,514,61.96581491019244,89.26195825974546,0.36012413128183685
150,500,400,515,65.80176807552533,58.78209437337176,-0.1110233574633499
150,500,400,516,82.94110748041493,58.88724991264119,-0.3376518252851808
150,500,400,517,36.03658627932181,19.318857040220355,-0.6003568693377859
150,500,400,518,18.648655779736828,26.642764613260255,0.3413550882655634
150,500,400,519,37.88476321164405,119.97599894345055,1.134989687406386
150,500,400,520,37.963396229502514,138.049704159932,1.2722088059069994
150,500,400,523,68.16253438328145,142.8296555026517,0.7321703460808653
150,500,400,524,55.55882048134801,59.10023077284375,0.060732514267468396
150,500,400,525,22.5964199909109,36.50795710073189,0.4634580945959561
150,500,400,526,19.269911789750218,173.3608075772709,2.151989150334632
150,500,400,528,10.04765240065883,245.38805106872917,3.10468978348076
150,500,400,531,14.126306694147706,106.9978266066267,1.9656757097222677
150,500,400,532,15.893988284794684,79.58595970146295,1.562366601234706
150,500,400,535,13.411318601580003,22.19737430910139,0.4760251841021641
150,500,400,536,19.809869574982763,43.91290549462119,0.7692978079804056
150,500,400,537,22.98219296107407,49.60557824828263,0.7467502172739477
150,500,400,538,135.26879711477437,153.78374417238135,0.12739955933208869
150,500,400,539,49.16795678081071,149.1980843788437,1.096578473694899
150,500,400,542,52.73878780760119,83.06785222039052,0.44748919098594353
150,500,400,543,39.27067653064643,38.4390313287116,-0.020867605787532106
150,500,400,544,60.830131522711454,84.54214034776943,0.3246183133521363
150,500,400,547,48.557550243459886,84.37623308514061,0.5439331355274057
150,500,400,548,49.052605179109634,85.89437834530956,0.5516187831633901
150,500,400,549,50.62839526135377,74.46315572722973,0.37957271663661274
150,500,400,551,49.21887589316136,29.03166366273643,-0.5141386893449655
150,500,400,552,48.43249419849611,48.281975048172264,-0.003049588740632103
150,500,400,575,57.418044936075624,98.31374884560003,0.5306591883879106
150,500,400,576,52.62376796665418,98.75577053308713,0.6207325020490448
150,500,400,577,52.295706520774964,98.66655558904868,0.6259743953847252
150,500,400,597,39.42608485334046,125.47381875060347,1.1405600790466983
150,500,400,598,44.468432136395315,123.84088649387635,1.0100217324509515
150,500,400,599,44.997195108110716,113.60010114900922,0.9128682681875047
150,500,400,600,44.63382249156918,107.72306287385193,0.8681547786875647
150,500,400,601,43.41141718250381,107.43531063660251,0.892657199710146
150,500,400,602,42.83171890167862,103.06322318991751,0.8646408985923806
150,500,400,603,40.44022392674004,102.52717846965113,0.9155821705691736
150,500,400,604,38.27552186466994,104.53555814973905,0.9884464686976626
150,500,400,605,36.48524926502826,112.67971105190067,1.1094374393581528
150,500,400,606,35.89539869983181,120.61741945999775,1.1927933646208926
150,500,400,607,36.71157771897804,116.91284667682649,1.139978615483865
150,500,400,608,35.32901696870854,98.8086801024435,1.0106383670321981
150,500,400,609,35.31583149515548,74.47375442934158,0.7315311968303386
150,500,400,610,33.765985737167185,60.329510117915305,0.5676216445170517
150,500,400,611,32.99653616107656,48.44722811802836,0.37464736045070524
150,500,400,617,73.84378522054016,26.78261980212634,-0.99099243942092
150,500,400,618,87.63067888566184,28.38159802620214,-1.1041094995933567
150,500,400,619,92.66326016539027,32.838565355730104,-1.0181048727491642
150,500,400,620,95.86526658116945,45.31727395664241,-0.7378060294960527
150,500,400,621,96.40612364039008,76.17551707620059,-0.23280680930969222
150,500,400,622,103.90747161567182,102.57945760544084,-0.012739714442235872
150,500,400,623,103.08879333426485,98.45104040859053,-0.045578850066927856
150,500,400,624,105.97809862800734,99.10752131478968,-0.06637930628302424
150,500,400,625,107.8982237194978,120.66273831831133,0.11083905790825366
150,500,400,626,107.48830884701123,126.9578148327502,0.1650582233671356
150,500,400,627,106.4253295143678,139.77187472779946,0.2703446733705599
150,500,400,628,105.10982278935693,158.38037005080102,0.40681898796277327
150,500,400,629,103.58406549160549,178.31821052195193,0.5391707375234427
150,500,400,630,112.97359267634143,229.993440810291,0.7064225369869295
150,500,400,631,115.24164045299162,234.36058621068622,0.7054476157480272
150,500,400,632,114.42963749955706,232.47367326713933,0.704408177245158
150,500,400,633,120.86349461094416,256.2388100173536,0.7471033536237606
150,500,400,634,125.48218036789824,262.1006638797141,0.7324352797530986
150,500,400,635,124.59589626923511,259.499727798184,0.7295322357875964
150,500,400,636,133.22021861606274,273.27905052861104,0.7146641472058244
150,500,400,637,133.6541992196369,318.9698713792733,0.8655168344663879
150,500,400,638,132.7958080399921,335.08971557041207,0.9210633177900078
150,500,400,639,145.27799708564584,326.93986158412787,0.8073213418895744
150,500,400,640,144.45727096111085,325.2021738614092,0.8076349812511863
150,500,400,641,142.433640914071,306.85993915213606,0.7637724409439057
150,500,400,642,145.56914814094196,317.80313522277595,0.7770764632562974
150,500,400,643,143.6437061086453,325.73436545997265,0.8148739834277547
150,500,400,644,144.91017583884633,330.8213528951119,0.8216055320089559
150,500,400,645,139.54511618686348,338.0613717691407,0.8806525797834288
150,500,400,646,131.9582472720013,356.5152544042501,0.9891428822363544
150,500,400,647,135.28254260586672,379.65638994205165,1.027166854695655
150,500,400,648,130.75983286721774,392.7388962718663,1.0947071723929085
150,500,400,649,129.70594945075152,402.16361829517706,1.126392340790325
150,500,400,650,122.22110316185132,400.31171271318993,1.180758135443627
150,500,400,651,120.12472599464448,408.25913777271074,1.2175277360583117
150,500,400,652,125.37251795100815,432.00226679131345,1.231508926272996
150,500,400,653,123.71861584133605,440.2152076895585,1.2634726291511482
150,500,400,654,113.50501510165056,430.13301913387903,1.3257980495189985
150,500,400,655,112.9261951809839,428.7705148902608,1.3277005518840932
150,500,400,663,150.6588393149759,314.30618755550864,0.7319106706631624
150,500,400,664,150.82152504099798,312.19035300732315,0.7241055086627073
150,500,400,665,151.26687598320183,349.40546690539,0.8334562164959616
150,500,400,666,152.5320062983311,399.7406280589761,0.95940534983351
150,500,400,667,150.39516200620398,406.86862815904084,0.9910517473001539
150,500,400,668,151.62575131026028,424.37071996293264,1.024972215964553
150,500,400,678,100.08701468992957,462.452539956241,1.5227223073273741
150,500,400,679,98.10423296339935,461.79649386780426,1.541115264894299
150,500,400,681,66.90335036887083,458.55620750911737,1.9121758814715006
150,500,400,682,59.10203993762145,446.16946733038503,2.0068938609548006
150,500,400,683,57.523475541845286,443.4658709349488,2.027445306151817
150,500,400,684,53.7992314313643,437.5547775195136,2.0798085553567827
150,500,400,685,52.58133276959847,419.72527931632186,2.060779339298736
150,500,400,686,51.58338734305355,401.7908759228502,2.0360172690774987
150,500,400,687,44.36741349154285,348.78476660095714,2.0425239299263085
150,500,400,688,41.724518013121504,272.8953526653423,1.8579731610632635
150,500,400,710,61.75423624612291,169.41583050465024,0.99901542647111
150,500,400,721,81.36216758955256,132.2780359302022,0.48131124160422445
150,500,400,722,81.56434212293517,131.46439762268997,0.4727360182399094
150,500,400,723,83.68784470973648,129.77203029950397,0.4344834990872881
150,500,400,724,89.4456173645607,126.39713123570256,0.34256046812493324
150,500,400,725,91.79484682542876,119.12852826946626,0.25817113015728577
150,500,400,726,93.30854097137804,118.10709043704773,0.23345125019070423
150,500,400,727,96.6417596167059,126.25936884629952,0.2649220113953863
150,500,400,728,105.15722587463017,142.78510664449104,0.3033986118638552
150,500,400,729,111.30745491689748,143.8830596060471,0.2546866880757097
150,500,400,730,111.51320946086273,161.0502714870617,0.3648359727336574
150,500,400,731,112.99877137031368,172.03167528021183,0.4172870009603402
150,500,400,732,115.22246991989124,178.08322183104883,0.43234442569811815
150,500,400,733,120.61457552392235,185.16725053002304,0.42578863922144894
150,500,400,734,114.70144163723702,176.90817596379623,0.4302544575621363
150,500,400,735,116.71112105164794,124.05411627904252,0.060513077624598566
150,500,400,736,118.00598589943081,82.3394362912452,-0.3562519315148398
150,500,400,737,117.91269154733368,86.31168949895508,-0.3089051851437876
150,500,400,738,114.13567436013908,85.55996095123174,-0.28527384603774575
150,500,400,739,116.31737981205288,73.93904412090568,-0.4482078721492604
150,500,400,740,110.49570520297729,64.22567610204214,-0.5361328751416563
150,500,400,741,108.0718867718879,66.36782672643378,-0.4818396208367819
150,500,400,742,107.62829163336889,52.662054352472495,-0.705225756969972
150,500,400,743,110.58551129879106,42.477636102487516,-0.9425445211402259
150,500,400,744,112.33222129061866,38.97080906239011,-1.042174102492928
150,500,400,745,113.6605907734737,36.316643644955114,-1.1225369424127067
150,500,400,746,114.72634729647432,34.95181439157136,-1.1690487763180464
150,500,400,747,115.69917887361021,34.09869691519487,-1.2014354981924553
150,500,400,748,116.23322632656928,34.969559263835094,-1.181492333293534
150,500,400,749,116.5431585116244,35.61149096403379,-1.1664434207277083
150,500,400,750,117.18470967869388,38.436502191402745,-1.0975568978930164
150,500,400,751,105.5103142469354,41.503042857161795,-0.9186661578425834
150,500,400,754,97.35818680990229,60.443870639922295,-0.4704916974041238
150,500,400,755,98.38065044525835,42.063969342983206,-0.8362707618204488
150,500,400,756,100.32532674456944,32.404264295734095,-1.1096528318692949
150,500,400,757,108.93807357235848,36.98448653095976,-1.0627394125579563
150,500,400,758,115.20545359797731,87.95774543145275,-0.2671982896135887
150,500,400,759,145.34653577252843,122.62176174268188,-0.16875074661236322
150,500,400,760,170.14441380954096,155.84214954678635,-0.08726784261564458
150,500,400,761,174.51707379834204,193.8244508508462,0.10436257627243606
150,500,400,762,184.10703293923774,238.60714684224985,0.25806647981212993
150,500,400,765,218.1531568877127,216.37964105212117,-0.008125509019343724
150,500,400,766,229.58246182456298,206.90150841797683,-0.10354410007374337
150,500,400,802,463.0432500916227,158.12665547163604,-1.0702772988708773
150,500,400,805,353.8515316353592,254.8536041085638,-0.3270940592963152
150,500,400,806,308.54714472324054,203.11215410347532,-0.4164407881725545
150,500,400,807,276.34246350970477,139.5097412524344,-0.6799762537923
150,500,400,816,53.66049356070266,236.41212048727968,1.468656325890075
150,500,400,824,77.90894897494259,221.61232201805169,1.0371371491314667
150,500,400,825,67.77650211560982,184.29558455453505,0.9910901567913841
150,500,400,826,61.79326189666515,141.9633871226995,0.8227407902920021
150,500,400,827,65.85534488434426,160.91695158256695,0.8845523054880013
150,500,400,828,84.06540328009554,201.09385096736452,0.8653117872840861
150,500,400,829,84.44225292264976,242.84857956742076,1.0487067137721926
150,500,400,833,36.430109557040296,144.07973600857918,1.3548080458896563
150,500,400,834,33.59895195508211,138.82224540266887,1.3965485489036031
150,500,400,837,68.70016103666619,283.15201983733647,1.4053067478773178
150,500,400,838,68.89976849047281,334.0260314846727,1.567145897506637
150,500,400,839,46.06534944628707,249.46170196072967,1.6717689727215714
150,500,400,840,99.06143759937066,228.7468221955537,0.8311935562346155
150,500,400,841,197.65240057010482,105.32588192156462,-0.6250478309194003
150,500,400,842,196.7081939540844,104.8853571974164,-0.6244352027650883
150,500,400,843,205.17454098878795,99.01883976096258,-0.7233645305453473
150,500,400,845,110.53940053855271,377.5182403966382,1.221886366449679
150,500,400,846,89.90100955219545,372.32536522402233,1.4126792249367934
150,500,400,1223,167.64665033315026,129.76937521989663,-0.2543704224580212
150,500,400,1224,172.71149390910188,112.65806768656604,-0.42420130719229654
150,500,400,1225,170.30594280420493,95.65578379174384,-0.57229505059553
150,500,400,1241,136.3583831221385,257.88511314333215,0.6337909392691721
150,500,400,1258,50.194837763961274,99.9655093171693,0.6791402645707478
150,500,400,1259,46.70681584217257,97.17412460556754,0.7216684062911676
150,500,400,1260,44.28196458898977,78.38065773548644,0.5613459127102267
150,500,400,1261,44.00434864867129,61.049061420610016,0.3211662636190469
150,500,400,1262,45.287066316535594,60.20682953097144,0.27939620008266486
150,500,400,1263,46.65748736960421,91.42328480487336,0.6623391965720455
150,500,400,1274,137.59218496729167,131.06639416144856,-0.048230917445844845
150,500,400,1275,141.51439479593768,135.17286217154373,-0.04551788669806278
150,500,400,1276,144.56852158180266,132.84614139589704,-0.08395597273339117
150,500,400,1277,134.6073915783973,148.59258647108322,0.09815162445203462
150,500,400,1278,131.4088477819253,153.48555870623207,0.15420615339441301
150,500,400,1279,126.3915849445768,154.63565572087995,0.20025204665444107
150,500,400,1280,113.19053006020374,174.90755685468778,0.43209024228761184
150,500,400,1281,89.66559155221101,181.0200071880201,0.696938690961928
150,500,400,1282,89.7139593259326,176.56478937111723,0.6716243010077738
150,500,400,1283,75.206798946206,179.77112095324028,0.8637810222309623
150,500,400,1284,59.559792135984864,169.92860801368937,1.0376147955721002
150,500,400,1285,58.54769936218313,163.3106013199902,1.0149808857861649
150,500,400,1286,74.10354413850493,158.41663501148236,0.7526533711697567
150,500,400,1287,69.85308155472758,158.8440415933427,0.8135901405652248
150,500,400,1288,49.04865096732365,148.7091230302339,1.0956986799562753
150,500,400,1289,48.50567245630485,145.53592237500692,1.0851833442385193
150,500,400,1292,36.052324015525116,127.53332550990085,1.2438571369615365
150,500,400,1293,35.85479654401966,126.45083301522115,1.2407448926350626
150,500,400,1294,44.556616390489296,116.30627272502251,0.9458323614347872
150,500,400,1295,34.936449158727996,118.33989355169089,1.2002235927889955
150,500,400,1297,41.53455397901501,152.0354733730569,1.280352966233404
150,500,400,1298,42.5962858414301,156.76676671307143,1.2861458227822844
150,500,400,1301,165.17937336599036,67.512752658117,-0.8860478692827396
150,500,400,1303,47.09433016797709,200.7407020086852,1.4338189251518965
150,500,400,1330,39.029375347726635,42.88265631888946,0.0919056012774373
150,500,400,1331,42.6078533075574,42.47394529118213,-0.003075456044239644
150,500,400,1332,39.65120061584068,38.29974452280362,-0.033810352840625946
150,500,400,1333,34.78055353806862,43.12283106092108,0.20957281105770242
150,500,400,1341,18.539136585553962,30.51835107808803,0.47815049149433264
150,500,400,1343,16.102975722135106,28.401286903528263,0.5417859784081096
150,500,400,1344,15.984928823989046,32.55429096716312,0.6808383418373793
150,500,400,1345,17.367626819866956,36.311372326209316,0.7087084652148419
150,500,400,1351,17.835362344258794,27.29343706463761,0.40689379313701535
150,500,400,1352,18.204278158711453,26.501711120937586,0.35911515033723207
150,500,400,1353,17.373480694403764,28.41153340763424,0.47047853181192334
150,500,400,1354,17.483210302644707,22.663360528678886,0.24706511384155094
150,500,400,1359,20.094209467363815,27.434591484964866,0.29860784403660645
150,500,400,1365,43.21602197393801,155.01226334048582,1.2608474038179431
150,500,400,1366,55.449299403770446,150.5252397568907,0.9874093305264502
150,500,400,1367,70.43778931564151,126.96342779916243,0.5829175113151761
150,500,400,1368,79.69139196718042,65.84542675167543,-0.1882490119011031
150,500,400,1369,89.19988182934817,23.541276396408755,-1.3016716661480672
150,500,400,1370,89.10100357529282,51.12799470995794,-0.5472291720749269
150,500,400,1371,88.80374325919627,63.139990108242046,-0.33655861879659454
150,500,400,1372,74.74804001659439,130.3640136409528,0.5505596300649502
150,500,400,1373,69.06258145220147,116.86404649494908,0.5201429484880453
150,500,400,1374,66.50697865854472,110.93023284133149,0.5056447760712652
150,500,400,1375,66.51652360998825,134.47403816262087,0.6964076595429018
150,500,400,1376,63.11995904738978,130.11106474291557,0.7152890974135486
150,500,400,1377,61.81800581903731,137.89177472699427,0.7934532815362463
150,500,400,1378,62.08019871147045,139.8728400319035,0.8034507274870606
150,500,400,1379,61.40575474335288,140.81062663820612,0.8208350577469323
150,500,400,1380,62.528546705935064,145.385139193838,0.8347517288325852
150,500,400,1381,60.36283649572985,143.1808320922821,0.8542639070595968
150,500,400,1382,59.33776149844902,140.0283957933638,0.8490031238012703
150,500,400,1383,60.894106558174585,145.3833064090484,0.8608036016834717
150,500,400,1384,78.46136669537263,145.58705280252403,0.6123485190328504
150,500,400,1385,78.91305161009494,145.03342678530092,0.6028963573423933
150,500,400,1386,80.15082901210927,145.0803925111708,0.5878475940957468
150,500,400,1387,90.96267290498253,136.36166103185985,0.40123454363525024
150,500,400,1388,87.64914274090856,131.3301029744879,0.40061321862885624
150,500,400,1389,86.5452836814581,126.63047968901397,0.3769830241418415
150,500,400,1390,105.12902246763738,124.2873561836806,0.1659544014358767
150,500,400,1391,113.27421882832374,110.65998524285042,-0.0231425805806742
150,500,400,1392,128.95871565422507,99.02794512879876,-0.2617672298915341
150,500,400,1393,135.23113942189764,83.89394384963057,-0.4729502396760088
150,500,400,1394,136.12267084252784,81.90576134159745,-0.5031713755870539
150,500,400,1398,64.86363194593193,44.46121743083327,-0.37072682355835385
150,500,400,1400,85.59263476086133,113.96991776806527,0.2834557465177756
150,500,400,1402,125.55396858982441,137.43348847074665,0.08972113627732803
150,500,400,1404,134.09498077756322,142.9194261562864,0.06327551002292875
150,500,400,1406,96.79445536668746,82.3851105611141,-0.1593981188575091
150,500,400,1409,64.09413411349163,65.85425760310116,0.0266805510507222
150,500,400,1410,61.78043830282933,71.94089244382891,0.15000588766275502
150,500,400,1411,50.49421731255363,176.8974561259104,1.2397377789365738
150,500,400,1422,35.70282182973003,61.798323044877236,0.5370747288123972
150,500,400,1423,36.41463354270845,30.12919145264724,-0.1839158882256582
150,500,400,1424,39.51439224129029,24.183684151210674,-0.47546094445686427
150,500,400,1425,39.143019974198126,35.18074756227474,-0.10392143450606284
150,500,400,1438,42.156959488078726,59.799191616891406,0.3427328026500427
150,500,400,1439,32.45132300984813,58.437266507843376,0.5748300742775299
150,500,400,1440,33.67734799063001,61.323505715755765,0.5862519753125124
150,500,400,1441,24.12549682077975,59.4765354974074,0.8783723066430595
150,500,400,1443,50.08906657276353,82.30931560052757,0.488989861936584
150,500,400,1444,42.34026206775415,80.77444995702811,0.6348828042273413
150,500,400,1445,40.01569102515926,74.29264949690612,0.6074278123771051
150,500,400,1446,33.14903149790558,65.9956228712179,0.6738930615989056
150,500,400,1447,28.429072145544843,68.49648195918401,0.8592930977532736
150,500,400,1448,26.5732515303204,65.82645851309393,0.8852529323028842
150,500,400,1449,22.634558991700224,59.28711273049003,0.9364083567117336
150,500,400,1450,23.927111245546126,58.22096743437732,0.8653196426235388
150,500,400,1451,23.847691141455186,57.80384898577205,0.8614424752905401
150,500,400,1452,23.062978794279015,58.3518556580336,0.902808877125505
150,500,400,1453,20.97780349082201,62.809063244797144,1.065862225581848
150,500,400,1454,17.335838193159734,63.104644543535876,1.2516593031298453
150,500,400,1455,12.200861126691622,61.95452082417613,1.5621305096874525
150,500,400,1456,9.345791619398943,60.48579329494936,1.7822263145898836
150,500,400,1457,4.535944782415766,58.338651096701184,2.3719986388421592
150,500,400,1458,10.672391236196267,59.5828740160469,1.64678591627169
150,500,400,1459,16.34564461541642,65.08890919763407,1.3376595004765028
150,500,400,1460,19.88119585840308,79.11342031727249,1.3445943502890998
150,500,400,1461,20.69049739092659,91.5212650353176,1.4505642539865402
150,500,400,1462,20.785865938443546,93.01768723873063,1.4622215186070808
150,500,400,1463,21.484392690269242,99.20990382917624,1.494445614068944
150,500,400,1464,20.27152595176092,94.0203043181024,1.496721229816257
150,500,400,1465,20.227578677370758,76.93260792676006,1.300543235013245
150,500,600,14,20.146663881900057,101.26078647842414,1.5760441236203673
150,500,600,21,23.908282765314713,86.44159283488918,1.2557706706857132
150,500,600,24,37.30163310864484,74.02691154000463,0.6723543345190706
150,500,600,86,28.624967912532664,41.86012081533532,0.3693242925445781
150,500,600,127,52.87989395800603,34.51895389682088,-0.4166909168387489
150,500,600,128,46.834555894884396,51.52718860831444,0.09358260881550651
150,500,600,129,28.319965708548303,74.68456553518293,0.9483055423037432
150,500,600,130,23.83616868269067,54.22268967986752,0.7990729084105386
150,500,600,177,17.80318288996337,58.049960182814715,1.144357710183582
150,500,600,178,36.345382586315296,43.21013272300495,0.16874473153452074
150,500,600,218,31.464015076353498,8.670949410720263,-1.2110057617932433
150,500,600,260,39.52847590888629,12.225344514451582,-1.1198698082615035
150,500,600,276,9.748433808520973,51.331739659170765,1.5828430121150614
150,500,600,278,34.760952282624956,27.92865509860723,-0.212023949993434
150,500,600,292,38.12235413646011,15.186414716448198,-0.88252172799998
150,500,600,483,68.06505522109225,132.21343249333762,0.6569037078623099
150,500,600,484,62.07422917028021,112.3954263162748,0.5865687845636076
150,500,600,494,64.88577902965673,45.09148828692789,-0.3572943249126199
150,500,600,495,55.94922157344438,41.04087975181944,-0.3035175488718944
150,500,600,515,33.454062045888115,30.946046880223115,-0.07557845700516719
150,500,600,516,22.93038314584824,49.748208482136114,0.7517274035526804
150,500,600,517,19.962114457082755,81.43588130532156,1.369304059917137
150,500,600,518,41.192380249997946,70.77322858834141,0.5312719036953792
150,500,600,525,45.37759920857296,107.91709752294778,0.8537704526814491
150,500,600,535,37.13900034161608,50.01939596959806,0.29096848395976416
150,500,600,536,62.74447198633375,58.03422553244633,-0.07676509685215649
150,500,600,537,70.34704134252715,79.73194381831573,0.12357845488914077
150,500,600,538,185.52744040820556,34.475396479819736,-1.6597389625169283
150,500,600,543,62.98737437922936,31.115212646781817,-0.6893559564697425
150,500,600,544,180.0748247423109,56.49374432809972,-1.1472341946165905
150,500,600,813,297.09596481858216,99.46513080253528,-1.0876047541507061
150,500,600,814,122.81873714415354,381.89717331767906,1.1289477772443623
150,500,600,815,161.67147424704208,402.3722128957923,0.9081270693406278
150,500,600,817,102.08499512494258,298.13059365488203,1.0653264027809
150,500,600,818,100.82479261688233,300.0618172986574,1.0840619998776422
150,500,600,844,208.930672075171,329.116484325596,0.45266823174538295
150,500,600,845,224.85002039537486,163.1716626460865,-0.31895854856264094
150,500,600,1243,150.2166832599974,47.91272403608556,-1.1286762288094394
150,500,600,1244,148.73992743531025,48.54746692913393,-1.1059688342395133
150,500,600,1296,63.25000169884124,148.3966743842451,0.8438232624235837
150,500,600,1301,81.08909979221013,41.299022901899164,-0.6630412536526822
150,500,600,1398,75.71127137038636,28.15180501534586,-0.9675318190544497
150,500,600,1410,48.57009285233016,67.74133713542204,0.32696303811792315
150,1000,200,0,106.29856965027864,47.66269591074005,-0.7907025803319874
150,1000,200,1,76.2617829194054,25.631185859799807,-1.065116504040477
150,1000,200,2,72.24799613631183,25.78283920222033,-1.0060895368783762
150,1000,200,3,72.81295763558505,30.573591696054514,-0.8492132285373968
150,1000,200,4,76.98429236522742,37.6010528968316,-0.7032278732581876
150,1000,200,5,78.85001202011931,45.49544563941123,-0.5407956606366624
150,1000,200,6,77.5467726105769,44.91803488354115,-0.5368363200389483
150,1000,200,7,76.78025798481899,45.10618372026572,-0.52294056746894
150,1000,200,8,79.84717700006568,55.22194755657475,-0.3632534623203272
150,1000,200,11,74.63941675789809,55.63025429760355,-0.28943416237165565
150,1000,200,12,72.2927613131113,46.96423978966468,-0.4240061208888912
150,1000,200,13,74.65252490263477,58.14526957064698,-0.2461542020062728
150,1000,200,17,77.1041743850233,24.747180135123184,-1.1097183928517755
150,1000,200,19,74.60702136427591,44.027268191767625,-0.5182808879938272
150,1000,200,20,78.6285363048263,49.907601814623305,-0.4473602644645496
150,1000,200,21,97.34108891839288,54.44498961823055,-0.5730505837574498
150,1000,200,22,112.59711155260007,47.97578790947854,-0.8413320277955716
150,1000,200,23,114.48103113415497,41.301489130330246,-1.0042839944101734
150,1000,200,24,105.9035880174574,27.621983568565906,-1.3177523029051623
150,1000,200,25,71.3060037041542,81.10037992648863,0.1270354795519424
150,1000,200,26,72.34869149176924,79.88243385025869,0.09777200118423934
150,1000,200,27,75.86725560797619,69.4020866553399,-0.0878570782778505
150,1000,200,28,77.29811459867649,63.67166757710766,-0.19120032243557628
150,1000,200,29,77.3004334694118,62.18083295711355,-0.21455215982893883
150,1000,200,30,76.67508084225051,59.622058718043775,-0.2478756639645665
150,1000,200,31,74.76946245098526,56.103651312074355,-0.2828272808963641
150,1000,200,32,73.58680940438296,53.31038315362452,-0.3172482469812219
150,1000,200,33,72.73700985268499,50.046764306950394,-0.36776268233500664
150,1000,200,34,72.10784318776865,46.66853004344582,-0.427664222302198
150,1000,200,35,75.67801224942586,33.66730021875738,-0.7938181093209886
150,1000,200,36,77.14199009726498,25.946145717417345,-1.0646872865817478
150,1000,200,39,57.42806174669448,57.37725014819682,-0.000870022105647017
150,1000,200,40,55.647503291111974,70.6428070787272,0.23484484557334628
150,1000,200,41,64.58325836376756,92.47338789636358,0.35435631884343266
150,1000,200,42,73.21162273518577,104.58701271175018,0.3526145994822194
150,1000,200,43,69.32964149680765,104.35014349221896,0.4040961494380948
150,1000,200,44,69.11910821839118,104.19923861041933,0.4056607206968099
150,1000,200,45,78.22171257247398,100.9750950515098,0.2524782074183367
150,1000,200,46,79.4029901036769,99.24249383663047,0.22054082309825418
150,1000,200,47,78.28681688096847,98.59284720604649,0.22801847561014643
150,1000,200,48,79.89273474412126,71.79835897247463,-0.10543060128214243
150,1000,200,49,82.31648096895958,47.52248537727117,-0.540619073837795
150,1000,200,50,41.84410054525066,43.238323801785356,0.032023509073055845
150,1000,200,51,74.56550272231624,98.96273353272886,0.279797586012581
150,1000,200,52,67.37870472920677,101.56659045007797,0.4054508087808708
150,1000,200,53,69.7399088869563,101.62686852690048,0.3720898791559373
150,1000,200,54,73.64398613292299,101.63066548892435,0.31840681209238664
150,1000,200,55,73.521648309402,100.17503302445698,0.3057623526619473
150,1000,200,56,71.05314108602366,98.84394849506744,0.32620453465186117
150,1000,200,57,66.77843852716732,97.00736769492808,0.36879852786004186
150,1000,200,58,62.78122623605315,96.70206075767899,0.42646376411049314
150,1000,200,59,60.07763112807811,95.99848967158967,0.4625497114906789
150,1000,200,61,92.9729754227759,26.74452122647433,-1.219968858013142
150,1000,200,62,76.35980198921187,79.99085605994,0.04586896861114731
150,1000,200,63,77.34783256056474,99.69415142686492,0.2509294139950953
150,1000,200,64,77.75474801489845,102.75639747538943,0.27570725148223474
150,1000,200,65,76.52496094072747,103.93511243541488,0.302742221167283
150,1000,200,66,74.48682766747152,100.63454467955553,0.297425310990584
150,1000,200,67,74.40522120950612,97.12219548760463,0.2633370752491988
150,1000,200,68,74.67945444578518,94.64663503446745,0.23415379926247493
150,1000,200,69,74.96993160607417,73.47173228912823,-0.019918004217129415
150,1000,200,70,77.14639740443255,43.66273315254972,-0.5594445136770907
150,1000,200,71,89.55240720485381,39.86866547972899,-0.7955651240024162
150,1000,200,72,57.61122867356615,91.928425457132,0.4609032842872871
150,1000,200,73,71.69921682100848,88.34289957219056,0.2061511591423777
150,1000,200,74,73.81218062721375,94.12694254930932,0.24023152265822745
150,1000,200,75,71.62019174927507,100.39740284471326,0.33380447142790004
150,1000,200,76,69.18840726502012,101.2914451982502,0.3766428860903632
150,1000,200,77,67.26908480458322,75.11218662937887,0.10875136591107637
150,1000,200,78,70.13486639920052,52.8363855885214,-0.27862805134495305
150,1000,200,79,82.11433073795513,35.632395793147694,-0.8192841588433604
150,1000,200,81,64.11348869366509,72.74720946697022,0.12451142942094506
150,1000,200,82,52.776950425511046,114.5020229907244,0.7644431002671883
150,1000,200,83,58.50987809878333,99.82846852814538,0.5272784243980562
150,1000,200,84,70.3631245563853,89.04980560152104,0.23258163969889178
150,1000,200,85,69.68796500228093,37.88683061447821,-0.5976196834460281
150,1000,200,86,39.53015035183149,44.64016920478018,0.11874208208970627
150,1000,200,87,54.64808598344984,74.82528931652541,0.30938418584795446
150,1000,200,88,49.4659536985424,95.9224196647994,0.6526119364951182
150,1000,200,89,49.971879948931765,99.73053455017826,0.6811748695912518
150,1000,200,90,57.12690091590675,118.09605382042373,0.7173017751802213
150,1000,200,91,76.68205788114113,89.94870178450735,0.15767131550718538
150,1000,200,92,76.21849309386225,53.075930239938025,-0.35624980172774734
150,1000,200,93,58.928784745559526,32.60874858517868,-0.5783705287297969
150,1000,200,94,80.7637746223501,33.85299955643655,-0.8526950885041686
150,1000,200,95,85.8338922241192,76.48789863492345,-0.11387523134582
150,1000,200,96,87.12687106913475,68.57201264454349,-0.23641512360373618
150,1000,200,97,54.86081814471058,44.084638222893126,-0.2143216341671188
150,1000,200,98,42.74198049736888,63.987696726241644,0.3958896777606511
150,1000,200,99,39.146199167778406,35.403289900269606,-0.09786861766888544
150,1000,200,100,37.468440876812465,66.32831845240732,0.5597427398735872
150,1000,200,101,57.57574343775479,67.02174665649687,0.1495067814426685
150,1000,200,102,35.47138926685235,32.31910623322431,-0.09039710430413805
150,1000,200,103,35.94297810770027,13.740226663003652,-0.9187953276025009
150,1000,200,104,42.563774100889745,43.24855179546418,0.015596707386078101
150,1000,200,105,36.527492828166245,15.771895737412708,-0.8053691936213934
150,1000,200,106,37.71507655822555,15.258517564231955,-0.8676121700670674
150,1000,200,107,36.54273291326022,13.391279660855576,-0.9588573845045238
150,1000,200,108,36.892194488093764,17.243873182621876,-0.7309158330529644
150,1000,200,109,37.14912279165794,22.184246447523968,-0.4980297482095106
150,1000,200,110,36.941361310626974,28.955004816931357,-0.23634542813918635
150,1000,200,111,36.01222649676032,31.978633614059945,-0.1153884183883167
150,1000,200,112,35.49750729080828,32.19238203650726,-0.0949235719923216
150,1000,200,113,36.74202440197303,50.87156994653346,0.31799667559853795
150,1000,200,114,39.232650470560785,51.11182045493352,0.2587129364303542
150,1000,200,115,42.751648848625045,48.65967706405248,0.1266639770579192
150,1000,200,116,48.240923119939275,48.50616655679228,0.0053721902213212935
150,1000,200,117,56.987220795462925,51.21088908314175,-0.10493157889793814
150,1000,200,118,61.22646406351438,48.62040154557406,-0.22637830587394037
150,1000,200,119,63.718312299943115,50.56275163652176,-0.2272446511560564
150,1000,200,120,72.2800880823301,50.50992287290446,-0.3525144561084055
150,1000,200,121,72.66323976347469,47.61472292934541,-0.4155774667576022
150,1000,200,122,69.40302368329684,48.74125872480053,-0.3474014681457689
150,1000,200,123,63.139057986482186,55.07761136467324,-0.1343168588587913
150,1000,200,124,50.81500367221509,68.7517461704016,0.297262701581372
150,1000,200,125,32.39134361646975,79.47127680378978,0.8796036176300133
150,1000,200,126,16.034573907465138,73.6283065175359,1.47727484114364
150,1000,200,127,8.980978005580441,58.47555924801137,1.7848843771487561
150,1000,200,128,15.933787278849058,40.099298279131894,0.8866801744929442
150,1000,200,129,49.26004491521257,43.50793020301714,-0.12154304566765939
150,1000,200,130,11.072742369498068,63.95943915059531,1.682812847321971
150,1000,200,131,11.84090382183772,65.76134603704463,1.648488574025453
150,1000,200,132,25.29066311640567,73.39083734714589,1.04011891875298
150,1000,200,133,41.16434880765584,78.96355544836523,0.639995924980663
150,1000,200,134,68.05641109933991,78.4007767836866,0.1395844286272201
150,1000,200,135,73.84298025934115,67.88580037919085,-0.08294225586470816
150,1000,200,136,54.77524761263212,71.30217769712901,0.25952406920322346
150,1000,200,137,38.194637076252285,75.21942578654527,0.6650764336271298
150,1000,200,138,35.70275733595698,72.87274792477777,0.6994921063095814
150,1000,200,139,42.50873203398137,87.34488872885115,0.7082866901976419
150,1000,200,140,53.85786443611085,93.74760535828835,0.5464710131505406
150,1000,200,141,58.30277258363884,57.0026498078038,-0.022167364271116874
150,1000,200,142,46.929874261883036,27.678426070494076,-0.5135938545652707
150,1000,200,145,46.103552213300866,89.76006498449294,0.6558709591950969
150,1000,200,146,47.481642466572836,78.34406375179488,0.4926084127843158
150,1000,200,147,51.85474671758211,47.66938454168878,-0.08249734495746086
150,1000,200,148,51.70216526492347,38.398342856378946,-0.290932785387628
150,1000,200,150,49.2463564129124,66.85072263668481,0.30037200161349764
150,1000,200,151,50.691976914732855,87.1898692038478,0.5341895107110668
150,1000,200,152,51.443718494436794,84.10875002766917,0.4841892849438767
150,1000,200,153,55.17548014871755,55.062311477934536,-0.002016588307629519
150,1000,200,154,47.526229816798626,33.747507703219874,-0.3339966240493135
150,1000,200,155,43.608967268068845,25.658484709826787,-0.5148274230940206
150,1000,200,156,46.577024853323564,29.37661967041743,-0.44867675084349656
150,1000,200,157,46.97095054415243,14.426728707602392,-1.1344939953879019
150,1000,200,158,33.58752111103357,31.917862243084457,-0.04947751971643077
150,1000,200,159,29.496498666547193,32.615472805092374,0.09737458191759485
150,1000,200,160,41.68446497175024,48.193242266462185,0.14192122571193222
150,1000,200,161,42.149978907310945,46.50775159043368,0.09621096039702248
150,1000,200,162,35.545590105520446,12.235221175262485,-1.0156789782381805
150,1000,200,163,24.19599895512579,24.74704966590764,0.021634834174311113
150,1000,200,164,23.04489864927175,49.01752940095498,0.7324506723286865
150,1000,200,167,35.64444557969134,32.480648877994305,-0.09029423727271801
150,1000,200,168,49.03020352009451,31.812709739347415,-0.4218109610652374
150,1000,200,169,55.20110438621535,26.16193938529162,-0.7271197016270547
150,1000,200,170,34.679882673991365,49.904802743026266,0.355370256128305
150,1000,200,171,53.52188367936609,71.65169845835153,0.28707461190851147
150,1000,200,172,52.070663581331374,97.9371322036714,0.6228603195234679
150,1000,200,173,28.07786077957641,42.5576965701535,0.4041093305224175
150,1000,200,178,43.46037119249761,61.76824994879309,0.3448511141544124
150,1000,200,179,64.78176961328057,70.18815270750179,0.07898366762044962
150,1000,200,180,82.80381474911425,139.1485349116155,0.5142242953217941
150,1000,200,181,45.635386798779045,147.53683633957593,1.158473357322788
150,1000,200,182,44.33261672499208,148.85145527068005,1.1956177158255032
150,1000,200,183,40.617261780931685,145.5703256369565,1.258990323895358
150,1000,200,187,21.623599326323877,45.970573467168556,0.7305277297457935
150,1000,200,188,25.89766558576145,35.40085265675233,0.3025526973607673
150,1000,200,189,35.22540683728979,52.19378762127992,0.38418089650614906
150,1000,200,190,51.479438680630864,50.159892506989195,-0.025465573112435358
150,1000,200,191,62.04703912240538,39.495874409086476,-0.4426809980401991
150,1000,200,192,63.77130895977463,35.13051851386051,-0.58372484594824
150,1000,200,193,56.26384068169548,33.837381763332495,-0.49697837299348446
150,1000,200,194,40.95301265370763,33.190525708023635,-0.20460166607068997
150,1000,200,195,27.799658129971533,41.60455977372125,0.3915977679047473
150,1000,200,196,25.02061276490422,71.41262920772105,1.0234916981773186
150,1000,200,197,34.11452038242619,29.98635331112665,-0.12506783924469156
150,1000,200,199,63.3464671559262,29.438737177926885,-0.7485659855637503
150,1000,200,200,34.23538696239387,34.70459743413685,0.013228571113327092
150,1000,200,201,34.27016299208332,57.678710764331186,0.5090396169145777
150,1000,200,202,45.66710458923245,30.272820111044847,-0.4002901647143928
150,1000,200,203,59.21995255288906,29.899691576236766,-0.6672575326547228
150,1000,200,204,42.26127933174788,69.19302185986876,0.4839909092105801
150,1000,200,205,23.971973470988118,96.80705397318737,1.365242566106362
150,1000,200,206,19.58744401560194,102.83874072182684,1.618157749620444
150,1000,200,207,24.02657863590297,67.56082322515346,1.0077828760200442
150,1000,200,208,22.886745322559086,16.85567979990451,-0.29100206239673554
150,1000,200,209,29.58730145570687,52.61424454424818,0.5612298514717469
150,1000,200,210,41.131287213157194,73.48544567908162,0.5698131174013703
150,1000,200,211,50.79819113017082,80.5790004361582,0.4542166528656475
150,1000,200,212,64.34493913176877,87.81587896730804,0.30688545665334654
150,1000,200,213,78.5316135641999,93.08114813868862,0.16800309041883033
150,1000,200,214,81.60152108360104,93.5454813616588,0.13505290755685717
150,1000,200,215,81.33484452238265,93.35995878590585,0.13632241545003332
150,1000,200,216,70.87829623965398,93.66549633827684,0.27537522800127867
150,1000,200,217,131.62178164228158,63.30700402215799,-0.7238327774793447
150,1000,200,218,112.3202515051288,92.68842715933755,-0.19024322227288248
150,1000,200,219,87.6127323295008,91.83015599266902,0.046495990785751395
150,1000,200,220,75.20555148924407,87.20187359709237,0.14619389115612602
150,1000,200,221,64.24665142425353,78.51581824880536,0.1977812478337313
150,1000,200,222,57.35257304361708,70.65667949583798,0.2053829193961727
150,1000,200,223,51.06845937224041,60.84287262730473,0.17203747666668923
150,1000,200,224,43.559663711772934,41.38944457182425,-0.04992966625999529
150,1000,200,225,30.043337729356782,29.421824138262796,-0.02022396934399806
150,1000,200,226,20.954112172836847,66.2711904044832,1.1197776030993478
150,1000,200,227,19.399925805330653,76.29085479532716,1.3320443767926937
150,1000,200,228,43.67147366213442,33.163444109691326,-0.2681789380724573
150,1000,200,229,52.043312172083176,39.581156482165085,-0.2678049577984072
150,1000,200,230,53.58275350587637,35.39634857851959,-0.40524950716372743
150,1000,200,231,51.49966320086958,30.546125419914194,-0.5093559805194112
150,1000,200,232,56.39394971882935,49.86383793863885,-0.12078667418148425
150,1000,200,233,60.57476714826831,37.95926762966166,-0.45773548181311474
150,1000,200,234,52.6145643108326,36.123251060054926,-0.36757726686427983
150,1000,200,235,30.614091812693236,34.8657812519016,0.12618070784029056
150,1000,200,236,25.304179487317022,104.90787633675494,1.3928417826451995
150,1000,200,237,32.023298436506415,84.27633535818634,0.9486836620316872
150,1000,200,238,41.506253782419414,82.54206094613212,0.6756990160094603
150,1000,200,239,55.62012403279693,91.24030442884876,0.48803270605538884
150,1000,200,240,82.19272514598991,93.7986977810837,0.1305957668251061
150,1000,200,241,130.23133830003707,55.10603330821318,-0.8497183546349207
150,1000,200,242,148.9393665745968,40.03462728408556,-1.2958147113781182
150,1000,200,243,118.35104728003142,43.29899631858974,-0.9911071072812638
150,1000,200,244,86.87045753497607,49.524522404815954,-0.5534048458532168
150,1000,200,245,82.5106894054943,51.552733258458126,-0.4631575319951402
150,1000,200,246,71.39389408376182,55.61258313941947,-0.24589068252429858
150,1000,200,275,82.04861004783562,66.38961059031469,-0.20893523909743372
150,1000,200,276,101.35439527765182,69.94588430993143,-0.36652386118030034
150,1000,200,277,109.48734877018654,70.36899645702208,-0.43703747188339825
150,1000,200,279,78.28985977143296,71.95856504178023,-0.08321857089584217
150,1000,200,303,48.24050823108322,105.72315331274628,0.7735215064924423
150,1000,200,410,17.99791269321956,39.62620378090733,0.7600841568609447
150,1000,200,411,23.654067126297775,33.58618024356681,0.33851230549029765
150,1000,200,412,25.1247925991365,31.41747945510082,0.215812995216754
150,1000,200,413,27.084085196355165,26.404016314992617,-0.02451346928524334
150,1000,200,414,29.375229932109825,27.966073414986635,-0.04750220851523013
150,1000,200,415,29.33816972244849,30.566567815704218,0.03969193348202493
150,1000,200,416,27.973756236407205,31.869738561888873,0.12616197104465376
150,1000,200,417,26.12376911426219,34.83250436986175,0.2784449922127421
150,1000,200,418,31.303221191945727,30.9236416588255,-0.01182009943088369
150,1000,200,419,29.746030299442882,27.27386301980846,-0.08382308027319718
150,1000,200,420,29.04701322108586,26.509631785726327,-0.0882270722961378
150,1000,200,421,25.8841666205329,28.392228987611407,0.08919280740986935
150,1000,200,422,20.899740781220245,34.886050956656376,0.4938738669702394
150,1000,200,423,19.694193922665278,36.46620367074314,0.5935861170729115
150,1000,200,424,15.19115498163634,31.343815978204496,0.6919577384591982
150,1000,200,427,16.686413656401413,18.69728936139384,0.10768427561053473
150,1000,200,428,17.450722280235556,26.220278056367462,0.38885869462005385
150,1000,200,429,21.902481067046175,36.50033514788859,0.49310462198286586
150,1000,200,430,27.709504141857884,38.92680529245127,0.3298196874576411
150,1000,200,431,28.723648708958866,38.017544847262805,0.2720684310535151
150,1000,200,432,33.72732920528515,31.520995557476166,-0.0656410642275338
150,1000,200,433,33.5076828717562,31.27154729426107,-0.06699603788453246
150,1000,200,434,34.95294874903465,28.651504745552984,-0.1926982299928155
150,1000,200,435,32.937903296217904,32.54835972584152,-0.011544509336079756
150,1000,200,436,32.742999304963114,39.25607413922025,0.17648793496866366
150,1000,200,437,33.24016239909647,39.42426401601588,0.16603090491171502
150,1000,200,438,34.09307336177839,41.77373369532621,0.19792044461286462
150,1000,200,439,37.00747569822458,45.32207914650272,0.19783584956145583
150,1000,200,440,36.82103004910347,45.09289618948771,0.1977935440305667
150,1000,200,441,33.88024574491362,40.01715086595983,0.16206964858438155
150,1000,200,442,38.194142081843964,83.44660572950721,0.7675921508398611
150,1000,200,443,56.1853179088612,34.23720347054165,-0.4841947442853045
150,1000,200,444,37.16451466199746,39.710719944624444,0.06458529873577712
150,1000,200,445,34.54025854418901,44.37772999252722,0.2443553584616751
150,1000,200,446,44.45865290909471,86.2771791747793,0.6522858361988302
150,1000,200,447,58.58750812452089,28.36278115190752,-0.7077180317344847
150,1000,200,448,52.165294236296766,27.03543664843399,-0.6399365149138685
150,1000,200,449,42.801901271709326,40.36533144557158,-0.05723409915444089
150,1000,200,450,42.73787099780932,40.18315469590492,-0.060185033888803474
150,1000,200,451,51.003692514617875,42.43545346009349,-0.18003871832953378
150,1000,200,452,57.88634331740517,59.63932002066557,0.029334326301644786
150,1000,200,453,57.599925114424515,81.03590712519703,0.33642362451702024
150,1000,200,454,49.56841794785816,111.33110273052151,0.798123554286919
150,1000,200,482,16.3709004149508,152.08900706017337,2.176223081465513
150,1000,200,483,14.59005501682379,140.5251148302741,2.205843979255313
150,1000,200,484,31.77816468905927,159.68529978193607,1.5896852093976181
150,1000,200,485,34.27656466843961,158.54077048687876,1.5090806508449681
150,1000,200,486,28.14728669131594,162.13575643852022,1.7222208882072199
150,1000,200,493,51.2199748068879,87.80774095384726,0.5310087382734316
150,1000,200,497,47.59738171733735,51.87262241955532,0.08431601496869501
150,1000,200,498,63.271249699081245,114.25439777965519,0.5840294360467153
150,1000,200,511,243.07898616734408,97.83096178752834,-0.9040809526324436
150,1000,200,515,219.09716136537247,81.65144535342293,-0.9794367796730139
150,1000,200,519,222.8546981485255,84.67605520878308,-0.9604237882995106
150,1000,200,520,231.28299918035466,93.8396996135779,-0.8957683584432132
150,1000,200,524,223.43708859033393,156.55026901245776,-0.3538508632391659
150,1000,200,525,194.03967442635084,192.57569102118583,-0.007534392413827362
150,1000,200,529,208.44204553573076,91.29234018777764,-0.8194859189544079
150,1000,200,532,56.05696991439005,63.77441121977774,0.126860395908456
150,1000,200,533,47.148053739553205,62.23579276606875,0.2725897654279219
150,1000,200,534,46.99071310043997,42.91512825017608,-0.08874864733135723
150,1000,200,536,49.621144893035236,28.3459514412181,-0.5452147761806767
150,1000,200,537,70.09606203691423,38.03115105027695,-0.5996718768337086
150,1000,200,544,128.71768283436288,271.344440006015,0.7417071702813507
150,1000,200,551,20.079653581770163,37.05224030096425,0.5906516703564182
150,1000,200,552,39.19094280479863,50.45465985438644,0.24705936184366362
150,1000,200,553,51.34677776013686,77.25270999722464,0.4020530778106588
150,1000,200,554,45.04978939203989,83.03448477466956,0.601504058401368
150,1000,200,555,53.7374276947771,68.33117279856103,0.23634691780674277
150,1000,200,556,65.84264440117046,60.34100614863467,-0.08589270473197974
150,1000,200,557,77.68161166348565,59.57021306418194,-0.2616062384482669
150,1000,200,558,96.09106514926661,31.30480398036348,-1.100433404851504
150,1000,200,559,93.10936757552847,28.042994718991995,-1.1756802822201826
150,1000,200,560,77.85089874250211,44.124989148722065,-0.5581225352919925
150,1000,200,561,79.2142970278606,53.10268345955366,-0.39381797970258603
150,1000,200,562,79.05042935174356,51.50630109534358,-0.4217236197135814
150,1000,200,563,82.39658631445587,52.588142310700434,-0.4422795589894988
150,1000,200,564,88.28644263622638,75.46122079830907,-0.15506596353642177
150,1000,200,565,95.9686613709944,85.21259704065073,-0.1175715432975295
150,1000,200,566,107.58000204798084,98.99524510554123,-0.08236461142578033
150,1000,200,567,115.1837725361644,97.70745979933965,-0.16301265939011866
150,1000,200,568,106.63407020458484,92.61324735352947,-0.13956533017395767
150,1000,200,569,100.49926993745264,90.68720918895794,-0.10166872158658702
150,1000,200,570,90.06494521975178,88.25303394780806,-0.020097521804308904
150,1000,200,571,87.37083526753614,89.3964088951044,0.02266254457671124
150,1000,200,572,87.9080412410286,89.97230405243624,0.022952518036279734
150,1000,200,573,88.66305204972535,90.38689900454897,0.019043352847758044
150,1000,200,574,88.8181000059531,90.0253989664193,0.013352063009937076
150,1000,200,575,90.69177414304471,88.55528293251412,-0.02357655024918781
150,1000,200,576,96.55243020961072,88.81053744955157,-0.08268766724982246
150,1000,200,577,96.6416740399027,90.20473901199358,-0.0681975318182495
150,1000,200,578,98.59816625737872,89.9822850649769,-0.09047893539994867
150,1000,200,579,96.16937263675533,89.97895073582431,-0.06582739631834489
150,1000,200,580,101.49849674256437,88.14300437471151,-0.13960626159257306
150,1000,200,581,99.70746289153358,87.42324466222414,-0.13008502337647077
150,1000,200,582,104.82999822249319,87.45704735526849,-0.1793169227301954
150,1000,200,583,110.66769196424616,87.83827985532363,-0.2287097883222593
150,1000,200,584,111.18672191343387,89.06841315093946,-0.21959511538090748
150,1000,200,585,114.74136374740114,89.47959420139257,-0.24623373208508692
150,1000,200,586,117.45965788859289,90.532936848659,-0.2578735897851736
150,1000,200,588,123.12111532882524,92.07116158534583,-0.2878934465404672
150,1000,200,589,127.2726394258515,90.51896039829505,-0.3376118259270706
150,1000,200,590,128.8525825620828,86.07306815776253,-0.3996521966731921
150,1000,200,591,128.72773033123894,85.01304193396626,-0.4109389369522525
150,1000,200,592,128.51125182868032,80.7944734158039,-0.45955808490082717
150,1000,200,593,128.83001543529795,72.4461370731046,-0.5696737126296307
150,1000,200,594,106.41851014413324,29.872928902159995,-1.2468528023291543
150,1000,200,595,84.17419471374026,82.9681079125166,-0.014261449968321571
150,1000,200,596,117.14879835378565,84.56053757140259,-0.3227206658971342
150,1000,200,597,126.01846264575734,85.9766717438332,-0.3786925092331792
150,1000,200,598,126.14613617352651,86.14455393142607,-0.37776882420045954
150,1000,200,599,124.08990655035109,87.83382008450039,-0.34226529686904605
150,1000,200,601,105.55592920154585,85.77622998526607,-0.20533726805786667
150,1000,200,602,90.94319378159904,59.27846141825026,-0.4221960779321208
150,1000,200,603,89.11397495595605,54.31104511513031,-0.4881026381174065
150,1000,200,604,125.47339787456944,76.54063749223451,-0.48922983889923266
150,1000,200,605,129.31272585129085,87.41683271621851,-0.3878747782842753
150,1000,200,606,127.24698524360534,90.58012626673779,-0.3367436909152408
150,1000,200,607,119.15444455485242,90.87844214938792,-0.26831153081300485
150,1000,200,608,109.06608498770889,93.49120293164272,-0.15257421852028497
150,1000,200,609,90.55561371817505,93.60946078258783,0.03281089148555694
150,1000,200,610,80.31113627273479,94.48065266691754,0.16064065238976166
150,1000,200,611,58.99657395509683,84.00493792868845,0.34842188823825015
150,1000,200,612,50.048912391043125,69.35036561608169,0.3207037410433258
150,1000,200,613,49.388619516245555,64.01177918888528,0.25480312543729466
150,1000,200,614,49.213073714122956,58.49060540474321,0.16954298238475296
150,1000,200,615,40.08716958793985,55.169905171171926,0.31268522100665574
150,1000,200,616,39.902572725465916,54.49792729330176,0.30515271009478795
150,1000,200,617,33.567578374093834,55.66418272561155,0.4942261116125355
150,1000,200,618,27.760669992389726,58.81514020935685,0.7322499811085521
150,1000,200,619,27.399097700248245,61.26982105173316,0.7851195215881428
150,1000,200,620,25.328187844799395,65.3809831078679,0.924770470077056
150,1000,200,621,40.54107645650941,76.70820141430586,0.6262780722648289
150,1000,200,622,71.17747330919556,96.79056670581765,0.30370012425031856
150,1000,200,623,41.86801849499425,88.22436680952121,0.7330281145007955
150,1000,200,624,46.94430203057094,89.45169256966015,0.6347759616427533
150,1000,200,625,86.2532638395609,96.34925663611068,0.10949012751019893
150,1000,200,626,86.83010087449141,97.26761802524193,0.11229027654869839
150,1000,200,636,213.12115832763158,89.21269417012113,-0.8643718644631111
150,1000,200,637,255.25539726152357,87.73346822623786,-1.0605374552175197
150,1000,200,638,262.8270777481693,89.9647770829385,-1.064821513439652
150,1000,200,639,275.49685189161374,90.18557933539637,-1.1093026720784067
150,1000,200,640,272.1541809565808,87.83118630837792,-1.1232986156644644
150,1000,200,641,266.9212810038273,103.3981838121954,-0.9424809309044893
150,1000,200,642,296.27902291946714,101.29991980002701,-1.0667622798964151
150,1000,200,643,299.40673026837743,103.60600956515354,-1.0549363211922484
150,1000,200,644,294.3810244184105,103.82189708154687,-1.0360034394500053
150,1000,200,645,306.36096968019007,97.13198814453293,-1.1417094635567944
150,1000,200,646,323.56431381432475,90.2242257226176,-1.2691632153494972
150,1000,200,647,335.3945789425281,74.71832770948103,-1.4912645721456146
150,1000,200,648,347.35560344233517,98.77396509402708,-1.2503165285310516
150,1000,200,649,354.1214432654104,113.60656361475836,-1.1309547479142568
150,1000,200,650,360.77211067529265,114.97215649085733,-1.1376643530249355
150,1000,200,651,361.5124880934436,132.19787766248464,-1.0012230990997724
150,1000,200,652,352.50403530637084,158.6979036404074,-0.7946109722908172
150,1000,200,653,349.3406471349242,168.13278305752323,-0.7282218536955725
150,1000,200,654,344.2418522172616,367.8350081857996,0.0661042194087047
150,1000,200,655,429.5326027389639,366.0796558383555,-0.15944418287804574
150,1000,200,656,458.1869932059114,126.10189868106127,-1.2844684031383578
150,1000,200,657,401.4046201140028,113.07504969453127,-1.2606015376725326
150,1000,200,658,363.95553755606534,111.73539016928284,-1.1747321384731961
150,1000,200,659,348.83239386396855,115.89574974401138,-1.0961716553444534
150,1000,200,660,334.1034489215224,100.41006949846422,-1.1952668959608461
150,1000,200,661,286.8843666784102,130.14454957205305,-0.7862587482071186
150,1000,200,662,225.4837372627818,145.527156401761,-0.435462362972296
150,1000,200,663,350.28491969487965,137.62599839813208,-0.9298179834127653
150,1000,200,664,337.26165659781066,145.52614984328997,-0.8366158181914098
150,1000,200,665,355.77242149789146,146.9381710464585,-0.8803036804332125
150,1000,200,666,390.10904811481225,89.12020001999505,-1.467842081488909
150,1000,200,667,405.42069015234546,81.72392291966565,-1.5918799720634684
150,1000,200,668,443.71030053040863,108.10972397753076,-1.405069042222614
150,1000,200,669,469.5304125288691,124.37145092630784,-1.3225796574651598
150,1000,200,670,484.82110583395684,128.88469785388506,-1.319193343838605
150,1000,200,671,504.4866513571662,135.388079170359,-1.3100172858227488
150,1000,200,672,510.8712602729692,144.41420126831403,-1.258486917966592
150,1000,200,673,531.406538146179,165.99376010637945,-1.1594509198743168
150,1000,200,674,507.99866728933017,223.76757132042317,-0.8173785463333978
150,1000,200,675,466.5747164822521,150.83386722502902,-1.1247722129844
150,1000,200,676,503.4129682151098,148.03652411328105,-1.2192039097574074
150,1000,200,677,477.66018616808964,186.60645080356807,-0.9366445002748938
150,1000,200,678,475.76863548461955,186.87332068066854,-0.9312634227647916
150,1000,200,679,516.602618566379,140.07168448258375,-1.2999396404558725
150,1000,200,680,533.1910017121601,137.44277222953542,-1.3502964127770998
150,1000,200,681,528.3865597661231,136.07857055385924,-1.3511646326702822
150,1000,200,682,471.7493072683238,156.1430228019023,-1.1014088782894946
150,1000,200,683,469.02544163822523,158.33586860488978,-1.0817724689413009
150,1000,200,684,443.9324553094908,177.48344646898025,-0.9134266247733311
150,1000,200,685,389.98424354408405,189.9169866683344,-0.7168285525353788
150,1000,200,686,373.20973369454936,191.21929080992462,-0.6661795655952298
150,1000,200,717,87.49598455758925,289.4703206845111,1.1885442260003503
150,1000,200,729,205.14710917478763,285.39877637656554,0.32879512651581777
150,1000,200,730,207.39748825661934,272.44175746904966,0.2716413893080878
150,1000,200,731,204.50658986594962,261.57080698035094,0.24504268563932996
150,1000,200,732,201.71941979002966,257.4973720572501,0.24306267333020415
150,1000,200,735,134.3231574196016,312.2011667808966,0.8391800128379598
150,1000,200,736,102.40743619103343,339.15210299899735,1.190716003105945
150,1000,200,737,86.50978973840809,344.327484392093,1.3727425270895237
150,1000,200,738,75.18844027181665,352.7276079248694,1.5353173990866402
150,1000,200,739,66.25196922199535,387.0575938274001,1.7527074661422821
150,1000,200,740,67.03100410630137,381.95567335420014,1.727955703109643
150,1000,200,741,77.42092401756615,356.6720244558744,1.5175256539624815
150,1000,200,742,65.835538381072,361.87346940537464,1.6918192536020644
150,1000,200,743,56.01036408698629,373.20184741156163,1.8815622733971518
150,1000,200,744,56.21899146574175,373.27707682527017,1.8781105083375422
150,1000,200,745,58.40946855929865,371.2176452910331,1.8350251341538177
150,1000,200,746,57.66087957653868,360.95438866297604,1.819745147796044
150,1000,200,747,56.38178203976974,353.6063629777369,1.8212814706975937
150,1000,200,748,61.80507590801517,339.832224523802,1.6913544492440433
150,1000,200,749,68.92440010150634,328.53026633249567,1.5502535451771715
150,1000,200,750,28.15619295886479,334.6574803260081,2.4434238945752034
150,1000,200,751,25.657362390917893,409.5101991596032,2.734335399501415
150,1000,200,752,31.504073840913147,467.2492816113772,2.6676353766928047
150,1000,200,753,37.659748035436834,523.9448227030205,2.6084942011446395
150,1000,200,754,44.0885884740156,624.8885443814338,2.6305431238210835
150,1000,200,755,46.797815951602736,669.9533685643784,2.6417196920591817
150,1000,200,756,48.159357693896,660.9714071099626,2.6001551443395217
150,1000,200,757,61.65779678641366,505.78909166098265,2.0904068007613743
150,1000,200,758,101.78742317973867,215.16719358608935,0.7433891497193041
150,1000,200,759,124.36929108584359,71.87485987735444,-0.5425199886481593
150,1000,200,760,151.90348553335656,28.128360837455766,-1.6580946100491567
150,1000,200,765,369.9592079252496,177.33145615016667,-0.7324481729665946
150,1000,200,766,354.85579165789267,150.12029295996138,-0.8564494073894924
150,1000,200,767,320.3524303523061,63.547679412256635,-1.6051342683232015
150,1000,200,768,316.3630703861789,65.8276252975174,-1.5579299035215293
150,1000,200,769,318.35445440253807,77.8366650159492,-1.3989234475212058
150,1000,200,770,329.1795693015751,82.8743409146594,-1.3703169185500963
150,1000,200,771,216.1999376407419,367.00715927481275,0.5272840915763162
150,1000,200,772,338.888117486136,97.01627595255547,-1.243482951209642
150,1000,200,773,317.85232058395195,70.32436722916789,-1.4974900253102268
150,1000,200,774,334.32046796661547,150.12464275762377,-0.7969817503053882
150,1000,200,775,371.39265960550046,177.70241809207155,-0.7342268805133445
150,1000,200,776,376.23771619077354,182.3821447230028,-0.7213033375965248
150,1000,200,777,360.7354093241896,167.878105045181,-0.7617358483498702
150,1000,200,778,372.89322325484613,234.26774549729706,-0.4632460492055417
150,1000,200,779,376.0912132223123,244.90282802171296,-0.4275506532165183
150,1000,200,780,359.0441289466928,239.0756498294227,-0.4052725230481711
150,1000,200,781,345.2693086618797,236.19883000054097,-0.3783180864678837
150,1000,200,782,354.5566127985033,246.04694717468732,-0.36410609684276896
150,1000,200,783,379.9499123629187,262.29548761341067,-0.36939097432942614
150,1000,200,784,391.44590099493234,259.04137607960394,-0.41155793874072977
150,1000,200,785,366.30176627913295,260.64701705969304,-0.33918742937761515
150,1000,200,786,389.38318576177005,283.12058164705104,-0.3177300530381677
150,1000,200,789,358.33819139229445,154.1876975798575,-0.8396286459178377
150,1000,200,790,303.1624702716696,110.44348313073894,-1.0040444156832535
150,1000,200,792,158.4252904305507,33.50427346006266,-1.530492229163618
150,1000,200,793,197.35877912846985,47.47773534391224,-1.4089727793079252
150,1000,200,794,161.70485666059548,50.29002230439725,-1.1544416279132217
150,1000,200,795,293.3736650818272,46.422724559618274,-1.825748395102071
150,1000,200,797,126.0931536948803,196.50816970817792,0.4408596378526086
150,1000,200,798,137.31035118383423,30.166833765198962,-1.4901455726776027
150,1000,200,799,109.24029740243603,53.19519310779487,-0.7100702885696522
150,1000,200,800,117.46217751921444,49.67702117414888,-0.8491211559966247
150,1000,200,801,144.59377843688014,52.96176442824644,-0.9925446747102145
150,1000,200,802,256.2307554463602,114.2758340876368,-0.8026457494553769
150,1000,200,807,241.6296254068995,201.21522795580483,-0.18220349021878857
150,1000,200,808,303.35835366582995,201.33204066450787,-0.4082956885634115
150,1000,200,810,297.1418865760167,165.16956134954893,-0.5845607817010459
150,1000,200,811,277.7694756419944,86.54961103433718,-1.1581795721687964
150,1000,200,814,267.3828661885128,171.49976380313078,-0.442018698993075
150,1000,200,815,292.6866341565433,185.8726026746078,-0.45208621311364094
150,1000,200,816,349.99697146831016,196.56547502197384,-0.574707546633765
150,1000,200,817,407.83416537608923,185.82699211989245,-0.7831265974062296
150,1000,200,818,399.54986560425294,184.89149838626298,-0.7676751056393378
150,1000,200,819,350.88661710648887,179.71083179779924,-0.6664108738741277
150,1000,200,820,290.4891309015921,180.04988641693276,-0.47623010945438793
150,1000,200,821,259.21569936454654,185.44624301370794,-0.3333679436964614
150,1000,200,822,150.7683924900136,228.59638550507682,0.41396729658251274
150,1000,200,823,168.99267181810453,230.06686950660617,0.30695181784578285
150,1000,200,824,352.8806453252704,163.78941281795346,-0.7642913233822028
150,1000,200,825,355.06912129463825,183.26179534004675,-0.6587673257970588
150,1000,200,826,311.20978783143784,195.13495957930988,-0.46487236718995817
150,1000,200,829,282.26583271781817,160.01041973914724,-0.5649167131996977
150,1000,200,838,271.6667599158273,192.05694221701293,-0.3452652071404039
150,1000,200,839,272.85618501078113,193.4772543956704,-0.34228788413210864
150,1000,200,840,270.1679106249385,181.85784150739943,-0.3940291968164473
150,1000,200,841,337.7431095287067,133.01199045799902,-0.9273127541347987
150,1000,200,842,366.0489537389354,126.61822054920647,-1.0564520731041505
150,1000,200,843,387.96498780534046,124.14177726148762,-1.1340420212710765
150,1000,200,844,129.69109289131353,172.6296860350864,0.28408832106843107
150,1000,200,845,184.80792153289104,155.81677979621608,-0.16963534400401326
150,1000,200,846,275.85911352252424,120.6670682917761,-0.8222203954192491
150,1000,200,847,273.25170340436097,133.07869867507006,-0.715619379172213
150,1000,200,848,268.7835508958176,149.8209770835082,-0.5815264229177419
150,1000,200,849,275.3582257486924,188.10368197110762,-0.37940249702589135
150,1000,200,854,158.27031993440258,72.23256132449467,-0.7769627351181363
150,1000,200,855,148.9865245658021,72.86515403337238,-0.7083042657249683
150,1000,200,1005,42.98259374021608,86.12767843119819,0.6835806521676098
150,1000,200,1006,34.711791494512354,98.4662503694291,1.024337466144313
150,1000,200,1016,26.79199478708293,89.99139447871599,1.1860169139474794
150,1000,200,1017,29.902840779666967,89.1529906542883,1.0706600090058043
150,1000,200,1018,35.6703161767973,86.80547164163201,0.8731562138142857
150,1000,200,1023,24.215241112220273,68.86528371461637,1.0191202516854436
150,1000,200,1024,20.630866603285195,85.63788590031452,1.3876158973899355
150,1000,200,1143,6.143360552270585,8.151102608263237,0.2476910444554714
150,1000,200,1209,24.768414292270933,7.042468071434481,-1.1644134795380507
150,1000,200,1210,47.71406557510252,6.184190912504428,-1.9140849039045689
150,1000,200,1211,52.711857137544285,4.977546604201422,-2.1956235635234633
150,1000,200,1212,47.118448769160075,9.91369418051191,-1.4836473063417386
150,1000,200,1218,66.03205310606292,106.39624817220628,0.471354338684816
150,1000,200,1219,77.649094831729,167.7591659226785,0.7634765242329573
150,1000,200,1221,107.94194841177176,158.87803410016386,0.3835960806934766
150,1000,200,1222,115.46806033250286,88.05927681458057,-0.26831489552492815
150,1000,200,1223,126.53259887057769,81.01024609629282,-0.44152781748270886
150,1000,200,1229,234.4409222788686,85.45066012707939,-1.0018861731331237
150,1000,200,1232,247.3055653869275,67.39078868853224,-1.2894219589619844
150,1000,200,1245,124.18405011941257,53.0337504332285,-0.8401761959873242
150,1000,200,1246,136.99110962434472,116.83226416974793,-0.15792713696666816
150,1000,200,1247,137.46762457542957,114.33946029109335,-0.18275693183390285
150,1000,200,1248,137.643715816651,106.91403939028275,-0.2505724683260402
150,1000,200,1249,137.5939876952204,99.03137140558476,-0.3260648561465773
150,1000,200,1250,137.13088409402164,91.46621974937597,-0.4013582852194535
150,1000,200,1251,136.22511606268168,84.5561790558864,-0.4724495350682334
150,1000,200,1261,122.33053983857359,102.31075147253624,-0.17712661596386248
150,1000,200,1263,115.45820365012902,66.77565468067534,-0.5413293867247733
150,1000,200,1269,133.370450905209,32.92504514002928,-1.3764470082771223
150,1000,200,1272,133.56402129052043,60.18076610352381,-0.7882072197494114
150,1000,200,1273,155.98953390792175,56.509097383614304,-1.0042359894635844
150,1000,200,1311,89.2523222780832,32.16876660439122,-1.0010006602976396
150,1000,200,1317,43.917102775293856,77.4228087939764,0.5572961831826282
150,1000,200,1318,42.36375506284863,91.79238694649702,0.7607406438278259
150,1000,200,1323,48.746324427948025,67.92264010767381,0.32604813773981567
150,1000,200,1330,29.260145783177272,67.03904741409995,0.8102502410144266
150,1000,200,1339,21.827732356108292,115.39772563292651,1.6290368676335194
150,1000,200,1340,23.38059460670353,115.88314779545661,1.5673871860628874
150,1000,200,1343,20.9749980192613,114.63858759509662,1.660564349829059
150,1000,200,1344,21.653802199085955,105.67320581933663,1.5494423044527128
150,1000,200,1345,19.410236355026804,105.36918357103039,1.6508793497566248
150,1000,200,1346,20.02374857991423,111.86618942291794,1.6805502691239704
150,1000,200,1347,18.857476342225876,103.87779284633599,1.6642152165248194
150,1000,200,1349,18.672025316152432,109.55238083625419,1.7262918515300192
150,1000,200,1350,17.47485513813265,105.84409421495239,1.7549600826646783
150,1000,200,1351,19.985103178973663,112.18280559451873,1.6851914466207365
150,1000,200,1352,23.78755760650022,109.84524420687315,1.4977932143245218
150,1000,200,1353,22.15205163206617,107.70766216181252,1.546578880691233
150,1000,200,1354,28.68312459183288,116.1588187365556,1.3729517506647557
150,1000,200,1357,15.855061427227659,91.22274809467312,1.6995558325388194
150,1000,200,1358,16.639532008861934,90.53488365107171,1.646577621598544
150,1000,200,1359,14.198668026127752,98.6210036849331,1.8801652285767334
150,1000,200,1367,119.91803706573656,69.01372043615991,-0.5464217073759938
150,1000,200,1368,83.2836811538308,25.704052244959502,-1.1493729422852903
150,1000,200,1369,59.282409453191676,30.32499375723859,-0.6546240424891909
150,1000,200,1370,87.76856586096139,24.57204672646519,-1.2445327691234138
150,1000,200,1372,187.54729808414578,54.92562721767462,-1.2153261709821743
150,1000,200,1373,157.35326280105298,69.36473898160699,-0.8111361068181511
150,1000,200,1374,141.75162387654655,71.47531665387935,-0.6778601801945019
150,1000,200,1375,163.1728855849546,56.672117082576705,-1.0461462357161455
150,1000,200,1376,131.3007073465515,61.18650094289646,-0.7549394680914894
150,1000,200,1377,164.02414343681917,54.469680261556725,-1.090255217174068
150,1000,200,1378,192.0807292420761,54.5112703875963,-1.2465223174927242
150,1000,200,1379,197.38802132531333,49.19292452201669,-1.3743507456562019
150,1000,200,1380,200.60223366533106,41.11042713619523,-1.5660012303590731
150,1000,200,1381,200.19111433749097,40.988202118285265,-1.566866597040367
150,1000,200,1382,195.35959297878395,43.740398538316235,-1.479070772459031
150,1000,200,1383,196.95845068069414,41.69747263258596,-1.5339174340765513
150,1000,200,1384,179.7675644759431,30.384970778297692,-1.750882891144709
150,1000,200,1385,189.74579850367616,25.176003225286763,-1.9860985600931924
150,1000,200,1386,197.68667890718578,22.438426333444966,-2.137352279568415
150,1000,200,1387,150.49850318102582,43.16156004271798,-1.232721016508231
150,1000,200,1388,161.01535584428456,40.06261951847249,-1.3725929130141
150,1000,200,1389,167.3493417897879,38.38553845345523,-1.4526425312287872
150,1000,200,1390,152.30496636312867,44.69440125244189,-1.2104534022128566
150,1000,200,1391,125.63436058072176,46.85062312452124,-0.9732197432048975
150,1000,200,1392,103.52897908303692,49.32141499391354,-0.7310336128527828
150,1000,200,1393,83.93656420633017,48.575675885067795,-0.5384043665125535
150,1000,200,1394,88.39031811249323,47.787497956068954,-0.6055382871846193
150,1000,200,1395,70.90501083667627,41.67329629792706,-0.5217726088829329
150,1000,200,1400,60.0447306900414,54.398094667371616,-0.09706168457213948
150,1000,200,1401,69.73319391259523,55.88991606439435,-0.2177968630746463
150,1000,200,1402,117.88641845870706,40.258242109038264,-1.0583176690590053
150,1000,200,1403,120.5765232021828,38.730471303129136,-1.1184254527136779
150,1000,200,1404,152.38556348069062,26.20708423105368,-1.7294773851472218
150,1000,200,1405,174.46503527514727,17.300777560661693,-2.2604962452573463
150,1000,200,1406,179.0209543133108,14.283529152531315,-2.466297534416735
150,1000,200,1407,173.83510701609916,11.880527679244988,-2.6081265953862833
150,1000,200,1408,168.39041346750767,11.478939842040301,-2.6081637787372323
150,1000,200,1409,167.67034115655798,11.307766278684399,-2.617715697997908
150,1000,200,1410,116.51899284183999,156.24000302628332,0.2911733580710978
150,1000,200,1411,177.80840150552427,16.93841423504214,-2.299370389893176
150,1000,200,1412,186.46344281064987,11.78904180615927,-2.6849951593632264
150,1000,200,1413,178.95265740713268,12.08224721669099,-2.621437665061454
150,1000,200,1414,175.04684991554046,11.50795435718304,-2.644385361818097
150,1000,200,1415,142.9764236710043,7.948981673245922,-2.7781098153769785
150,1000,200,1416,108.69874688721343,15.72807456192486,-1.88064952469866
150,1000,200,1417,89.98609985498157,30.027399525858883,-1.0758360762156083
150,1000,200,1418,76.29921395949754,41.471766071358054,-0.5988442594075991
150,1000,200,1422,45.751978835554546,39.793562547521915,-0.13633229460870266
150,1000,200,1423,23.8724167696069,37.14490824161177,0.4276328528297948
150,1000,200,1424,38.93344474296359,39.05970439734879,0.003156764312742144
150,1000,200,1425,60.56011389677105,38.174767874864465,-0.45198129625790084
150,1000,200,1426,67.56076872076827,37.37473345563231,-0.5803212265049296
150,1000,200,1427,70.00539619304432,57.073451459442076,-0.20104726306640686
150,1000,200,1428,78.58064721131666,59.93021141806253,-0.2670418036985156
150,1000,200,1429,80.02218232915018,61.012919111091776,-0.2673802369981386
150,1000,200,1430,82.11043375316606,61.32126608042151,-0.28786753342392846
150,1000,200,1431,105.10266230377236,62.64434914309097,-0.511096596799832
150,1000,200,1432,77.42383075692881,65.68808374675872,-0.1621015624154989
150,1000,200,1433,84.61575548596525,68.04972100064444,-0.21504248632017653
150,1000,200,1434,84.1969500828382,66.1768886880154,-0.23763636600222338
150,1000,200,1435,73.798234314559,54.93498556093436,-0.29060423512270894
150,1000,200,1436,74.53272746201553,54.93963461437774,-0.30029288263841547
150,1000,200,1437,73.99128974215868,53.56362225798586,-0.3180045683302537
150,1000,200,1438,69.15050726813075,44.10607058168799,-0.441626197565812
150,1000,200,1439,68.99930929306004,45.51443906338546,-0.40872259287378565
150,1000,200,1440,68.643220177803,45.59118798901027,-0.40197392987661873
150,1000,200,1441,67.53425156246539,40.54632096295046,-0.5005246705416817
150,1000,200,1442,66.66107807743816,43.059316411863314,-0.4289742706577817
150,1000,200,1443,65.91397099439241,38.05598011193406,-0.5384117748970438
150,1000,200,1444,70.3682918947511,37.95559390826195,-0.6054312999228255
150,1000,200,1445,66.77824222741305,37.742910620614495,-0.5592934450076914
150,1000,200,1446,65.9421761447186,37.52232122802659,-0.5525913586918021
150,1000,200,1447,71.48680105584077,37.83978745541729,-0.6239593197879723
150,1000,200,1448,69.5924631417508,37.754115221947444,-0.5996864349977322
150,1000,200,1449,66.5260286396658,37.05487502996424,-0.5734839352449166
150,1000,200,1450,67.34187508371757,36.79140342882841,-0.5924410296400784
150,1000,200,1451,67.12064345299483,36.82315442150942,-0.5883588356982852
150,1000,200,1452,67.03878167182208,36.82680157342155,-0.5870599735975297
150,1000,200,1453,70.85068448845887,52.79928313587893,-0.289329996643906
150,1000,200,1454,64.88177222016193,37.23452468796411,-0.544122910593245
150,1000,200,1455,65.6049847663321,37.02197502670337,-0.5606151383293567
150,1000,200,1456,66.66345832767536,37.0675900753791,-0.5751830094413428
150,1000,200,1457,75.04029973561822,37.06502577047115,-0.6919675576573403
150,1000,200,1458,92.11833527345627,37.692283990307516,-0.8782309065438207
150,1000,200,1459,102.80221394948434,38.39659611105251,-0.9688078800461413
150,1000,200,1460,111.05632970337822,39.374740440248445,-1.0207973358437656
150,1000,200,1461,115.28504429220317,40.54802262253487,-1.0291945254587023
150,1000,200,1462,113.93237443916009,40.31857177418036,-1.0230318283862951
150,1000,200,1463,117.29151585635141,44.450759334031495,-0.9565225237186135
150,1000,200,1464,118.62806073580553,52.09548825644229,-0.8122954778180298
150,1000,200,1465,115.54368594238603,55.22074553966192,-0.7289803628442781
150,1000,400,0,82.86273536248454,52.81795725312739,-0.44357416999798227
150,1000,400,1,61.78108745928523,63.64033757394946,0.029184763557546844
150,1000,400,2,44.42444711660793,64.47209648641635,0.36557360117095206
150,1000,400,3,38.107899949609546,65.2862900596959,0.5276585980485531
150,1000,400,4,32.333161301352355,63.82622931673615,0.6651575585187612
150,1000,400,5,33.413489443985014,63.07489324437245,0.6216039836304503
150,1000,400,6,32.75683466045954,63.10367495230485,0.6413187885579226
150,1000,400,7,32.98495345323165,63.10464348007152,0.6345989213188341
150,1000,400,8,33.21033180131773,66.12137320205133,0.6739748229604081
150,1000,400,9,44.389233126424344,69.30513916617434,0.43756997838843414
150,1000,400,10,36.82493891398274,70.21574568099732,0.6327452964644986
150,1000,400,11,66.54210396093552,101.08697767035667,0.41307400637777647
150,1000,400,12,62.981494630144304,57.64462260103745,-0.08709801050557342
150,1000,400,13,60.876743905189656,62.91547752727796,0.03241714206061452
150,1000,400,14,52.775036436855615,63.43394999600056,0.18083131532053143
150,1000,400,15,47.8405282960768,62.4003313017483,0.2609086209521623
150,1000,400,16,46.02646619244224,62.7131052076353,0.3036797209614752
150,1000,400,17,35.773585789733325,58.60893710871015,0.4830257043217121
150,1000,400,19,34.48145346861382,43.469776439570104,0.2257996548314356
150,1000,400,20,41.55780467006303,43.055905870722945,0.0345961536728403
150,1000,400,21,66.59242613854022,42.21438766985227,-0.4473224496861663
150,1000,400,22,53.34423397004563,40.99139433108674,-0.25787381682142163
150,1000,400,23,51.371298970028676,45.057143333168334,-0.12847583977604726
150,1000,400,24,70.46419449324954,33.9237439599822,-0.7160296073783292
150,1000,400,28,33.639729293386466,29.54049615374902,-0.12594772311936353
150,1000,400,29,32.8167342769816,31.463691343828785,-0.04083350152727716
150,1000,400,30,32.452086416601205,35.41698055743267,0.08492100587908613
150,1000,400,31,32.79534151154747,39.361946058888066,0.17756444394947657
150,1000,400,32,34.020032240845076,41.227534758904696,0.18715224320814539
150,1000,400,33,35.604674519988045,43.177678081282195,0.18804368935495042
150,1000,400,34,38.24747550741466,44.87049074268469,0.15593488322864957
150,1000,400,35,44.574203689496294,48.78479240009627,0.08836771601938498
150,1000,400,36,53.899158584889435,57.93567677169341,0.07094860289498595
150,1000,400,37,67.20980303577375,61.120214967619965,-0.09351683525096277
150,1000,400,38,70.32251303781955,65.4600350003837,-0.07061123889784682
150,1000,400,39,75.5224152736959,67.24796951151107,-0.11443602515166607
150,1000,400,40,78.90125427055489,64.40860198837777,-0.2001377719651911
150,1000,400,41,79.95041355231155,57.31724647911876,-0.32793891626932314
150,1000,400,42,77.8505229708909,54.321810689183344,-0.3543867084186294
150,1000,400,43,81.14756542980241,53.65564560352826,-0.40746469435766386
150,1000,400,44,80.9947010679078,53.759592856661264,-0.40370205871054843
150,1000,400,45,76.17146198323164,57.844478444172935,-0.2711317201823604
150,1000,400,46,73.28094857310063,55.33011644791243,-0.2766251864890563
150,1000,400,47,72.14899437574536,56.78015048871516,-0.2358530803981509
150,1000,400,48,83.71968367664844,59.70244903760961,-0.3333639237006665
150,1000,400,49,75.45381474316281,64.33341353048418,-0.15718323159823555
150,1000,400,50,11.322604785445526,37.836459859339556,1.147924129348267
150,1000,400,52,37.10183073969737,67.77249405328106,0.5905415373735421
150,1000,400,53,43.411348436796246,65.69256997130697,0.4065985197811224
150,1000,400,54,55.75071957804496,63.834119382051455,0.13316366239118427
150,1000,400,55,64.32230477760662,64.52585691763753,0.003111274955536203
150,1000,400,56,70.6852930343934,63.8584655312923,-0.10007816606378572
150,1000,400,57,72.97545241109148,64.34073490662837,-0.12411766046427708
150,1000,400,58,71.63895688761069,67.89296660608373,-0.05294728254248682
150,1000,400,59,66.95766560626048,75.4963822446113,0.11835850210565457
150,1000,400,61,49.48759605457782,65.20048489401353,0.2709601041696259
150,1000,400,62,50.005823340005534,63.69782267175236,0.23778773891959304
150,1000,400,63,51.630977298288386,58.70801736994689,0.126161437268014
150,1000,400,64,46.60892530053231,57.49547478813995,0.2059291472229754
150,1000,400,65,36.972156377653995,56.604755641808666,0.41675196327255204
150,1000,400,66,29.18142943206044,55.43466998678604,0.6258568699491356
150,1000,400,67,26.461427456288785,53.32440426763957,0.6821911778992185
150,1000,400,68,25.600797990757727,51.2430330796851,0.6749653287765303
150,1000,400,69,22.898053420502965,40.07348338516394,0.5415657313984799
150,1000,400,70,63.127289092790555,81.29553596425353,0.24944686498709423
150,1000,400,71,31.513858566394756,43.481882537127966,0.3134155564003738
150,1000,400,72,19.301065314691094,70.88804149393111,1.2644365663031047
150,1000,400,76,19.563400875175038,67.23435520605713,1.1994353409137375
150,1000,400,77,27.783776792583378,66.82834279782392,0.8571682203475475
150,1000,400,78,44.19614968750808,53.107130408455355,0.17995407838834465
150,1000,400,79,54.05057892037318,29.591154778507285,-0.5875414717314476
150,1000,400,81,41.93326718139645,84.10744334143895,0.6842675133812874
150,1000,400,82,39.73754674609581,92.3357662418312,0.8290531893796982
150,1000,400,83,39.890759069623776,83.18241531019345,0.7220819572377293
150,1000,400,84,46.284560670742685,82.93254712588194,0.5738296365186821
150,1000,400,85,47.909447855912376,12.836347813632331,-1.262671556438829
150,1000,400,86,80.51055074701762,58.989926318929115,-0.30655581544490573
150,1000,400,87,41.887379157709795,48.34148601310336,0.14018763794193223
150,1000,400,88,43.51734910764898,69.33505283146862,0.45739131156870805
150,1000,400,89,43.357220561036556,73.37907432763875,0.5168991391459037
150,1000,400,90,50.6036317205749,83.00078286052774,0.48723406637558053
150,1000,400,91,64.9978082578087,80.88628842391664,0.21571002507158266
150,1000,400,92,73.51247614794295,78.78941760137211,0.06842430771258812
150,1000,400,93,65.42850959342974,52.529552386430275,-0.21589244322953816
150,1000,400,94,56.197139332702626,45.00449348070751,-0.21776480938759457
150,1000,400,95,66.05409258197768,68.67254697622347,0.03830672046446981
150,1000,400,96,74.67979511288006,97.33478569323319,0.2618666198666144
150,1000,400,97,59.96158807855809,98.25381280310643,0.4874363727851101
150,1000,400,98,28.640159041851064,111.02727635092099,1.3296122142938933
150,1000,400,99,10.971302734402242,157.6467405735711,2.5841676261251867
150,1000,400,100,10.88925746125823,85.48783680117508,1.9843685309759023
150,1000,400,101,62.282523110592486,102.72394677374614,0.49412381731288857
150,1000,400,102,49.691047328081275,67.7297525702925,0.3044328713975384
150,1000,400,103,47.208141828856014,36.54311032270233,-0.2500380431149094
150,1000,400,104,28.02174517923371,50.62091135283569,0.5758814663999767
150,1000,400,105,46.81710648561165,50.31278258385878,0.07055644256988014
150,1000,400,106,46.7004224797082,52.62524173219982,0.11707963019257495
150,1000,400,107,45.42712249664761,48.072999165208316,0.055425143349860484
150,1000,400,108,47.043397319715865,53.82850985294469,0.13210559818707868
150,1000,400,109,47.38927217054983,63.84370379345518,0.2927016774960287
150,1000,400,110,48.018631790358036,74.95964181891965,0.4380017040851967
150,1000,400,111,47.815387956601434,75.87499415784876,0.45413505999767967
150,1000,400,112,46.21057064878071,74.9359012547763,0.4752717579374153
150,1000,400,113,47.997634020443094,103.08002357667068,0.7533880490809568
150,1000,400,114,40.045169664759186,78.86700225854774,0.6656896200464035
150,1000,400,115,41.24705027374441,71.25904140683006,0.5367229243821927
150,1000,400,116,42.95394284874547,69.32815367082704,0.47002986535378577
150,1000,400,117,44.85232492319791,74.210059095709,0.49485908200572215
150,1000,400,118,43.97103190300648,79.93926496927406,0.587680511231357
150,1000,400,119,45.20779380785935,81.29172104630173,0.5771220268031332
150,1000,400,120,47.50450775738868,88.5166520393515,0.6127679272043101
150,1000,400,121,47.276414383282386,88.55736631578712,0.6179362580250576
150,1000,400,122,46.307253387825476,81.05835041733673,0.5507669523381185
150,1000,400,123,43.93826474170884,69.50932611522529,0.45045533315901
150,1000,400,124,39.724365301445324,40.01612904170288,0.007138811226632846
150,1000,400,125,35.36620430461276,21.084161558354367,-0.49877921016890303
150,1000,400,126,29.089227659515913,56.33356295291141,0.6447189704971943
150,1000,400,127,25.330377364841404,59.95859756773929,0.8394715998050586
150,1000,400,128,50.93319538166852,64.84556206948515,0.2373538429344899
150,1000,400,129,61.036716547129856,61.236349114352166,0.00321280782572142
150,1000,400,130,10.86430308985134,64.97103795457939,1.715681675317418
150,1000,400,131,28.599523734202215,64.85309037502296,0.7996680864725221
150,1000,400,132,36.941162445362544,58.77833908668175,0.45460676962500646
150,1000,400,133,45.92314077165122,45.342896160673114,-0.012442945288549723
150,1000,400,134,53.99948521961771,15.00565421244957,-1.2343817774544066
150,1000,400,135,56.06041462760279,49.82260299396564,-0.1157694158247411
150,1000,400,136,52.92223154196114,85.0098142143103,0.4669185566018701
150,1000,400,137,46.76813787296995,60.05591965156306,0.2454313143010407
150,1000,400,138,41.31224535576254,46.823861144078286,0.1224481695851054
150,1000,400,139,36.30191577292655,88.87385990059923,0.8793624440357406
150,1000,400,140,30.11198935822142,101.20173232120314,1.189355373125272
150,1000,400,141,35.78811652520649,51.02713221656653,0.3465904833863944
150,1000,400,142,37.33665674489319,80.11294896938954,0.7494360814462588
150,1000,400,145,39.040580994027714,78.7305694693084,0.6887596042789972
150,1000,400,146,52.089589238169324,54.90571926404021,0.05168583786236702
150,1000,400,147,73.55288542566875,37.908910397919506,-0.6502854615645548
150,1000,400,148,54.6779776903964,38.72033982313167,-0.337721300544056
150,1000,400,150,89.88100452856439,52.4681761030286,-0.5304643705438239
150,1000,400,151,85.10703197734168,69.34308213876274,-0.20220663649872428
150,1000,400,152,56.68154591199782,143.6325415505096,0.9192590355635053
150,1000,400,153,34.28371572414362,129.12275559888994,1.30505673217526
150,1000,400,154,32.40330286559009,72.77392919607989,0.7923506229837738
150,1000,400,155,37.51249514408009,50.156058480677885,0.2838981929176576
150,1000,400,156,44.317550498917484,39.96368276988577,-0.10100849762659214
150,1000,400,157,52.712014977373514,97.64745933504604,0.607915758720353
150,1000,400,158,50.27785924668055,80.15724364467599,0.4591294870068081
150,1000,400,159,41.81716730724655,61.70083030313632,0.38143556254943833
150,1000,400,160,38.441539567511114,39.093881195082076,0.016404169358407383
150,1000,400,161,36.83719707864388,48.514100653993985,0.26896482224049123
150,1000,400,162,33.36742176841499,48.7434989953241,0.3697707075689922
150,1000,400,163,28.4974478565517,48.422303198641515,0.5160980577944834
150,1000,400,164,29.082624203709237,71.23025226298489,0.8759112284614581
150,1000,400,168,34.433140230980165,47.59068753206653,0.3157843510517111
150,1000,400,169,29.389634042957166,84.68020583018449,1.0365202636153006
150,1000,400,170,23.654486390452746,87.42574050292453,1.2772042218205568
150,1000,400,171,39.73763826000961,62.94929700744066,0.45093809703485555
150,1000,400,172,50.44282969864335,97.32099788521771,0.6477665264576493
150,1000,400,173,46.266174738414506,90.10239592420417,0.656189185989557
150,1000,400,174,49.739199319793414,83.339579335137,0.5081524865919818
150,1000,400,175,50.43806860336439,94.8900430698884,0.622823617691243
150,1000,400,176,45.91388296375008,94.81518836560272,0.7141075711791549
150,1000,400,177,25.924306819840584,29.633585370627824,0.1290674903517739
150,1000,400,178,28.05112177077148,30.208280954652004,0.0716263770870249
150,1000,400,180,41.8540760529393,100.15047290066582,0.8588084745685203
150,1000,400,181,46.93576816101113,103.97286565106684,0.7838399429343625
150,1000,400,182,46.25355735179639,103.00059716037528,0.7888687020771039
150,1000,400,183,46.39533525689865,103.11755699241415,0.7869968049101681
150,1000,400,184,49.31420812276779,99.01617723478046,0.6870444403834837
150,1000,400,185,53.11064409130489,94.03106567703584,0.5631729303191042
150,1000,400,186,55.17638159338217,83.2191911106484,0.4049264059854263
150,1000,400,187,55.12393827436972,75.92152276095256,0.3152232884858419
150,1000,400,188,51.708875779315484,40.55414502073639,-0.23778658607503145
150,1000,400,189,44.42661638829321,90.18161826980047,0.6967551253853426
150,1000,400,190,39.36418947159711,103.97993896512216,0.9558262817635712
150,1000,400,191,38.05041249913254,82.87051469655259,0.7644206782269172
150,1000,400,192,37.93927888725955,69.7566070597496,0.5972424369544513
150,1000,400,193,38.83072337258027,62.20432570189303,0.46173418493126883
150,1000,400,194,42.01527538054848,41.58429974267924,-0.010069659315863788
150,1000,400,195,48.296928277501046,24.520712696256517,-0.6583713873071599
150,1000,400,196,53.92615740591424,34.01427154494113,-0.4502339537223188
150,1000,400,197,42.38897355937323,25.744150732856845,-0.48388955813478685
150,1000,400,199,35.872201244400415,35.74288866681027,-0.003513212053429804
150,1000,400,200,43.83494969798802,30.396872946558446,-0.3562796622013238
150,1000,400,201,28.648508556251162,40.12572159130809,0.327221932690386
150,1000,400,202,34.76826778483441,51.85178370269458,0.3904303364152244
150,1000,400,203,45.21540148262878,66.5317437582947,0.3792846572744999
150,1000,400,204,44.76217019174182,69.69218556106819,0.43487726578144636
150,1000,400,205,39.917511619762664,81.61006318870109,0.7025733750997687
150,1000,400,206,32.8605023672311,88.34597480409458,0.97026697763875
150,1000,400,207,26.945991499978064,104.09124256897888,1.3245551771637398
150,1000,400,208,23.38261254097675,129.56002180595397,1.6779627807355304
150,1000,400,212,50.85387403994759,34.79566352744178,-0.3706028926290381
150,1000,400,213,69.271848631618,41.84459104105968,-0.49479186541338604
150,1000,400,214,69.67473461815425,45.60149634749052,-0.4164554975346886
150,1000,400,215,65.46572670738865,47.12975668003174,-0.322785799116875
150,1000,400,217,47.183177764213276,44.72199186023861,-0.0524305466229813
150,1000,400,218,71.70286674226617,53.70616458320372,-0.2844044151297904
150,1000,400,219,91.75227435877183,35.66868803550579,-0.9280090187294081
150,1000,400,220,79.50538726440223,44.60730963629374,-0.5682561020091113
150,1000,400,221,68.61775946105244,78.52671477797291,0.13307330069454526
150,1000,400,222,60.89128874763741,96.37047829680719,0.45314362840535516
150,1000,400,223,53.61240194543179,106.57543819271588,0.6779313532700133
150,1000,400,224,47.17106398559499,112.3063642959849,0.8553368299944437
150,1000,400,225,35.45507254940889,104.96252856059368,1.0670049141043947
150,1000,400,226,28.900268276852728,103.20981190710772,1.2485388362354173
150,1000,400,227,28.968278760200544,107.12829075889546,1.2831789519660548
150,1000,400,228,50.17769804746858,56.197134232112546,0.11119994415309487
150,1000,400,229,51.497367424201734,29.37366710995567,-0.5471870044952079
150,1000,400,230,46.0152215061986,38.607944012922765,-0.17144170658354474
150,1000,400,231,13.924693029085661,32.11420759672264,0.7969453313167714
150,1000,400,232,49.220334953511674,64.28185700555917,0.2622941335969382
150,1000,400,233,46.82499398081995,43.99574849511877,-0.06098038204711154
150,1000,400,234,43.21676657257774,22.672293722694768,-0.6247987283329874
150,1000,400,235,29.26360441851391,55.68844125036437,0.6276245157127898
150,1000,400,238,51.84229064534643,95.59300495058986,0.6031944967690372
150,1000,400,239,62.464792873121986,115.45470028759576,0.6070170494599294
150,1000,400,240,79.62210770011457,118.91964939627279,0.3970490291577278
150,1000,400,241,107.86665726407462,91.91133733262906,-0.15847812910038428
150,1000,400,242,120.95043902642406,80.28700146199253,-0.40562860455343763
150,1000,400,243,104.36363970412086,55.53020842625032,-0.6226424445628362
150,1000,400,244,89.21058459377986,51.894431155115335,-0.533848703860127
150,1000,400,245,85.9610396374344,51.784495231968634,-0.49924270141511107
150,1000,400,246,81.35079320686468,52.10404145255041,-0.43873505314972894
150,1000,400,261,29.922453679688658,88.1544277489029,1.0588874330388367
150,1000,400,275,36.03912338996292,43.73827293399159,0.18885461011662352
150,1000,400,276,50.76046081335741,43.493850859185706,-0.151275556354185
150,1000,400,277,56.03699343843786,42.983548880321116,-0.25988439009132946
150,1000,400,279,27.653177268306194,39.962782968013045,0.35739958554901774
150,1000,400,303,7.38625767015392,78.79930894917386,2.252920470128243
150,1000,400,391,24.473953243173234,15.006375109512984,-0.4646694014668973
150,1000,400,411,31.291538643356084,38.391679263038824,0.1987493733789516
150,1000,400,412,31.302077390670156,36.095445532120706,0.13836265647899726
150,1000,400,413,32.1058010467047,40.710882135545425,0.23105353200738055
150,1000,400,414,32.870423714225524,53.35943684760152,0.47307605277877185
150,1000,400,415,32.822890690016926,52.33761045587932,0.4555039067824187
150,1000,400,416,30.369534442221607,49.92303023368289,0.48447810038138517
150,1000,400,420,38.589198537160605,36.976736549477096,-0.041582540648928745
150,1000,400,421,38.03546120533572,36.91968913545859,-0.02900001522828788
150,1000,400,422,37.40607176898856,48.72974345556819,0.258387647889208
150,1000,400,423,36.4477098349991,54.173342413210825,0.38753435384936497
150,1000,400,427,31.055776720513364,46.89732687934017,0.4015822885679241
150,1000,400,428,34.47360829289336,68.12430151022087,0.6671173634245853
150,1000,400,429,31.484739077456386,68.62103303280844,0.7622963082276177
150,1000,400,430,31.60399622315447,61.88285976021045,0.6568387623416356
150,1000,400,431,32.11413588092499,55.637450773158,0.536710183731234
150,1000,400,432,31.724852774559192,41.43148449338146,0.2597558325654066
150,1000,400,433,31.986770963486386,41.06189025144918,0.24303550985073574
150,1000,400,434,30.501141618730063,54.02057506559309,0.557683420339846
150,1000,400,437,31.642619795499307,67.61202522157232,0.7428490239271324
150,1000,400,439,43.92687713111862,67.81025572128208,0.4263165840854093
150,1000,400,456,46.81732651386304,86.30307836468701,0.6019976709460746
150,1000,400,461,59.70974727290282,143.8817525037719,0.8698136434697181
150,1000,400,462,26.896274340208166,76.59799980532655,1.0230485074351061
150,1000,400,465,59.124139035462235,107.02489808089162,0.5859503295936133
150,1000,400,466,58.6423160101083,104.3453878501359,0.568879037676048
150,1000,400,482,28.369550338721083,263.890872181775,2.199359503215079
150,1000,400,483,28.777887977517928,257.2736551666705,2.160253597834414
150,1000,400,490,42.160913805703,148.8695320975845,1.2448298169170426
150,1000,400,492,54.70712715230758,106.56773369041552,0.6580126351878492
150,1000,400,493,61.47303075882825,88.2306388473034,0.35648950968649196
150,1000,400,495,56.88283100544057,45.74970134807683,-0.21361294476440573
150,1000,400,497,60.406019782947524,40.60919363056969,-0.38918672882983607
150,1000,400,498,33.76880371016647,86.9162455041286,0.9276640660132669
150,1000,400,515,267.91730028044407,24.0168632486217,-2.374853771012659
150,1000,400,532,95.66583042251224,51.13709313461166,-0.6173833276803875
150,1000,400,533,88.13022215867583,72.82618953216448,-0.18838493029975023
150,1000,400,534,87.64961083420182,91.08064979236242,0.03797317861535987
150,1000,400,535,125.97230453566775,49.50426743602393,-0.921911151759863
150,1000,400,536,121.71331317132984,51.489373341559606,-0.8492401110671266
150,1000,400,537,204.88322276263938,65.86344767561738,-1.1246566830029394
150,1000,400,538,67.66248520672178,47.432497221223734,-0.34903196461479613
150,1000,400,539,62.82452075367305,58.70428511353575,-0.06673365907490503
150,1000,400,540,69.72010750450634,47.2414402479715,-0.38251153061124743
150,1000,400,548,65.87347114284597,34.53519508812694,-0.6322787272481767
150,1000,400,549,62.22696008640758,60.42566289346681,-0.028903083572123123
150,1000,400,550,51.83812119707052,89.23739571358412,0.5352110052065213
150,1000,400,551,46.15080253622039,87.04317721192764,0.6244763144330592
150,1000,400,552,46.204440704498104,95.55737226064436,0.7156493919912466
150,1000,400,554,45.4435190603761,146.9308701255662,1.1585081404429918
150,1000,400,556,68.1370943770837,97.96973589455493,0.3587226969627366
150,1000,400,557,73.08853730186999,85.49898759980495,0.15487188176734268
150,1000,400,558,47.32316409103461,88.09324610646664,0.6117724968303269
150,1000,400,559,47.05362830942107,85.61801484524848,0.5891901738639977
150,1000,400,560,67.51073222999447,69.06576863276355,0.022443944956987316
150,1000,400,561,62.4795757456388,73.0698758003935,0.15429070287701752
150,1000,400,562,63.82023032061897,69.76372982991738,0.08772882795520243
150,1000,400,563,62.322978162786484,70.13962977195557,0.11639629485759695
150,1000,400,564,62.529315973768114,119.70223589355979,0.6418251840787201
150,1000,400,566,65.51296879194346,163.64151420313505,0.9063735210227328
150,1000,400,567,79.88450101828423,159.98716057134627,0.6883023900643233
150,1000,400,568,97.69466481079574,149.01970990306887,0.4187357944413428
150,1000,400,569,102.79838054058234,140.02143962885856,0.30646156404290803
150,1000,400,570,116.42002572752486,116.4174885378378,-2.160804414153006e-05
150,1000,400,571,122.17057304208096,98.22830547310707,-0.2161468563707043
150,1000,400,572,122.93817400128168,96.64783216164915,-0.238415387509737
150,1000,400,573,122.8094279609316,96.89999448464863,-0.2347970189242634
150,1000,400,574,118.77120252882509,103.06934850309418,-0.14052578777606595
150,1000,400,575,118.56251681924732,111.46633261069046,-0.06118547670091434
150,1000,400,576,124.74586932772985,106.85042011957133,-0.15351769191800546
150,1000,400,577,125.90731002635304,98.10610117884461,-0.24726597235963066
150,1000,400,578,125.82239824761021,98.87330735062918,-0.23888521247049788
150,1000,400,579,126.79207600971459,98.7092033573092,-0.24814655375524364
150,1000,400,580,120.41713534113738,107.72814490609132,-0.11038133305872755
150,1000,400,581,119.63743183883514,115.46484600248228,-0.03520013980690084
150,1000,400,582,116.6209677716673,112.63506089753564,-0.03447522361898514
150,1000,400,583,113.09244879453666,111.87137929328472,-0.010760139999971052
150,1000,400,584,115.18779984413746,105.35381088716842,-0.08843647171821445
150,1000,400,585,112.95757468207795,102.90395517676512,-0.09235926268769745
150,1000,400,586,112.4184894211167,99.49098787347482,-0.12101637346715677
150,1000,400,588,109.97421784123581,92.8202070321692,-0.16791764303915713
150,1000,400,589,105.31918926655686,95.06058472317996,-0.10146670568711258
150,1000,400,590,99.84946709771724,119.38421740252193,0.17705945930736
150,1000,400,591,100.36622172334788,123.55364055147422,0.20599655435804642
150,1000,400,592,103.18307537198339,143.8000793181975,0.3292043360552208
150,1000,400,593,110.64955590488702,136.1099860822175,0.2054184211469794
150,1000,400,594,99.8285372711954,132.91413323068508,0.28377737434800476
150,1000,400,595,69.80319617730673,104.16827252886955,0.3956575194567229
150,1000,400,596,75.5550395660577,100.48652117538983,0.2819160397733391
150,1000,400,597,83.94319862161116,100.54311633011349,0.1785007181128977
150,1000,400,598,84.32393538391226,99.79469647578058,0.16663072239883636
150,1000,400,599,99.98642642576169,101.83899088780633,0.01817845391541617
150,1000,400,600,126.18165809728384,106.15835867874466,-0.17130871514881463
150,1000,400,601,127.67699729793799,108.45177553864859,-0.16182132124441395
150,1000,400,602,83.87021119665803,30.616790227389384,-0.9874348466574512
150,1000,400,603,28.560074815303544,49.07991176126094,0.5271953377935796
150,1000,400,604,47.57075448482524,110.11833564271657,0.8275741301116151
150,1000,400,605,81.46548019917928,111.40980787802233,0.3097714084043721
150,1000,400,606,79.67457914971874,104.19267110971987,0.26537011030830904
150,1000,400,607,75.95718520679797,94.19865871055832,0.21271662159042393
150,1000,400,608,72.8736803030914,94.13127601054055,0.2529011788140627
150,1000,400,609,67.77224259124438,121.47906785227592,0.5771399278862361
150,1000,400,610,65.39352946849618,139.3982493738769,0.7488834186965079
150,1000,400,611,65.07016768714264,173.05107566376918,0.968631470377102
150,1000,400,612,73.43027490743032,163.26905030932164,0.7916428543895107
150,1000,400,613,76.97403877162164,155.89438436373507,0.6991969328916356
150,1000,400,614,85.52789786387301,148.77348929118526,0.5486572007998758
150,1000,400,615,98.77129537631427,124.5497051620826,0.22982121676371747
150,1000,400,616,99.09215009793614,122.78538691653776,0.21245805280652785
150,1000,400,617,98.62667455843815,113.69897399170603,0.1408811333630906
150,1000,400,618,96.3871577863489,107.22543425476613,0.10552205412538829
150,1000,400,619,94.21879030869272,98.54220420842933,0.04440441761852654
150,1000,400,620,90.57490722786608,90.51342115414538,-0.0006716547862497535
150,1000,400,621,77.20351400786448,72.07610073298704,-0.0678132087614296
150,1000,400,622,67.7567808334005,63.427168140492235,-0.06503995230138404
150,1000,400,623,83.18919230158113,63.18839012885869,-0.271244200318149
150,1000,400,624,78.88346755415948,63.30659548193216,-0.21690671757201052
150,1000,400,625,74.72208724532847,63.32202271045293,-0.16316781928292823
150,1000,400,626,74.63050399732843,63.39706573348885,-0.16079162490492926
150,1000,400,627,95.038564556438,63.5858367976643,-0.3967546827991386
150,1000,400,628,105.91633678900625,63.31582221392427,-0.5082409598317099
150,1000,400,629,107.57621588069716,60.06117246289379,-0.5755761879524437
150,1000,400,630,153.12851920743663,53.50365335393734,-1.0395190612467973
150,1000,400,631,171.14327205163872,50.88917480431039,-1.1992169166602125
150,1000,400,632,158.8911352605769,53.35037720471413,-1.0790416251998933
150,1000,400,633,172.35036034480038,54.24538081151147,-1.1435300191600666
150,1000,400,634,190.58674410658148,52.72529871705438,-1.2714566752700547
150,1000,400,635,182.45277291604935,55.47548237324273,-1.178150662388342
150,1000,400,636,166.79558265131416,31.394478108981748,-1.644758489066509
150,1000,400,637,201.0238960434505,25.98679240234295,-2.013038411611522
150,1000,400,638,207.63207703682042,25.85007445806765,-2.0503037096287717
150,1000,400,639,206.78950152166922,23.837489702224605,-2.124171362084561
150,1000,400,640,209.79803736550673,24.316972371002898,-2.119425490692134
150,1000,400,641,218.2532172611,51.14054888299557,-1.4362843695335372
150,1000,400,642,214.50324597878216,55.89454768873102,-1.331776458129574
150,1000,400,643,213.29158222221278,54.55154210675447,-1.3500263449657535
150,1000,400,644,214.5682305282211,57.49466515666175,-1.3043419182358251
150,1000,400,645,211.6970638576154,49.60465422748613,-1.435825365118614
150,1000,400,646,203.4221431853572,34.10936572079265,-1.7617192605400436
150,1000,400,647,205.7600665934669,31.559663504332153,-1.8484848159613803
150,1000,400,648,197.68451488890875,30.313601075637234,-1.8476656720876594
150,1000,400,649,189.1336908567553,32.490409353174144,-1.7364683509350156
150,1000,400,650,185.7575667210588,35.20590794399925,-1.6405890327209214
150,1000,400,651,188.95703293434048,41.43193342968734,-1.4988966784439106
150,1000,400,652,213.75257244533617,62.92440282465918,-1.2117853602619961
150,1000,400,653,215.50246672602853,77.43067647245722,-1.0153868086692004
150,1000,400,654,82.32024205677692,258.57976817800136,1.1363725256588006
150,1000,400,657,129.65190236592764,27.226404244453544,-1.532278692046221
150,1000,400,658,141.67875486145982,26.20570854310751,-1.657168809471532
150,1000,400,660,185.30809734882146,30.48336079802503,-1.7779425630576164
150,1000,400,662,183.9403367524274,26.201245583717363,-1.9167705032492988
150,1000,400,663,162.42966546230454,59.93801900282974,-0.9865254514330655
150,1000,400,664,167.61414714726456,60.59165031157292,-1.0070866371184373
150,1000,400,665,160.34605180797328,61.741275982293054,-0.9445319082858656
150,1000,400,666,154.14793989118985,33.697326157578175,-1.497716484625223
150,1000,400,667,171.83873690588584,35.12996874967063,-1.56523632293838
150,1000,400,668,178.77212262596979,36.24740094091195,-1.574107894449463
150,1000,400,669,180.27626730786562,49.56528534178799,-1.2767569259050378
150,1000,400,670,190.70021078049743,57.3532001080935,-1.1894185490290141
150,1000,400,671,211.73177669293145,61.37880201559925,-1.2268066014454249
150,1000,400,672,207.53592485110966,59.79078665161822,-1.2326730856865824
150,1000,400,673,236.91205140249292,58.713728599857205,-1.3823391196969714
150,1000,400,674,220.40974287926028,79.1290513536625,-1.0163765482055638
150,1000,400,676,190.73106759285653,58.79876668587202,-1.1651086637627186
150,1000,400,677,183.70443198648292,65.35423042745106,-1.0237493644988014
150,1000,400,678,184.82877247400134,65.72970086993416,-1.0241755274111481
150,1000,400,680,294.12271101980804,27.19096513481854,-2.348389698087525
150,1000,400,681,298.58203941364536,47.09523386598307,-1.8292052171166198
150,1000,400,682,258.2476595750127,64.49970077682298,-1.3757382450549551
150,1000,400,683,257.90068694952856,65.02479994430918,-1.3664141119137074
150,1000,400,684,243.62185995786015,61.61216651961024,-1.3627539769178707
150,1000,400,685,208.8838239153286,36.73179298571152,-1.7160511038500155
150,1000,400,686,194.1306611519812,30.96628465819654,-1.808987648428256
150,1000,400,689,180.06106113224348,193.11913155889252,0.0696377220972737
150,1000,400,690,217.4844581248056,229.95983338059068,0.05552893179114804
150,1000,400,691,248.6772857520276,262.5927594201712,0.05423610719729943
150,1000,400,705,184.04622596652675,360.23587805788236,0.6689254828259132
150,1000,400,706,177.93165551192013,372.8851486916635,0.7369447410441818
150,1000,400,707,174.19738262935707,384.275047124705,0.7880442482753534
150,1000,400,708,169.45098922928491,409.27622676256107,0.8783828544591685
150,1000,400,709,168.66820027233032,437.6614786182053,0.9498832295142741
150,1000,400,711,172.1717331691396,438.7603759551675,0.931946199064142
150,1000,400,712,185.85063595172903,436.1489056271202,0.8499643227301004
150,1000,400,714,185.78278787373387,437.4620246334992,0.8533268256278932
150,1000,400,715,185.32541491919804,434.2076783303137,0.8483286509856809
150,1000,400,716,184.82173568703513,430.3601445606367,0.8421555395517739
150,1000,400,717,184.40258501964848,426.4918820078204,0.8354057027742687
150,1000,400,718,185.97258538937052,434.4656039368148,0.845453808634578
150,1000,400,721,179.69983047866725,453.5551471615267,0.9224819826850066
150,1000,400,723,180.4409722109983,456.639868878977,0.9251521834862517
150,1000,400,724,172.9628522098987,446.6066534483377,0.9450730576714585
150,1000,400,725,169.09207593137563,422.4999884697373,0.9122135733148502
150,1000,400,726,171.572403126952,417.4558167818457,0.8857544324810256
150,1000,400,729,190.3312474048905,297.18863768848456,0.4437200930880483
150,1000,400,730,195.94415648711367,269.76169283582203,0.31831885284015815
150,1000,400,731,197.25003376912156,229.17951496437556,0.1493304734857066
150,1000,400,732,197.40515888122852,202.0643582504322,0.023211767574736974
150,1000,400,733,196.62297023766106,197.86866129270797,0.006283588629205639
150,1000,400,734,203.37604221997142,241.7521475967265,0.17207931289493406
150,1000,400,735,202.7278703788259,279.51224129783117,0.3198322304163588
150,1000,400,736,200.03545368709229,300.6030646474916,0.40563051837247155
150,1000,400,737,195.63171476006025,301.30717605956505,0.43011112883101354
150,1000,400,738,194.1511804943474,306.2175675265633,0.45378164282503697
150,1000,400,739,193.07318607308346,331.5625342842356,0.5385925797250204
150,1000,400,740,196.98662613526386,335.48608010779975,0.5303572978942501
150,1000,400,741,200.84116669281048,315.6588931892809,0.45034406320032705
150,1000,400,742,194.3229390168758,318.76593300310367,0.4929349825127023
150,1000,400,743,185.66914210027576,323.86213094675554,0.5540631236300175
150,1000,400,744,186.1091890658399,322.63602237013794,0.5479271513730088
150,1000,400,745,188.09492905992383,320.6219276698476,0.5311275589109261
150,1000,400,746,184.1362049587451,310.3195497761896,0.5197280787085532
150,1000,400,747,179.85804111660414,303.36704468196893,0.520521936610848
150,1000,400,748,180.6419803930242,293.1872056010689,0.48217870942542795
150,1000,400,749,183.01905018443975,283.75466381336184,0.4365886949569511
150,1000,400,750,108.94406110759857,277.6106248361894,0.9298434960857147
150,1000,400,751,101.72082477144106,317.4206973834247,1.1313585869760594
150,1000,400,752,85.66874810458144,336.8691545665647,1.3605653452167017
150,1000,400,753,77.85117233809108,352.77703831525395,1.5011046981850926
150,1000,400,754,96.62704328900824,390.2706640193041,1.3882450179266241
150,1000,400,755,111.2311817446318,392.9142958872062,1.2555724958667707
150,1000,400,756,119.4257602824765,376.93638481819124,1.1436924215008144
150,1000,400,757,135.42890882072328,317.36288572890226,0.8473882178003809
150,1000,400,758,112.61500858130609,264.13264485682316,0.847414632030616
150,1000,400,759,96.15495802165577,271.7169602222532,1.0321272723916683
150,1000,400,760,144.88369881924305,206.65547422563628,0.35307061164483144
150,1000,400,762,229.4783827060912,146.49835899073986,-0.446340023451846
150,1000,400,763,274.2262213209167,254.98383895262103,-0.07247906908736645
150,1000,400,764,305.47347585448966,232.1681154882692,-0.2733714937288676
150,1000,400,765,292.5495770882681,195.37773317998915,-0.4020065271831097
150,1000,400,766,290.70242971368367,195.37811460741364,-0.39569224937516
150,1000,400,767,281.1270945250239,187.08659149290514,-0.4054552093761181
150,1000,400,768,284.38008541296534,182.56302893319474,-0.44126383435495864
150,1000,400,769,283.7810731007816,182.39416841748766,-0.440082958272904
150,1000,400,770,305.4489253447437,177.10046947607884,-0.5427032768200624
150,1000,400,772,300.71668965326916,180.38419367036911,-0.5088710646793375
150,1000,400,773,387.6660244186861,182.8526316070569,-0.7485859042758758
150,1000,400,774,315.38326369107483,188.03747887696142,-0.5150090421116316
150,1000,400,775,267.44550614719736,189.7984736926664,-0.3414301772613362
150,1000,400,776,268.11456024026484,190.94113840156976,-0.3379484092419771
150,1000,400,777,272.8902300976806,187.43274346910758,-0.37398626138901214
150,1000,400,778,282.3724557686088,215.92746054796459,-0.26719911600124835
150,1000,400,779,280.54803749158725,225.57089641075459,-0.217245176921538
150,1000,400,780,297.0685668109752,225.1733916367336,-0.27602162526716434
150,1000,400,781,308.12165155597864,229.18604842885628,-0.29484700562906774
150,1000,400,782,303.35296972712575,231.45396370722113,-0.2694959126360903
150,1000,400,789,267.55023509113335,190.6045917412116,-0.3376041612642524
150,1000,400,790,274.4998658454039,328.65143600539864,0.17944870005817393
150,1000,400,792,414.44343164211267,320.5305507267136,-0.25625389500965845
150,1000,400,793,448.54031287917826,196.17234090818312,-0.8241473604699507
150,1000,400,795,291.32370467539306,241.31897988741952,-0.1876068089697549
150,1000,400,796,206.63358126867266,135.34223668266125,-0.4206067267099307
150,1000,400,797,214.8644445444953,219.26627643940665,0.020186522798778306
150,1000,400,798,396.5419622110533,144.11031173249768,-1.0078062700833055
150,1000,400,799,346.96209517134685,197.2651686723319,-0.5624881814835456
150,1000,400,801,279.94622698820905,400.8319039503037,0.35787056380261806
150,1000,400,802,287.09171252054693,603.4624764984176,0.741060718816426
150,1000,400,803,331.3592338899762,317.72368800237416,-0.04189186811139933
150,1000,400,804,335.9727803207349,186.71974765887717,-0.5850520098453913
150,1000,400,806,325.3680175176735,144.48488293688922,-0.8079534488698341
150,1000,400,807,351.20798125568206,277.93685741483074,-0.2332364182533917
150,1000,400,811,298.6876169271574,63.706814190720735,-1.532874139485422
150,1000,400,814,68.9994460163223,96.40005800202776,0.3303394781861728
150,1000,400,815,119.27639269617897,107.63600646678842,-0.101789462975729
150,1000,400,821,315.4112844856419,124.52368452017745,-0.9245484384666884
150,1000,400,824,195.0567699940874,249.8790258799502,0.2465665942226991
150,1000,400,825,201.5716075888134,147.12926049265528,-0.31300816746575055
150,1000,400,826,177.24265532190157,132.71564969202413,-0.2874303260218074
150,1000,400,827,136.67062754068988,132.89361388125744,-0.027818516995762543
150,1000,400,841,67.78638098793225,185.96413880505727,0.9999110527805462
150,1000,400,842,76.84023811255572,185.7643719114912,0.8751892822055201
150,1000,400,843,90.98923609056669,182.6255849719226,0.691227248988227
150,1000,400,1005,25.215890273135802,183.16298452539786,1.9494554251011458
150,1000,400,1223,128.94207560079926,141.24196753824756,0.09044082533695974
150,1000,400,1224,143.63318640339654,126.77762809823635,-0.12390931564159846
150,1000,400,1232,310.4607677545417,63.5988481831099,-1.5730768034354865
150,1000,400,1237,228.79575413186876,112.90327753742375,-0.7018412432722059
150,1000,400,1238,205.17723369336815,116.8611858509566,-0.5592286157478812
150,1000,400,1239,183.8278496456915,108.38638557310297,-0.5245384134707303
150,1000,400,1240,168.0104426134664,105.82905354891031,-0.4587305771207779
150,1000,400,1241,136.3819829451016,105.61169350814295,-0.25357204178344084
150,1000,400,1245,218.7706687083776,84.7539110205757,-0.9411028931227365
150,1000,400,1246,227.10204435345577,199.5783974060021,-0.12858791195319696
150,1000,400,1247,210.2630707567656,174.50796587049598,-0.18541970627669002
150,1000,400,1248,207.37726962470217,154.48298582223785,-0.29281392333304
150,1000,400,1249,210.920258628412,141.1623178867646,-0.39924057688081227
150,1000,400,1250,217.40191879040705,131.8553982096335,-0.49707572425219837
150,1000,400,1251,224.886187593456,124.8857994613128,-0.5846561352234909
150,1000,400,1252,233.08342134350255,119.72591147210774,-0.6621547715766098
150,1000,400,1253,241.54546206029315,115.8830189244115,-0.7300155688471861
150,1000,400,1254,258.9938831469515,109.14169276059728,-0.85889045149273
150,1000,400,1255,264.10314541485536,108.8469351206179,-0.8810310803819483
150,1000,400,1256,271.20278456255113,125.11104909523883,-0.7693844591820733
150,1000,400,1257,268.947777263709,139.9676428377921,-0.6496981421260655
150,1000,400,1258,266.5627341969194,131.8760231280534,-0.6999375226414015
150,1000,400,1263,226.17165648758035,67.44081473840619,-1.1997365743181154
150,1000,400,1264,191.22383512914982,45.42821262037278,-1.4207531958977149
150,1000,400,1265,186.56858713537676,35.9333233378358,-1.6250303615691886
150,1000,400,1266,180.86468606229565,23.53350910633527,-2.003223025680453
150,1000,400,1267,203.0199121372807,24.607347598219974,-2.0753382717369977
150,1000,400,1269,158.6242662926533,51.54122129930944,-1.111224688777666
150,1000,400,1270,213.0864684931315,25.138164403500078,-2.1029835078092285
150,1000,400,1271,221.69822206140577,24.387659738459686,-2.171554371773524
150,1000,400,1272,143.54607747053353,80.22024266722569,-0.5764338219207774
150,1000,400,1276,141.8156507518856,36.2040554822775,-1.3451368693249548
150,1000,400,1277,141.49909986953057,26.739468363054765,-1.6364794332750923
150,1000,400,1278,142.44188517976795,25.744350020436123,-1.6796067350030794
150,1000,400,1316,46.95926003722483,58.052162352937984,0.2080692596977931
150,1000,400,1318,38.19697487500538,91.43123973081579,0.8578654415695994
150,1000,400,1320,57.7521585616859,50.98363907561275,-0.12239885791208494
150,1000,400,1322,40.3126117322808,48.476795984510716,0.18033596950712294
150,1000,400,1323,44.012667381007034,62.380441198299664,0.34221136788512796
150,1000,400,1324,35.53238423610601,19.591989048947955,-0.5732969875270104
150,1000,400,1327,59.754612564537915,51.77942375248638,-0.1407215932252921
150,1000,400,1339,56.59571622791848,90.70816642932934,0.4651632373400538
150,1000,400,1340,75.78210955109643,98.94436615655036,0.26364202827647976
150,1000,400,1343,48.810349635240655,87.60456889305962,0.5759606374842194
150,1000,400,1344,69.00568531025864,89.85062587789402,0.260640226483944
150,1000,400,1345,66.56575254976906,94.11708365413116,0.34200735667506876
150,1000,400,1346,63.2520017962602,96.15329772084642,0.4134772402257685
150,1000,400,1347,63.57384267736211,92.24340876585828,0.3674039558753073
150,1000,400,1349,42.79133047375723,69.41002677120478,0.47489981534805636
150,1000,400,1350,42.654620279187164,72.8807121670714,0.5261426697910503
150,1000,400,1352,62.4214442601024,77.98693650483966,0.2194804363003957
150,1000,400,1354,82.64459035099111,87.790124644384,0.05969867955462149
150,1000,400,1355,163.37204250709985,76.90845051078368,-0.7465979844672059
150,1000,400,1357,46.23422089929469,64.41293198800993,0.3256013267905118
150,1000,400,1358,44.25131053010983,63.099486391747824,0.348204719567363
150,1000,400,1359,45.111881887699205,59.301581297848415,0.2682876688425919
150,1000,400,1366,139.51563013864384,58.52612772944595,-0.8589033914555078
150,1000,400,1367,164.20003829798404,47.641182851823515,-1.2226865370529585
150,1000,400,1368,159.99958582268235,38.68321875940899,-1.4004733953957857
150,1000,400,1371,173.2101469964056,113.38122101801264,-0.4207253983094317
150,1000,400,1372,138.0222625346374,133.0135870476711,-0.036692891736962885
150,1000,400,1373,123.28417032022782,91.34190221576405,-0.2970726228112799
150,1000,400,1374,111.08537431778916,84.93421979937794,-0.26567873408371767
150,1000,400,1375,96.44968639955007,124.39303148256715,0.25211684845704596
150,1000,400,1376,63.28947843661694,126.47364092627225,0.6845136199387589
150,1000,400,1384,86.28926703465079,81.05566772007857,-0.061829620244386874
150,1000,400,1385,97.25016563090009,78.15386176063716,-0.21612336101580087
150,1000,400,1386,111.34505076954822,77.97927772241042,-0.352389435018412
150,1000,400,1389,79.61712429492096,90.7792406264357,0.12967504790583906
150,1000,400,1405,21.843665450867054,25.416703054115843,0.14532264578123444
150,1000,400,1406,25.699960125334204,9.923559040495771,-0.8937402352960437
150,1000,400,1407,35.59670492282537,22.817040636053743,-0.42955688933527947
150,1000,400,1408,50.57916296155202,26.949284809675742,-0.6127261612873456
150,1000,400,1409,76.14723819678466,21.726683636871766,-1.2221760555799301
150,1000,400,1410,69.32040754922814,124.07762599169028,0.5758725034925751
150,1000,400,1411,31.008064476463925,77.36168444356058,0.8953472031234488
150,1000,400,1412,34.823225488272406,37.663419869030335,0.07629749029759925
150,1000,400,1413,38.97252461201967,11.038514318081301,-1.2000812966424252
150,1000,400,1414,40.34048835943266,10.330086068536291,-1.294380695898104
150,1000,400,1415,40.090103162115405,31.954632393535032,-0.22063545388863837
150,1000,400,1418,44.99092745254591,88.96359148471154,0.6709609016791447
150,1000,400,1421,70.17468827204343,131.84060816497757,0.624012721259608
150,1000,400,1422,58.13573521779419,79.00802142919987,0.3022914990161487
150,1000,400,1423,49.24178413510406,74.13059033278356,0.4023807700616291
150,1000,400,1430,23.886323553871023,32.881176426173276,0.3085411947933836
150,1000,400,1432,18.285296586835564,34.18575993808577,0.6012984828510892
150,1000,400,1433,20.74360712746205,38.953596853577835,0.6083989128852108
150,1000,400,1434,19.751968487631075,37.88317848054898,0.6279206182428134
150,1000,400,1441,19.35648306839329,39.093089572055554,0.6778045501353613
150,1000,400,1443,18.228768958084085,54.10085379405542,1.0527576705824928
150,1000,400,1450,18.002039670299514,57.088626508930076,1.117423563060537
150,1000,400,1451,17.985188331913676,56.761657406428334,1.1126660752103628
150,1000,400,1452,17.9591270408284,53.166800222914354,1.0497827251359437
150,1000,400,1454,18.883168127763085,47.032351126283295,0.8820012145866296
150,1000,400,1455,19.08264088965021,53.919860867738095,1.0060192429495656
150,1000,400,1456,24.54131346990082,55.19308945130282,0.788496508604779
150,1000,400,1460,69.14540625651838,51.55851381998401,-0.2886432219203958
150,1000,400,1461,72.38952356821454,37.8461095191356,-0.6361732640335878
150,1000,400,1462,70.05963014095235,38.21992972935874,-0.5943343566331376
150,1000,400,1465,79.76770515464875,45.9407609113736,-0.5426907963609668
150,1000,600,0,35.33522049861276,78.01840246678685,0.7768932354166838
150,1000,600,1,76.00237495634006,120.42570739192384,0.45546634899987115
150,1000,600,2,85.42872375711079,122.00251054519748,0.35288469464773886
150,1000,600,3,85.44186217303694,122.30359765675928,0.3551775134588171
150,1000,600,4,79.9835795856192,114.43723030374125,0.35448050870342573
150,1000,600,5,78.1670393772874,106.22791914169044,0.30339661176359645
150,1000,600,6,81.2626159829349,107.75598964643011,0.27918998196681244
150,1000,600,7,82.47335463661001,108.86659097325871,0.2747393456267542
150,1000,600,8,80.98729251275391,90.5456182238865,0.11027314196711302
150,1000,600,9,66.13758871484376,88.86516103332744,0.29156625952846493
150,1000,600,10,76.50314280311338,85.75351109096003,0.11275240384362473
150,1000,600,11,50.103862077653105,56.27829527976922,0.11406168785953774
150,1000,600,12,32.700560967117376,65.45659749663298,0.679034582228665
150,1000,600,13,39.724229394878684,104.25241073028522,0.9495381449557212
150,1000,600,14,52.85922161044014,101.04100363633484,0.6390010937508475
150,1000,600,15,55.83758386798704,104.62012889426042,0.6196511729115839
150,1000,600,16,55.87813180832127,104.2366716970184,0.6153008893191769
150,1000,600,17,63.862962814061504,87.45187648202703,0.31018185557481726
150,1000,600,22,53.70611977128953,65.11987829585661,0.18949385030864274
150,1000,600,23,59.20390057849658,69.6206134668974,0.1595849334559727
150,1000,600,24,48.51616556377344,98.60066951794578,0.6988696933297915
150,1000,600,25,52.45400687644587,54.323361793423835,0.0343736752874797
150,1000,600,27,55.439970024005746,54.69017241942646,-0.013373902217885814
150,1000,600,36,54.763297693682304,72.07442341544343,0.27036251510260456
150,1000,600,37,45.38933995668402,78.59474822058917,0.5398784230209168
150,1000,600,38,42.39743182224393,103.5654814310039,0.8794132269745125
150,1000,600,39,39.7582031142186,145.71551636645407,1.2808383260804344
150,1000,600,40,38.61855769934043,156.26436082636852,1.3786305789611788
150,1000,600,41,38.957821517937376,147.85518880232712,1.3151495103979949
150,1000,600,42,39.121414557517895,114.66057447629387,1.058749599022216
150,1000,600,43,39.230290759361026,116.62557931873656,1.0728863096642347
150,1000,600,44,39.08038868442764,116.44726140932252,1.0751022393113647
150,1000,600,45,38.80494282693882,85.71279871385293,0.7786103973711005
150,1000,600,46,39.53981794343957,85.09822708518065,0.7532041696511054
150,1000,600,47,38.89568658120502,79.91665651312809,0.7071514807041304
150,1000,600,48,50.37520649401581,70.53117022822254,0.3309776097938757
150,1000,600,49,46.06683709400617,86.1562893052472,0.6161342784402275
150,1000,600,50,64.03069101331066,43.14710138349082,-0.38733205682767924
150,1000,600,51,14.046888774996843,85.04991439018575,1.7437562838622118
150,1000,600,52,27.640075829993155,96.8693258343201,1.2288261892504941
150,1000,600,53,30.96687100888454,97.83001363965276,1.1287012548454811
150,1000,600,54,35.96231518408838,100.32322343773141,1.00841675398049
150,1000,600,55,36.2530386266953,101.45814390789384,1.0117208476923065
150,1000,600,56,35.16818838446628,102.68339073956538,1.0531619773878136
150,1000,600,57,35.57306974564516,101.68036467835549,1.0323087373224467
150,1000,600,58,43.85589713669427,94.27764736924053,0.7533401673543008
150,1000,600,59,59.37259337762897,67.90601457726513,0.13220821857145992
150,1000,600,60,64.16241519572384,46.6702647001844,-0.31257502670204085
150,1000,600,61,39.93482642937061,108.27965287610449,0.981929016687018
150,1000,600,62,30.341826297170737,95.1014864780621,1.1204512749792719
150,1000,600,63,33.74176070478537,129.8852062944748,1.3263782093309855
150,1000,600,64,32.14628140303699,124.58402746823865,1.3320445406393437
150,1000,600,65,28.46008571173661,116.30571621498044,1.38174716559976
150,1000,600,66,26.673293810867772,107.7109935196276,1.3682250995712986
150,1000,600,67,26.032737821469404,105.4006544098084,1.3701630839450467
150,1000,600,68,25.779826270188874,104.25066302945271,1.3686959191648165
150,1000,600,69,25.635928525501672,100.91430325695866,1.3418712951358995
150,1000,600,70,55.28740724383947,43.91801534118685,-0.22563189090742952
150,1000,600,71,24.235192975211856,42.474150315657404,0.5439269489551797
150,1000,600,72,25.88977048239043,89.95438709434288,1.218612205314038
150,1000,600,73,14.386675475281535,98.4348599605784,1.8660008499938656
150,1000,600,74,16.31465931743664,97.5897400403277,1.7394136977213752
150,1000,600,75,18.844032293791976,100.3889771074385,1.6310610564001462
150,1000,600,76,21.266353335185663,102.91421873400482,1.5404890189225813
150,1000,600,77,21.976925051691012,75.50617668271305,1.2028810248173807
150,1000,600,78,24.80981129441426,59.23008984949775,0.8474173564600265
150,1000,600,79,28.752876122942755,47.770894641511184,0.494207909928456
150,1000,600,81,31.189206995292306,47.408776791155574,0.40804992606174517
150,1000,600,84,33.20182851696193,44.382391148834536,0.2828450616046876
150,1000,600,85,38.61973283878384,25.364675021095895,-0.4073022513999063
150,1000,600,87,32.00185497503293,55.38955810432891,0.5357202301180055
150,1000,600,88,32.529622672224264,55.738790520714296,0.5260288060102098
150,1000,600,89,32.4162234455389,55.36578102636309,0.5228207410291352
150,1000,600,90,35.14891229712851,33.38346509358187,-0.050071076614387255
150,1000,600,91,38.10040051638204,36.521186791784615,-0.041226955775705676
150,1000,600,92,36.62556572548906,38.49538578416738,0.0485000906435058
150,1000,600,98,16.1789645120571,95.99556934058168,1.7309796586914281
150,1000,600,99,8.556526423153626,156.83779207785796,2.80434355708116
150,1000,600,100,9.467046781331899,52.715164282790894,1.6354634302549478
150,1000,600,101,29.98601741339135,69.7349435871196,0.8254036508362534
150,1000,600,102,26.368401230543363,72.54417581821039,0.9884971490717889
150,1000,600,103,27.787815441979312,75.05154981622415,0.9714591747200378
150,1000,600,104,54.03461314115486,50.93083926454354,-0.058049497942468165
150,1000,600,105,23.60968976625179,59.04826566477548,0.892008408269847
150,1000,600,108,23.416410349436738,57.267261508962626,0.8697849219251275
150,1000,600,109,23.19331474779685,57.78915094228765,0.8878809851891858
150,1000,600,110,23.57893484157764,67.27573968156963,1.021664732312947
150,1000,600,111,24.192747846422677,73.9169974916849,1.0898246313531392
150,1000,600,112,24.098718652233085,76.75941858140935,1.1308028879104732
150,1000,600,113,24.273908187848974,114.93347823396262,1.523243996455025
150,1000,600,114,35.37335378067173,35.859683245498,0.013281891177733929
150,1000,600,115,35.020382584134744,36.05320150992,0.0282697974053967
150,1000,600,116,33.5272764831885,35.928347567358976,0.06722984850810354
150,1000,600,117,30.98172597013751,35.64490150977508,0.13610962944128335
150,1000,600,118,29.457709845483297,36.434660933323876,0.2062578791609866
150,1000,600,119,27.81391639742631,38.03133354866319,0.30350626920342405
150,1000,600,120,19.786364155292052,49.35350522358346,0.884771031622476
150,1000,600,128,33.70179873214738,61.606554754386664,0.5900784588903774
150,1000,600,129,53.89196776035131,85.49720053010253,0.4547450185217867
150,1000,600,130,33.492596364753894,106.45851624883412,1.1363601748464935
150,1000,600,134,29.044073526018465,166.4818683200785,1.7182096754717282
150,1000,600,135,33.942875799718664,154.51221099082028,1.4930096476858234
150,1000,600,136,34.00856323878419,72.16411212832178,0.7371123337445691
150,1000,600,137,33.17415980100669,40.73268238524929,0.19981477496456757
150,1000,600,138,31.981322946097684,45.9990422168309,0.3541857932232402
150,1000,600,139,32.00071356975433,35.18524672499038,0.09212230216904382
150,1000,600,140,35.42069734464314,110.45362084421994,1.1184713263966408
150,1000,600,141,45.21632687888698,110.16839456221726,0.8777129885500208
150,1000,600,142,53.859331253068454,61.86400680892138,0.13620147575724761
150,1000,600,145,20.277420559892995,50.426521082332805,0.8825075709209149
150,1000,600,148,30.42609234849394,8.6736071877227,-1.1782372457379058
150,1000,600,154,12.769399027820795,93.83416617896255,1.9296810788610288
150,1000,600,155,17.42349379497341,79.95859196764417,1.4803111268483815
150,1000,600,156,20.953039786131093,73.9702373708066,1.2281855829480817
150,1000,600,157,25.673742387185893,101.25972809054998,1.3438362803183033
150,1000,600,158,29.67867948963938,75.16632534327323,0.9093515062202258
150,1000,600,159,30.34523595339103,83.50688656826412,0.9917707365695048
150,1000,600,160,28.80229561040978,63.199518784183454,0.7674102906435891
150,1000,600,161,27.65585201187578,83.26503895239618,1.0786093761815607
150,1000,600,162,26.521503239384927,47.70613196360395,0.5708373000750204
150,1000,600,168,43.36524617841281,92.6815999444172,0.7474453787646822
150,1000,600,169,49.19669601125608,58.23992274846758,0.16564647733248483
150,1000,600,170,51.12182644744774,83.08673824464856,0.47826506946785496
150,1000,600,171,52.64114529995508,41.185823250188285,-0.2402321871258133
150,1000,600,172,47.37758881793342,34.94551046387413,-0.29703247195082216
150,1000,600,173,37.823379901267906,121.18670460395866,1.1465276005944847
150,1000,600,174,33.89501472236749,39.43103457344688,0.14725369820318468
150,1000,600,175,48.94059036006278,53.25840945122639,0.08292388716446375
150,1000,600,176,58.8705077195456,57.794789589797055,-0.01813078670800561
150,1000,600,177,61.543964390254,9.006087637536691,-1.832676068169099
150,1000,600,178,11.857408706220903,7.614408062228911,-0.40048404072258537
150,1000,600,180,11.620289307286349,55.70833258744308,1.502615377792483
150,1000,600,181,73.00977952317453,60.15110761483464,-0.19084926514192535
150,1000,600,182,76.14864006597325,59.79218787534509,-0.2382726596871656
150,1000,600,183,79.79555458320786,60.01798057567098,-0.28075336220430813
150,1000,600,184,77.55924123328685,56.33303764863639,-0.31497597472299077
150,1000,600,185,69.95417364018631,47.78487355002399,-0.3746139303948355
150,1000,600,186,62.881475563370365,35.57933868282091,-0.5575458579234311
150,1000,600,187,60.354161550480335,54.89111413432813,-0.09325759429437497
150,1000,600,188,53.490175981863196,128.71470212289375,0.8673170115319526
150,1000,600,189,44.23493575445287,91.60179149122969,0.7164387848077531
150,1000,600,190,37.94809967800639,56.67838137042199,0.39265244797841614
150,1000,600,191,34.08400765437419,40.64606402298229,0.17146145863650064
150,1000,600,192,31.04415557138724,68.13717429432963,0.7689777510540887
150,1000,600,193,27.682021399308894,88.70823882926837,1.1402921191615172
150,1000,600,195,21.3064648873717,76.91297678277692,1.2507159798657659
150,1000,600,196,22.174226997827947,79.92474143562151,1.2504788488023482
150,1000,600,197,12.457780457980547,41.00854521532766,1.138315643587184
150,1000,600,200,35.30128566683467,43.030691315917025,0.1930337622018028
150,1000,600,201,34.2729639064633,81.8529343820373,0.8539503857634756
150,1000,600,202,32.75388670166963,57.2234056980922,0.5451918614349536
150,1000,600,203,30.865635775359692,57.046328073510786,0.5997132708752768
150,1000,600,204,45.579468947078446,47.51100757118538,0.04063086890980472
150,1000,600,205,47.46851317678783,41.669683044608185,-0.127425705153144
150,1000,600,206,53.90359194039181,32.917903015251106,-0.4816357858121436
150,1000,600,207,54.42162438703449,54.12436634233175,-0.005378010712234982
150,1000,600,208,49.98861020624018,82.6882063267813,0.49549578497371405
150,1000,600,209,45.35866032291036,79.49554464304173,0.5517937160521837
150,1000,600,210,41.80948144763246,81.40351871891308,0.6548685316990301
150,1000,600,211,38.42251774440841,90.14339420972125,0.8380968574491061
150,1000,600,212,29.84635614694638,83.74679252057683,1.0106492709761583
150,1000,600,213,19.560484142057355,65.18848979640286,1.169135589605669
150,1000,600,214,21.696290687173438,55.72806083948395,0.9160674831944982
150,1000,600,215,26.66496001786792,51.54043766146994,0.6414164831602736
150,1000,600,216,41.7957170576749,49.17284016810855,0.15903581894436103
150,1000,600,217,5.422985500505503,105.50628439287534,2.808320950952616
150,1000,600,218,37.87907221945898,93.26220747211366,0.8856242235520964
150,1000,600,219,43.16698399222768,88.77573944589865,0.7093372352733684
150,1000,600,220,29.249880451928675,91.72795902016804,1.1201778021837647
150,1000,600,221,24.064213635305236,86.96348413612984,1.2554806981574833
150,1000,600,222,21.201267309843747,93.69974953582505,1.4505619820935953
150,1000,600,223,20.207971371186712,101.93103574652997,1.5796820890385828
150,1000,600,224,20.787235451285703,101.66422123450782,1.5501394063293663
150,1000,600,225,23.904650673440965,60.855477806492104,0.9097461008425949
150,1000,600,226,32.502748873438655,41.74650534811312,0.24365995441023536
150,1000,600,227,44.673989706724285,45.579237857423806,0.019625919463740704
150,1000,600,228,48.79330950181393,86.6894664663817,0.5659211558052859
150,1000,600,229,48.88970513483535,65.24414902538652,0.2835324728187376
150,1000,600,230,51.39924633586695,46.58185591808023,-0.0964406979413499
150,1000,600,232,47.78615140761392,37.05717478166256,-0.24835686148626035
150,1000,600,233,46.96461098027469,46.224156095033216,-0.015557924395143807
150,1000,600,234,45.530420979263184,71.65459549073276,0.4456103299259655
150,1000,600,235,31.044410881387773,73.19679970168383,0.8395982378548945
150,1000,600,236,72.3876979259958,42.20938070736467,-0.5296987007043219
150,1000,600,237,62.40682144270082,45.64397850686395,-0.3070276085218744
150,1000,600,238,67.09795547332206,52.61812931554902,-0.2390599458988567
150,1000,600,239,79.96902994488714,59.26560746628092,-0.2953051512921334
150,1000,600,240,93.46192478258207,58.21724411529992,-0.46698405574915114
150,1000,600,241,80.64990933347777,26.873032397575066,-1.0747810683320758
150,1000,600,242,63.664195723739404,76.19290191347456,0.17709984947009083
150,1000,600,243,57.92734847514644,74.77486023945949,0.2514612751722032
150,1000,600,244,54.39191974721185,77.58242354754395,0.34971432526346646
150,1000,600,245,53.62453876125382,73.60847148933036,0.31177084995040794
150,1000,600,246,52.46617843014637,66.57521190041282,0.2341919528218983
150,1000,600,261,25.61859592433697,66.13312290952878,0.9250674907607541
150,1000,600,275,28.49948592792049,72.77144390571314,0.9165988807575101
150,1000,600,276,39.85813278221687,69.59876453034016,0.5469067543694228
150,1000,600,277,39.76320099250052,62.93013859212437,0.4500111646869698
150,1000,600,279,10.983054592320462,89.17072985557886,2.0182113371923016
150,1000,600,303,7.804148778430885,103.47170519555014,2.4736932085828585
150,1000,600,418,38.02805704243912,80.82946953893952,0.7403566432197333
150,1000,600,419,51.46893362512968,105.09494797211096,0.7041131747899354
150,1000,600,421,61.61765914491564,125.5398496032541,0.7035099418953177
150,1000,600,422,61.71617734149844,127.6832990186217,0.7187349132408922
150,1000,600,423,60.4440624089385,119.72262483746971,0.6753683508189354
150,1000,600,424,61.411754385323405,111.0691496669991,0.5853624593230551
150,1000,600,428,55.81519154373757,105.08229191637376,0.6244113850277992
150,1000,600,429,55.12488889891834,120.77964723217985,0.7746338748818866
150,1000,600,435,45.52572322956557,135.8747092979864,1.079060629344208
150,1000,600,438,48.67326567980939,100.86843516767276,0.7182152549248819
150,1000,600,439,52.231080984200915,98.07390815800649,0.6212236638789301
150,1000,600,440,51.99684028414843,97.16056265067996,0.6163722378666474
150,1000,600,441,49.58242046607413,105.01616464190492,0.7399874847979246
150,1000,600,443,26.996361568312206,129.9107592674508,1.542441306351702
150,1000,600,444,56.185987420825136,116.13527037742794,0.7170205308208644
150,1000,600,445,48.192099929115706,94.43626593416822,0.6627256122184941
150,1000,600,447,55.87959576957477,66.11314339934971,0.1654432238343695
150,1000,600,449,58.98319705732964,127.57572099699294,0.7624535252873423
150,1000,600,450,58.98496186391436,127.18944718171183,0.7594153306169016
150,1000,600,451,49.532424090344065,130.22168842077699,0.9542729794901601
150,1000,600,452,41.891792416698024,99.76508065232706,0.8541113848472643
150,1000,600,453,20.77262443408635,99.67456727892908,1.5312397877668338
150,1000,600,460,39.181960237548516,250.17364870013972,1.8327263828233762
150,1000,600,461,31.253398944364807,203.46244763931918,1.846760897183224
150,1000,600,462,21.612501782718066,37.74167079161014,0.538412855822449
150,1000,600,463,34.95333235604409,101.5331788817658,1.0479646685487438
150,1000,600,492,53.236370879806294,103.17470979178161,0.6527176586930832
150,1000,600,493,60.21360495821077,75.70227829309407,0.22556194383242456
150,1000,600,495,48.978634338643545,30.920870253464305,-0.44833556508703065
150,1000,600,497,51.28055283482833,34.10348675260201,-0.39832399998037715
150,1000,600,498,35.107124312958106,73.54641908582713,0.7249318110750105
150,1000,600,499,37.90296875672234,85.74264878884124,0.8018751096841612
150,1000,600,533,12.851996523821747,24.024191795414865,0.59141365320346
150,1000,600,534,12.379107693246347,70.71669011174315,1.6790291346456852
150,1000,600,535,88.58060431078876,149.08512775817485,0.5160638247041636
150,1000,600,536,83.66960968523243,151.06857057124986,0.585574803492424
150,1000,600,539,10.716812259098159,12.373981137716434,0.1322863576532205
150,1000,600,549,26.48568517345581,17.454676500147315,-0.39834752278651964
150,1000,600,550,28.381734139336334,36.60953099516042,0.2468843087003374
150,1000,600,551,32.34323160692243,76.7854955826419,0.8471001802567417
150,1000,600,552,43.76363407770685,120.1640915436074,0.995749684899343
150,1000,600,553,43.03847110951508,139.85067233596703,1.162636672428484
150,1000,600,554,38.18411679274083,206.79184895107014,1.6682653716151639
150,1000,600,555,56.92911650983845,121.3513053108588,0.7476763244974176
150,1000,600,556,114.13397936694045,126.38294260001808,0.1011013574277495
150,1000,600,557,157.60296208946585,126.23813072561735,-0.22034360966519273
150,1000,600,558,174.37242813448742,30.86149435544191,-1.7055136661719383
150,1000,600,559,176.93848879892204,30.906265679563788,-1.7186355152332227
150,1000,600,560,189.72320694872744,75.59254499499008,-0.9123234505082083
150,1000,600,561,176.5430688672048,101.37045999695931,-0.5506150265923235
150,1000,600,562,178.70390487562875,99.14156194069375,-0.5847257191730337
150,1000,600,563,184.52580777528485,98.68644648158914,-0.621164273130117
150,1000,600,564,165.8985919640688,117.4884423958998,-0.3425709709330542
150,1000,600,565,168.2408247804924,112.31511013457269,-0.4011501761937897
150,1000,600,566,158.25937387455028,146.7243817040095,-0.07518590358413046
150,1000,600,567,193.0110332166732,215.29969548989814,0.1087498954472732
150,1000,600,568,199.6951562085941,233.96896869418595,0.1576663362904691
150,1000,600,569,200.33951506678616,228.66050946484978,0.13160955991998602
150,1000,600,570,193.54054988068356,179.97183872717198,-0.07229919198784973
150,1000,600,580,86.28806787020184,179.81527557361463,0.7282621592853946
150,1000,600,581,77.28479324764119,208.69384530948963,0.9852952147599474
150,1000,600,582,65.07011361724172,204.9618927381334,1.1369746592795344
150,1000,600,583,54.36406507763958,204.60988068975038,1.3120498517715644
150,1000,600,584,65.70565147090936,173.08728222369268,0.959267116388518
150,1000,600,585,60.10731803294079,157.53720184259697,0.9533576473053849
150,1000,600,586,61.030068066913145,138.72315394511634,0.8120437567030123
150,1000,600,592,61.63580053908374,222.3643403265514,1.2714672431301448
150,1000,600,593,94.0068190240244,148.9135570744686,0.45611017358455364
150,1000,600,594,84.53337540404858,129.53151207850152,0.4227080141023265
150,1000,600,595,77.73805187475355,130.961483404854,0.5163835436498099
150,1000,600,602,31.44962069474624,136.04346575142765,1.4406093895998358
150,1000,600,603,95.4592672115312,44.327003949010965,-0.7552178492516255
150,1000,600,605,67.39106148323093,204.41532252325158,1.099791757150629
150,1000,600,606,64.78980791276594,192.7512837522897,1.080110362638731
150,1000,600,607,64.90578064493643,132.65616083276802,0.7070443821909604
150,1000,600,611,75.17776592875181,215.71797742207346,1.0455272306525698
150,1000,600,612,78.559925960434,176.90685062032017,0.8047495788228423
150,1000,600,613,79.03851700973343,159.4661050936427,0.6955747556209655
150,1000,600,614,82.22691173058958,147.42908700096552,0.5785365617504681
150,1000,600,615,95.15739348370545,86.0734707465677,-0.09923411077258759
150,1000,600,616,96.0039383301149,83.78224751419788,-0.13466540348994105
150,1000,600,617,104.60915189065969,71.72434119701742,-0.37306888763202384
150,1000,600,618,109.27793576971207,64.72488410775787,-0.5175262605722661
150,1000,600,619,111.14350860218667,58.45530818949509,-0.6345544704498574
150,1000,600,620,114.72861288294392,57.05994151752432,-0.6897719546650682
150,1000,600,621,125.2816656088547,57.660230257482006,-0.7667528645789181
150,1000,600,622,135.2792338580588,58.907523533732785,-0.8219038721556684
150,1000,600,623,114.51976720434523,60.07684874099794,-0.63730877324672
150,1000,600,624,118.86066333628088,59.257807719536224,-0.6876977765928318
150,1000,600,625,149.11002029620067,58.461894174020856,-0.9260328205449007
150,1000,600,626,149.68113790682344,57.66069876084854,-0.9433959590776597
150,1000,600,627,161.62501267369484,58.38721832538891,-1.0073679912578202
150,1000,600,628,166.07434420252915,59.9609805801867,-1.0082048913392647
150,1000,600,629,163.865712718494,71.60398151722994,-0.8201115180605738
150,1000,600,630,181.80255791781917,93.28502923216946,-0.6620842316886835
150,1000,600,631,189.40665262562666,95.99637426140968,-0.6744884629510857
150,1000,600,632,184.27843604853055,90.1170521765816,-0.7097147857205233
150,1000,600,633,191.53483549419198,88.79802756395155,-0.7627140906618539
150,1000,600,634,199.22021495269047,87.6363528961587,-0.8148757585453463
150,1000,600,635,195.59010583937612,80.3692833565022,-0.8821230326458611
150,1000,600,636,182.0573973264703,152.57537627117895,-0.17560825312942363
150,1000,600,637,197.03049320620335,164.35701663754804,-0.18031415133900985
150,1000,600,638,199.52281207231044,160.46222225545978,-0.21665681881958587
150,1000,600,639,199.84386377452074,190.23146112788228,-0.049043276325082985
150,1000,600,640,201.29971152202768,172.84999793902966,-0.15155747158272437
150,1000,600,641,206.25658667467346,74.54307441398916,-1.0092545592028426
150,1000,600,642,207.36418745248986,60.905722901805476,-1.2136748204704455
150,1000,600,643,205.3648064940744,61.09291514747615,-1.201013613267997
150,1000,600,644,207.47433870036375,58.02203610686102,-1.2619050903757065
150,1000,600,645,204.68203341100693,69.8840801794009,-1.0652855799454715
150,1000,600,646,200.79795938025694,102.99061662654064,-0.662966325452401
150,1000,600,647,208.11147083152107,144.38484697409925,-0.36348311950895784
150,1000,600,648,204.5683822238228,189.8969426827325,-0.07404502347533448
150,1000,600,649,200.5600218087146,201.92006404829453,0.006724916319659435
150,1000,600,650,199.21349445267356,206.28409944669053,0.03470604392859933
150,1000,600,651,203.1532510243567,210.12897800060352,0.033598274548244156
150,1000,600,653,218.92917475305512,47.386954237470675,-1.5140753247382928
150,1000,600,654,51.12420753520752,235.1159320015434,1.5106934448608356
150,1000,600,655,214.508740481948,20.858490269604307,-2.288412051043439
150,1000,600,656,122.84872949641965,58.91734523177416,-0.726094864460026
150,1000,600,657,164.70551438995076,79.37264705086035,-0.723538295748865
150,1000,600,658,184.7297875837441,92.87546345781617,-0.6823238154760025
150,1000,600,659,187.5073954257991,88.06777337762887,-0.7497396605823683
150,1000,600,660,193.8450158822182,99.39826476196475,-0.6630595283419369
150,1000,600,661,193.09100537901637,98.83507975038596,-0.6648075269017504
150,1000,600,662,181.93249296897736,161.5045856792512,-0.11841097296828718
150,1000,600,663,177.32176018125244,40.22106876984384,-1.4646400563869681
150,1000,600,664,184.2589109937622,40.43111554742726,-1.4977221837445476
150,1000,600,665,168.25893955655033,46.854122712189216,-1.263272455775855
150,1000,600,666,174.68426899140945,78.9119009483631,-0.7877636681202596
150,1000,600,667,168.8780548759483,90.28227858932745,-0.6211241875136784
150,1000,600,668,159.84284050424654,151.07539814787978,-0.05605130400192948
150,1000,600,669,159.76388271482182,210.67184163743164,0.27510043707268217
150,1000,600,670,158.80789946566549,228.73610771472136,0.3629588268796855
150,1000,600,671,152.50186525740355,230.12722675578937,0.4092556056154457
150,1000,600,672,153.45606820490062,219.8464743452174,0.35755806617589414
150,1000,600,674,174.14406784151498,152.34459225159029,-0.13292125420491807
150,1000,600,675,151.87989743632284,64.91480819501221,-0.8412895057328393
150,1000,600,676,162.79986481846234,208.85838022577443,0.24778757720929345
150,1000,600,677,183.5605616321829,89.77027020089753,-0.7096458456496908
150,1000,600,678,184.27359247968786,88.29769112035827,-0.7298579786503279
150,1000,600,679,134.3533578864729,54.35485732852409,-0.8941244127491403
150,1000,600,680,135.28237854202467,116.50166388360854,-0.14827655179117727
150,1000,600,681,137.23047905896533,184.57171619913234,0.29451898743498983
150,1000,600,682,126.32100168304464,232.3565853306129,0.6058562229998046
150,1000,600,683,126.92306966585124,234.04944949642558,0.6083668503970872
150,1000,600,684,126.46068378096075,229.06842543048103,0.5905688120072252
150,1000,600,685,124.59205568727357,199.79556240119547,0.4692482868415624
150,1000,600,686,120.7468223427744,185.8437960558917,0.42832929080721716
150,1000,600,687,112.47897960297041,214.004890561192,0.6390431566316455
150,1000,600,688,95.97225535473811,263.199139960477,1.0022782265045258
150,1000,600,689,96.3210430195693,276.4019360144316,1.0474522517194558
150,1000,600,690,102.22488313626152,241.17539654494507,0.8527523030972883
150,1000,600,691,97.4832864598358,205.53802036033662,0.7405976602513311
150,1000,600,705,31.706677399174925,314.7936589480739,2.267509763425008
150,1000,600,706,30.985015660574767,364.57247786463375,2.4361970248582145
150,1000,600,707,33.1966461884191,378.58020082532903,2.406938332787308
150,1000,600,708,35.91355047839342,478.68246823571747,2.5645456552153347
150,1000,600,709,35.91412739422748,608.6923510210646,2.8043601533675675
150,1000,600,710,33.076682255307645,645.3738058678331,2.942764637726671
150,1000,600,711,37.80710818180898,617.244531146833,2.7682806302516485
150,1000,600,712,51.91549751440511,640.8812023350681,2.495706988830938
150,1000,600,713,54.152599736832464,666.885768357686,2.494013269492032
150,1000,600,714,53.48444351797678,669.738127516833,2.5104635679524177
150,1000,600,715,52.00429794739948,671.1104978551052,2.5400497547264074
150,1000,600,716,50.83228475024113,672.4606993997548,2.564416428515833
150,1000,600,717,50.028415629795504,674.9639238756089,2.5837570607961085
150,1000,600,718,55.57868126556206,671.7790443733404,2.4757847031141083
150,1000,600,719,59.68168363852278,676.7651064778386,2.413158877009164
150,1000,600,720,66.53536707685974,667.0930611714235,2.291776059609024
150,1000,600,721,77.51729843329136,638.3847863923513,2.0971874800545374
150,1000,600,722,71.97209414394237,655.0225799097317,2.1961181128827834
150,1000,600,723,76.36687252917301,640.3736770700089,2.1150535611363734
150,1000,600,724,92.61710263091862,626.9352018290825,1.903223892135765
150,1000,600,725,100.88041767320671,563.2089093136875,1.7116248397376879
150,1000,600,726,91.62336147339884,556.8979594487329,1.7956346837234518
150,1000,600,729,194.97878615549493,195.68019079878798,0.003572593168557958
150,1000,600,730,222.81890569140035,156.94956925715567,-0.3485614679819893
150,1000,600,731,224.40395455986584,104.12361905046059,-0.7627571641380788
150,1000,600,734,237.12428841315136,228.92454299026733,-0.03504157644547057
150,1000,600,735,238.21898557217415,297.76397324953604,0.22227448448742493
150,1000,600,736,236.67478696720556,289.9196633970197,0.202143860331363
150,1000,600,737,231.19912180139087,289.25740132726133,0.2231728329101923
150,1000,600,738,226.69373065889351,286.29524205926975,0.23250896561598466
150,1000,600,739,232.42394881890579,248.72812252551228,0.06751649312916363
150,1000,600,740,227.63484877640278,255.4987053545517,0.11499743316393829
150,1000,600,741,225.24026251184637,281.90090233111863,0.22349912484650147
150,1000,600,742,219.8491865983791,283.9871182742441,0.25496392522377853
150,1000,600,743,220.09668920077783,277.7474495192977,0.2317060594909206
150,1000,600,744,220.45487767987262,276.83895107508073,0.226822776917885
150,1000,600,745,220.9768063307148,276.9202528485598,0.2247613118548717
150,1000,600,746,221.23182165413465,289.6048185267611,0.26824325358560497
150,1000,600,747,222.91056340906815,297.5911142665287,0.28782842505003625
150,1000,600,748,223.98067581683773,304.36379694289025,0.3054893294186103
150,1000,600,749,224.3758864406338,301.11899253194,0.2930513400811705
150,1000,600,757,331.4686472997406,160.70019759800516,-0.7208015732285418
150,1000,600,758,368.7230442491775,265.86606323101967,-0.32600729959421937
150,1000,600,759,400.8123243600639,348.4771709218467,-0.1395468844929928
150,1000,600,760,424.3883675128793,329.27471112266727,-0.25307779146357223
150,1000,600,761,432.313068720187,280.81126857438477,-0.43022290268725527
150,1000,600,762,425.8645944372258,286.224259791893,-0.39620355025844933
150,1000,600,763,422.18574790015646,273.45645279175034,-0.4330185965522819
150,1000,600,770,381.48599712932617,105.50697454287419,-1.2784815721135763
150,1000,600,772,338.45406908043157,241.58193401727414,-0.3359991224028622
150,1000,600,773,594.1204588482633,138.52689166720245,-1.4505064824096152
150,1000,600,783,609.2541483874919,234.1506494735991,-0.9536491367574564
150,1000,600,784,602.6054229104325,232.77702763628687,-0.9485529233956287
150,1000,600,785,612.5889104133339,230.52151093831495,-0.9746523878702797
150,1000,600,786,625.5615536138521,229.45364134437565,-1.000197299433398
150,1000,600,792,421.0159927953251,505.83896985268933,0.1831501285013175
150,1000,600,793,383.3179696356307,349.53464095934834,-0.09201072130237176
150,1000,600,794,395.66111545079184,350.84919033091256,-0.11987965544464618
150,1000,600,795,134.1097511496737,557.5979486569338,1.4193425615758057
150,1000,600,796,89.1148981866113,513.6755261817461,1.7424511532242448
150,1000,600,803,484.2904973115339,267.71556023608633,-0.5910942518878874
150,1000,600,804,473.9426075247061,304.0147748757426,-0.4428337528211088
150,1000,600,805,415.1941290289159,379.9367560050635,-0.08851844111989049
150,1000,600,806,348.5800234439871,287.31562806669905,-0.19267669014088273
150,1000,600,807,256.7190599715742,272.7485399476552,0.060339870807685436
150,1000,600,808,209.59634610211722,116.43457384756191,-0.5840618894221992
150,1000,600,810,115.8084336953243,60.59037446131645,-0.6400296744980212
150,1000,600,811,159.98659139076258,45.868173585992594,-1.233982234709047
150,1000,600,821,327.28155595014124,60.32346223070609,-1.677709128356942
150,1000,600,823,112.19016449523725,77.13220537377747,-0.37066694332168737
150,1000,600,824,67.80108256381293,277.34710511332696,1.3976494346531112
150,1000,600,825,70.89500683807864,189.78488792675654,0.9759397357475121
150,1000,600,826,69.26538479749651,127.64198345083749,0.604753939015561
150,1000,600,827,75.11900871904815,112.1805787158091,0.396686565200425
150,1000,600,838,79.03684221919434,180.2376566550704,0.8173221337989292
150,1000,600,839,78.19267725290513,176.31324020014742,0.8060340514939455
150,1000,600,840,80.03131101387544,214.66017678957024,0.9788682775083073
150,1000,600,841,93.77240737712432,256.2954495471737,0.9987467282619766
150,1000,600,842,95.66801707134746,251.59115323504625,0.9604895825621869
150,1000,600,843,96.55258525734341,240.9629226590483,0.9083929336786305
150,1000,600,844,114.31964571844848,262.03229504155547,0.8245690188689485
150,1000,600,847,66.90088657920826,275.8870113488833,1.4055604300948144
150,1000,600,848,66.43428224287405,278.2383357844594,1.420912140057105
150,1000,600,849,62.839066713741666,255.93343265168372,1.3924517005359833
150,1000,600,1143,8.273707657017797,33.964568204006355,1.3271519490870833
150,1000,600,1225,141.6491035001074,66.31392140396207,-0.7510207218407672
150,1000,600,1226,160.53691562100715,72.00166547736889,-0.7942514405923751
150,1000,600,1227,185.25387598276598,51.44557549383593,-1.2673346930523213
150,1000,600,1229,173.07494995324458,40.933295849421185,-1.4234057916226064
150,1000,600,1232,228.4901867325368,51.01420225598484,-1.4843434676527751
150,1000,600,1235,216.89570505865808,91.30826170852517,-0.8588828843444132
150,1000,600,1238,152.15732073428964,129.05708082027033,-0.16349219588948927
150,1000,600,1239,145.35260650163926,143.65324796477987,-0.01167933790854736
150,1000,600,1240,140.50638516966382,145.82590533556336,0.03690272653633553
150,1000,600,1245,268.0498970207695,60.90420284574503,-1.469308778452004
150,1000,600,1256,334.3499129553475,155.59070324451076,-0.7615390874423777
150,1000,600,1257,302.15564968369534,121.24996617945357,-0.9081785172345631
150,1000,600,1258,277.4387301148358,88.53070333047198,-1.1346164151532125
150,1000,600,1260,213.11299609798866,42.92399332704683,-1.5840431790032512
150,1000,600,1261,207.61207751088864,37.8047248787351,-1.6819344243931913
150,1000,600,1262,208.5699990978606,42.34562594015096,-1.5758520110260164
150,1000,600,1267,202.50463397561063,12.82950670432773,-2.688884299484718
150,1000,600,1268,271.958915697129,28.271984817977803,-2.2326903828446256
150,1000,600,1270,188.74075279404443,11.849089421680663,-2.692385734755622
150,1000,600,1271,208.0165034685036,12.015498258889268,-2.7762723916640426
150,1000,600,1273,151.87384556754088,60.285574130614854,-0.9140685595420797
150,1000,600,1291,145.13030290213348,14.652139651757116,-2.2338910827077996
150,1000,600,1292,144.95291442892128,15.929019635583678,-2.154254778248295
150,1000,600,1293,147.7019585210105,15.008061058727765,-2.228851612796875
150,1000,600,1294,139.6984259351236,14.937008268717605,-2.1779748079590004
150,1000,600,1296,150.28973899883414,6.367819933282986,-3.0220749399519846
150,1000,600,1297,142.3921265124773,7.361698535056069,-2.841921440378086
150,1000,600,1308,151.82246868398542,7.370451657794618,-2.904569067733077
150,1000,600,1311,124.00334559533843,11.795604501233994,-2.2792387880970733
150,1000,600,1324,45.04836751872898,28.393068592768838,-0.44893342748482423
150,1000,600,1333,77.57367578882317,40.46186901516181,-0.6392625437588126
150,1000,600,1334,75.51956764211558,38.36246932592186,-0.6647336871409855
150,1000,600,1341,74.48627654125364,43.13394264988828,-0.5367217110618769
150,1000,600,1355,140.35972365503522,115.3673717359843,-0.1945556886512163
150,1000,600,1356,112.60172689155795,37.714333493396104,-1.0764888017113137
150,1000,600,1357,62.02591287833864,32.051218140992006,-0.6454875342165307
150,1000,600,1358,54.43816543957725,28.934462417426815,-0.6162578575301709
150,1000,600,1364,68.67764064794186,45.835979566494835,-0.3972277704452303
150,1000,600,1365,72.66974372623504,39.711708783596436,-0.5930764458409143
150,1000,600,1366,83.79325352000717,32.2982747897167,-0.9347103945582069
150,1000,600,1367,111.37036469541803,35.067115611504995,-1.1364187180963632
150,1000,600,1371,195.88947222055057,136.46766347815725,-0.35925380182546984
150,1000,600,1373,95.45549835920743,95.71932443998854,0.0027314765039374578
150,1000,600,1374,82.87245264305484,92.17317403289171,0.10516262403680621
150,1000,600,1377,55.93004159776502,165.29027322597167,1.071911721522235
150,1000,600,1379,87.75980907187655,176.78906326141538,0.6946638627206383
150,1000,600,1380,88.0429238404493,189.13969136997468,0.7586404759473737
150,1000,600,1381,81.47329066532275,188.2918270483627,0.8308153912727718
150,1000,600,1382,74.63187188862156,186.0970235410329,0.9057495445963113
150,1000,600,1383,109.27137375449803,186.88196001229588,0.5328695315693119
150,1000,600,1387,63.98716820583971,161.30050151896654,0.9152597264000724
150,1000,600,1388,56.197487691796255,156.030832710938,1.0099321968117554
150,1000,600,1389,52.684404770721706,153.59641730158427,1.0576954165141559
150,1000,600,1390,59.291502872943305,169.922712449616,1.0420203007621929
150,1000,600,1391,74.53202084261159,169.61226557025347,0.8148368456700572
150,1000,600,1392,79.04300276284714,183.03564557025385,0.832565439982301
150,1000,600,1393,82.11074260506955,181.52089496014392,0.7866906926688193
150,1000,600,1394,81.34967854802824,179.60387913116367,0.7853315667525447
150,1000,600,1400,43.197179879801844,187.2950333972913,1.4493490758813952
150,1000,600,1405,88.50531129496156,50.927249040603456,-0.5444542855217462
150,1000,600,1406,86.57795032913819,33.9455347987424,-0.918738556861725
150,1000,600,1407,77.85766756701122,30.81941695656204,-0.9075678515626624
150,1000,600,1408,61.86639202294537,30.571632189464015,-0.6887527109700162
150,1000,600,1409,42.4032898804093,30.57181995113285,-0.3182702929016523
150,1000,600,1410,68.84357855047023,42.27504364954573,-0.4786820397697835
150,1000,600,1413,65.60736458630566,33.67197860530143,-0.6528833230728752
150,1000,600,1414,62.520577771820236,35.35737486610892,-0.5579668445004811
150,1000,600,1415,52.27879031417413,45.880502462653446,-0.12793645838950507
150,1000,600,1419,39.76536890456501,158.57002828432678,1.3646499550601625
150,1000,600,1420,35.0579298463766,144.227175431194,1.3931724359548494
150,1000,600,1422,45.51015259710002,49.59361468831431,0.08415475221689439
150,1000,600,1423,53.98516822847073,66.43281570380431,0.20406829901700974
150,1000,600,1428,56.31766202957958,63.914794690753375,0.12446674497884924
150,1000,600,1429,57.440411398284645,66.20540509296421,0.13974605069835988
150,1000,600,1450,58.77321085443759,72.22248333681303,0.20294494165533283
150,1000,600,1451,58.782707332461015,72.32183190216074,0.2041419635911632
150,1000,600,1452,59.02069503547227,73.46534608987234,0.21564444400245986
150,1000,600,1454,60.137832477779575,77.95250388554155,0.2557155909772524
150,1000,600,1455,59.86579567877876,73.51913398081737,0.2023845547448877
150,1000,600,1456,59.6994388942473,73.34962563558528,0.20284418362399492
150,1000,600,1457,54.424766191865366,72.5224650467131,0.2825644693786771
400,0,200,14,10.477983243339324,12.073531879867224,0.1301590193326878
400,0,200,15,10.608694380384495,12.234750664893898,0.13109166351430002
400,0,200,44,8.885604732850402,9.108382661464587,0.022285414527322356
400,0,200,45,8.876620260663756,8.918655929786457,0.004247046810844424
400,0,200,46,8.755109971778904,8.806193979842265,0.005222977396442285
400,0,200,47,8.388306464770142,8.75288887983985,0.03809861472647125
400,0,200,50,7.674923106310879,8.485424870141415,0.08931993431594787
400,0,200,51,7.3550656468996145,8.449186749412384,0.12306066032346186
400,0,200,53,6.643994771004437,8.389987298778532,0.20572359827407372
400,0,200,54,6.3976370619759475,8.383317247428703,0.23777271834138558
400,0,200,55,6.1023441514413435,8.369619150065743,0.27704755802302494
400,0,200,56,5.894408775291284,8.362318727305437,0.30598222639340666
400,0,200,57,5.711371342923898,8.351544692411833,0.3317382342836155
400,0,200,58,5.571422586696256,8.327999665643354,0.3502902570504949
400,0,200,59,5.451328713178037,8.30289236310027,0.3660392469563203
400,0,200,60,5.34365389378347,8.279774876285186,0.38038236110397783
400,0,200,61,5.241727256191132,8.261341043912749,0.39459191137440564
400,0,200,62,5.213371093636056,8.223395916841506,0.39503969258092053
400,0,200,63,5.207068924101117,8.195721797269803,0.39304956223951915
400,0,200,64,5.164102347501313,8.187764800307807,0.3991301645335579
400,0,200,65,5.142146763824944,8.185642686872823,0.40246737071891436
400,0,200,66,5.1497136732643805,8.189298703500585,0.4016340990870313
400,0,200,67,5.113778913916757,8.200119977561602,0.40867146282303124
400,0,200,68,5.060555475634413,8.213964871546604,0.4189187954715472
400,0,200,69,5.018807944725709,8.188743638411983,0.42308999349565757
400,0,200,70,4.9852580805541,8.157264666944473,0.4252480576362625
400,0,200,71,4.897389398131821,8.128915499186865,0.43693712513671845
400,0,200,72,4.705099216554539,8.064226159592156,0.4629751005052485
400,0,200,73,4.577937909446762,8.03839664161721,0.4826626382061763
400,0,200,703,23.68844618382107,8.79374448034603,-0.9245915048275544
400,0,200,704,23.760446919991907,8.279932587135885,-0.9813932152794731
400,0,200,705,23.849041725893326,7.859936444726832,-1.0312795981509293
400,0,200,706,24.00652338310671,7.527145683257169,-1.075882041603876
400,0,200,707,23.969452167253703,7.044651236721659,-1.13264573646623
400,0,200,708,24.038155057835677,6.55758702474607,-1.1978489010956608
400,0,200,709,24.086225944447186,6.012737271950369,-1.2745908225077864
400,0,200,710,24.117525815176876,5.39835440493267,-1.367525009056076
400,0,200,711,24.132761840857885,4.746510797156981,-1.4755793949248466
400,0,200,712,24.140126559585745,3.9730493081402334,-1.6204320424879737
400,0,200,713,24.091891305858546,3.6178068080470296,-1.6926248628935878
400,0,200,714,24.02773246383077,3.1790343219506045,-1.7899043122145841
400,0,200,843,22.60418075992522,7.552990268867771,-1.0151428863334093
400,0,200,844,23.72723870374956,6.47179571843641,-1.196770056602256
400,0,200,845,24.045207789899795,6.262504090360366,-1.2379578180427184
400,0,200,846,24.261734707831245,6.382754793937279,-1.2301439413943207
400,0,200,847,24.890837292228387,6.337682912952233,-1.2608660202575217
400,0,200,848,25.250902475610935,7.345345688081629,-1.145996387638713
400,0,200,851,25.41032635118016,14.746454164537704,-0.5171398758238652
400,0,200,1236,18.900893999214464,31.23274972862056,0.48221835269514424
400,0,200,1237,20.199899973499342,31.20444052220409,0.41810788402302634
400,0,200,1238,21.49000465042569,31.0938932516892,0.35559479790869464
400,0,200,1239,22.66827784618312,31.346920705999388,0.3123831655210658
400,0,200,1240,23.61707903997653,31.54797601545759,0.27927471397436676
400,0,200,1241,24.736573157146108,31.70963438245362,0.23975660361431972
400,0,200,1242,25.586254659533164,31.829162691693803,0.21092288671554327
400,0,200,1243,26.070864996809515,31.981879252630872,0.19750023990111565
400,0,200,1244,26.59669827928707,32.08833610376803,0.18148469870427952
400,0,200,1245,27.01435807367475,32.17762324015162,0.1691584828028163
400,0,200,1246,27.261695870220855,32.28249689486721,0.16352425500983525
400,0,200,1247,27.455891681379597,32.352797524704954,0.15878642453401914
400,0,200,1248,27.597370667787672,32.38273465938311,0.15472406105756953
400,0,200,1249,27.687005538592274,32.366734716340204,0.1511151855570234
400,0,200,1250,27.72605275769712,32.299738320328494,0.14774506611570137
400,0,200,1260,26.9903934393008,25.773373440167045,-0.04445349456392833
400,0,200,1261,26.917076011985348,24.24365241137717,-0.10066381057619145
400,0,200,1262,26.67110433524793,23.50395405888136,-0.12155420923860882
400,0,200,1263,26.498875005860054,21.84349442911793,-0.18547872585188152
400,0,200,1264,26.38598832961885,20.758874296812486,-0.23000981979958324
400,0,200,1265,26.01299909984643,20.08449148781897,-0.24778042862844973
400,0,200,1266,25.330140722018143,19.322707983655068,-0.2589754373013742
400,0,200,1267,24.916901807585635,18.81606066189935,-0.2684025818706597
400,0,200,1268,24.13776612284107,18.464604117218347,-0.25577369905954805
400,0,200,1269,22.50229386393082,18.46244451091071,-0.18861134153865677
400,0,200,1270,22.06407351068118,17.902871485853375,-0.1989623065849675
400,0,200,1271,21.15317144751749,17.545948185118203,-0.17772932820003007
400,0,200,1272,19.79687623723358,17.456694996040113,-0.11937561744839664
400,0,200,1273,19.493707128271943,16.822087056525316,-0.13967933570977875
400,0,200,1274,19.236134288636993,16.166142696833415,-0.16453083651203793
400,0,200,1275,18.47403149257706,15.884129391675078,-0.14270776825695153
400,0,200,1276,17.536441668003157,15.698421328186342,-0.10442443071711605
400,0,200,1277,16.837211588277288,15.361347763673876,-0.08636510440596235
400,0,200,1278,15.969795760241587,15.177572846148975,-0.04780915296235655
400,0,200,1279,15.436782443703716,15.02765150033237,-0.025206206011306076
400,0,200,1280,14.237321927345215,14.747873714589636,0.032957545645111885
400,0,200,1281,14.04619414460608,14.519439491756035,0.030968320422913642
400,0,200,1282,13.786583668183395,14.45916545085958,0.04448179978006106
400,0,200,1283,12.845467898711602,14.262799121340223,0.097460486141697
400,0,200,1284,12.768871148337928,14.187254596117143,0.09804623237019783
400,0,200,1285,12.086882501413736,14.076138944512692,0.1415028988685778
400,0,200,1286,11.249391245235344,14.213082887997235,0.21667953247452942
400,0,200,1287,10.439687426879294,13.956586382570814,0.2680631007722587
400,0,200,1288,10.161410144068235,13.460258093821565,0.2589417594171799
400,0,200,1289,9.588149039398315,13.308737823511928,0.3011350267464654
400,0,200,1290,9.136631006582817,12.499893456201026,0.28652609819501595
400,0,200,1291,9.159526453728295,12.16446284098894,0.25910915788501576
400,0,200,1292,8.973111235736848,11.63321982754365,0.23643724370658425
400,0,200,1293,8.495734412748796,11.418719207726014,0.268362259228907
400,0,200,1294,8.077158670469196,10.785205515632738,0.26108375309450604
400,0,200,1295,7.854203845266395,10.3183261557534,0.24553083873974124
400,0,200,1333,12.941497124566798,2.0550201779131863,-1.518083599827447
400,0,200,1334,12.848016229306918,1.4649422537906143,-1.7259736090674331
400,0,200,1335,12.628028334327386,1.3033636216583333,-1.7777580801181145
400,0,200,1336,12.521087811012118,1.0642582715388338,-1.8794795554219936
400,0,200,1337,12.417283150013075,0.8876306682833391,-1.961221235235671
400,0,200,1339,11.856325530631656,1.2232365780986796,-1.7548718971986068
400,0,200,1340,11.611788339093405,1.2839948661588905,-1.7087059149907247
400,0,200,1344,10.614799510703893,2.0535852094023066,-1.3359637260559891
400,0,200,1345,10.459418670014147,2.2874248904949637,-1.248707432879929
400,0,200,1346,10.209876054119006,2.654673888441077,-1.120788314486138
400,0,200,1347,10.005448479546963,2.8101293452124696,-1.06072732905516
400,0,200,1348,9.948401017492904,3.340059351459347,-0.9253053963297022
400,0,200,1411,6.828461705487618,13.357833788622541,0.6065296727884899
400,0,200,1412,6.812025559340138,12.872502020215546,0.5742443240312549
400,0,200,1413,6.776097745924249,12.307230481528887,0.5372528954484719
400,0,200,1420,7.2120105247104105,7.416628747280831,0.024611580987960124
400,0,200,1421,6.95440493061431,6.9314316713888005,-0.0028922965552360402
400,0,200,1422,6.98460107695446,5.873841819467098,-0.1497916546268161
400,0,200,1423,6.88031647461008,5.46799839674711,-0.19750137097564124
400,0,200,1424,6.661404029570012,5.155739450287526,-0.21881037006758497
400,0,200,1425,7.447097400190835,4.895075734316273,-0.3597054983033696
400,0,400,1242,16.933898814763392,42.45419688102273,0.8850147276702471
400,0,400,1243,17.368288637086355,42.68424686078528,0.866361819235995
400,0,400,1244,17.91196049966875,42.7520372813847,0.8387436255680809
400,0,400,1245,18.340555918832894,42.834717567801015,0.8182219078221231
400,0,400,1246,18.543892288243086,43.08097830770537,0.8133655358158003
400,0,400,1247,18.7083286721209,43.288525873917045,0.8096843122499426
400,0,400,1248,18.834067779527636,43.444648792771574,0.8068435135001524
400,0,400,1249,18.921694407756938,43.53598595963155,0.8044882264529303
400,0,400,1256,18.921788678908033,39.49303216528136,0.7093158727661435
400,0,400,1257,19.095706418950204,36.721562470404095,0.6297256985212152
400,0,400,1258,19.181458921372496,34.34470302313529,0.5603842296341242
400,0,400,1259,19.313323896450193,31.628342165572196,0.47390428192927914
400,0,400,1260,19.78698086408405,27.26519511495259,0.3073043224204586
400,0,400,1261,19.904219844458414,23.44923117189284,0.15664772549029982
400,0,400,1262,19.917364999566647,21.854080561853127,0.08855000656414536
400,0,400,1277,12.519980424431361,17.033794732319024,0.288078860036026
400,0,600,103,5.286686417511568,12.848788209660341,0.7897636046820724
400,0,600,1162,0.6273130997183183,6.7787878849116865,1.5644702775745147
400,0,600,1205,17.192731802762857,7.64138005177744,-0.7444598645484057
400,0,600,1242,6.832995965601443,34.93618706087909,1.5233997205985923
400,0,600,1243,7.124679100920623,35.13501892320028,1.4923562162509225
400,0,600,1244,7.573826590874911,35.05134415242929,1.4362300058433703
400,0,600,1245,7.965881462643274,35.027743385073215,1.3908628663602247
400,0,600,1246,8.138772772045424,35.29923199898629,1.3792704775601514
400,0,600,1247,8.298398790592408,35.52460460074661,1.3681439198554477
400,0,600,1248,8.444470636421336,35.69512820767046,1.3572145474455493
400,0,600,1249,8.576886248062156,35.80239129173431,1.3462103109654175
400,0,600,1250,8.695751611821931,35.83867626393224,1.3348604673030944
400,0,600,1251,8.80135728079804,35.79731016716446,1.3229038750926922
400,0,600,1252,8.89423091040608,35.67303315088523,1.3100898424787766
400,0,600,1253,8.975114059737503,35.46232355250886,1.2961860987618588
400,0,600,1254,8.976314383562915,34.7731848276006,1.2769848637126113
400,0,600,1255,9.036610151687812,34.20585172432922,1.254972887997548
400,0,600,1257,9.031998899917786,30.027235294494616,1.129085502432742
400,0,600,1258,9.105860670578037,28.2677431665745,1.0633704737809069
400,0,600,1259,9.20170373980509,26.43824229053146,0.98938300468253
400,0,600,1260,9.36998397050262,23.784237849507146,0.8712924040424403
400,0,600,1261,9.3693833731912,21.972681337537036,0.7954481841330558
400,0,600,1262,9.531502653032863,21.536252203172943,0.7607542035782626
400,0,600,1263,9.188847713129823,20.61309999497935,0.7520058514270493
400,0,600,1264,9.336887901913778,21.227862835429832,0.7656277374237348
400,0,600,1265,9.319834795771358,21.913898495837035,0.7976758959099959
400,0,600,1266,8.685848041975916,22.844919398442098,0.900905316076368
400,0,600,1267,8.832660012078955,23.81013880225573,0.9255428933119645
400,0,600,1268,8.613489531250693,23.888706282652763,0.9512468659679079
400,0,600,1269,7.819386402820338,22.053087619415596,0.9608474148342778
400,500,200,0,6.235651659205809,7.245912667270361,0.13069721689996805
400,500,200,1,7.2122986550150054,5.631643989672575,-0.21378013091359582
400,500,200,2,7.462318131892325,5.111921497196361,-0.3253819392093531
400,500,200,3,7.889667206684231,4.812600483081468,-0.42486155608050447
400,500,200,4,8.276784229097727,4.472792264213891,-0.5277260047401566
400,500,200,5,8.5417658242503,4.583450024571952,-0.5358716959055636
400,500,200,6,8.587332669816332,4.7064280600925885,-0.5188494443167246
400,500,200,7,8.66609241048719,4.837746829440168,-0.5042792282251272
400,500,200,11,8.307682251205604,7.551474144829463,-0.0847364249987188
400,500,200,12,6.208340235803066,7.061798348040365,0.11189793001778181
400,500,200,13,5.457348912742668,6.9342610982675135,0.20597138179236185
400,500,200,14,8.410674226872104,2.993723786145713,-0.8571205256673067
400,500,200,15,9.35716284625801,2.767113679615153,-1.011369236774217
400,500,200,16,9.829274767060422,3.23160735798816,-0.9396711826385538
400,500,200,17,10.169851732433692,3.688036277725376,-0.8682045485953964
400,500,200,18,9.514017120696218,3.966802710247361,-0.7499330155341253
400,500,200,19,9.275550858095517,4.155555570312339,-0.6896924856804374
400,500,200,20,8.785254497703846,4.240998843117788,-0.6243645103898212
400,500,200,21,6.951646422453532,4.5186455356326185,-0.3652465481882641
400,500,200,22,4.587243034969703,6.0068592341473055,0.22640359025341295
400,500,200,23,6.266626121271857,5.1521334479131955,-0.16649317770836825
400,500,200,24,8.85155568861739,4.797720236992007,-0.5301646029483738
400,500,200,25,9.15834745691368,4.874901903421882,-0.5476064144415806
400,500,200,26,9.343874301668972,4.824506826903358,-0.5743201586267179
400,500,200,27,9.50723450838357,4.5019559110192535,-0.6469603715039614
400,500,200,28,9.687917173739251,4.184185485201606,-0.7235011285669863
400,500,200,29,9.68127133355822,4.184129738351843,-0.7228898797451293
400,500,200,30,9.548498594718637,4.274988229923711,-0.6930070884322084
400,500,200,31,9.411279046927348,4.493237986619815,-0.6393718633613843
400,500,200,32,9.411585639058844,4.62968082983015,-0.6148664402881934
400,500,200,33,9.285821745504524,5.02424034732632,-0.5349750293895554
400,500,200,37,8.673162320299857,8.685389249128463,0.001263207157893298
400,500,200,38,8.53002267527218,9.176986635620896,0.06568186199428538
400,500,200,39,8.27070536418288,9.908332763886548,0.16266750317583867
400,500,200,40,8.200297682359325,10.743007837040139,0.24402214545273582
400,500,200,41,8.143428188779694,11.72893337490152,0.3308422302540688
400,500,200,42,8.132307140295085,12.38404561479595,0.3822450103260011
400,500,200,43,8.079715189013232,12.426358689173828,0.3911770158989598
400,500,200,44,8.097443128325118,12.515374661163111,0.3958345020881997
400,500,200,54,8.388305305084556,12.514867560545984,0.36432558199854537
400,500,200,56,8.415448358296635,12.341209120587179,0.34850589243041563
400,500,200,57,8.43381837874244,12.115501117539667,0.3294938891843868
400,500,200,58,8.44538374411602,12.044361145359378,0.3228298147791264
400,500,200,59,8.45785908737333,12.024763220256247,0.3200063632727588
400,500,200,60,8.474903286478778,12.002979693760809,0.316531994725342
400,500,200,61,8.484980054679108,11.988735990082223,0.31437301900768455
400,500,200,62,8.617688885863936,12.042150307305677,0.30458244851030747
400,500,200,63,8.613245039938773,12.63422327356315,0.3494412098056099
400,500,200,64,8.632250854090644,12.7576761752263,0.3564800035795215
400,500,200,65,8.640151517718815,12.763143819422687,0.3560574555528242
400,500,200,68,8.71886476663879,12.245108999815455,0.3095595341010422
400,500,200,74,8.481176013818946,11.630050428987046,0.2867705684846231
400,500,200,75,8.577684924831471,11.921360610302955,0.2994458975414007
400,500,200,76,8.626704395523532,12.10716461338749,0.30861805320354474
400,500,200,78,8.483920899992516,11.767689087212458,0.29731986166721747
400,500,200,81,8.259816431104483,7.6157850114397565,-0.07208823731102099
400,500,200,82,8.400006652698547,6.656000657226317,-0.20522065701433867
400,500,200,83,8.915025082946642,7.390530476635531,-0.16694754603519257
400,500,200,84,10.984421345981248,9.111044248430982,-0.1699792688344024
400,500,200,85,9.138421067481785,11.447913920739452,0.20522077953206264
400,500,200,86,8.789500686279254,9.614583644549176,0.0809184182557412
400,500,200,87,8.46552277699626,5.568103667067745,-0.36543086009834624
400,500,200,88,8.526125154188447,4.845432615242845,-0.4883774336913931
400,500,200,89,8.568358504570773,4.940132852270121,-0.4767301668030397
400,500,200,90,8.73025772473658,6.276114235793797,-0.2906434225979455
400,500,200,91,8.945853759311614,8.714970831495938,-0.023487676311348515
400,500,200,92,9.05328821747404,10.895591949916755,0.16826814030689397
400,500,200,93,9.089947494288772,12.77199431069269,0.31109750175486584
400,500,200,98,7.0084783462805875,8.842067504271748,0.20616502743595522
400,500,200,99,6.3029747165273555,8.743247535097384,0.28829272401077044
400,500,200,100,5.800268166663387,10.946979693840463,0.5635164534682313
400,500,200,101,5.051892239977168,15.032519351458895,0.9742481289748428
400,500,200,106,8.109659579481667,11.65911276185019,0.32904198946881236
400,500,200,107,6.270803955418267,13.949198694224147,0.7207908285808287
400,500,200,108,6.286313893125245,14.079667578555084,0.7273495391354086
400,500,200,109,6.2781471452082025,14.20858492410337,0.7369837492586471
400,500,200,110,6.195495088694993,14.508155864685744,0.7679109222813794
400,500,200,111,6.456090640492247,14.68159268430402,0.7434563499902507
400,500,200,112,6.555138628523739,14.795628350589052,0.7375052702781084
400,500,200,113,6.41734441164882,14.898409434792452,0.7623979715596252
400,500,200,116,5.3581281135078065,14.064594859819746,0.862613267155431
400,500,200,117,5.41457845466092,13.34305906001536,0.8046928525299846
400,500,200,118,5.2079143683051905,13.021996981505492,0.8148023204957706
400,500,200,119,5.24888006705938,13.101684297572758,0.8138919855571629
400,500,200,120,5.181754952329341,12.286309130543229,0.7651319123365832
400,500,200,125,4.89956857119331,10.07646304630209,0.6299431859984141
400,500,200,126,5.516314176515081,9.580629234442082,0.4847159928765037
400,500,200,127,10.302030590128616,7.06553823678978,-0.3373819611079454
400,500,200,128,9.35454116727179,6.701000826727274,-0.2960748856968358
400,500,200,129,7.857870070710803,6.158845136720387,-0.21295766316785647
400,500,200,134,7.254094530628752,11.064490679293487,0.3795570994868225
400,500,200,135,8.095876249442213,13.027281874549507,0.43318298726400917
400,500,200,136,9.48125441004908,15.11657056180552,0.43025960279501607
400,500,200,137,9.912753583010169,16.106748706709862,0.4495408881183014
400,500,200,138,10.288315890579982,16.51176636053455,0.43910481965781223
400,500,200,139,10.654063951412255,16.360429452301286,0.39853849074869885
400,500,200,140,10.913354893291379,15.390697759304455,0.319053933312309
400,500,200,141,11.127453288889363,13.862159112499725,0.20334657621186336
400,500,200,142,10.882569868446913,10.25959803557684,-0.053851685798440574
400,500,200,143,10.022929116768434,5.308837668010993,-0.5580261136431925
400,500,200,144,9.280932544817299,4.262230752365326,-0.6697359361355135
400,500,200,145,8.793442510601999,5.9147544213473635,-0.3480555795557052
400,500,200,146,8.475865061512952,7.481461351198229,-0.11086528206149415
400,500,200,154,8.14899759306541,5.681081745671397,-0.3143644082028749
400,500,200,155,8.217416184875741,6.7618449097432425,-0.17187470600284138
400,500,200,156,8.338511083982832,8.873902616166568,0.05574835045189852
400,500,200,157,8.406253048237042,11.299676496214143,0.268198274897526
400,500,200,158,8.442184595937576,12.656641044514359,0.36903855427914145
400,500,200,159,8.36293718793421,12.954544834051479,0.39904620636988053
400,500,200,160,8.150364343286057,12.170429422776818,0.36418042392397254
400,500,200,161,7.73357244049064,10.155036530450454,0.24471660227790837
400,500,200,162,7.421974397196155,7.87923787762328,0.05287143898480684
400,500,200,168,9.973697456010248,7.674469217421227,-0.2351171304448525
400,500,200,169,10.759036823864891,14.577471636796886,0.28120370827071994
400,500,200,170,10.597422242096252,15.702847313818445,0.3647963498143061
400,500,200,171,9.872847443802902,14.809493132306837,0.37434196958404753
400,500,200,172,9.0329438156703,12.906775535171743,0.3265021099710186
400,500,200,173,8.016136716164805,8.080546856182204,0.007118476901698756
400,500,200,174,7.694503910307626,4.774410594296202,-0.40925490197936654
400,500,200,175,8.13936116264144,6.325505191510011,-0.22122836769595944
400,500,200,176,8.320490895708346,8.376140904638829,0.00595296242310317
400,500,200,177,8.034614819314756,10.82845878255169,0.2694450980034677
400,500,200,178,6.920193102235728,10.055346878458163,0.3334986042103165
400,500,200,179,5.539820941388245,8.919633347612576,0.41660617358588503
400,500,200,180,8.460814938725694,4.78271217407989,-0.4922857181979394
400,500,200,181,9.3191316078876,4.44755318755425,-0.6388330585383957
400,500,200,182,9.413106612566827,4.854460717737416,-0.5758613773768815
400,500,200,183,9.423705686606093,4.979356141752356,-0.555769711652444
400,500,200,184,9.65360368472494,5.408616351792288,-0.5082548191951608
400,500,200,185,9.533767186208616,5.280218313245771,-0.5171812765090646
400,500,200,186,9.264720880065552,4.890372699700327,-0.5553935863294404
400,500,200,187,9.116362021961647,4.560999498626043,-0.5983762571871072
400,500,200,197,8.128707580379658,12.02407302170898,0.3553752888226467
400,500,200,198,9.073737866823619,7.5747802829540465,-0.16110645647631872
400,500,200,199,7.894840548495783,7.770442299860374,-0.014084156595225661
400,500,200,201,7.566161880349003,13.68911703473441,0.5392871048021068
400,500,200,202,7.325711686955277,13.852110650395712,0.5787934663536065
400,500,200,203,7.254035991607036,13.433197179022741,0.5588286211460471
400,500,200,204,7.031547783197551,10.915465611051886,0.39445992803708174
400,500,200,205,7.2730224632019995,8.600396603016259,0.14880449498767767
400,500,200,206,7.52327934769525,6.583686527224017,-0.11680173608764743
400,500,200,207,7.891553048035303,6.016904723287248,-0.23677953214108638
400,500,200,212,9.2162788200995,14.379713902499692,0.4090669511364595
400,500,200,213,9.290728668138744,16.957866585381357,0.5567849082438077
400,500,200,214,9.247405882731421,18.676704505825494,0.6524108346883102
400,500,200,215,9.086616593098105,19.57245690055945,0.71274368214582
400,500,200,216,9.077408100577115,19.57609639388629,0.7138339361174504
400,500,200,217,8.102526999401372,19.081483930272924,0.7912461257876378
400,500,200,218,6.677433229394127,15.797417163568657,0.7829398579515101
400,500,200,228,9.290703147303617,5.561810055615632,-0.44997439257429894
400,500,200,229,9.43278303393638,5.759610577201993,-0.4339877816630717
400,500,200,230,9.695380412506347,5.60366661853979,-0.48218686805742683
400,500,200,232,9.172739370869925,7.925655231467067,-0.13078179152973135
400,500,200,233,9.161962728575201,7.815430044606663,-0.14214800523150872
400,500,200,234,9.46537785365725,7.006685244833856,-0.2677956133451418
400,500,200,235,10.061439949357212,6.115701922198595,-0.4411613014220441
400,500,200,236,13.89127526230132,8.928147108324069,-0.4054016232716302
400,500,200,237,14.39847549206937,12.756759953955836,-0.11273817418224752
400,500,200,238,14.629704708194847,15.24554433105512,0.03864542454039954
400,500,200,239,15.066781048075537,17.988627609840854,0.167086401577353
400,500,200,240,15.665839504055654,20.50419050059176,0.25488673737420386
400,500,200,241,16.156883603076395,23.525099658392772,0.3572975996314822
400,500,200,242,15.925893090224138,25.088912125957435,0.43266581638252477
400,500,200,243,15.297334130446774,23.69475747978592,0.4155894291666642
400,500,200,244,14.78021824883344,21.015809826721462,0.33300367770920625
400,500,200,245,14.513880824070847,20.143300523697476,0.3095879349963604
400,500,200,246,14.211069380162272,18.67400674322637,0.257274898335913
400,500,200,247,13.764610918688282,16.988432326464423,0.19749573952643606
400,500,200,248,13.405455033955763,15.698333999501953,0.1477019972878586
400,500,200,249,12.536209138545365,13.000311850629242,0.033711351124956046
400,500,200,250,11.414174006476209,9.98255557097747,-0.12253072803599929
400,500,200,251,10.799517129713518,8.813707646305199,-0.1842784616529194
400,500,200,252,10.178011215943217,7.874220735212885,-0.23079803721807313
400,500,200,253,9.496327172047694,6.907304439781297,-0.28323845792070745
400,500,200,254,9.030297656519544,6.483656184674547,-0.29288881084785423
400,500,200,255,8.773600248096285,6.357696508515159,-0.28393798912448975
400,500,200,256,8.602047793050446,6.301579582761785,-0.2738856815546018
400,500,200,257,8.481137950120205,6.23797167273478,-0.26996333454851573
400,500,200,258,8.658757356248334,6.009450336700558,-0.32060571522046977
400,500,200,259,8.790939074803283,5.875680938337106,-0.35346668955690785
400,500,200,260,9.203655277763096,5.785772429769728,-0.407917886113208
400,500,200,261,10.31559470092559,6.554259439536947,-0.4040702679795105
400,500,200,262,6.789115116388459,10.032566816669389,0.348124257309522
400,500,200,263,7.12516730724763,7.990632641224175,0.10121689800260336
400,500,200,264,7.117699138035201,7.7099584482733095,0.07042026364044496
400,500,200,265,7.28438831289821,6.757144479818738,-0.06575853041351598
400,500,200,266,7.4974270129202525,6.673345055873551,-0.10201077098672284
400,500,200,267,7.547563321543813,6.662082375618155,-0.10936245328782102
400,500,200,268,7.7686176125401945,6.78625799873382,-0.11881878223603737
400,500,200,269,8.335643995850504,7.209033219469241,-0.12860460177922528
400,500,200,270,8.397291613783224,7.99112635291275,-0.04418339139667449
400,500,200,271,8.5404092168909,8.807268047285376,0.02758736888491642
400,500,200,272,8.97010129053487,9.258089399831814,0.02847586060763385
400,500,200,273,9.759781323954694,9.530706785471839,-0.021519786453792378
400,500,200,274,10.566223980226221,9.149121246524816,-0.13070199990661324
400,500,200,275,11.33753852970161,8.688755479655576,-0.24168054354721136
400,500,200,276,13.293627484728288,6.932736378772232,-0.5888157646996071
400,500,200,277,14.183329957516658,6.40409256831867,-0.7181652155935856
400,500,200,278,6.039882622301052,17.0358866109002,0.9407719766559288
400,500,200,279,7.549063769301387,15.637107235882267,0.6658137999964548
400,500,200,280,7.198257505723761,13.556433338035488,0.5741114173261272
400,500,200,281,6.922678073870194,11.001065461193267,0.41526614496946435
400,500,200,282,6.647581608173115,8.764860893260964,0.24440085057702987
400,500,200,283,6.463043808296371,7.545544858222303,0.1354467297339701
400,500,200,284,6.397753105886485,7.251654276863403,0.10923737888892537
400,500,200,285,6.36050479070026,7.19797517109542,0.10775867734180689
400,500,200,286,6.395611966308756,7.1495098130194545,0.09707093299859038
400,500,200,287,6.403041520694434,7.132901661482782,0.09402683573857828
400,500,200,288,6.435138460633511,7.1831601824922595,0.09586120383206476
400,500,200,289,6.3405505207025,7.362887249100849,0.1303898895625657
400,500,200,292,6.490002042125738,6.040686484259089,-0.061863392791463356
400,500,200,293,6.864171087627058,6.936362319360302,0.009137885691506753
400,500,200,294,6.960710088914224,6.831392333378248,-0.016377888478231295
400,500,200,295,6.886982175172049,6.87190423959554,-0.0019135793964975
400,500,200,296,6.701911711677726,6.967601148823793,0.033914890117353824
400,500,200,297,6.591296874081124,6.90332131856243,0.0402806482304876
400,500,200,298,6.652326279113254,6.852551081115079,0.025828767100445127
400,500,200,299,6.644531153043761,6.874329385734422,0.029617513485115765
400,500,200,300,6.778524411277526,7.071792843597,0.03700896330229542
400,500,200,301,6.690653730537159,6.8358402213448395,0.018702319163331982
400,500,200,302,6.497566938389549,9.325212660423706,0.3200101755903848
400,500,200,303,6.601487648672894,8.48229056381125,0.22108193635304696
400,500,200,304,6.594973047752302,7.115337045066037,0.06626914633358849
400,500,200,305,5.794780667310805,9.082817419346815,0.3946779609356226
400,500,200,475,14.010252176047088,12.323900586737162,-0.1191739869543249
400,500,200,476,13.849483575424923,12.426903897794045,-0.10070464089820685
400,500,200,477,13.636275744283637,12.157013307886329,-0.10654813926778761
400,500,200,478,13.43944976462799,11.774063038430294,-0.12254723776740262
400,500,200,479,13.14332419503278,11.143929278663421,-0.15241332735086077
400,500,200,480,12.966273872643402,10.986623787283358,-0.1528540705151813
400,500,200,481,12.749761703767755,10.876154690421773,-0.14648891104569595
400,500,200,482,12.961226629786788,10.442666232413996,-0.19893493986653432
400,500,200,483,13.85465351631979,10.818848148321871,-0.22861762641262207
400,500,200,484,14.259664975138259,11.109118345695187,-0.23125432007728453
400,500,200,485,11.425503387041154,13.631112544232488,0.16339917233321355
400,500,200,486,11.470048352674212,13.105589999786678,0.12324153549821348
400,500,200,487,11.827174117493522,11.795506251432803,-0.0024718633436671134
400,500,200,488,11.961547314180898,11.872692140846517,-0.0068788960378345365
400,500,200,489,12.010315622327363,12.124980932831232,0.008774803530775088
400,500,200,490,12.171040746445255,12.621334472164317,0.03361673812775079
400,500,200,491,12.110218764160999,12.671883791540157,0.04194946158346946
400,500,200,492,11.978550604870435,12.72559515548559,0.05596430801466301
400,500,200,493,12.025995915703977,12.844524456465471,0.06094276178525471
400,500,200,494,13.447245302348728,11.930275455496727,-0.1109322637164496
400,500,200,497,13.037404206316772,10.97294662782939,-0.15907583890020627
400,500,200,498,12.635250083410842,12.669638217928538,0.002518827568122717
400,500,200,499,12.446986592427413,13.007136733903868,0.04081193066247302
400,500,200,500,12.130613401858339,13.034372516550512,0.0665630955332066
400,500,200,501,11.835474503520578,12.775918449279041,0.07070924476125162
400,500,200,502,11.273462667505244,12.890411678356855,0.12375936989681025
400,500,200,503,10.978382967509184,12.952510172983692,0.15255582688901725
400,500,200,504,10.82413100707433,12.976790716281752,0.16725570405063506
400,500,200,505,10.49047140685542,13.75536611279622,0.2500887022867957
400,500,200,506,9.770968039318733,18.259994450096293,0.5811757481387758
400,500,200,507,9.685185556528234,21.30504337001751,0.7359545582893059
400,500,200,508,9.553051701406927,28.86893822772453,1.0404040062613542
400,500,200,509,9.634512914337249,30.342348919061898,1.080865536321598
400,500,200,510,9.721773421853735,32.29759247092223,1.1332085230987503
400,500,200,511,9.938409587448575,32.59678101735806,1.1221498488179784
400,500,200,512,9.97112280157909,30.697018479081173,1.0609560011099846
400,500,200,513,10.026390851207298,28.363158519763623,0.9794492092904892
400,500,200,514,10.142863552697962,22.558206069699622,0.74867495995632
400,500,200,515,10.859436483018722,13.259118563006119,0.18427272286343133
400,500,200,516,12.14665133039197,10.248068675108774,-0.1559706339240967
400,500,200,517,16.480420697777674,7.83965071563538,-0.6818340732533725
400,500,200,518,7.618413250331795,21.072288163180165,0.9404219023852196
400,500,200,519,8.259731025468076,26.206413848532954,1.077777747449098
400,500,200,520,8.318371121752401,26.68050267022825,1.0887404495573048
400,500,200,521,9.001012459072065,30.552950147366026,1.1489807578875313
400,500,200,522,9.665471493499558,27.789557268603794,0.9930011661789382
400,500,200,523,9.80779754822868,25.338281803691128,0.890755593917286
400,500,200,524,9.718936871937599,21.234606550140878,0.7296379504062358
400,500,200,525,9.953040199912435,17.682829552867915,0.533987834768233
400,500,200,526,9.318365159127461,28.048681747241528,1.0350477708245962
400,500,200,527,9.335329772260181,30.880708682435483,1.1264329824396686
400,500,200,528,9.076159211320187,31.39410462900464,1.1678042909377706
400,500,200,529,8.78691960762016,27.179320555382514,1.057541635089693
400,500,200,530,8.090124228321727,20.467191755762542,0.8593372302371689
400,500,200,531,7.66972242183969,14.782993699046168,0.5990962378481246
400,500,200,532,7.141696122499608,9.018488414444962,0.2074337002687412
400,500,200,533,6.886369726824432,6.160336909790835,-0.09657888400015979
400,500,200,534,6.545684726316577,4.834002976719756,-0.25727245874840765
400,500,200,535,6.784392666955731,4.137425479741513,-0.41556871444916377
400,500,200,536,7.2110549636209,4.84885237721213,-0.33923594544179037
400,500,200,537,7.912778020149647,5.181460108510888,-0.36593147258371195
400,500,200,538,8.759388453266915,16.63313276995572,0.5915499360417416
400,500,200,539,8.073367710479957,11.565735990291858,0.32563024655617756
400,500,200,540,6.942297818012852,10.04925305316379,0.3301601975540165
400,500,200,541,6.538988384073567,9.572556769199439,0.33817365341505656
400,500,200,542,6.333534931406638,10.157477814537613,0.41965227417051976
400,500,200,543,10.112491585806755,6.010900419176929,-0.4606037030450949
400,500,200,544,3.6705072616020025,17.167020892003812,1.3583402243434157
400,500,200,545,5.963297549789565,23.366736919920324,1.2525658132193942
400,500,200,546,6.044766416670567,21.828378941284644,1.1757194634836958
400,500,200,547,6.70181078323361,5.329603084191969,-0.19621793759501882
400,500,200,548,7.068023038367124,4.55978717952511,-0.37234864514574917
400,500,200,549,7.836002236959259,5.006467388440362,-0.38599775193564234
400,500,200,550,8.721149785519993,6.690594344863556,-0.23430583361825752
400,500,200,551,10.384681590839381,7.977731576108956,-0.2375214897451352
400,500,200,552,12.356001169457207,10.526473575554125,-0.147319369882152
400,500,200,553,15.978680497829552,11.711626201291168,-0.28944144504906655
400,500,200,554,17.5950679172659,12.196772692889818,-0.34292407308195694
400,500,200,555,17.16035110440381,11.674695397527264,-0.3596331894939837
400,500,200,556,18.182441681445752,11.895167671565547,-0.39714272278494
400,500,200,557,19.67664633770461,12.223629222591045,-0.4469995452261357
400,500,200,558,19.17226215495231,11.695459458442283,-0.46306409353152533
400,500,200,559,19.260792158298454,11.774984641171262,-0.4611986638436387
400,500,200,560,20.291179047199602,12.457335021681185,-0.4587685455329158
400,500,200,561,21.974442651073947,13.176087929172756,-0.4828258124949394
400,500,200,562,22.433180571625062,13.382626709758869,-0.48813199142353714
400,500,200,563,23.20812797776563,13.85667068204507,-0.48823947505698095
400,500,200,564,25.379167448185704,15.003998464248868,-0.49973599179397965
400,500,200,565,26.4512049578595,16.061430660014857,-0.47558966441261274
400,500,200,566,27.414261284922905,18.484661124603548,-0.3772636300120644
400,500,200,567,28.969021041688272,21.068735619777712,-0.30600228710257804
400,500,200,572,30.967587841744077,24.879793432933006,-0.2112600216697751
400,500,200,573,30.761530020786388,25.02917308142524,-0.19903785908002147
400,500,200,574,30.426352250270178,25.130209452816683,-0.18455468928638652
400,500,200,575,30.01040775691211,25.224111789172575,-0.1676435973832131
400,500,200,576,29.420694036649905,25.26495783050877,-0.14688745284860216
400,500,200,577,29.379179805562426,25.28843109326916,-0.14462853893937888
400,500,200,578,28.77369076680395,25.33297836249007,-0.12280305958380255
400,500,200,579,28.53132173081478,25.378673527834405,-0.11289559089727419
400,500,200,580,28.665076256476272,25.4559784623145,-0.11448830871013094
400,500,200,581,28.622882657820494,25.540093303507753,-0.10989058095668325
400,500,200,582,28.091263581732207,25.56271730273263,-0.0909292810832718
400,500,200,583,27.700272388854447,25.30812994554151,-0.08702859880184555
400,500,200,584,27.27256686940391,25.021877565576045,-0.08295433690023302
400,500,200,585,26.669710484029732,24.925619843755776,-0.06510666762923734
400,500,200,586,26.268098236693998,24.54671488818567,-0.06520872355234975
400,500,200,587,25.920628004739555,23.968516068684355,-0.07527715910203892
400,500,200,588,25.29390438637097,23.79347304576311,-0.058756705045556856
400,500,200,589,24.65421815304909,23.15962892983434,-0.06002499442336928
400,500,200,590,24.02523749163944,22.08242793054585,-0.080813182927018
400,500,200,591,23.78332324434701,21.78548978528001,-0.08404705671301471
400,500,200,592,24.079103582228914,20.248447227471317,-0.16575115173842292
400,500,200,593,23.575203542578972,19.41545196201742,-0.18544588525582428
400,500,200,608,22.328152145426156,16.507962426175503,-0.2870051045822559
400,500,200,609,22.407005232810988,14.616987647038718,-0.40467607297438235
400,500,200,610,22.56357933203357,13.439219947394516,-0.48975415961217506
400,500,200,611,23.07704581839547,12.160250510593329,-0.604057969478887
400,500,200,612,23.407369503590193,10.967038144545146,-0.7127290664693344
400,500,200,613,23.734678094715925,10.87379027296163,-0.7338727574526862
400,500,200,614,24.017424660553303,10.679408664717924,-0.7617452204103867
400,500,200,615,25.12036301358917,10.031603004815521,-0.861951048170444
400,500,200,616,25.37319332570453,10.257847208268561,-0.8512826748370972
400,500,200,617,25.974359546646856,10.72276400168626,-0.8333541757187977
400,500,200,618,26.837678292301586,10.717013287038878,-0.8653485246335784
400,500,200,619,27.379194010680163,11.262014324875235,-0.8391500538500578
400,500,200,620,27.90930153580002,11.762913001229672,-0.8176198522903317
400,500,200,621,28.561029281721247,13.823539613087025,-0.6902404839196761
400,500,200,622,30.110517245713257,16.106439751253298,-0.5980909508646257
400,500,200,623,29.75291806617317,15.396692884231188,-0.6289052251162239
400,500,200,624,30.432691133673483,15.865281962678134,-0.6225912830518481
400,500,200,625,31.770857035454323,17.753906540521953,-0.5581375358762615
400,500,200,626,32.157569207604794,18.39263238268113,-0.5363778027742803
400,500,200,627,33.430427984556324,19.758495766290856,-0.5059851104427731
400,500,200,628,34.040158338140934,21.07235782331069,-0.46216873641729883
400,500,200,629,34.79657858478562,22.4638803594115,-0.4223900858199441
400,500,200,630,36.55320698636887,24.796460299594102,-0.3755214955004762
400,500,200,631,37.46124024199606,25.523849878176488,-0.3716066635804598
400,500,200,632,37.52616590246556,25.581212701689118,-0.3711329674399302
400,500,200,633,38.16626210495354,26.564809193319935,-0.35127578567332796
400,500,200,634,38.924506113704126,27.295717062630736,-0.34427987101978363
400,500,200,635,38.94967062824335,27.332746738248932,-0.3436021633266617
400,500,200,636,39.89658642436555,28.50555693807331,-0.32646798167032376
400,500,200,637,40.31539517934097,30.55610999045505,-0.26946796434977704
400,500,200,638,40.40018533435914,31.362490703514954,-0.2462852996800038
400,500,200,639,41.401858029497944,31.57439102075548,-0.2636657545733785
400,500,200,640,41.378039698500416,31.619688411464562,-0.26171425134897186
400,500,200,641,41.06730279352006,30.851891282474696,-0.278174022018538
400,500,200,642,41.63661466549866,31.52230762333935,-0.2707871410181717
400,500,200,643,41.660657506414196,32.04461234455545,-0.25541858792332084
400,500,200,644,41.87438655115288,32.25076606421971,-0.25419679117705263
400,500,200,645,42.013408313837225,32.997465133462114,-0.23522592140081455
400,500,200,646,42.033340598524234,34.33907030414655,-0.19698601864919274
400,500,200,647,42.82849678682688,36.164932748468836,-0.1649185687616006
400,500,200,648,42.65462369294167,38.37573374639728,-0.10315947140235782
400,500,200,649,42.48862851833313,40.38999372835828,-0.04946033631345603
400,500,200,650,42.44062960424922,40.87531342632275,-0.03669869424786709
400,500,200,651,42.18788741442883,42.707262078677694,0.011954196575353127
400,500,200,652,42.18940112421257,45.74182761904135,0.07904430936442575
400,500,200,653,42.00620194407114,46.654720974831044,0.10263736471380325
400,500,200,654,41.188544221946096,46.70981638544459,0.12298845071165054
400,500,200,655,40.72973775696758,46.84407878378713,0.13673335456342928
400,500,200,656,40.59475902504449,45.921791652364426,0.12050803395994336
400,500,200,657,40.72587040946316,44.98984728623449,0.0972993310074215
400,500,200,658,40.52336088948417,43.219165614538326,0.06290212442995724
400,500,200,659,40.29192163439931,42.55863215689108,0.053441017453021544
400,500,200,660,40.96200950988892,42.48239393063976,0.035591445474290495
400,500,200,661,40.593178781259176,38.43265679297608,-0.05334185660920232
400,500,200,662,40.54111799229008,38.01915961104479,-0.06263093414510701
400,500,200,663,39.47889832320087,36.91783504324268,-0.06535922625744117
400,500,200,664,39.45027570098356,36.813234645542686,-0.06741429508281316
400,500,200,665,39.1589601799995,39.033564583530215,-0.003127366273623089
400,500,200,666,37.991675887073384,47.64454291188116,0.22119144742293795
400,500,200,667,37.94018583616887,52.23459023254741,0.3126816051005057
400,500,200,668,36.90284438378746,58.88346239625778,0.4573742211521328
400,500,200,669,35.52472731638138,62.68600016626595,0.5559752688755437
400,500,200,670,34.59251539953635,65.78279621956654,0.6293101315817382
400,500,200,671,34.349703072926964,70.17034932370106,0.6997862969260047
400,500,200,672,33.592641485847146,70.89812970153973,0.731609266266751
400,500,200,673,31.188784506335033,71.55103367104812,0.8126721423137684
400,500,200,674,28.945965479494408,72.14025338508199,0.8929842701433524
400,500,200,675,29.44681717808986,70.66253616004799,0.8559866403009595
400,500,200,676,29.90005502970973,70.92850228507885,0.8449146370240364
400,500,200,677,28.72285028893732,71.0130183418122,0.8849307929816264
400,500,200,678,28.031822496003855,71.34706168858956,0.9130822839825634
400,500,200,679,28.29128761397853,69.58117355155017,0.8794733246156894
400,500,200,680,26.55506469405276,70.71516085260183,0.9565158185380671
400,500,200,681,24.981979530869765,72.67278723163462,1.0422302912370567
400,500,200,682,23.35213093824762,75.45702093648512,1.1441094065660473
400,500,200,683,23.02223209308599,75.45614980007865,1.157737632485512
400,500,200,684,22.276074115840675,74.71760953778642,1.179584785076364
400,500,200,685,21.774787524825634,72.05914344813397,1.1656151835609334
400,500,200,686,21.234254945370274,69.68521540322526,1.15660231847249
400,500,200,692,14.137199021349412,45.765807325251025,1.1279970974889109
400,500,200,693,13.899898251552354,44.65378989710747,1.1197322401688758
400,500,200,694,13.101167544404971,43.962767466655535,1.1595771591409805
400,500,200,695,13.04394425524979,43.986653225598594,1.164174561785273
400,500,200,696,12.144997482422236,43.27330023600064,1.2143405252178323
400,500,200,697,11.850683187232859,43.01000069748714,1.2310199204218053
400,500,200,698,11.929767732502864,43.24439211561069,1.230196402406607
400,500,200,699,11.565066547419747,42.496278803529925,1.241754922454445
400,500,200,700,10.574619162838859,41.345383682722044,1.29704471347437
400,500,200,701,10.260416832422472,40.72804447191378,1.3098797911691649
400,500,200,702,9.916019896184103,39.7765416759636,1.3178755316284363
400,500,200,703,9.5246844803591,38.277138074317584,1.3169192202107984
400,500,200,704,9.208672605492929,37.90317842198755,1.3378383403243168
400,500,200,705,8.705173454208907,37.24782935413586,1.371427720625031
400,500,200,706,8.021540396841495,36.31057521460757,1.4196617090870158
400,500,200,707,7.53060174984935,35.60701619076053,1.4565800171039291
400,500,200,708,6.781085472811076,33.85580684095225,1.4995238977849676
400,500,200,709,6.0031065635078935,32.194935805640256,1.5560434829185823
400,500,200,710,5.354172784580087,30.5842184958565,1.6035458526375113
400,500,200,711,3.912277861055838,29.99937476186099,1.842229278260053
400,500,200,712,2.511726691629588,29.358970278993766,2.1569841834683867
400,500,200,713,2.4799286802283125,29.253735710334297,2.1626078720194233
400,500,200,714,2.2991091204347627,29.06122415807849,2.209583638796165
400,500,200,715,2.1666069296785766,28.875928721714804,2.2443924512393867
400,500,200,716,2.0379450024867296,28.682225785935007,2.2793671074624706
400,500,200,717,1.949300763184197,28.496854600352265,2.3027155211174613
400,500,200,718,2.187298785216749,28.953257459725485,2.240464299624626
400,500,200,719,2.6085630856919337,29.010922822613484,2.1182517535805996
400,500,200,720,3.4867319977207476,29.68486155048408,1.9226448272714773
400,500,200,721,4.708338070701748,30.97609772001274,1.723060752062992
400,500,200,722,4.639206492496201,30.740522380187493,1.7278508102737935
400,500,200,723,5.660124000832784,31.504582143320636,1.5852429653002913
400,500,200,724,7.562904219875556,31.95890371255982,1.3478220327053205
400,500,200,725,8.827051413478918,33.11038393983668,1.2444629210734375
400,500,200,726,9.30528687420859,33.12554186261355,1.1973890798308724
400,500,200,727,11.789646309146656,36.66478996934174,1.0800897434741894
400,500,200,728,14.92083584410405,38.87847957806433,0.9182081376353333
400,500,200,729,16.24319798734231,39.744790589803166,0.8599102470892195
400,500,200,730,17.119292284758266,41.0914395443966,0.8428671410555721
400,500,200,731,17.989391991662774,41.83284449135282,0.8134246959271749
400,500,200,732,18.849020340078265,42.22424467640314,0.7782469044159384
400,500,200,733,20.01138518680327,42.92177065325861,0.7373456692441138
400,500,200,734,21.084617807379388,42.268118635234025,0.672534734265176
400,500,200,735,21.76309227689545,41.64359394421683,0.6277365974840743
400,500,200,736,22.975898420910408,41.04687557440205,0.5617359877216042
400,500,200,737,24.13518089457525,41.043007686238994,0.5144245928518645
400,500,200,738,25.46105695609959,40.75782191939672,0.45621268179174956
400,500,200,739,27.170190769794683,40.525979844415616,0.3880548977589813
400,500,200,740,28.025652248198092,40.03682841645991,0.34628991829927935
400,500,200,741,27.872575086011047,39.95401126480362,0.3495575750760227
400,500,200,742,29.337740548460186,39.59205070160697,0.2911797518091763
400,500,200,743,30.82317227252408,39.48301638074306,0.2406878253003506
400,500,200,744,31.55434467432361,39.47620437806956,0.21780341853399987
400,500,200,745,32.112925495916926,39.476021977665496,0.20078604432309577
400,500,200,746,32.55057370302547,39.483626888535966,0.1878436548018123
400,500,200,747,33.12213674605243,39.48199485608096,0.17091095869918593
400,500,200,748,33.1625375207025,39.51676195683904,0.1705861144127443
400,500,200,749,33.1495325073609,39.54102617875013,0.17156555691620534
400,500,200,750,36.67645890138694,39.463697240867106,0.07136974062369017
400,500,200,751,44.59729743903392,39.53826040021659,-0.11760221867311804
400,500,200,754,55.68522758192255,42.44069352646596,-0.26611699965785984
400,500,200,755,59.59390175485102,45.04179284281143,-0.2746447328260446
400,500,200,756,62.10580309710345,47.00958706469411,-0.2734120105132134
400,500,200,757,70.3010612743435,51.1062099721416,-0.31362707696300696
400,500,200,761,95.62516138498826,77.84117804179795,-0.2034037527689616
400,500,200,762,99.37590674072875,84.18557965898316,-0.1640900390761102
400,500,200,763,103.58288493701717,90.15524224012759,-0.1374159026089865
400,500,200,764,107.27482596524288,94.12390651127734,-0.12949235892568378
400,500,200,765,110.35297035330777,95.92608337699289,-0.1387564082024424
400,500,200,781,120.49955935563679,98.85575543220466,-0.19618393708756887
400,500,200,782,120.60270901417933,98.84464868259823,-0.19714378249977305
400,500,200,785,118.8847165981286,102.21022952087677,-0.14976261460384244
400,500,200,802,124.07995754791004,95.8468040358019,-0.255822802995632
400,500,200,803,119.39900758051121,92.96335404228476,-0.24790643450945993
400,500,200,804,110.91058468283828,87.3616058639666,-0.23626264890477433
400,500,200,805,103.00496187273275,79.75363927053976,-0.2530355788649743
400,500,200,806,92.82475628375869,69.77596052317092,-0.2819093450463308
400,500,200,807,80.56138752153417,54.81014206592086,-0.3794003475161105
400,500,200,812,62.07793200161836,8.33028215887072,-1.9111057213061504
400,500,200,813,60.84881474540099,8.765852573254715,-1.8458010656757273
400,500,200,814,9.965871800524706,60.479622467375535,1.7239178916316065
400,500,200,816,34.12799052615839,28.096760207956283,-0.1883714286449636
400,500,200,817,13.9114710938265,72.39403311873178,1.593711850834894
400,500,200,818,13.926604943467066,72.1460923615277,1.5893135191133205
400,500,200,824,26.930633272653775,35.95925679988693,0.28009208507869543
400,500,200,825,27.145396862871063,23.426795582946735,-0.14170311009932934
400,500,200,826,25.674184368843804,14.544501886181582,-0.5399892204561709
400,500,200,827,23.812537387296754,9.477865919270407,-0.8620840407397465
400,500,200,838,3.217688922728878,11.03564581319235,1.048585401658176
400,500,200,845,3.6324597397424356,26.007067680271923,1.7630106093733098
400,500,200,846,3.4234662612622313,16.075936464855126,1.3507466374079398
400,500,200,1114,2.190118957069077,2.984219682308749,0.22228327262514846
400,500,200,1138,2.7600116560059353,2.9336546845937166,0.04514688154069124
400,500,200,1245,41.168633357230526,28.28932474826292,-0.36445355272348756
400,500,200,1258,31.971843148231212,25.07495084873878,-0.2346788434299958
400,500,200,1259,30.141083000506704,23.898773259095158,-0.22370940868339462
400,500,200,1260,27.398547433945136,22.169479398675584,-0.20350212774189158
400,500,200,1261,25.108376035386165,21.288894088486035,-0.15816765226695928
400,500,200,1262,24.065906329844193,21.15146266349583,-0.12360508046133667
400,500,200,1263,21.856541496379773,22.6731977618683,0.03510615577281673
400,500,200,1274,14.809906253915845,31.37283743762636,0.7166829988350578
400,500,200,1275,14.75929732101543,32.39135397155426,0.7508665061389421
400,500,200,1276,14.699301658470613,32.32653356594471,0.7527376524761245
400,500,200,1277,14.954365600902415,35.09202129560527,0.8163393270027002
400,500,200,1278,15.087300056137924,36.12455367377128,0.8362484304731619
400,500,200,1279,15.452186120928166,37.35050233269804,0.8463092630927855
400,500,200,1280,15.6006507394125,39.73888155109801,0.8977410613223937
400,500,200,1281,16.44546650198788,42.662503224317426,0.9174098683975918
400,500,200,1282,16.9286538863411,45.04648068906169,0.9432511273464792
400,500,200,1283,17.011202258855985,45.310784862616345,0.9443809563325867
400,500,200,1284,17.64345087788918,46.756225576936515,0.9406145119463512
400,500,200,1285,17.74615932851569,47.20317165794854,0.9444359253016201
400,500,200,1286,17.94984832903588,47.02785671156154,0.9299852629769605
400,500,200,1287,17.759104794129783,47.233273792828335,0.9443698869655841
400,500,200,1288,17.70075310637184,47.64711923521557,0.9560287966854424
400,500,200,1289,17.764714057510034,47.612299946963724,0.9518983898190183
400,500,200,1290,17.0458699622533,46.58655193697001,0.9696333513456854
400,500,200,1291,16.831308325521732,45.19812272453641,0.9519833566476299
400,500,200,1296,20.716566947881226,41.013700449666,0.6599203431906511
400,500,200,1297,14.531160990921244,45.46020572022787,1.095747762918689
400,500,200,1298,14.537466266518171,45.732163649262766,1.1011783709826024
400,500,200,1302,16.506534693687996,46.54101148945036,0.9990185160065219
400,500,200,1303,15.581753626961998,47.39539014350889,1.0711016524942334
400,500,200,1304,15.981096897460052,47.340690463048624,1.0461728804695563
400,500,200,1305,16.073294586346172,46.89473296123385,1.0314900166593515
400,500,200,1306,16.31159515466894,47.10308218892504,1.0219697366832023
400,500,200,1307,16.358308464825217,44.9513483250038,0.9735119258566085
400,500,200,1331,5.080044338244316,9.965517160872556,0.5897435570260123
400,500,200,1332,4.5802365030297985,10.34262339656609,0.7093364520792476
400,500,200,1333,4.392674687898341,11.156898155356288,0.812855264730088
400,500,200,1334,3.958597947078912,12.085941975985044,0.9704154935672247
400,500,200,1335,3.2275774971380065,12.335118277762442,1.1487718940248053
400,500,200,1336,3.3406133391126724,12.403171118425393,1.1274756690848442
400,500,200,1337,3.4794219489696574,12.798363170782757,1.1250559654614367
400,500,200,1338,3.4254166458753,13.106008370203034,1.1592364008773997
400,500,200,1339,3.2860209634714264,12.691082014502825,1.16138588483902
400,500,200,1340,3.3851864890907497,12.63695551432527,1.1345512709509333
400,500,200,1341,3.3159491632412545,12.058240863365073,1.1071021495973712
400,500,200,1342,3.9137595333683746,11.821435516296864,0.9590790820808051
400,500,200,1343,4.2618844146486445,12.564649392138605,0.94697788294276
400,500,200,1344,4.2743800710306425,12.434551852523121,0.9349687344189288
400,500,200,1345,4.804137417724287,12.510189245797596,0.8448731485808523
400,500,200,1346,4.634136922987652,13.050310623919968,0.9138005318608489
400,500,200,1347,4.772479667730959,13.113909387166089,0.8940590525141507
400,500,200,1348,5.346819336743306,14.027493848698041,0.8619276510298257
400,500,200,1349,5.039076502105153,13.120439450854795,0.8493722509082555
400,500,200,1350,5.325318978472956,13.256488093286206,0.8126516431658102
400,500,200,1351,5.827464008634163,13.207209733050684,0.7327962606141589
400,500,200,1352,5.436449992402625,13.0939260172419,0.7837667809432038
400,500,200,1353,6.020779362394205,13.095759408972947,0.6969997688532603
400,500,200,1354,5.8696161024864955,13.039861835994461,0.7147923334137432
400,500,200,1355,6.040143331708219,12.575002969641387,0.6566015549977469
400,500,200,1356,6.555765928818711,12.641097934970125,0.5907761719696181
400,500,200,1357,6.730577100071934,12.637882646374196,0.5676678921597218
400,500,200,1358,7.008526189827809,12.67774856799295,0.5352635724121133
400,500,200,1359,7.963507671593622,13.077472531775761,0.4514141953473718
400,500,200,1360,8.88812554649452,13.719988247775094,0.39787171742661753
400,500,200,1361,9.008251892829573,13.799859523981176,0.39120774710661843
400,500,200,1362,9.58377547539115,14.638849076267856,0.390435930935217
400,500,200,1363,10.67857846176977,16.605956766467656,0.41048103446922024
400,500,200,1364,11.530816790004307,18.89330708407738,0.46219239419084124
400,500,200,1365,12.436132275489067,20.048699178201613,0.44889124490100096
400,500,200,1366,13.279565989220988,20.533536597290283,0.4107819980406706
400,500,200,1367,14.621963123370465,19.63231679246464,0.2781808062568145
400,500,200,1368,15.875348728097228,18.518103668474662,0.14548852622054742
400,500,200,1369,16.716029972626842,23.938706879337072,0.341951211743996
400,500,200,1370,17.012187201407453,26.474998033771477,0.4222278331906626
400,500,200,1371,17.30097073745137,27.449822325913154,0.44118781121510775
400,500,200,1372,13.28768632039557,29.695092910273754,0.7647047319276501
400,500,200,1373,11.794183082074511,28.174995777816065,0.8243214125329255
400,500,200,1374,11.49681969408094,27.563300284857288,0.8266484995244299
400,500,200,1375,10.33572626252587,28.56685001182195,0.9586944472324013
400,500,200,1376,10.00173823859402,27.303557281207272,0.9449342137277017
400,500,200,1377,10.389939644134904,28.502171395686357,0.9517333888477206
400,500,200,1378,10.261793077849685,28.523519919420973,0.9637713779047168
400,500,200,1379,10.471576695477514,28.981178481253554,0.9606974165695736
400,500,200,1380,10.107864965739946,29.04314125234868,0.9949809775318452
400,500,200,1381,10.434651001726603,28.8625765318123,0.9599577686275769
400,500,200,1382,11.595168717061563,29.37383827632936,0.8802683496090111
400,500,200,1383,11.270902888301418,29.393865430142185,0.9070099519434858
400,500,200,1384,12.282165076448052,29.37552344306007,0.8272149705806284
400,500,200,1385,12.318063879133161,29.411776953345196,0.8257086330455139
400,500,200,1386,12.361018704806684,29.415675930851354,0.8226167155662432
400,500,200,1387,13.011518206248033,26.988241928406232,0.6919047704741144
400,500,200,1388,13.065275669924933,26.98611966687366,0.6879996196192559
400,500,200,1389,13.08798873367197,26.630558940360157,0.6735997967218545
400,500,200,1390,13.568844060533305,25.777070838442913,0.6086606754792694
400,500,200,1391,13.974930295087763,25.129100164434888,0.5566721528251306
400,500,200,1392,14.302912277381294,23.864845897134757,0.4854118393539717
400,500,200,1393,14.430120661442855,22.14338884970608,0.4053876746309486
400,500,200,1394,14.445668379476665,22.08723736934497,0.40195136976612433
400,500,200,1395,14.462583334680316,19.879276327318255,0.30033397658636085
400,500,200,1396,14.23834903273964,18.44704683757288,0.2438800117875748
400,500,200,1397,14.366275294752178,14.399813951690303,0.0021802361655245406
400,500,200,1398,15.657756644760077,9.506737105307387,-0.4608592920109653
400,500,200,1399,8.217688151767051,19.045628609074022,0.7768868421278721
400,500,200,1401,13.389943004974924,20.13769049618111,0.3845281662690394
400,500,200,1406,13.08208520015959,20.715708591179283,0.43313246050258947
400,500,200,1407,10.621949226295051,17.234572785244104,0.4504239108169368
400,500,200,1408,10.3242230905559,16.969102630236907,0.46170969470382905
400,500,200,1409,10.350029881586108,15.989511172734218,0.40337578713768396
400,500,200,1410,14.099143220253584,12.830504605529859,-0.08776137051940491
400,500,200,1411,13.179635196808889,25.681033579099655,0.6321461659705414
400,500,200,1412,13.466187450839916,25.89774721845683,0.6202285102034795
400,500,200,1413,12.997938592689142,25.226129793838805,0.627846158754485
400,500,200,1414,12.793133354874653,24.965850798901553,0.6326113585561739
400,500,200,1422,6.811444614478834,9.889050989872226,0.3321678714581222
400,500,200,1423,6.373207826833623,7.485191859023609,0.1404696438191506
400,500,200,1424,5.821801046679497,5.625498760611079,-0.029197866423323227
400,500,200,1441,7.72792878586451,2.714014369789566,-0.8544147572142475
400,500,200,1446,7.728714911859936,3.2258590956095836,-0.7253955789563398
400,500,200,1447,7.7089983803489215,3.509422856383176,-0.658187612170251
400,500,200,1448,7.6840481913734004,3.4818774636434955,-0.6614457660999293
400,500,200,1449,7.607999487429602,2.957714802672994,-0.7770251552082879
400,500,200,1450,7.678712933335374,2.8586706393689494,-0.8105505078944419
400,500,200,1451,7.662174286194239,2.9547129695440373,-0.7840577388560821
400,500,200,1452,7.638990950449691,2.937613083586746,-0.7857110644728724
400,500,200,1453,7.608242664781464,2.732059079810176,-0.8357600801705745
400,500,200,1454,7.418061007466607,2.882873901039946,-0.7738039419864202
400,500,200,1455,7.2776256046189065,2.9629561998757743,-0.7365659026629718
400,500,200,1456,7.130642390361373,3.1896368509452855,-0.6630258754836487
400,500,200,1457,6.949298758216747,3.6046918003530277,-0.5460079779709777
400,500,200,1458,6.645350568329714,4.17141254007322,-0.39095182444053744
400,500,200,1459,6.48694855544171,4.804157616585923,-0.2545868208424571
400,500,200,1460,6.343398532535005,5.782407881019556,-0.07946956720314136
400,500,200,1461,6.264812516532914,6.720968935443204,0.06089737564019271
400,500,200,1462,6.250491281735247,6.8292877721150465,0.07680231488102818
400,500,200,1463,6.1615775972346105,7.622892620142454,0.18569030765479844
400,500,200,1464,6.091002805858881,8.083161902309152,0.24759558910801083
400,500,200,1465,6.078097115492772,7.865151946960736,0.225122976893803
400,500,400,0,7.145089337130856,9.89414697218879,0.2908104596497765
400,500,400,5,11.02826051767264,7.818618028776807,-0.31039375249705925
400,500,400,6,11.127718327878329,7.842927144072729,-0.31587565695133524
400,500,400,7,11.301699049083929,7.87242298107462,-0.3267894620437901
400,500,400,8,11.431798981547812,8.351691657684675,-0.28470037116559865
400,500,400,9,11.761566926876405,9.040845004952132,-0.23977679572743638
400,500,400,11,7.352444964549486,12.749847898325864,0.49847345598352666
400,500,400,12,6.4440252713467485,9.738208691101192,0.366396552996461
400,500,400,13,5.989235315896901,9.126947683185266,0.37082880487040026
400,500,400,14,9.206656896713035,8.296494329256774,-0.09340276909711465
400,500,400,15,10.67535198951241,9.13870932897973,-0.14111924714400859
400,500,400,16,12.25911307682365,8.982668509822643,-0.28383465506735694
400,500,400,18,12.60544310822167,8.057725073564958,-0.4068519483255417
400,500,400,21,6.263900422326969,11.479005167923322,0.5411307128303013
400,500,400,22,9.204913859902598,7.565342660796666,-0.17514521718223586
400,500,400,23,8.02298907385593,5.453355944848829,-0.3351753650654754
400,500,400,24,10.43426164887895,7.734297824494575,-0.26935670206689855
400,500,400,25,11.058446597240273,8.50973253925087,-0.23744962480070742
400,500,400,26,11.554789762179425,9.276354648200305,-0.2002566561900454
400,500,400,27,12.163239888545732,9.84598023040448,-0.19363356207290483
400,500,400,28,13.010532032625422,9.452264337404479,-0.29299069688945467
400,500,400,29,13.241426288196923,9.061068083438329,-0.34748173130431415
400,500,400,30,13.017597529505176,8.935513068654775,-0.34419798947524205
400,500,400,35,12.543241028140404,7.848702034792603,-0.4256168202351498
400,500,400,36,12.086608790093784,8.122533364001264,-0.360841930957402
400,500,400,37,11.610959722671419,8.528980259775105,-0.28022854637420735
400,500,400,38,11.02572953435994,8.71565156866035,-0.2133103333962496
400,500,400,39,10.184462087682725,8.999257933075153,-0.11201461794271861
400,500,400,40,10.135531170404816,9.788539432124761,-0.03165659534185572
400,500,400,41,9.931380344427145,11.04115202585472,0.09669253478167628
400,500,400,42,9.698286719252568,12.131794319279809,0.2049527280067256
400,500,400,43,9.801566109492612,12.17915688983346,0.19894542436794138
400,500,400,44,9.81285984076082,12.410493948282806,0.21530137916447512
400,500,400,45,9.918092298582174,13.760246332955152,0.3015162511344043
400,500,400,46,9.992799713542244,13.81088161114139,0.2981216676298999
400,500,400,47,9.988715432070336,13.733777685611404,0.29327378319563957
400,500,400,48,10.564183504531062,12.46216876725109,0.15197074544419875
400,500,400,49,9.926608457483196,12.80624139874773,0.2339198078147282
400,500,400,50,9.292381427559322,13.131009010898852,0.3169676489497104
400,500,400,51,9.220125734370008,13.263148619845856,0.33332030396812895
400,500,400,52,9.182708684147336,13.521464615166966,0.3549368184003838
400,500,400,53,9.154192870554272,13.548870344802213,0.35962664018657575
400,500,400,54,8.373631222654872,13.700451697033943,0.4499776627217913
400,500,400,55,7.9546512883123395,13.204351745029198,0.4613752842660328
400,500,400,56,7.7248727573873595,12.467504671367612,0.43410183813314474
400,500,400,57,7.6100673809061865,11.73119344329548,0.3911230143320399
400,500,400,58,7.587088149567325,11.479900469192401,0.37385969057959745
400,500,400,59,7.572821047470445,11.354665377801586,0.3654368996135733
400,500,400,60,7.5553292503241085,11.228844685232488,0.3572430866909082
400,500,400,61,7.552603679233053,11.144877174597195,0.3506716886769272
400,500,400,63,7.452073869371992,12.441543618580859,0.4639383414884084
400,500,400,64,7.444999450730181,12.98887363745613,0.5046877882412231
400,500,400,65,7.476142274331378,13.666837819850361,0.5483335889010079
400,500,400,66,7.449252518988449,13.873007653896918,0.5654700250621918
400,500,400,67,7.464149771484078,13.786695655596683,0.5578882642118024
400,500,400,68,7.51814662687198,13.545647673509167,0.5350930347806502
400,500,400,74,7.539010505303042,12.682193927386914,0.47145013894679
400,500,400,77,6.9257337171567315,13.303196347981428,0.5903681350422958
400,500,400,78,6.825994086269358,12.920725743435733,0.5759280221520946
400,500,400,86,8.663298699236865,9.130702159108623,0.04723556049107769
400,500,400,87,7.994309850803348,4.066159373310957,-0.5740091281065778
400,500,400,88,7.959956014464367,1.2304372730418913,-1.3905676650593906
400,500,400,89,8.012120437585951,0.7760467838053027,-1.6241804001601032
400,500,400,93,8.46183982823355,9.880737675793155,0.13972719104519093
400,500,400,94,8.4514359699054,11.407483928861243,0.2721331487533942
400,500,400,98,8.122705772462394,12.235643832418967,0.37214703503220914
400,500,400,99,7.957366868847179,12.898330652958073,0.4392924284629247
400,500,400,100,7.962145455542848,14.427277244700845,0.543127545775715
400,500,400,101,7.469677357762459,17.31804223889878,0.7713940732620852
400,500,400,102,7.200304272448938,16.702571745976183,0.7695386654301273
400,500,400,103,7.203893160088023,15.534574206367028,0.7008447778304947
400,500,400,104,5.476795697224971,16.20167238053425,0.976780713625029
400,500,400,105,7.44924005016119,15.10436785322049,0.6450140279950762
400,500,400,106,6.511410562793097,13.864962332554457,0.6825836497326137
400,500,400,125,4.978856910835511,14.466924185411104,0.9504744226878468
400,500,400,126,5.923412548913427,14.54284420630699,0.8086915620702344
400,500,400,130,6.629954636590996,8.342233996761848,0.20246350971138494
400,500,400,140,7.013338487300008,14.860799452534946,0.6827431576070646
400,500,400,141,7.439325125717248,12.475238598413142,0.46795147938222614
400,500,400,142,7.569468270135745,8.155597489262394,0.0661597545135586
400,500,400,143,7.636469467270948,5.505438746355575,-0.2833553155855788
400,500,400,144,7.6393854408501936,7.268113552643738,-0.04392507503795606
400,500,400,145,7.628006774872455,9.244129750168659,0.17169132047839053
400,500,400,146,7.575552887501916,9.915777609964763,0.24129376213805775
400,500,400,168,8.298635181777787,5.875585399122111,-0.30189084585125925
400,500,400,169,8.318310324000125,16.11350867659373,0.6078868161718396
400,500,400,170,8.298071004522145,17.30427787485557,0.6773278364058641
400,500,400,171,8.238877172280805,15.743535108693331,0.5945918599895954
400,500,400,172,8.171039823294622,13.439653597811587,0.45392747023165203
400,500,400,173,8.113644177657177,8.70846183604178,0.06322520867390624
400,500,400,178,9.729602056215537,12.551174419914195,0.23346674769692877
400,500,400,202,9.430151802464342,16.763558495626793,0.5324482599245384
400,500,400,203,9.495532850188628,16.6053159906119,0.5172511775610347
400,500,400,204,9.603171641185924,14.045381155310231,0.3499178763162196
400,500,400,205,9.564872630873023,11.900494498288678,0.19973104860038893
400,500,400,206,9.55051334721847,9.73644657748141,0.017469658384987596
400,500,400,207,9.462962242065135,8.626790690939968,-0.08329170700077793
400,500,400,208,9.303738800157547,8.9145192450531,-0.03850654652053631
400,500,400,209,9.084667900104872,10.787022170011353,0.15598286934918093
400,500,400,210,8.834869532928007,13.30405510681293,0.37460888480577514
400,500,400,211,8.608467585789375,15.591299255814295,0.5462336668451386
400,500,400,212,8.255876282651839,18.262120860526956,0.7328818940529569
400,500,400,213,8.25352416607551,21.95545435195574,0.9085511007711053
400,500,400,214,8.989766102148256,24.147200619052335,0.9231854037690792
400,500,400,215,9.682349004959702,23.77968844757538,0.841431549752421
400,500,400,216,9.694205835880195,23.736480401813694,0.8385770092438141
400,500,400,217,8.096796340934917,17.66697474227644,0.7188336048895878
400,500,400,218,5.304085654779757,11.633877508397177,0.6951839572027456
400,500,400,224,6.453341302324164,8.729748010255678,0.26652556883296663
400,500,400,225,6.432380267887673,8.103737361898974,0.20283886182345512
400,500,400,226,6.359526452526303,7.568910770212688,0.15214503655906308
400,500,400,227,6.2527031428627975,7.579574184504103,0.16801003675491888
400,500,400,228,6.555898818792223,11.259109178345561,0.4839407083411782
400,500,400,232,8.077307175915736,13.822780549899678,0.4903876416204098
400,500,400,233,7.944029344470796,14.60670836423483,0.5567146478516602
400,500,400,234,8.171189168847365,13.860304411612717,0.4826265661687419
400,500,400,235,8.39486113810135,12.118810209844739,0.3338842418266701
400,500,400,236,10.148395606339566,9.625633713884639,-0.048026239052998854
400,500,400,237,9.857047096063203,11.661019024645976,0.15371353406226707
400,500,400,240,10.190726749468585,19.82769344352883,0.6211980501656695
400,500,400,261,18.54957282155952,8.713150681851006,-0.6994727279129083
400,500,400,263,9.99582443345051,13.778796682187938,0.29567789315327175
400,500,400,276,10.92924618145215,7.1596088557374165,-0.37979681383023234
400,500,400,277,12.21515558840021,6.445924287164566,-0.5736975144651861
400,500,400,278,5.834642004830875,16.45692125591017,0.9377321115445691
400,500,400,279,8.17355943897256,22.619834961844948,0.9457614512869323
400,500,400,280,8.133127151309955,19.758476832801946,0.8210465355200225
400,500,400,281,8.13141347045441,15.979645449378195,0.6202948015158767
400,500,400,290,8.471029611491167,9.039573242756662,0.058296982876330894
400,500,400,291,9.112619195514021,7.256163141665673,-0.20282410034323428
400,500,400,292,10.871218737433985,4.309804335805539,-0.8045618907754084
400,500,400,302,9.867671350036796,17.7436086671337,0.5450603722648006
400,500,400,303,10.100429276963085,15.973952136223236,0.42469616054378756
400,500,400,473,9.63848989964031,15.413397051447367,0.43361934761987575
400,500,400,474,9.450829427557153,16.547092576878732,0.5182069247335703
400,500,400,475,9.367084845021884,17.204859457171914,0.5630526931334838
400,500,400,476,9.406879515046583,17.155828104404996,0.5565245375580954
400,500,400,477,9.20773817770572,15.990336594556311,0.5094986692833325
400,500,400,478,9.081336241405666,15.013595703255321,0.46275227538689645
400,500,400,479,8.862115917837546,12.938662961817572,0.3459657452242988
400,500,400,480,8.619389273878562,12.331348728738893,0.3263375314041297
400,500,400,481,8.279900514549317,11.929561578243957,0.331665458554812
400,500,400,482,9.437443846320491,9.608387543244245,0.016245255718193352
400,500,400,484,14.040399529743315,9.341918919063778,-0.37453444866994046
400,500,400,485,10.221988479452346,10.509823662098375,0.02532579148348102
400,500,400,491,6.646298817051095,13.829287043710629,0.6623823637240545
400,500,400,494,11.668896926337228,8.831369007220225,-0.2535717359461289
400,500,400,498,11.022036441989124,16.317536843179,0.3649783425363138
400,500,400,499,10.885466864861705,19.704373620652444,0.5550285820785228
400,500,400,500,10.84287752796525,22.843934541417028,0.6998032336843054
400,500,400,501,10.707510705237956,23.609822635007124,0.7429150808810241
400,500,400,505,10.473455389518067,27.799252889311813,0.920313305153694
400,500,400,506,10.336761483264796,29.523579903934667,0.9904488224944181
400,500,400,507,10.314600264077306,31.489031627846277,1.054808593503147
400,500,400,508,10.280614586874565,36.10180362804179,1.1905798545051245
400,500,400,511,9.998861883320622,30.373094300140504,1.0481588538766693
400,500,400,514,10.18002011023689,10.28291741041973,0.009161581810692265
400,500,400,515,10.358527469129246,4.2361379394901055,-0.7743845885536165
400,500,400,516,9.656252821676302,3.6067004795623445,-0.8386349696381907
400,500,400,517,9.866329653422893,5.743060863565428,-0.4771550298382281
400,500,400,518,6.986118716824965,17.16905705365899,0.8220151111319445
400,500,400,519,7.043042222617083,28.210713860779652,1.2897281574998742
400,500,400,520,7.006250217705481,29.689537630268482,1.343699288852569
400,500,400,523,10.156736370876583,15.663463232227217,0.4011750179210436
400,500,400,524,10.863722866888237,9.595960009682006,-0.11301244809263311
400,500,400,525,6.362418160741934,15.760796109895818,0.8226541612890383
400,500,400,526,6.965746956925427,32.292769879223044,1.4301895338005197
400,500,400,528,7.105197228859222,34.15745963367139,1.4673313294923158
400,500,400,531,6.95710941008543,7.372995574291749,0.05094592018445754
400,500,400,532,6.933506706141448,3.8762600937572316,-0.4867165936657134
400,500,400,535,7.382476871999213,8.327540633046508,0.10682794209412227
400,500,400,536,7.997373586703942,9.835707814892974,0.1859142485158789
400,500,400,537,8.60381590101462,10.922005311976758,0.2162253691737961
400,500,400,538,23.52803020809116,22.677998367138073,-0.03527027567619756
400,500,400,539,12.863028907321254,16.35841363859832,0.22485181902366547
400,500,400,542,7.518863561861935,6.865444110693745,-0.07980394555815007
400,500,400,543,9.563652677074144,6.040176942340182,-0.4057858122103466
400,500,400,544,13.510794731546245,12.43867806277262,-0.07675586486220887
400,500,400,547,10.67918435150054,3.4655484389314015,-0.9614161045890541
400,500,400,548,10.665256053750538,4.238023384655715,-0.8006706453325243
400,500,400,549,10.460625607544605,7.03881663724859,-0.35463541239639484
400,500,400,551,11.157594984501216,8.287682027865548,-0.2692650670133321
400,500,400,552,11.606294629140049,9.268786380466109,-0.20508741732314917
400,500,400,575,21.619383341031764,18.82794745963013,-0.1317147782987007
400,500,400,576,21.227512116442508,18.86125393406057,-0.11256001082584843
400,500,400,577,21.188339472058274,18.871281700145556,-0.11029134311172406
400,500,400,597,18.251069276724245,17.69439296319507,-0.02934296867523445
400,500,400,598,18.4993785030515,18.486913468495075,-0.0006394573246550905
400,500,400,599,18.637807180857582,19.593769455555847,0.04753193040966863
400,500,400,600,18.73725288857026,19.81841303038367,0.053329977348890445
400,500,400,601,18.90517732806981,19.848783704761363,0.046315745907668404
400,500,400,602,19.005214573688196,19.834015775542262,0.04059405650918402
400,500,400,603,19.236910403098143,19.730461936188824,0.024096024963366602
400,500,400,604,19.329577380396504,19.87006236185147,0.026238869748789195
400,500,400,605,19.50998482592624,19.157087704145695,-0.017355858598004925
400,500,400,606,19.524876706350618,18.141672499333815,-0.0697698837041747
400,500,400,607,19.419763393523844,16.14838623879313,-0.17459915335132958
400,500,400,608,19.557645252906827,13.84418596461775,-0.3256246324756553
400,500,400,609,19.526658248513822,11.024412217887278,-0.5347855089322482
400,500,400,610,19.63749250604639,9.442824420863099,-0.6811943618606215
400,500,400,611,19.957629309131864,7.777995590146499,-0.8702546586853233
400,500,400,617,20.74889453923443,4.384112668532063,-1.396110411789665
400,500,400,618,21.08085707020834,4.451009510162768,-1.3989102144965788
400,500,400,619,21.086905204236633,5.480811912073139,-1.2261391106279753
400,500,400,620,21.263388707846676,7.239499535877841,-0.9940039611783034
400,500,400,621,21.19957675183955,11.930802575885407,-0.5404609617724474
400,500,400,622,21.206769882024965,15.579737123091242,-0.29221589751069255
400,500,400,623,21.38803454179604,14.773092710233565,-0.3502211486302538
400,500,400,624,21.337826410648077,14.970108076990213,-0.33556276334971535
400,500,400,625,21.254012521302656,17.713536492592294,-0.17327519179192485
400,500,400,626,21.134728005458257,18.550614331752627,-0.12414106856716467
400,500,400,627,20.929952417490085,20.075260061522613,-0.03975354905928974
400,500,400,628,20.753436754423998,22.118426416761103,0.0608582231792929
400,500,400,629,20.535745090525836,24.163309435855247,0.1556728418317186
400,500,400,630,21.257596405544913,28.264473048267497,0.2736908945414034
400,500,400,631,21.003359402550547,28.728275915917678,0.3009035021197284
400,500,400,632,20.83949336105648,28.650944679334437,0.30577403310545836
400,500,400,633,21.246431401132252,30.437924689298477,0.3458333474892439
400,500,400,634,21.028790331229644,31.034758619992747,0.37447127093875476
400,500,400,635,20.813648788270246,30.9228094477772,0.3807849189029602
400,500,400,636,20.656806239756264,32.19929710511827,0.4272089231527465
400,500,400,637,20.4338489463555,36.479902681549326,0.5588334619421094
400,500,400,638,20.24408069470333,38.34783624060912,0.6163626847961212
400,500,400,639,21.04700847789383,37.18611093350781,0.5492949386182038
400,500,400,640,20.873661765488528,37.119462684782,0.55544172938666
400,500,400,641,20.49279779145076,35.451660963101695,0.5282691331081693
400,500,400,642,21.29616671644594,36.3150683411792,0.514982454481614
400,500,400,643,21.144208069005238,37.26217189291675,0.5468857535032394
400,500,400,644,21.590528126601622,37.6238135616464,0.5363383089106337
400,500,400,645,21.843727597228412,38.59464737316306,0.5500173655264518
400,500,400,646,22.115448884506876,41.19188048904162,0.6017266201854885
400,500,400,647,24.08881139002279,44.2903288224525,0.5906715325153464
400,500,400,648,24.002601609492153,49.208420146178725,0.6972028607942722
400,500,400,649,23.789192127237925,54.16020876471621,0.7998340807690894
400,500,400,650,24.657538121672737,53.04757524146103,0.745027269354094
400,500,400,651,24.493136846460917,56.99423411253322,0.8219343210890715
400,500,400,652,24.171499586393587,65.04234971793055,0.9645838129463682
400,500,400,653,24.024437085904456,67.08073179953584,1.0008414024406767
400,500,400,654,24.211045546380944,64.33711216853048,0.9522779943861708
400,500,400,655,24.168465714339874,63.814210791355414,0.9459330312807959
400,500,400,663,26.875210170305728,37.36128690758878,0.3193110281232041
400,500,400,664,26.827050692647664,37.18605965106311,0.3164619243168705
400,500,400,665,26.618987038212712,41.18969422836046,0.4236725062485065
400,500,400,666,26.311904341948512,52.91202848526818,0.6800309523822374
400,500,400,667,26.974378306971676,57.23379133672134,0.7331767626239296
400,500,400,668,26.569789137249785,66.59153156343282,0.896762125732947
400,500,400,678,21.699548687470884,81.31838721866406,1.2882494570433645
400,500,400,679,21.567921497693188,78.7159787091772,1.2619405561726702
400,500,400,681,18.99116478634626,79.92945804575578,1.3982874716385743
400,500,400,682,18.06127622205117,83.47753702335346,1.4888268108604823
400,500,400,683,17.867994876344653,83.67766352831742,1.5013847602395995
400,500,400,684,17.4123558482211,83.27862758556992,1.5211063520754173
400,500,400,685,17.298111807112445,79.03567138557474,1.4756745530283775
400,500,400,686,17.156637131850122,76.78998738673414,1.4549765500125686
400,500,400,687,16.270904859456927,71.06527809123007,1.428549062763056
400,500,400,688,15.94079708444682,62.6414452167025,1.3235401709541197
400,500,400,710,9.606640500586805,48.336156529617725,1.5371769431183897
400,500,400,721,1.8752669171126044,49.89874955658745,2.87369284591179
400,500,400,722,1.9679687416565714,49.64665760373081,2.8369954449997747
400,500,400,723,1.4840445412980245,50.215082604825795,3.026145975600304
400,500,400,724,2.595729597162656,50.17631864584576,2.655529980266493
400,500,400,725,3.3406123471261226,50.620358447189425,2.4759007062584786
400,500,400,726,3.8520958038794944,50.43799507284616,2.3609663670147416
400,500,400,727,5.068348648595585,52.03222387368391,2.167813209656604
400,500,400,728,8.349124222245699,52.82212893112517,1.7504020281782298
400,500,400,729,10.132075650541152,53.430343431982244,1.5870911426213445
400,500,400,730,10.383033205108992,54.235493798696886,1.5794818188266775
400,500,400,731,11.089706480058615,54.69545539181824,1.5275441663721607
400,500,400,732,12.226902098631394,54.93329524235026,1.4419070309720472
400,500,400,733,13.389995319591172,55.61781218378022,1.3697904429492498
400,500,400,734,14.978004253447212,54.335396615980244,1.242199744967552
400,500,400,735,14.720507343235742,52.6618117889316,1.2277355484409918
400,500,400,736,16.460558699214186,51.42335122235005,1.0994075773669394
400,500,400,737,18.961878081667834,51.80927309816683,0.9728624434259987
400,500,400,738,21.326653431797308,51.500318134903985,0.8550380433769424
400,500,400,739,23.93418896593989,51.261588087777184,0.7400217352999885
400,500,400,740,24.59024689035864,50.17223992404428,0.6929858979758436
400,500,400,741,24.295037623070584,49.97832469263815,0.7007923012423349
400,500,400,742,25.821163127015037,49.19796470267269,0.6267832372934774
400,500,400,743,27.532677791670217,48.94661515560605,0.5599047185212336
400,500,400,744,28.397563039782614,48.92694985621572,0.5296491531413268
400,500,400,745,29.017395704304487,48.903616843991024,0.5083164115539929
400,500,400,746,29.498553288526896,48.9006885367772,0.49235555166916
400,500,400,747,30.110516237522415,48.86916755428561,0.4718570223909646
400,500,400,748,30.248997125121406,48.99086856014034,0.46985307628094697
400,500,400,749,30.300621588709184,49.07683816818345,0.4699206327662555
400,500,400,750,33.748164652993644,48.569353214010704,0.3552460091405458
400,500,400,751,42.512082628421815,48.55666705658995,0.13007814272643037
400,500,400,754,47.77247040155754,45.39076261243595,-0.050065664777354524
400,500,400,755,49.020426557134975,44.33201241020022,-0.09841799451158595
400,500,400,756,49.929693217068326,43.92359960632029,-0.12548285688785565
400,500,400,757,54.92528047488877,43.818487536514134,-0.2213958000379681
400,500,400,758,56.61189236147136,48.61105770393417,-0.1495152645365283
400,500,400,759,61.86928864303634,53.64961786005796,-0.1401155655012829
400,500,400,760,65.58265559520527,58.81723868343836,-0.10715022541864361
400,500,400,761,66.06129961193773,64.91641827957696,-0.01721957091434323
400,500,400,762,67.70677623900883,70.68577989525514,0.04244457053993944
400,500,400,765,71.29615947381622,71.41892256613859,0.0016966182106221694
400,500,400,766,72.93688166988912,69.50877795612892,-0.04747456674458039
400,500,400,802,94.47990161534207,69.43701676290726,-0.3041968397808583
400,500,400,805,83.54829741226382,69.0630789673105,-0.1879269737083451
400,500,400,806,78.94120048110115,60.27106680553266,-0.2659836323133744
400,500,400,807,74.90931865294701,43.67115720941777,-0.5302114114977003
400,500,400,816,29.84876519576337,25.421135798839227,-0.15493243519590782
400,500,400,824,19.897378849965104,38.010953477132816,0.6242187278558138
400,500,400,825,23.851255690640762,23.35349214738645,-0.02023302815373418
400,500,400,826,24.649917972303932,14.204507241802004,-0.5229484606887067
400,500,400,827,24.23192128623801,10.116530419338881,-0.8196766831282494
400,500,400,828,21.616858929257337,8.988222905113032,-0.817288909041241
400,500,400,829,21.02510648907535,12.737004665829353,-0.47208974473166343
400,500,400,833,27.338121601342834,17.129791337996352,-0.44665143574908317
400,500,400,834,28.745821868335796,16.871482716751103,-0.5094823826010915
400,500,400,837,25.078422415381066,63.78388432912578,0.909948628781931
400,500,400,838,19.11405813844802,24.28954400726465,0.22897204949937988
400,500,400,839,17.19162414525038,15.222277394994014,-0.11457583092576007
400,500,400,840,16.059876146270273,8.355797517771697,-0.6007330756244693
400,500,400,841,66.61321458589664,12.248396864004356,-1.6299268922684012
400,500,400,842,66.412653738836,12.21854113787081,-1.6292122655524608
400,500,400,843,68.66520916694037,11.730035902326868,-1.6997368091710499
400,500,400,845,22.458193065995268,48.442766728869,0.745595954578941
400,500,400,846,20.029845344033333,33.34184708637602,0.49042200658726776
400,500,400,1223,32.339092121074636,16.029666411488805,-0.6717737398335952
400,500,400,1224,32.83247118481873,16.43237128476846,-0.663092130817005
400,500,400,1225,32.76021448040062,16.286242480960734,-0.6693720699756365
400,500,400,1241,29.749710881239597,23.261416851517126,-0.23699328737862357
400,500,400,1258,24.354830355306987,14.898854470135905,-0.4667221977185827
400,500,400,1259,24.01955781303308,13.55527097757759,-0.5417046370275709
400,500,400,1260,23.661421379972516,12.359042297615211,-0.6130466539368435
400,500,400,1261,23.439080051449338,13.867527388000267,-0.4970040277563963
400,500,400,1262,23.253881661423545,14.70793192089088,-0.4344108704203946
400,500,400,1263,23.127861924962517,20.64372509148355,-0.10865169087631399
400,500,400,1274,16.811930432830763,27.795704244309704,0.48035773601611487
400,500,400,1275,16.974788463552454,28.46342722045993,0.4941796038068049
400,500,400,1276,17.078525904358354,28.13794969188712,0.4773166178822379
400,500,400,1277,16.265493094782002,30.379755463325033,0.5974530637150219
400,500,400,1278,15.973540454884244,31.050319828742765,0.6356514746639528
400,500,400,1279,15.293896772017229,31.202341266032505,0.6812485535010646
400,500,400,1280,14.994877625984975,34.09495481758671,0.7857888601445091
400,500,400,1281,13.557547656539104,35.33791994831753,0.9147522243036277
400,500,400,1282,13.415739244123248,36.07502073446695,0.9446228345280905
400,500,400,1283,12.846302633507676,36.463060488875094,0.9953371547379253
400,500,400,1284,12.077727648534147,36.3820225316272,1.0502793041233685
400,500,400,1285,12.021188343542297,36.33715348415792,1.0534109996197256
400,500,400,1286,12.619244753264605,35.690011804984636,0.9910207122347878
400,500,400,1287,12.494749070786268,36.1293484635281,1.0121070685331919
400,500,400,1288,11.512733734899257,36.10658211553557,1.0870475448115102
400,500,400,1289,11.467876645342917,35.85694025484084,1.0838884707338052
400,500,400,1292,9.855913719161965,29.629700070691086,1.0372601540402648
400,500,400,1293,9.886284089711372,29.001702571995025,1.0137504759850482
400,500,400,1294,11.138206105226832,24.27398176151778,0.7334174702728182
400,500,400,1295,9.656350627193133,24.59140902661708,0.876100692806272
400,500,400,1297,5.658714412432226,37.352691453650024,1.7508982719183506
400,500,400,1298,5.406810658556322,37.8976550830014,1.8035723782223758
400,500,400,1301,14.708991732634317,14.744284288347318,0.0022441268439492568
400,500,400,1303,4.87560915625202,40.34194006967563,1.9510677419270044
400,500,400,1330,5.1748020690269465,4.254325977726474,-0.1614250953386125
400,500,400,1331,5.286458854697739,8.189325130067896,0.3796445664185044
400,500,400,1332,5.390193247733538,8.553035045281723,0.40209439964775995
400,500,400,1333,4.911939791350879,10.816691239175418,0.6925390443349753
400,500,400,1341,5.044760423565059,11.02745981118123,0.688000502058266
400,500,400,1343,4.810728990478851,11.013933940721742,0.7263611032119299
400,500,400,1344,4.6295520885449015,11.152137179675265,0.7694751728780189
400,500,400,1345,4.490197336084204,11.374124570799184,0.812643364681459
400,500,400,1351,5.279485955662081,11.736057967956425,0.7071490576598514
400,500,400,1352,5.143134246533808,11.57301716736131,0.7162179475033135
400,500,400,1353,5.316886707997913,11.336696696507152,0.6693518146281858
400,500,400,1354,5.505946129383708,10.656659611059466,0.5831611092488771
400,500,400,1359,6.570432464954577,10.165543775456523,0.38858239307541487
400,500,400,1365,7.83775674346932,27.32502268389258,1.1647125253617325
400,500,400,1366,8.108053616187865,25.90162219560618,1.0830275545611046
400,500,400,1367,8.436748816574427,21.94366356927677,0.8884302853729533
400,500,400,1368,8.566270704917338,16.16564256176364,0.5846664171147702
400,500,400,1369,7.9076612932733,15.037157250690631,0.587996632057147
400,500,400,1370,7.625454847516363,17.914178393740308,0.7851941229136759
400,500,400,1371,7.5144050993437235,19.240867380034285,0.865944251593115
400,500,400,1372,5.346230198897809,26.553854998224,1.4682814860020652
400,500,400,1373,4.071059545138646,26.06286884645318,1.6746128560687774
400,500,400,1374,3.7188167820149114,25.796257441289775,1.7367041436570594
400,500,400,1375,4.716407642946175,26.717032831823587,1.5787065542479415
400,500,400,1376,5.741502239232054,26.604259364428334,1.4096873013660955
400,500,400,1377,5.476674841103365,26.77301483928029,1.4558576231813445
400,500,400,1378,5.577741859954864,26.84434622775626,1.4429384337253601
400,500,400,1379,5.448744242025322,26.76379060734194,1.459847254878404
400,500,400,1380,5.606880520944865,26.933017034908783,1.4416977862464129
400,500,400,1381,5.946353845769484,26.845390908229227,1.3884505602615578
400,500,400,1382,7.691754804960569,26.318329048416945,1.1451830179030278
400,500,400,1383,7.829961154566159,26.536571309937,1.1373643716502553
400,500,400,1384,10.2077491747039,26.361596783825277,0.8925350233796139
400,500,400,1385,10.265304245558587,26.31565467805192,0.8857323877139791
400,500,400,1386,10.37745927517994,26.30826357929092,0.8755552101151052
400,500,400,1387,11.07589227985369,26.66430714265912,0.8289319398708797
400,500,400,1388,10.939736515799511,26.47247238717934,0.8333124588632663
400,500,400,1389,10.853835634167037,26.349420777653798,0.8360438530802443
400,500,400,1390,11.970791835460261,26.315815843921783,0.7447658216109514
400,500,400,1391,12.595413581944378,25.782752620890594,0.6780256221786729
400,500,400,1392,13.281807498098146,25.268951337483816,0.6094011598681353
400,500,400,1393,13.402717286676104,24.270305209408754,0.5622131100179408
400,500,400,1394,13.519920225139398,24.127801112374716,0.5484533319795575
400,500,400,1398,13.956914698158842,5.250579222836296,-0.8724995794145247
400,500,400,1400,6.738249137565863,25.796270165387117,1.242087252502475
400,500,400,1402,10.614808665218705,26.877872575145126,0.8755523834835475
400,500,400,1404,11.535613897863081,27.124483772749233,0.8080668004985174
400,500,400,1406,10.415424065371925,23.566460463642667,0.7664166877545573
400,500,400,1409,3.0445003670203494,14.824605710925168,1.3642080279170843
400,500,400,1410,11.395100772581616,6.964115422445961,-0.442355416432187
400,500,400,1411,7.971111463318381,29.507197855492105,1.2239530736841648
400,500,400,1422,3.899195136722399,11.622896853864043,0.9464414416388778
400,500,400,1423,3.781868491413355,7.936820308598642,0.62534848783271
400,500,400,1424,3.622966880536231,5.547948908500559,0.34811517594973496
400,500,400,1425,3.5422656084126967,4.169692634254699,0.12938731469687603
400,500,400,1438,8.939320188984121,5.023769944600733,-0.5007853269183633
400,500,400,1439,8.600517389348505,4.623239218115137,-0.5349091205489398
400,500,400,1440,8.667995753458053,4.884772970048971,-0.49645286136787714
400,500,400,1441,7.905582942286635,4.301455667210164,-0.5186969399176675
400,500,400,1443,9.165569969577353,6.219406951322755,-0.342233707456725
400,500,400,1444,8.972462316659552,6.2723860352652,-0.3157430854410539
400,500,400,1445,8.9147595707608,5.886858078875604,-0.3644095433906247
400,500,400,1446,8.638977801404634,5.275731388547978,-0.4291250316317916
400,500,400,1447,8.330370830040737,5.608882669113547,-0.34486015692188143
400,500,400,1448,8.163212942115228,5.450316895290557,-0.3510676144041285
400,500,400,1449,7.7304498118496605,4.499697842080717,-0.46212374043796345
400,500,400,1450,7.875830526322359,4.422625577123031,-0.49275178943414155
400,500,400,1451,7.866460685922905,4.52788768238474,-0.47246992762756257
400,500,400,1452,7.7761640795922276,4.4878448395760255,-0.46950380184464113
400,500,400,1453,7.542031885607869,4.29237251719255,-0.4787322689249798
400,500,400,1454,7.228538633188021,4.328540232456205,-0.43453111001003975
400,500,400,1455,6.934696664508647,4.336385805716716,-0.39669651729223676
400,500,400,1456,6.850249641588107,4.452981807876921,-0.36438275299430534
400,500,400,1457,6.719341435834986,4.7311503576319325,-0.2978127830877233
400,500,400,1458,6.644878666276176,5.11359414817954,-0.223521127735137
400,500,400,1459,6.646988138908072,5.732512920213154,-0.12736339820026288
400,500,400,1460,6.653742940663502,6.969142836488014,0.04038213679890079
400,500,400,1461,6.608288815741975,8.315407660576753,0.2024314803459082
400,500,400,1462,6.615436071119519,8.491174578697827,0.22018512564633808
400,500,400,1463,6.637912409563153,9.764448596107515,0.34312458657284406
400,500,400,1464,6.682856664027649,10.662015220807533,0.4173455585008239
400,500,400,1465,6.708170378441581,10.479734984786246,0.39830245126316655
400,500,600,14,7.494863797171938,7.613328580499586,0.013849116744669043
400,500,600,21,8.225879748919532,13.31392471229532,0.4392202684613986
400,500,600,24,8.774363653518998,5.793838223463263,-0.36374694659070794
400,500,600,86,7.345760329731424,6.031249270838923,-0.1713892692725274
400,500,600,127,13.009946166154098,8.931781099930502,-0.34402769028657243
400,500,600,128,10.168901358055717,11.281476734428333,0.09495891897733966
400,500,600,129,9.469558250164237,13.398169551433455,0.3186292519874878
400,500,600,130,6.91521213189189,11.735685672464427,0.47562145433395564
400,500,600,177,7.809295439540002,17.369903414724295,0.7349061775013408
400,500,600,178,9.68564869381148,11.790550494580112,0.1798050580527728
400,500,600,218,11.329564306115348,7.123107239911304,-0.41728723448072813
400,500,600,260,10.872546696014137,3.8897857143998906,-0.8870802532168707
400,500,600,276,7.56422472586373,9.068859120565293,0.1618537942902254
400,500,600,278,6.261112786259687,8.541602509153334,0.2731283558167643
400,500,600,292,13.587915823676205,2.9647131331175576,-1.3027599999972461
400,500,600,483,9.469547280577203,21.799832952343895,0.7782824250118279
400,500,600,484,10.584239186905911,15.329487830473852,0.34332705930073226
400,500,600,494,10.32657971284813,9.821307929854527,-0.04563500375888507
400,500,600,495,9.86003177146749,8.64346476201353,-0.11880878085606827
400,500,600,515,11.768650889306254,8.447465248917126,-0.3012465396822228
400,500,600,516,11.089079277474458,10.57726519582408,-0.043259227927893384
400,500,600,517,11.144505902178146,18.19322225282899,0.45768033064962044
400,500,600,518,15.500946500510477,19.139943071151478,0.1992873177019816
400,500,600,525,10.882126583667278,23.12260552620964,0.708114086225414
400,500,600,535,7.312135874704523,7.299692333348369,-0.0014981546314749572
400,500,600,536,8.905258600630395,9.52192173553699,0.06039507720771775
400,500,600,537,9.761551926098285,12.686192489336184,0.24040770173721704
400,500,600,538,33.40331841955885,15.73506469165095,-0.7206468251059777
400,500,600,543,10.114270163141692,8.941594025293297,-0.11150251039579251
400,500,600,544,28.572308685376992,8.795844179319875,-1.1048801736730658
400,500,600,813,105.85813678775617,32.65209075470103,-1.1554269438216132
400,500,600,814,34.72854428142491,97.80245806399083,1.0171725546227353
400,500,600,815,35.12103340684648,88.10545185416417,0.9029451821252836
400,500,600,817,27.74975850630574,97.25783440413444,1.2289656196252206
400,500,600,818,27.468603823355156,96.63797606198563,1.2324646569235327
400,500,600,844,46.57058331842043,80.40395234895009,0.5372092537991375
400,500,600,845,42.16435733353078,61.674187716938576,0.37293459074457624
400,500,600,1243,18.145807981248176,13.20311649880127,-0.29862237501674915
400,500,600,1244,18.674492767654932,12.652034756253364,-0.36543443650606644
400,500,600,1296,5.120341344813579,22.41249191745207,1.3416518522813432
400,500,600,1301,21.47952783190349,7.273288083329164,-0.9995729991726634
400,500,600,1398,9.240676043127749,2.905353425333186,-0.9640193522254337
400,500,600,1410,6.881217596000263,7.933946599181336,0.1253758364624029
400,1000,200,0,9.587240530075565,14.736400419375977,0.3963269743510702
400,1000,200,1,7.507515527726728,14.876842131041043,0.6239116252250967
400,1000,200,2,7.048462437536356,15.012731489479883,0.6879030522773988
400,1000,200,3,6.941987329147899,15.30905723075996,0.7195570745361679
400,1000,200,4,7.072606063690121,15.455415369408943,0.7121782623700867
400,1000,200,5,7.3252374337368416,15.783902793992429,0.7011287040206993
400,1000,200,6,7.252225022836114,15.889004793310688,0.7161799425264612
400,1000,200,7,7.248085694203911,16.00089006118033,0.7232845628700475
400,1000,200,8,7.476179369998745,16.07213526557074,0.7001878154822747
400,1000,200,11,7.337519064284291,15.788421469741717,0.699923752763318
400,1000,200,12,11.79880755287594,14.786555196404647,0.20980663418980594
400,1000,200,13,10.56860822842771,15.900038833055254,0.37902067717673527
400,1000,200,17,6.800734523782669,14.340657091026344,0.6762887311827428
400,1000,200,19,6.427800825352711,13.720704972719027,0.6840251752257607
400,1000,200,20,6.754356443419094,13.720920138500642,0.6410148135905969
400,1000,200,21,7.713806324169556,13.533605246228927,0.5115548694905239
400,1000,200,22,8.601858482503362,13.234754346699225,0.3937297919229916
400,1000,200,23,8.758598016204628,13.014187879491043,0.3619214921892935
400,1000,200,24,8.59796398408573,9.657670333593712,0.10472886104937018
400,1000,200,25,7.197449330894101,10.763097086157309,0.361144216790533
400,1000,200,26,7.189749054944416,10.994436485816793,0.3815596591245942
400,1000,200,27,7.041834401761606,12.505397704374904,0.5184322188978268
400,1000,200,28,7.047451825199328,13.204995191231758,0.5682381789131239
400,1000,200,29,7.074880972410814,13.392194798542572,0.577927903011394
400,1000,200,30,7.081328003787342,13.662119949945584,0.5957110778440975
400,1000,200,31,7.046039030400043,13.909034995782037,0.6167874803127638
400,1000,200,32,6.916205596930893,13.970220717520197,0.6371509425833439
400,1000,200,33,6.937569815548167,14.11023432325018,0.6437651241506184
400,1000,200,34,6.979584753566877,14.245413960715783,0.6473923597255071
400,1000,200,35,7.067403845918369,14.320872830913386,0.6413844098100001
400,1000,200,36,7.8186981350319265,15.087354933828925,0.601159300173058
400,1000,200,39,10.862625614624655,17.921391624769264,0.46690036092484943
400,1000,200,40,11.50262739131186,18.85765125900604,0.46265057319304814
400,1000,200,41,12.536287425826506,20.209432613755606,0.4490719805191117
400,1000,200,42,13.060098241947196,21.097210788781645,0.45211051821198733
400,1000,200,43,12.788037848514993,21.20829805818654,0.476664611758447
400,1000,200,44,12.785345132147672,21.16442528586602,0.4748824580057378
400,1000,200,45,13.439656789739004,20.03890732538878,0.37639508815837663
400,1000,200,46,13.526026653570868,19.7639066244935,0.35727423889512355
400,1000,200,47,13.52658127382083,19.408053910554464,0.3399494599942581
400,1000,200,48,13.521353841750141,15.965064384942078,0.15553594855205155
400,1000,200,49,13.157872009076478,12.599453230384235,-0.04024120684164423
400,1000,200,50,9.913070077007507,13.66406769763914,0.29543896657923696
400,1000,200,51,12.289400758089275,19.152015323133853,0.41633751740403735
400,1000,200,52,13.251602030574684,19.409983625761978,0.35915485096210364
400,1000,200,53,13.36043840349385,19.603938527512565,0.3610051555316032
400,1000,200,54,13.465864926158975,19.984405321360615,0.37198782706019706
400,1000,200,55,13.368615169500677,19.981958046824765,0.3786166019306929
400,1000,200,56,13.12124009073395,19.92803059509205,0.3934093838636703
400,1000,200,57,12.691075884003665,19.74552985032236,0.4155865693126759
400,1000,200,58,12.11596789206878,19.671402108096473,0.4549207934102588
400,1000,200,59,11.290612895358196,19.443255251216236,0.5088172197512506
400,1000,200,61,14.637774946525086,8.696142957096875,-0.4779612850067796
400,1000,200,62,13.421437900763696,18.316125657531362,0.29222443073885307
400,1000,200,63,13.5091136060408,20.211721054656785,0.3797769322905715
400,1000,200,64,13.556240342914919,20.610146648571114,0.39514316542164973
400,1000,200,65,13.540765480027462,20.859209866221942,0.4076662196946672
400,1000,200,66,13.370063222391588,20.42873206322944,0.3995855416059171
400,1000,200,67,13.246209542561818,19.944841831227198,0.38540152842812336
400,1000,200,68,13.182088655567377,19.689935841399894,0.37766758466909023
400,1000,200,69,12.789902878793907,17.79713203129614,0.30976765776361326
400,1000,200,70,13.38320436083422,13.403668751486723,0.001421786521933921
400,1000,200,71,14.629167137494909,9.744528332754602,-0.37474222417364933
400,1000,200,72,10.068392329551802,18.242759709312388,0.553041362495323
400,1000,200,73,11.28599040546771,18.24902460067894,0.44900076754613094
400,1000,200,74,12.303615577013698,18.598824938957065,0.38743376616571457
400,1000,200,75,12.73994347995887,19.401065753546376,0.39527996906083196
400,1000,200,76,13.099486389476192,19.791622845945884,0.3884117873491495
400,1000,200,77,13.281073203001386,17.373458404867765,0.2519720368863756
400,1000,200,78,13.083575722419837,14.566394158956161,0.10010509395851086
400,1000,200,79,11.929982780289512,11.092621514941047,-0.06695338656851701
400,1000,200,81,6.33295368988719,9.705431465397949,0.3783728324749802
400,1000,200,82,2.8949591690698204,8.816230889714202,0.9243540325451416
400,1000,200,83,4.0246525848852,7.391421195663262,0.5128535835318084
400,1000,200,84,6.588894862192178,6.556571475246406,-0.004268397591882245
400,1000,200,85,5.091473581550915,6.121607988531476,0.15624352114515117
400,1000,200,86,1.9358415658571202,6.2297087457970575,0.9012046045236124
400,1000,200,87,3.3263519698571513,5.661097090360609,0.43155951354537403
400,1000,200,88,2.5103463029647743,7.084150506071913,0.8341907227161014
400,1000,200,89,2.6329761409678687,7.386570010256162,0.8365794321796118
400,1000,200,90,4.776052708548563,9.47427391753284,0.5952016206669772
400,1000,200,91,8.434181005631102,10.467263763041476,0.19515697551563127
400,1000,200,92,10.525398325914573,10.902327874924708,0.032180850541064565
400,1000,200,93,12.073685871050136,12.540598091881455,0.035090940824671346
400,1000,200,94,12.949972944455446,15.916010848542447,0.19278299212852534
400,1000,200,95,13.992883053241892,22.213575375542664,0.4371616276471584
400,1000,200,96,13.89407813311201,24.47621724373602,0.5367816666405592
400,1000,200,97,11.83403218684871,21.78057296707315,0.5738077026398143
400,1000,200,98,9.965736223211836,19.162082890214087,0.6090282331975678
400,1000,200,99,10.80073198510771,16.680505071253698,0.40430106199613913
400,1000,200,100,12.607389371835357,11.658558668800646,-0.07227942034386414
400,1000,200,101,16.773362909554695,16.464417454193477,-0.01753534805886625
400,1000,200,102,16.58605312320282,14.412067137695107,-0.131955368768351
400,1000,200,103,16.2443467643757,11.968979022588691,-0.28492408911173284
400,1000,200,104,16.96951295140573,8.498099545449858,-0.6375848662536745
400,1000,200,105,16.258242645570306,13.49101879443317,-0.17476079984085224
400,1000,200,106,16.202053379038567,13.661638865806038,-0.1597942773210379
400,1000,200,107,16.158310148260014,13.317052610722394,-0.1810312959276854
400,1000,200,108,16.27498160539874,13.69503275167208,-0.16174977621129116
400,1000,200,109,16.342978432424776,14.149841559458256,-0.1351976493989051
400,1000,200,110,16.44690197972431,14.597821526315316,-0.1120308371532337
400,1000,200,111,16.496864493205774,14.62622470441478,-0.1130711194260936
400,1000,200,112,16.462350910120815,14.532869209032848,-0.11708881405957383
400,1000,200,113,16.643658255783873,15.878320192836673,-0.04434644361874085
400,1000,200,114,16.614585404406178,16.72902771455135,0.006476005139747887
400,1000,200,115,16.56726041985355,16.61450954764049,0.0026860022243102577
400,1000,200,116,16.454194682780905,16.47680421319575,0.0012945254522831462
400,1000,200,117,16.200081127579885,16.189244189568612,-0.0006302501296575613
400,1000,200,118,15.882324698482554,16.152760933967862,0.01589194926841886
400,1000,200,119,15.814354397754212,16.01182979205099,0.011676022140735487
400,1000,200,120,15.037026527370381,15.482108361838492,0.027375244215209538
400,1000,200,121,14.033192670657868,15.129009495416378,0.07035888157410497
400,1000,200,122,13.30149534520457,14.917022312858784,0.10702502087881172
400,1000,200,123,12.405171585997065,14.864444855849563,0.16843986091564034
400,1000,200,124,11.044005167601545,14.99986799633819,0.28401343229724807
400,1000,200,125,9.670719677541092,15.2633393846383,0.421409945511404
400,1000,200,126,8.266096278713906,14.994909640554347,0.5459083466775199
400,1000,200,127,7.262328588170053,14.133374739771048,0.6051960932796012
400,1000,200,128,8.638706766489513,13.615400905784822,0.41628888253528773
400,1000,200,129,10.084537654384697,14.11205099818461,0.309941371798256
400,1000,200,130,6.822571072385762,14.314980302586292,0.6718181719767942
400,1000,200,131,7.7227577602436766,14.465593037326409,0.5726823076337246
400,1000,200,132,8.975091683542056,14.962899939485512,0.4701761219189251
400,1000,200,133,10.531449715468128,15.27336574144278,0.3444517071909381
400,1000,200,134,13.524967802762836,15.062204512438061,0.10059988031516198
400,1000,200,135,15.4230220420553,14.531903870514135,-0.055787910774506067
400,1000,200,136,16.868890026866097,14.092001212658396,-0.16889633101548096
400,1000,200,137,17.197274729452687,14.748515266486645,-0.14452575069705187
400,1000,200,138,17.225703707905126,15.322155968483042,-0.11030944265732812
400,1000,200,139,16.98670193786226,15.933862768274244,-0.06031737236242751
400,1000,200,140,15.819547069484178,15.09670913686484,-0.04392687642910609
400,1000,200,141,13.795620861494534,12.178787145732304,-0.11572274673658889
400,1000,200,142,10.164152121673158,10.54789962806379,0.033795628375293596
400,1000,200,145,6.625004911898164,19.966696314691692,1.0115023224158994
400,1000,200,146,7.806726730587372,18.55876052494826,0.7979074640721953
400,1000,200,147,8.973287452356692,15.028021965708259,0.47442829916914286
400,1000,200,148,8.958108087586723,12.808754524762769,0.3269156743698778
400,1000,200,150,9.230674104649834,16.77529857705517,0.5524193004569584
400,1000,200,151,8.651829168902458,18.587230235744002,0.7077303867515776
400,1000,200,152,6.386375951648093,17.91114993069868,0.9401144758304598
400,1000,200,153,4.339187072883066,14.030178267267013,1.0349866566165817
400,1000,200,154,4.626435268083423,9.363158916661327,0.6107810307765285
400,1000,200,155,6.526491283645284,7.963275605581597,0.17470677292944803
400,1000,200,156,9.366247228145713,9.935332012103444,0.0534439466090304
400,1000,200,157,12.457543486426214,13.809993330966067,0.0957623751360619
400,1000,200,158,14.067556484420455,16.386244762524374,0.14313550757010818
400,1000,200,159,14.381261868387032,17.226971988759,0.16975246767142815
400,1000,200,160,13.37212238350894,16.39755727366329,0.19103942516674044
400,1000,200,161,10.59495123803515,12.860722248937602,0.17848933744871331
400,1000,200,162,7.944177825944173,8.903625554042364,0.10189810931480103
400,1000,200,163,5.260390253150834,7.771792451223766,0.33729864597670134
400,1000,200,164,4.994369506963773,9.007846237792203,0.5125487959824189
400,1000,200,167,7.9721688471758725,9.545706100407747,0.16159133654521707
400,1000,200,168,8.64512095804251,8.575221064185394,-0.007273564845586833
400,1000,200,169,15.937912181490011,15.022394729653776,-0.05556701956503618
400,1000,200,170,16.80850910840423,15.919987594149958,-0.05118076189986587
400,1000,200,171,15.932606452003709,16.338103555436415,0.023665458240462733
400,1000,200,172,13.974667007152046,15.559952969334187,0.10062740176692309
400,1000,200,173,9.43122678273602,11.818091136344227,0.20605366040094752
400,1000,200,178,11.53286452426119,18.199909816002922,0.4265512258905284
400,1000,200,179,17.510173817786715,16.368048653514272,-0.06368828311849839
400,1000,200,180,15.929176747118015,23.465599030796934,0.3682294415624967
400,1000,200,181,12.211952576343325,24.020654435344287,0.6385797431013072
400,1000,200,182,11.972958584601214,24.132949850637218,0.6613126461437502
400,1000,200,183,11.421076640482216,23.960728056878335,0.6979089532437874
400,1000,200,187,5.499810609412075,13.077213454787293,0.7727843836392672
400,1000,200,188,5.582117793087079,10.47954955827941,0.5562106064315604
400,1000,200,189,7.680937714879255,12.455564097194118,0.43826315352110745
400,1000,200,190,10.376220351921079,15.070292922480347,0.3454471647233186
400,1000,200,191,12.09288756663169,16.240108924839358,0.27516943444147524
400,1000,200,192,13.087331459236157,16.797120811294416,0.23376077659786176
400,1000,200,193,13.871870451183641,17.167242671589403,0.2001485797311835
400,1000,200,194,14.290846027305403,17.220756704565144,0.17530707202698936
400,1000,200,195,14.179766305689043,17.07667583395005,0.17465910235140214
400,1000,200,196,13.463823033922036,15.275177884857868,0.11799054933859976
400,1000,200,197,10.153377678956568,7.859884386178521,-0.23020866731216394
400,1000,200,199,13.903094495803112,5.593046453586165,-0.8155533496687009
400,1000,200,200,13.071047129404034,9.6484917493348,-0.2787010288546341
400,1000,200,201,15.306731224072541,15.656060086159467,0.021196138243593232
400,1000,200,202,15.691691239199901,16.585805098119742,0.05218098308260677
400,1000,200,203,15.381011395036941,16.854628183966106,0.08613993438529821
400,1000,200,204,12.775377194660368,16.531850057369237,0.2411364927919788
400,1000,200,205,10.958729806155779,15.745601806767445,0.3366741057069875
400,1000,200,206,8.962501300509443,14.423145445473484,0.4370411574670765
400,1000,200,207,7.523665537990064,13.00841960618834,0.4968120735049619
400,1000,200,208,7.279367423448966,12.734265921910495,0.5061273049725301
400,1000,200,209,8.620796356084377,14.238107292716276,0.45987230660535694
400,1000,200,210,10.814831510924224,16.30902399549457,0.381872333815068
400,1000,200,211,12.823421447518577,17.895040351617794,0.3125351124924345
400,1000,200,212,15.69816385719625,19.56403765081043,0.20824504039344527
400,1000,200,213,18.555824166016986,20.80965945384677,0.1090798125011152
400,1000,200,214,19.12425094553075,21.171121884829056,0.09686502356989068
400,1000,200,215,19.06835634960902,21.29594651157019,0.105260627591516
400,1000,200,216,16.98423200909718,21.55306994898053,0.2263758218371108
400,1000,200,217,22.838576732585597,15.382563397562178,-0.3750875778421876
400,1000,200,218,22.913770600739795,20.53306134147443,-0.10486497793531901
400,1000,200,219,20.16522336488415,20.39402354054735,0.010752181797540228
400,1000,200,220,17.962714949178665,19.35910642057891,0.07105362165182827
400,1000,200,221,15.767423938543551,17.508973823778362,0.09881773329234012
400,1000,200,222,14.36760113756105,16.241621415644808,0.11506483940403278
400,1000,200,223,13.113460169744048,15.0981010028221,0.13157235090846875
400,1000,200,224,11.648237335663746,13.48175979997094,0.13537204830976668
400,1000,200,225,9.017917267088709,12.02067170641614,0.2621630093288667
400,1000,200,226,7.2140494542331455,12.637541942022162,0.5069803904054626
400,1000,200,227,6.2153665870317925,13.92480514107381,0.7268116033704701
400,1000,200,228,9.371879729677552,16.608495637785786,0.5292832203350963
400,1000,200,229,10.118990179829114,17.137737120179736,0.48934021806892725
400,1000,200,230,11.007265366196357,17.31934341267287,0.4224456049222862
400,1000,200,231,15.761717296300885,12.170419818984989,-0.24112416162140082
400,1000,200,232,11.50485969911357,16.799106329478814,0.35303090514504865
400,1000,200,233,11.732394762819814,17.3020097187841,0.3628613600145769
400,1000,200,234,10.893568261463827,17.279036979463008,0.4297571112152627
400,1000,200,235,9.340948405246397,16.94632273489326,0.5512736455299683
400,1000,200,236,8.733624715497259,14.163561918846769,0.4433089510039254
400,1000,200,237,10.418858217727923,12.877334593685832,0.1949906861879942
400,1000,200,238,11.991650736102294,12.828576305080734,0.062430297806376434
400,1000,200,239,14.410058014641395,13.043380116069349,-0.09286929543474631
400,1000,200,240,18.608186622002297,13.51222031603986,-0.30095608892342884
400,1000,200,241,23.740805664577024,13.350287696114579,-0.5446839411815207
400,1000,200,242,25.124779216423967,11.331036085001884,-0.7507649159545804
400,1000,200,243,23.05094729097266,10.18935468399517,-0.7652115325037872
400,1000,200,244,20.381941240850303,10.039631898733047,-0.6610550007344052
400,1000,200,245,19.865775867339963,10.146395540578336,-0.6269941227232558
400,1000,200,246,18.688029230578085,10.158116930657838,-0.5678435888737297
400,1000,200,275,17.281510563779193,16.385161509500044,-0.05027314181137399
400,1000,200,276,20.283846473293366,17.090564802841072,-0.1625578827168095
400,1000,200,277,21.324184924931295,17.230124122780108,-0.20259521919730217
400,1000,200,279,16.612759944667292,17.378881986393267,0.042578651134367984
400,1000,200,303,12.274460659057551,23.413594728381952,0.6092982001587872
400,1000,200,410,7.250342152424417,13.623666568757407,0.5723865416676794
400,1000,200,411,8.01560827020337,14.335148433537702,0.5311901494133537
400,1000,200,412,8.169264679707654,14.358868285629645,0.5158359502309469
400,1000,200,413,8.403754345343433,13.993707281690183,0.4665215905489508
400,1000,200,414,8.71557358402047,13.029947744440959,0.36746404738953453
400,1000,200,415,8.738275227158754,12.653927588044105,0.3379631950577848
400,1000,200,416,8.529423626337952,12.423459361576189,0.3426196389808087
400,1000,200,417,8.2864378545541,11.980703204244634,0.33490884518771136
400,1000,200,418,8.536582773333274,11.964549723458166,0.30708346679511944
400,1000,200,419,8.854209006224105,12.865296022001768,0.34149035495696145
400,1000,200,420,8.928191636853159,13.199524987603779,0.3578301620899875
400,1000,200,421,8.565535213786172,13.184766517731665,0.39400205155793655
400,1000,200,422,8.014188460776243,12.850737155707765,0.42953862384254604
400,1000,200,423,7.813816109193228,12.689435575648186,0.44030390678702025
400,1000,200,424,7.167019884413052,10.615359510275583,0.35222423888416277
400,1000,200,427,7.254108580058809,6.861327943264648,-0.04875554438949514
400,1000,200,428,7.4877136731716964,9.351671733785171,0.1985283592306306
400,1000,200,429,7.854755248820006,12.026550667335595,0.3860350027395323
400,1000,200,430,8.399537155237395,13.325161383192492,0.42135707912059583
400,1000,200,431,8.503495518277623,13.896877073388026,0.4494919183716575
400,1000,200,432,8.948247883078972,14.9872854835516,0.4743973055427011
400,1000,200,433,8.942707750118904,14.887599488135098,0.4686995054939045
400,1000,200,434,8.861684492028479,15.213709974099524,0.49720018403099164
400,1000,200,435,8.459940794482344,14.732004402976875,0.508631009910645
400,1000,200,436,8.265189370691447,14.56855697284982,0.5189890026890294
400,1000,200,437,8.352338707858165,14.931848073696168,0.5326936881460753
400,1000,200,438,8.055004133006165,14.762709367186652,0.5543294360469133
400,1000,200,439,7.859803814826439,14.809091123313049,0.5790605405367124
400,1000,200,440,7.869659083097833,14.610331429982189,0.5652966054460791
400,1000,200,441,8.06441475097345,14.486844858183485,0.5356346640028438
400,1000,200,442,8.94690366528675,14.74877768785879,0.4595014418173671
400,1000,200,443,7.2047356111923575,13.892416954669125,0.5961406530526747
400,1000,200,444,7.852140766184256,14.538983520380109,0.5626926080190073
400,1000,200,445,8.00631756835817,14.379522188035779,0.535110613374187
400,1000,200,446,9.796064961682433,14.24384175335692,0.34499388970754064
400,1000,200,447,7.896969094341957,12.783695054241958,0.4377757082723246
400,1000,200,448,7.47730606386718,13.052339042616124,0.5053961436402892
400,1000,200,449,7.626388418348028,14.886590637957877,0.610649471295555
400,1000,200,450,7.6261515848244015,14.778046282484713,0.6038210269382978
400,1000,200,451,7.367865286668798,14.78026355626672,0.6343612086327584
400,1000,200,452,7.148291778310038,15.539233494706425,0.7079270384702023
400,1000,200,453,7.377104682924214,16.929779349890566,0.7609606297814762
400,1000,200,454,8.129167386420855,20.6452324457237,0.863310724744812
400,1000,200,482,10.378681511137106,28.37393158332068,0.9483660383666206
400,1000,200,483,10.570579976016013,27.578621492729496,0.9041932705320472
400,1000,200,484,9.654888084286632,29.33399213005373,1.046250174277104
400,1000,200,485,9.570478749727323,29.185493152106222,1.0492963576560852
400,1000,200,486,9.781675507548206,29.59033053080728,1.0428359824763058
400,1000,200,493,9.205100858330134,15.750590493297167,0.49554583154103327
400,1000,200,497,7.9176029433616515,9.080095168240405,0.12253552173703719
400,1000,200,498,13.727000436298232,20.164367885898173,0.3626364341471189
400,1000,200,511,34.11132584893529,15.710647678425547,-0.7424776503968076
400,1000,200,515,27.122085693798805,5.900440637578888,-1.4049699652967447
400,1000,200,519,27.046075530990382,10.85255381901001,-0.8613053558973314
400,1000,200,520,28.357697349730714,12.794691782242284,-0.7552709078236441
400,1000,200,524,34.494876742162425,26.179571865097902,-0.26692271218151653
400,1000,200,525,21.723392626057272,31.571469075043737,0.36004181739508123
400,1000,200,529,25.0557756179708,14.580889670588988,-0.5141943142190346
400,1000,200,532,7.39817672152304,4.3578426219461495,-0.44945322717353053
400,1000,200,533,5.6111225944728185,5.8287165036715,0.032383263331022594
400,1000,200,534,5.0130304983547935,7.138863284209894,0.30272166047440674
400,1000,200,536,4.9457447027945705,8.089722741251997,0.4244686185155031
400,1000,200,537,6.831081891336699,7.706491601100921,0.10596823542459877
400,1000,200,544,12.043737006651856,36.59934122758493,1.058678433992469
400,1000,200,551,8.179258594137453,10.494126699003688,0.22488974487559998
400,1000,200,552,9.747793982924271,12.000888436617956,0.19031717378041213
400,1000,200,553,11.05645017798219,14.231910309757167,0.2337927885512956
400,1000,200,554,10.357676957256862,14.984129687188219,0.34170243625390917
400,1000,200,555,11.371785920183516,13.213513184304219,0.13877459369016343
400,1000,200,556,12.716467651801842,12.357663851420012,-0.026506837970271757
400,1000,200,557,13.843746401886996,12.114945776266142,-0.1238261800075886
400,1000,200,558,14.729810330357056,9.292707594096154,-0.42412201525731597
400,1000,200,559,14.538385420864824,9.07684404869916,-0.4330733180570965
400,1000,200,560,13.720322613189639,10.580130244859474,-0.23993831023867962
400,1000,200,561,13.556239877426485,12.126641858828116,-0.10337586457943182
400,1000,200,562,13.611329471064453,11.823959242953935,-0.13048198184053428
400,1000,200,563,13.845813357375125,11.953239982073827,-0.13637194818426268
400,1000,200,564,14.229888527697693,14.435385007626689,0.013402753825715763
400,1000,200,565,14.922659395718378,15.441585030105884,0.032070584068959906
400,1000,200,566,16.04315536907473,17.57349142026839,0.08598669320771357
400,1000,200,567,18.220822413598498,18.326121329869363,0.005463425525714438
400,1000,200,568,19.27142064659961,18.071999641083497,-0.06099077211080628
400,1000,200,569,19.649659840690187,18.04571593331061,-0.08085665577388523
400,1000,200,570,20.464992536561624,17.544022701526746,-0.14627584317917242
400,1000,200,571,21.062923290555926,17.079556534147724,-0.19911669379901387
400,1000,200,572,21.185644385789573,16.959215729782475,-0.2113420361078182
400,1000,200,573,21.26695040518689,16.821881154425338,-0.22267655384866414
400,1000,200,574,21.22809568124272,16.599134952770704,-0.23350730951972354
400,1000,200,575,21.32615794702578,16.365398575274146,-0.25127935441840643
400,1000,200,576,21.590087947243145,16.391131641783343,-0.26155082313385547
400,1000,200,577,21.651978518555232,16.645606725294673,-0.2497603582789818
400,1000,200,578,21.699325974197112,16.589648896444004,-0.25502463313643764
400,1000,200,579,21.709934208425462,16.617228100543183,-0.2539251664692812
400,1000,200,580,21.761155289482037,16.857019124446623,-0.24265870842123327
400,1000,200,581,21.79521818237459,16.81100792218212,-0.24673409637291677
400,1000,200,582,21.796854002358984,16.733905846369318,-0.25114415235922616
400,1000,200,583,21.556216382380853,16.80903603133115,-0.2363047283164823
400,1000,200,584,21.483250542976226,16.894447942990702,-0.22828011772865864
400,1000,200,585,21.42871476568249,16.816272146979035,-0.23022984183537654
400,1000,200,586,21.224503945404717,16.83878920924005,-0.21982020607263975
400,1000,200,588,20.69548878221784,16.80589611469099,-0.19757470386611198
400,1000,200,589,20.231869885240332,16.446414423684676,-0.19636919895020855
400,1000,200,590,19.428255643040377,15.621865187850226,-0.20620001441921687
400,1000,200,591,19.467903386963346,15.476400411336304,-0.21692889175090313
400,1000,200,592,19.292164390836522,14.523079689643959,-0.2679068922542016
400,1000,200,593,19.241186572624652,12.71863126383911,-0.3889646126202386
400,1000,200,594,18.599651896238093,2.985566574382038,-1.5928323267883642
400,1000,200,595,13.400476139445521,15.777265851272867,0.15276347556282532
400,1000,200,596,17.289624206141468,15.874101980107309,-0.08055389643168942
400,1000,200,597,19.215089792250936,16.077115324230075,-0.16869006287283428
400,1000,200,598,19.075968152661755,16.07112520484268,-0.16213503372187343
400,1000,200,599,21.12948611758218,16.298613523713612,-0.24628457756291722
400,1000,200,601,22.207876512760954,16.089197317626603,-0.306045197845759
400,1000,200,602,16.081905824763425,13.036519124250017,-0.19635732214588097
400,1000,200,603,13.353287343012449,12.665875690434028,-0.04907709905525648
400,1000,200,604,17.07946618163105,14.341338035753687,-0.16422581176338324
400,1000,200,605,19.119560382971937,16.49867113253588,-0.1395675524773683
400,1000,200,606,18.08077565679714,16.752122544914215,-0.07217622929832812
400,1000,200,607,16.605454591506653,16.442879477430623,-0.009277261497897094
400,1000,200,608,14.98645289304603,16.109541197377403,0.06789460325589003
400,1000,200,609,12.984971407132269,15.258787894606455,0.1506502740003146
400,1000,200,610,11.797550609120151,14.810761241550432,0.21143700548123734
400,1000,200,611,9.174412360589653,12.594951468394804,0.28982253186337603
400,1000,200,612,6.815316344225741,10.678006787460898,0.40162186891716445
400,1000,200,613,6.383500645269165,9.926406365675577,0.39193459349530646
400,1000,200,614,5.664783935096087,9.028681462075841,0.4086115986529695
400,1000,200,615,5.16843328636613,6.873140568407792,0.24401215727484304
400,1000,200,616,5.340034103625484,6.58814672788657,0.1797032411631132
400,1000,200,617,6.3896551590577,5.51800163390472,-0.12551323959453686
400,1000,200,618,7.084129997480531,5.204388568828516,-0.26464600491140877
400,1000,200,619,7.768879880806295,4.544151700530319,-0.458465452016368
400,1000,200,620,8.62366409392857,4.411960264157518,-0.5756137069966971
400,1000,200,621,11.397619242381388,4.323802015895702,-0.8453167448507095
400,1000,200,622,15.20147474022117,6.8646440264191835,-0.7227249964240849
400,1000,200,623,11.657337999739404,5.5697300248422,-0.6557643864805456
400,1000,200,624,12.271840777466789,5.701502123775259,-0.6833128570937654
400,1000,200,625,16.949546770500664,6.831825256713328,-0.8293692715332384
400,1000,200,626,16.998843788622167,6.928033912299812,-0.8199024473138077
400,1000,200,636,28.835511406422743,18.42179801351794,-0.4293032977468303
400,1000,200,637,32.352627936726876,20.932543183195765,-0.41916504402765
400,1000,200,638,33.02150339789777,21.21867430504444,-0.4260596573890738
400,1000,200,639,34.1921985508807,23.71042766927474,-0.3535990985735995
400,1000,200,640,33.87861895867224,22.200358392578757,-0.4077062776732223
400,1000,200,641,33.394794772411906,16.553780250837438,-0.6726359125496755
400,1000,200,642,36.348325616664624,16.27445347512111,-0.7710593486315438
400,1000,200,643,36.745599704372694,16.776101985624315,-0.7530139346324205
400,1000,200,644,36.1327715827466,15.819791189476984,-0.7919436707284166
400,1000,200,645,37.62421968333599,17.99602575833963,-0.7096497459671474
400,1000,200,646,40.458361227723664,21.677519354041014,-0.6033154826864848
400,1000,200,647,41.97489182252718,22.678106187993276,-0.5960652023986457
400,1000,200,648,45.141846846869555,26.891676283851353,-0.503391975733992
400,1000,200,649,47.51495602750838,29.321967409069657,-0.46999967527690734
400,1000,200,650,49.103996956754855,29.74097942073202,-0.48850418543949736
400,1000,200,651,49.5841637247891,33.23313898155944,-0.3904444064590229
400,1000,200,652,46.09795606476875,40.27016514409473,-0.13208975911874266
400,1000,200,653,45.012435704738046,42.65648476824321,-0.05255986726319506
400,1000,200,654,37.054725154675005,73.036717563452,0.6655358940609188
400,1000,200,655,82.15145030244372,33.79744080713871,-0.8711198034370766
400,1000,200,656,68.35737076379927,28.641201151228934,-0.8501071003803484
400,1000,200,657,59.488784296823404,27.63068324365611,-0.7479789808967752
400,1000,200,658,52.2215307752458,26.76563189301843,-0.6506640352412356
400,1000,200,659,48.92790313782719,26.012413493784603,-0.6142835082161611
400,1000,200,660,43.444414196521414,23.54510303323419,-0.5937269239640397
400,1000,200,661,35.7242099181021,21.964624447782306,-0.46948124396498025
400,1000,200,662,29.84488579218392,25.69294327976403,-0.14457172618282543
400,1000,200,663,46.851703199691734,17.75135847084673,-0.9368405102549939
400,1000,200,664,43.88087809601094,17.160382567732107,-0.9047693869858557
400,1000,200,665,48.26265441288354,17.51786064445932,-0.9784305704199978
400,1000,200,666,56.30186139973157,24.69587575629295,-0.8020026057395495
400,1000,200,667,58.80398369588991,24.561165926049956,-0.8499980319967384
400,1000,200,668,65.99062488284001,29.05477171723086,-0.8015312415167362
400,1000,200,669,70.21636361474624,33.15728009609591,-0.7347468747910728
400,1000,200,670,72.71549745160809,34.99860396217862,-0.7167328957123309
400,1000,200,671,76.06791714317858,36.752380412982994,-0.7136385429002021
400,1000,200,672,76.93699780236636,38.375300187145,-0.6827620589079144
400,1000,200,673,80.84093966860011,40.94960100938271,-0.66830868158545
400,1000,200,674,77.45954298286904,46.037956511420916,-0.5116282547842368
400,1000,200,675,84.0703723307951,36.967328647933094,-0.8067528062488458
400,1000,200,676,75.58652669666795,39.02394730978555,-0.6489432118678247
400,1000,200,677,71.61379642157593,43.76702171980701,-0.4836831911076116
400,1000,200,678,71.3235534865476,43.802168988227955,-0.47889329731141483
400,1000,200,679,84.62643023022311,32.342804885247645,-0.943151996346129
400,1000,200,680,82.69034805647121,35.56747296941634,-0.8279645263318871
400,1000,200,681,83.64052582565577,36.75365895690058,-0.8073307835780015
400,1000,200,682,84.05370606802835,38.567786107330924,-0.7652675879942015
400,1000,200,683,83.98332281581155,38.609967239038916,-0.7633742505278835
400,1000,200,684,82.95387750964753,39.282858700631245,-0.7343415347262936
400,1000,200,685,79.99274583435492,39.16583362168346,-0.7013428687229566
400,1000,200,686,78.74168531266909,39.95296446564957,-0.6663682768248611
400,1000,200,717,38.032489635614944,79.05654557783603,0.7183388378161002
400,1000,200,729,46.71100187404098,89.43618680698894,0.6394824652844999
400,1000,200,730,47.5923069775886,87.64887522590035,0.6012181188979877
400,1000,200,731,47.89293331626675,85.75221059459268,0.5734230277826735
400,1000,200,732,48.037281858487695,84.2723746139445,0.5532696774793204
400,1000,200,735,46.639880845026106,83.16201811490934,0.5690734848741186
400,1000,200,736,45.61936774642758,85.42914963823871,0.6173089273194008
400,1000,200,737,45.133973571574806,85.94183424917381,0.6336896907964591
400,1000,200,738,44.49832078591356,86.40975531941093,0.6529314738879108
400,1000,200,739,44.2985793790869,88.52368375763922,0.6812275415525173
400,1000,200,740,43.80150840476544,87.85788903376513,0.684796532531355
400,1000,200,741,44.02569211317078,86.23421312982649,0.661363343674426
400,1000,200,742,43.281576055082944,86.4297437538894,0.6802668421765872
400,1000,200,743,42.942759849043405,87.212124716329,0.6968565475286974
400,1000,200,744,43.08805700754041,87.30929879602024,0.6946564815735625
400,1000,200,745,43.3060004562098,87.2666638383982,0.6892423849951479
400,1000,200,746,43.34014082106173,86.69615447883146,0.6819876697082852
400,1000,200,747,43.345742108407435,86.23929673741566,0.6766381824890004
400,1000,200,748,43.58943566511016,85.16743448164573,0.6587953535798516
400,1000,200,749,43.85322937765933,84.13448396725234,0.6408365806337466
400,1000,200,750,42.28928430012975,84.74288832694528,0.6834480190103305
400,1000,200,751,41.64309370397095,89.739341490236,0.7551256858451025
400,1000,200,752,41.33213219949624,92.04639249261662,0.7875517886308705
400,1000,200,753,41.22485601331026,93.71640159888284,0.807878127836084
400,1000,200,754,41.480910125255875,94.84884518938033,0.8137176198182909
400,1000,200,755,42.25744104521223,93.61035580233182,0.7825976735681617
400,1000,200,756,42.87216242159764,91.9753866441753,0.75105479284169
400,1000,200,757,45.48833835627744,82.58090140455265,0.5866135487891597
400,1000,200,758,53.026780238196366,66.10617794402374,0.21679625647175316
400,1000,200,759,60.33931095567736,56.924753765182714,-0.05727610604107358
400,1000,200,760,67.22939934365631,52.220762344533995,-0.24842695753696997
400,1000,200,765,83.95357654324907,35.72253134091174,-0.8387144493011887
400,1000,200,766,82.68220057351009,34.60641157942755,-0.8545005752678789
400,1000,200,767,78.94017419437014,31.968548180151362,-0.8857245108029361
400,1000,200,768,77.80038472578215,29.784544368367598,-0.9399051213479757
400,1000,200,769,77.97241591811509,28.47187934553221,-0.9856620597041896
400,1000,200,770,80.26175477088793,27.81642023052528,-1.036730113285643
400,1000,200,771,70.91499919750878,21.97502219885024,-1.1410772204380448
400,1000,200,772,61.27997715247055,35.60694945104696,-0.5314018820190665
400,1000,200,773,75.68482520536956,32.91518000100232,-0.8158411409156283
400,1000,200,774,81.711778602409,36.67810369967071,-0.786282895552143
400,1000,200,775,85.1887259876906,37.58872060230857,-0.8035793587171054
400,1000,200,776,85.3707826647447,37.577724897151654,-0.8059744203218351
400,1000,200,777,84.69692680599199,37.58799512946783,-0.7978757439645379
400,1000,200,778,85.75298991856926,41.41462353614942,-0.7155716866572344
400,1000,200,779,85.56457438434609,42.07936401703599,-0.6978465707579433
400,1000,200,780,84.01214273142648,41.11365406036049,-0.7024220893706161
400,1000,200,781,82.31911801578408,40.16357528355724,-0.7051242605788155
400,1000,200,782,83.2335669501736,41.732647823940574,-0.6786302850426886
400,1000,200,783,86.11995883376676,49.107221483442814,-0.5531208670117236
400,1000,200,784,86.75063659591902,50.61482563187297,-0.5306901673073812
400,1000,200,785,84.54872748246788,50.21290778852768,-0.5130945201631949
400,1000,200,786,87.51012553140583,53.266138966918724,-0.4892165175972667
400,1000,200,789,92.2882116216925,52.16191243382629,-0.5623515424414434
400,1000,200,790,90.88180889292234,48.87322589496108,-0.6110187616371014
400,1000,200,792,81.80974903800858,43.17096810009257,-0.6284780535036338
400,1000,200,793,75.59092999744958,42.13260099690845,-0.5741995475706303
400,1000,200,794,74.80534155003487,42.79621575590011,-0.5486213437805896
400,1000,200,795,60.78033504230061,41.929525102880056,-0.36402529057914457
400,1000,200,797,60.45307736230331,35.37303868103512,-0.5244461092680619
400,1000,200,798,72.71189789800987,42.517876799107924,-0.5269924084727649
400,1000,200,799,76.26345834552043,43.45792998106088,-0.5526777703469334
400,1000,200,800,78.56995277994652,44.2857492721468,-0.5636441465561233
400,1000,200,801,78.99066354766984,47.00754244184124,-0.5105517894404894
400,1000,200,802,82.92587923013399,49.99563069044,-0.49819406287279966
400,1000,200,807,47.43997750832255,35.76834997352541,-0.27568803431635436
400,1000,200,808,34.02396404213957,31.947925100848828,-0.06110422629346246
400,1000,200,810,13.657300410683503,21.679830594706313,0.43653747657195696
400,1000,200,811,8.191388114113034,18.314404682778548,0.7425842030352157
400,1000,200,814,4.307394553589876,20.948625655416215,1.4196034780882951
400,1000,200,815,8.875306121296783,21.920858685482997,0.8420100456756745
400,1000,200,816,17.4105231648431,24.651606249942326,0.3316837792173515
400,1000,200,817,30.72586558347394,27.493430796527356,-0.10745873484498825
400,1000,200,818,34.65527825956307,27.80848213090134,-0.2132273314586559
400,1000,200,819,42.503981996010474,27.977217231905072,-0.4063425655050925
400,1000,200,820,47.4631263146822,26.92794114486209,-0.5511755641985694
400,1000,200,821,48.68828875469121,25.583232919785445,-0.6254885909192418
400,1000,200,822,10.744138250566756,43.85268775579546,1.3400292705548704
400,1000,200,823,9.49280837605871,39.792788281170324,1.3578152020370258
400,1000,200,824,22.842031272285233,32.04327742929182,0.32636809659316635
400,1000,200,825,20.94070761952588,30.05075227699734,0.34727932919640514
400,1000,200,826,14.682946691318266,28.327272412190865,0.6259439581406112
400,1000,200,829,9.378728949127476,21.95616206413119,0.7938279816680271
400,1000,200,838,5.689389941409229,25.862058118044803,1.390192131705829
400,1000,200,839,6.128229144795854,25.782074614806913,1.3236699692860123
400,1000,200,840,4.47299995646608,26.887139565245942,1.628338730868673
400,1000,200,841,15.323563754651543,28.510373882634614,0.5921321655507681
400,1000,200,842,19.013366133033454,28.53032937178523,0.38901749250782025
400,1000,200,843,22.01596512528355,28.418576819866775,0.2454382284133989
400,1000,200,844,14.817152832542638,55.67951619767333,1.2763179056223355
400,1000,200,845,11.162234388608761,51.96310719862635,1.471259971855173
400,1000,200,846,6.348487152669509,31.632100279617113,1.4908020125857657
400,1000,200,847,6.110032735056202,29.959973987338476,1.47118836062771
400,1000,200,848,4.980573130457588,29.729522966886197,1.636707448069703
400,1000,200,849,7.637862899637614,28.716071301116834,1.235532818064038
400,1000,200,854,17.34137352555814,16.304932502338197,-0.05816777975829046
400,1000,200,855,17.231951908715644,15.863379911302953,-0.07803125248194043
400,1000,200,1005,8.899062344895563,21.265362280964364,0.8105921699441851
400,1000,200,1006,8.197396636880333,22.92078042616007,0.955827085303818
400,1000,200,1016,7.162276954749996,21.785662482097045,1.0266083310297218
400,1000,200,1017,7.4028254919851255,21.650937095365194,0.9916332065533444
400,1000,200,1018,7.850523766773829,21.34374250643819,0.9260696645631117
400,1000,200,1023,7.144329855891716,19.582727148697522,0.9271302742189982
400,1000,200,1024,7.019961903796516,21.234961661554927,1.0197322280055015
400,1000,200,1143,3.916228476793082,4.805710189159761,0.16630028182546241
400,1000,200,1209,7.666026592820508,4.184866177212264,-0.5136663602052713
400,1000,200,1210,8.51601716368999,4.86831304987214,-0.48340918859882587
400,1000,200,1211,9.119631601670749,5.524542670060272,-0.4389063983269874
400,1000,200,1212,9.533751029554422,6.148985938534445,-0.38761396597391506
400,1000,200,1218,8.472566053594635,11.730950565454739,0.29563624398445976
400,1000,200,1219,8.628123692308925,13.40244566094757,0.4027096627440159
400,1000,200,1221,12.38477824890101,10.381600208526171,-0.16212007502414183
400,1000,200,1222,16.640020169556,4.894045859042589,-1.0962275290600338
400,1000,200,1223,19.740570110097217,3.684770427498527,-1.487774777967827
400,1000,200,1229,23.569645135326525,21.06968125875334,-0.10730696554353614
400,1000,200,1232,23.090209850686268,14.925438044128008,-0.4138878199252023
400,1000,200,1245,23.206640444454866,5.809656420090516,-1.2682853274275525
400,1000,200,1246,24.870431466798422,8.043616568580966,-1.051041517030674
400,1000,200,1247,24.92391627709309,8.184541305346128,-1.0376441731258632
400,1000,200,1248,25.007025290179033,8.069120636215619,-1.0534913985729264
400,1000,200,1249,25.101263762658785,7.873138544269784,-1.0789551613097488
400,1000,200,1250,25.16967934363365,7.629516466857815,-1.109412989451609
400,1000,200,1251,25.192731378077646,7.34739318932195,-1.143532646734207
400,1000,200,1261,18.031147246529713,12.710704885115433,-0.3279000595060415
400,1000,200,1263,20.67924638948112,15.02835047733119,-0.30199635623295507
400,1000,200,1269,26.86458368457681,15.067228255541147,-0.5505747950256774
400,1000,200,1272,27.151983197700872,15.165161592874533,-0.5547593955834604
400,1000,200,1273,32.283616141781366,15.195060730581549,-0.7203589655815685
400,1000,200,1311,19.10292091631186,2.4842991679323507,-1.7525981993264528
400,1000,200,1317,6.485970521905121,13.995221975717708,0.6947009436956808
400,1000,200,1318,6.455054548806687,15.105156533117583,0.7702472370047087
400,1000,200,1323,7.2962924398920865,11.23739430153718,0.38868764954368595
400,1000,200,1330,6.8495763684753515,14.636185727396438,0.6891282615124963
400,1000,200,1339,12.522316532210626,18.622451208980586,0.37233298345495625
400,1000,200,1340,11.454703627570932,19.230934829223578,0.48511450718460347
400,1000,200,1343,12.934718036393054,18.44781460120888,0.3333512773895486
400,1000,200,1344,11.557410140246386,18.135620284850855,0.42124059384427426
400,1000,200,1345,11.763759639655856,18.902365337370426,0.4442287087171164
400,1000,200,1346,12.16115869364607,19.2885065038031,0.432784574976544
400,1000,200,1347,11.901715477717328,18.721717336081017,0.4243601460959012
400,1000,200,1349,13.37347713561248,16.34162184968422,0.18772485657621418
400,1000,200,1350,13.30330594190424,16.83290770194439,0.22055480247300308
400,1000,200,1351,13.365414750205794,17.53268000833159,0.2547120963303229
400,1000,200,1352,11.809912841064202,16.670198391063295,0.3216602019237529
400,1000,200,1353,11.90969291848366,17.309510749390615,0.3494422196788012
400,1000,200,1354,10.9065267015386,17.26929267401356,0.42813494239857075
400,1000,200,1357,12.397156552210012,10.194408833281788,-0.17962804450403347
400,1000,200,1358,12.20429386671853,10.58227759097123,-0.13106593366588148
400,1000,200,1359,13.06565935296342,14.193252428025085,0.07711509025121721
400,1000,200,1367,19.139623847533105,23.08328569048094,0.17882884984169634
400,1000,200,1368,16.0452554373988,17.476682076552475,0.08063761724403706
400,1000,200,1369,19.740176870381404,12.555742510341025,-0.42526247170029174
400,1000,200,1370,22.176081374805516,12.681601289981101,-0.5270688129224617
400,1000,200,1372,29.03251483599388,19.100415743000298,-0.4015401240287533
400,1000,200,1373,27.678025771980103,19.90517986933082,-0.3161342080585321
400,1000,200,1374,26.894876043225505,19.756929831283156,-0.2955628589015489
400,1000,200,1375,27.956708527928196,19.266539886535284,-0.35683066056876367
400,1000,200,1376,26.271457054881306,19.77500371427141,-0.27209010659172206
400,1000,200,1377,27.996853659992656,18.84339544977825,-0.3793161007819523
400,1000,200,1378,29.273753727951338,18.79076754027997,-0.4250655804255761
400,1000,200,1379,29.50327461616869,17.765482319587925,-0.48581490690926055
400,1000,200,1380,29.75902333794085,16.75388052361569,-0.5495792800150361
400,1000,200,1381,29.69576747605146,16.717295358666792,-0.5495834764609446
400,1000,200,1382,29.365065201008413,16.941396108937056,-0.5261821019756643
400,1000,200,1383,29.597883171450103,16.793730761604003,-0.5420846383066453
400,1000,200,1384,28.69827771394101,15.652983392961149,-0.5784996715620379
400,1000,200,1385,29.14135047488546,15.202556201294543,-0.6207289789318526
400,1000,200,1386,29.53014509544441,14.97919398120966,-0.6474270594459339
400,1000,200,1387,27.364399008004476,16.92258594881629,-0.45907310043708094
400,1000,200,1388,27.860688140883457,16.53762048266606,-0.49813208175959245
400,1000,200,1389,28.145800903897033,16.370674519281707,-0.5175274391683486
400,1000,200,1390,27.45079644782659,17.099071729166408,-0.45231550355648453
400,1000,200,1391,26.15208219204266,17.346282594483267,-0.39202676502463607
400,1000,200,1392,24.855604873293437,18.160425467420687,-0.299680422082921
400,1000,200,1393,23.358342121512724,18.64949040598646,-0.21482297867511457
400,1000,200,1394,23.771605648566155,18.51938843893599,-0.23828981318666065
400,1000,200,1395,22.022682430641634,18.680994923613728,-0.15682647718934684
400,1000,200,1400,19.659025178913126,19.360849735672822,-0.014538352240115238
400,1000,200,1401,21.707858554818802,18.978424714075786,-0.12805812944625217
400,1000,200,1402,25.362705971165802,17.399281332330006,-0.35963875298392045
400,1000,200,1403,25.554365365340875,17.176813739446594,-0.3790473431799626
400,1000,200,1404,27.432005249972214,15.880002843798065,-0.5213857984231525
400,1000,200,1405,28.91898935347526,14.18035523034383,-0.6784912013407371
400,1000,200,1406,29.79578464341664,13.078118970897227,-0.7827560723980849
400,1000,200,1407,30.201423219749206,12.803880812526211,-0.8155139388649548
400,1000,200,1408,30.340929458351766,12.786733417843076,-0.821218110502369
400,1000,200,1409,30.28163580140198,12.864667934566523,-0.8136874808751005
400,1000,200,1410,24.395998806868835,22.68923429044498,-0.06957093873685283
400,1000,200,1411,30.240904086373327,12.969362547798161,-0.8048617224285701
400,1000,200,1412,29.786862077245104,12.61359011881305,-0.8160194758022725
400,1000,200,1413,28.850674643621247,12.791297356029416,-0.7721696738495201
400,1000,200,1414,28.593867122488223,12.85970572583808,-0.7585813864206536
400,1000,200,1415,26.984006556500802,13.668952973058358,-0.645899934942717
400,1000,200,1416,25.282584711974515,14.634046146941007,-0.5194555600971236
400,1000,200,1417,24.127635919492995,15.63278580728877,-0.4125924769448597
400,1000,200,1418,23.04089943843268,16.4304848000534,-0.32153584994961415
400,1000,200,1422,10.413691045912442,7.05256896718186,-0.34882243687533565
400,1000,200,1423,7.427015008613023,3.3617620742231558,-0.6585664966233966
400,1000,200,1424,5.3079288014902,3.8339913153769434,-0.26613489631013576
400,1000,200,1425,4.536381912149831,5.910931455594398,0.2217632239426477
400,1000,200,1426,4.26470438795116,7.954390352939313,0.5311189568664125
400,1000,200,1427,4.423540050869202,11.388718444377437,0.8260375074549526
400,1000,200,1428,5.211412240607119,12.66895194800935,0.7887386957280595
400,1000,200,1429,5.32225542145446,12.810001989251317,0.781317096486515
400,1000,200,1430,5.503654093172936,12.791147118638918,0.7516626860387432
400,1000,200,1431,7.714341930998728,10.184039674975168,0.24951756676607806
400,1000,200,1432,5.182034583662096,11.49014796475837,0.7032927327796439
400,1000,200,1433,5.762762169725596,12.153850436876214,0.665283113063962
400,1000,200,1434,5.695843801783013,12.084780275388322,0.6699627379206499
400,1000,200,1435,4.865173804773544,10.156826051142467,0.6430193965843378
400,1000,200,1436,4.924208624348055,10.178199633096934,0.6349183075631235
400,1000,200,1437,4.879352058282266,9.982299709128762,0.6248382977575992
400,1000,200,1438,4.401399592151316,8.537511039150818,0.5685744503372583
400,1000,200,1439,4.434294804617822,8.581528154113979,0.567107332910286
400,1000,200,1440,4.409432068433064,8.529669426458758,0.566265920150326
400,1000,200,1441,4.124102044191598,7.4840858859313295,0.5042368611501957
400,1000,200,1442,4.130970036621003,7.961061787468171,0.5575939907650538
400,1000,200,1443,4.099927454439764,5.693340031129009,0.27188669181214764
400,1000,200,1444,4.551607625158992,5.681160738489391,0.18520418769522506
400,1000,200,1445,4.0653144933850625,5.415033995703799,0.23622807020106573
400,1000,200,1446,3.9967466741203936,4.9947726796171095,0.18210083394774457
400,1000,200,1447,4.638756349670137,5.579943235255826,0.1543625826217505
400,1000,200,1448,4.452018824229597,5.462336948984005,0.17000504263660776
400,1000,200,1449,4.101322962020184,3.2576963091862146,-0.1807716688888792
400,1000,200,1450,3.75515278494856,2.309734292435759,-0.3623609149326872
400,1000,200,1451,3.7504840701396382,2.2999386266113055,-0.36434265205429517
400,1000,200,1452,3.7117753014176444,2.00918525398339,-0.4483953963752192
400,1000,200,1453,7.156245731934255,10.707682681767865,0.3614612845426075
400,1000,200,1454,3.6875379058106534,2.0704821291948194,-0.4230728832276631
400,1000,200,1455,3.8327995402912918,2.243482814737472,-0.3987782194326357
400,1000,200,1456,4.142241698246586,2.648393552466474,-0.34320216435431994
400,1000,200,1457,4.931687139251864,3.705488869901787,-0.2315790097174395
400,1000,200,1458,6.265815815190419,5.432089890367366,-0.12188107734726272
400,1000,200,1459,7.199151361592009,6.715738305062759,-0.06076847783831285
400,1000,200,1460,8.084413022971471,8.764417340544055,0.07218480410981787
400,1000,200,1461,8.70204439606728,10.413840506146583,0.16249007270525428
400,1000,200,1462,8.490006357683074,10.28182812636109,0.17295401832153212
400,1000,200,1463,9.08782766708457,11.88063165233775,0.2443952452490703
400,1000,200,1464,9.588918683047781,13.405471930546353,0.3078000825398264
400,1000,200,1465,9.877569600981786,14.345673090508594,0.3441307167305774
400,1000,400,0,5.495671619841935,19.48762441600092,1.1486849663787182
400,1000,400,1,3.319293047819436,22.0220413826428,1.6733603354908189
400,1000,400,2,1.9629828849393054,22.26420063661561,2.060719233338659
400,1000,400,3,1.3619822400176047,23.04451201999335,2.3204055813727997
400,1000,400,4,0.40108929472483446,23.293955511961695,2.8529775732966898
400,1000,400,5,0.6975486285531144,23.677012614373574,2.676686919712385
400,1000,400,6,0.6053503845913153,23.795103236709867,2.7373041426296223
400,1000,400,7,0.6996660766513814,23.90733061043905,2.684730355899586
400,1000,400,8,0.650825437714018,23.93668070661647,2.715064412137612
400,1000,400,9,2.3424267309584965,24.08539785905929,2.0155888089248872
400,1000,400,10,1.2931096571809297,24.04516435683362,2.3907719439344826
400,1000,400,11,4.041872629071876,20.97653897666565,1.472197907725186
400,1000,400,12,8.962551590279256,20.805665203017064,0.7833365851822456
400,1000,400,13,6.473440735754547,23.137974202144374,1.1724307931360327
400,1000,400,14,3.45268696292734,23.315405949932423,1.6976024133182033
400,1000,400,15,2.5819018187262266,22.808986115947516,1.8941691836748613
400,1000,400,16,2.4434556456300887,21.893477649606744,1.8943765358844074
400,1000,400,17,0.9612548863256155,20.8221904594503,2.409342846562565
400,1000,400,19,1.0128572895516812,17.414749479512956,2.213596695916937
400,1000,400,20,1.93220934472261,16.98846573542555,1.8139745785754056
400,1000,400,21,4.184394690453749,16.881167946109873,1.238094996555264
400,1000,400,22,5.152127383512336,17.997512341165674,1.1275101031605637
400,1000,400,23,5.079607751608777,18.401807174304718,1.1604260356865645
400,1000,400,24,4.121148064287783,13.162914102438062,1.0172482200652662
400,1000,400,28,0.8369031511320855,13.529664998098362,2.068111337808417
400,1000,400,29,0.6112413493515211,14.087638502590822,2.2368708599861615
400,1000,400,30,0.48272137751907995,14.980861312348752,2.3775126703771434
400,1000,400,31,0.628861909773602,15.843953873783665,2.3361102157695783
400,1000,400,32,0.9242316325037118,16.24090998033145,2.1927583108131583
400,1000,400,33,1.276655049857943,16.745214268073397,2.053408578517523
400,1000,400,34,1.7567752868787019,17.191112833124496,1.886871546621974
400,1000,400,35,2.6031631910179094,18.588293390877713,1.6931199879861756
400,1000,400,36,4.177092383084827,20.803058094766953,1.4378066568654548
400,1000,400,37,6.982328617700652,21.58335614254168,1.0399830054692165
400,1000,400,38,7.7767027216738045,22.697673490623014,0.99327608548584
400,1000,400,39,8.960782292213667,24.587922539825332,0.9434648524691505
400,1000,400,40,9.723104629280007,25.392602212488807,0.9006830270058166
400,1000,400,41,10.732519092019894,26.14675947381391,0.8388932868976533
400,1000,400,42,11.002073188927742,25.947186753120143,0.8087995036572142
400,1000,400,43,10.840195388438566,26.139697595052546,0.8294973802152525
400,1000,400,44,10.807301942225036,26.118163342828716,0.8314855886802155
400,1000,400,45,11.063278174901107,22.96086456727423,0.6862558798790972
400,1000,400,46,11.268150184697433,22.495454819843758,0.6498005023579259
400,1000,400,47,11.173800011628062,22.160197176395666,0.6431490638919786
400,1000,400,48,11.167780755649876,18.009812496234193,0.4461637563380396
400,1000,400,49,10.69755865614694,14.343243597901063,0.2712950624843633
400,1000,400,50,8.184797140450545,11.397950259082648,0.29998152479783435
400,1000,400,52,10.716073781853341,24.151985945937838,0.7639751310064828
400,1000,400,53,10.848481476903071,24.15083982606562,0.7526915747139387
400,1000,400,54,10.9279275083658,24.530151435409618,0.7609776628910367
400,1000,400,55,10.686935861866198,24.92252182672417,0.7966405345027217
400,1000,400,56,10.291665296094724,25.13728831130083,0.8392980965276968
400,1000,400,57,9.577266106727802,25.166171664832913,0.9057604276457907
400,1000,400,58,8.474728347783355,24.774950905915173,1.0007750450452062
400,1000,400,59,6.891873997078479,23.752796328510968,1.1431048434747382
400,1000,400,61,11.359184250932984,10.232936913862524,-0.09554919223567238
400,1000,400,62,11.355740731708526,23.58021396190665,0.6878210171689667
400,1000,400,63,11.27820855638873,25.598095203945714,0.773013575302596
400,1000,400,64,11.302418274894883,25.739471475465216,0.7763449553943849
400,1000,400,65,11.234423787939214,25.61727268426632,0.7773067536858176
400,1000,400,66,11.07505463806932,24.489440485890956,0.7471225433891018
400,1000,400,67,11.001391891539106,23.712204821356423,0.722274609894658
400,1000,400,68,10.979971134794525,23.320254502193595,0.7080733385367046
400,1000,400,69,10.784081399747032,21.215190861609507,0.6340267411292277
400,1000,400,70,12.519734751860504,16.732246527173505,0.27123436826264236
400,1000,400,71,11.644765099115736,13.543666882790996,0.13991232970729506
400,1000,400,72,7.262160558913274,23.869137001448326,1.1019414346237655
400,1000,400,76,10.453550516095476,24.90917447623299,0.8162973621889105
400,1000,400,77,10.563839161258866,22.689414529122296,0.7171453885408416
400,1000,400,78,10.43974211929173,19.67954742311304,0.592051720960705
400,1000,400,79,9.554679903388227,15.622189674561419,0.4541691758189188
400,1000,400,81,7.3101683417521475,11.143593506756027,0.3793218809351382
400,1000,400,82,6.909287894518686,6.975393732087172,0.008323266497269444
400,1000,400,83,7.489031960523326,5.597238321558028,-0.25212384734659565
400,1000,400,84,9.560781617548345,5.5458410591601215,-0.47831739717301747
400,1000,400,85,7.754272361259324,6.243154308947028,-0.1894850615139263
400,1000,400,86,9.872813700814538,7.637092090562672,-0.23019955518469448
400,1000,400,87,6.634215128686128,3.199289861811547,-0.5977247037895848
400,1000,400,88,6.609270915309126,4.48686186739666,-0.32701087791068106
400,1000,400,89,6.696676884093852,4.801193086913013,-0.2827250611724401
400,1000,400,90,7.470558065762254,6.593704200954147,-0.10927688446003359
400,1000,400,91,9.36949542606005,8.861452928796009,-0.05023485035528008
400,1000,400,92,10.870906409825809,11.321306053037068,0.03723939617823824
400,1000,400,93,12.291840131830995,14.540885209302168,0.15632398357030342
400,1000,400,94,12.738572089008208,18.357606748292636,0.342878098092938
400,1000,400,95,12.70937802978682,26.003247466777722,0.6778770089455004
400,1000,400,96,11.889708676555301,29.53283414924292,0.8623734180914293
400,1000,400,97,10.31275758636796,24.520422427900268,0.8135479323245147
400,1000,400,98,8.153731305524493,22.277462099141427,0.9333240114446397
400,1000,400,99,7.138490964686133,22.519585147637162,1.0612287069393371
400,1000,400,100,7.697981012996629,11.574184322286863,0.3685549175980225
400,1000,400,101,11.87215987361378,12.862771671014109,0.07414012015776006
400,1000,400,102,12.75837383505079,12.769715341523963,0.0008239952320798771
400,1000,400,103,12.903930296694867,10.603464734635802,-0.18086781779138983
400,1000,400,104,16.735962272196897,4.3211029939311985,-1.2039137335738928
400,1000,400,105,12.23002394142013,11.72376881376991,-0.039016983339015265
400,1000,400,106,11.958321911513536,11.861341425729426,-0.007512177102417361
400,1000,400,107,12.156080768325468,11.552964551978981,-0.046927210621151794
400,1000,400,108,12.167926501490129,11.946382836685288,-0.016967630820423185
400,1000,400,109,12.189843453783185,12.508343977307687,0.02386046880388859
400,1000,400,110,12.334871838340412,13.048246716567718,0.05211505247189896
400,1000,400,111,12.567217023390048,13.095800662131055,0.03822055785228473
400,1000,400,112,12.70908291849618,13.062242790056414,0.025434789405489155
400,1000,400,113,12.690311335113662,14.27018918666312,0.10921412775578965
400,1000,400,114,13.073381859789999,12.313973683561237,-0.05547106528246415
400,1000,400,115,12.937232367160409,11.76181538904414,-0.08810630701414146
400,1000,400,116,12.64995670076119,11.341759373640544,-0.10074776635680172
400,1000,400,117,12.167192246408478,10.634569303252308,-0.12374752116165944
400,1000,400,118,11.693462205184728,10.748413086018404,-0.07736889896275745
400,1000,400,119,11.546552009174805,10.398531862350861,-0.09596132442219751
400,1000,400,120,10.382202683130508,9.489812116959545,-0.0816464557940928
400,1000,400,121,9.092564300809642,9.202440858222369,0.010828046615801945
400,1000,400,122,8.511917988138144,9.563175719333477,0.10482842665048642
400,1000,400,123,7.73883622864016,10.460304129259923,0.2711122230805443
400,1000,400,124,6.883252533644142,12.940252596402312,0.5700399486413494
400,1000,400,125,6.248566548462187,16.180166548282852,0.8629518789568571
400,1000,400,126,5.589458838385043,17.81030837995902,1.0489338111111155
400,1000,400,127,5.286896901015156,18.733199516712503,1.1438348614416511
400,1000,400,128,8.614515639056112,19.92776769548582,0.7778028728170407
400,1000,400,129,12.153236594794475,14.397365520292375,0.15752856745380006
400,1000,400,130,5.2399102883632205,18.13861838561137,1.1207423933464473
400,1000,400,131,5.524052969603611,18.349859191548436,1.0871893386097116
400,1000,400,132,6.445156491173184,17.85128101416963,0.929017184347543
400,1000,400,133,7.908591745937554,17.455032426168263,0.7283209177348189
400,1000,400,134,10.617562528325113,14.973124172551369,0.31838960646493675
400,1000,400,135,12.685297566088943,12.509817998633396,-0.01290540593835976
400,1000,400,136,14.26475937989852,7.611624409814015,-0.5724338970715803
400,1000,400,137,14.733911120757508,7.065826929573421,-0.6681820875899298
400,1000,400,138,15.024087029675526,8.241872239070213,-0.5503485411524105
400,1000,400,139,15.007049227328649,10.726714661201639,-0.3111596585207157
400,1000,400,140,14.385966191266,12.764221057003187,-0.11138325933768778
400,1000,400,141,13.306842799402215,13.022108116761421,-0.020102704989264808
400,1000,400,142,11.330735161560817,17.89623843181879,0.4268679382785585
400,1000,400,145,6.338266040205455,19.595826545517657,1.0319858799783654
400,1000,400,146,7.320560504470616,16.298142339095275,0.7318694956053533
400,1000,400,147,8.655280207642374,11.985207223399714,0.29630586617933163
400,1000,400,148,7.36565895931593,10.331544290460197,0.3034552596571425
400,1000,400,150,9.705927718928248,15.91772093708922,0.4575640682222679
400,1000,400,151,9.31753554554702,19.02503425554558,0.6631382757827371
400,1000,400,152,8.005492335317077,24.11690325291725,1.0257064051691231
400,1000,400,153,6.957181898973856,22.81986725791254,1.0964450868162898
400,1000,400,154,7.020347975798967,17.37496852207315,0.8290075225721978
400,1000,400,155,7.877749208441313,13.513377959157893,0.4915227845913326
400,1000,400,156,9.045421882323422,11.388924141653563,0.20968586245380694
400,1000,400,157,10.71608562296217,14.920850736909978,0.30666688009003185
400,1000,400,158,11.788399402955333,16.185810187456152,0.29554559088088306
400,1000,400,159,12.05156382851626,15.73166011303722,0.24839477959312006
400,1000,400,160,11.4279923016906,15.152653795560113,0.26213298577791644
400,1000,400,161,9.811104357951608,13.790864385340711,0.3134359317133253
400,1000,400,162,8.287821941261855,10.797079492083778,0.23914792679301966
400,1000,400,163,6.1371151776971224,11.05800818034177,0.5244203605135596
400,1000,400,164,5.455193452480201,12.666874448347825,0.750089988208243
400,1000,400,168,10.306353914599493,12.301700398835468,0.16252701557412763
400,1000,400,169,13.68705614244949,15.05165472531365,0.08884537105296264
400,1000,400,170,14.054617318989234,10.139372452156179,-0.30119884267392694
400,1000,400,171,13.366280494202051,10.337701549697202,-0.2367502357821123
400,1000,400,172,12.02716303340574,11.576882300567922,-0.035176250961716615
400,1000,400,173,8.499598669732054,12.898386557280338,0.3805232059608419
400,1000,400,174,3.9809898388666696,18.94786299681805,1.3874933855338711
400,1000,400,175,4.922996639891556,21.719290880048057,1.3443718721041147
400,1000,400,176,6.15025219116203,22.064858529633124,1.1711625558643224
400,1000,400,177,5.846305141151186,10.840268191007903,0.5477971691711907
400,1000,400,178,8.154959738551296,10.793939078265572,0.253289981717983
400,1000,400,180,10.276109162843062,22.643276522619598,0.7403925295263369
400,1000,400,181,8.57134735684251,23.196933028254826,0.9274519055678789
400,1000,400,182,8.26871855174488,23.066651498707447,0.954181993018306
400,1000,400,183,7.849010497435955,23.085301016908723,1.0012960935416424
400,1000,400,184,6.430671107728117,22.477416233009016,1.1504227690156936
400,1000,400,185,5.41592438163661,20.881082886038136,1.2268393837881237
400,1000,400,186,4.628614605526117,18.530144755770323,1.2440958185792141
400,1000,400,187,4.312773272037136,16.582442710800677,1.196786858516933
400,1000,400,188,4.120291422677944,13.227725820490273,1.021981227558955
400,1000,400,189,4.930514008504121,13.371567319800837,0.8851408744268054
400,1000,400,190,6.301185015211855,14.669825949252887,0.7637002832162763
400,1000,400,191,7.390025228846046,15.153837237546226,0.6551140938059299
400,1000,400,192,8.219884851152836,15.436893903585784,0.5781658880109726
400,1000,400,193,9.151247148563272,15.66015169433688,0.4954231722802671
400,1000,400,194,10.158930639336193,15.62297907658174,0.3985458883355899
400,1000,400,195,10.786580663113005,15.506362476243744,0.33678425880788954
400,1000,400,196,11.633529915049866,13.996923780936285,0.17149071494201262
400,1000,400,197,10.454575203388497,8.557632503346937,-0.1810491809704171
400,1000,400,199,17.22461153454997,7.991475075044503,-0.706496048129154
400,1000,400,200,12.046268092930902,8.881344708518473,-0.27785351638165023
400,1000,400,201,11.747040675559356,14.242002432057015,0.17875579402030262
400,1000,400,202,11.364526885258476,14.926772025447312,0.25316983062336185
400,1000,400,203,10.474654866716138,14.07062830696512,0.27260702581533547
400,1000,400,204,8.065839160391496,11.288101014140125,0.30411798552919667
400,1000,400,205,6.911295490461659,10.64451532775702,0.3865437346508709
400,1000,400,206,5.433666546363196,10.718584073335503,0.5996313633221644
400,1000,400,207,4.894285083871682,11.098247674260978,0.7190773701718478
400,1000,400,208,5.7197994195832695,11.400397381592393,0.6126702131868222
400,1000,400,212,12.633861084329567,12.260037557376508,-0.027801666838401573
400,1000,400,213,14.616187639190954,12.1125290748053,-0.17473985437292017
400,1000,400,214,14.65756460874102,12.104938954829011,-0.1779649831797525
400,1000,400,215,14.236060588270554,12.171854125678472,-0.14558273538419142
400,1000,400,217,12.598967076276958,12.032046321663051,-0.0425824138350368
400,1000,400,218,18.57770073343057,13.57676641868608,-0.2949622808621597
400,1000,400,219,17.07737644802458,12.582899813235128,-0.2858496015522123
400,1000,400,220,15.62987948259609,12.737279781772699,-0.19108775703392622
400,1000,400,221,14.535425920668773,12.757452879564578,-0.12154225443962341
400,1000,400,222,13.75121759313082,12.67271649365845,-0.07592327771139695
400,1000,400,223,12.980145875408237,12.584245104454762,-0.02872749830941368
400,1000,400,224,12.246848231784925,12.433707745161183,0.014007396906750458
400,1000,400,225,10.547008915752173,12.387549781277373,0.1478987191598251
400,1000,400,226,8.940223518261487,12.929223845346339,0.33739956086794454
400,1000,400,227,7.142137266243016,13.852269714633938,0.6010999873345151
400,1000,400,228,3.980524134948437,16.14584721752509,1.2362208660594565
400,1000,400,229,4.00308870446582,16.466230968546714,1.2502138951950144
400,1000,400,230,4.536171720382413,16.210306002850487,1.1342051539017635
400,1000,400,231,13.741333822200984,7.620578535347143,-0.536503174747184
400,1000,400,232,4.277849629222144,14.600545686728205,1.0837871459925958
400,1000,400,233,4.384541631959316,15.654231412187128,1.129132135436561
400,1000,400,234,4.221758288507394,16.11791077037854,1.1872911467697294
400,1000,400,235,4.832179652963623,15.863093495450242,1.0617366181626156
400,1000,400,238,13.457387192619628,8.345405028753994,-0.4363207266014819
400,1000,400,239,15.40756671820308,8.02678343224736,-0.5975465187630578
400,1000,400,240,18.867363926132196,7.785633190162663,-0.8159605864137047
400,1000,400,241,22.52522403946649,8.436857127535147,-0.9134502155708004
400,1000,400,242,23.112929563888702,9.997373490628496,-0.7850917223525773
400,1000,400,243,21.57711218632664,9.821688203602557,-0.7353843705387759
400,1000,400,244,19.744849349766415,9.642926039172238,-0.6674025419678435
400,1000,400,245,19.353760783672577,9.509552140206395,-0.6609811286579341
400,1000,400,246,18.564994778928433,9.450047481828664,-0.627135466688447
400,1000,400,261,5.0090583591415285,10.833279673339138,0.6776478158952974
400,1000,400,275,12.522130058067624,9.446256869253947,-0.25808388696482787
400,1000,400,276,15.47102032743105,9.550197775808156,-0.4454578866659187
400,1000,400,277,16.7565631775646,9.45488235800955,-0.529686123466468
400,1000,400,279,10.898203313481515,10.602717005287138,-0.025148111378428428
400,1000,400,303,6.760784081716226,18.138892500969806,0.9026391507383886
400,1000,400,391,8.590250098620237,6.01636745466176,-0.31250134015067466
400,1000,400,411,9.333863602374718,22.669314926359178,0.828753249550684
400,1000,400,412,9.423314572870261,22.538065736108315,0.8145738462693437
400,1000,400,413,9.583825663450288,21.591918705283017,0.7582653079494941
400,1000,400,414,9.78342955857464,19.719386217267612,0.6530591384793683
400,1000,400,415,9.761074014107555,19.052028681553107,0.6223949645690428
400,1000,400,416,9.176329923029176,18.37270727233198,0.6438008061525773
400,1000,400,420,10.347584781213067,20.751539930692225,0.6506796297628794
400,1000,400,421,10.396605531027564,20.74604177312521,0.6461162029056196
400,1000,400,422,10.154138562802414,20.708148650062135,0.665877103295696
400,1000,400,423,9.97673557782843,20.638475321623282,0.6786949093407686
400,1000,400,427,9.63868712406534,9.40857636514826,-0.021866968899938666
400,1000,400,428,9.928089159883699,14.430717763847692,0.3450237210743796
400,1000,400,429,9.68403274527427,19.090268329355006,0.6314851749697237
400,1000,400,430,9.746330820102914,20.936172055023043,0.71357258903865
400,1000,400,431,9.794168473544056,21.99118640079483,0.7561049103758131
400,1000,400,432,9.684144101404813,23.448063149580083,0.8277902132508488
400,1000,400,433,9.70872914466086,23.304567533666585,0.8196050802421473
400,1000,400,434,9.447102267132328,23.121218712450247,0.8367672526865233
400,1000,400,437,9.155058560062805,20.290757164434442,0.7403010809565522
400,1000,400,439,8.576176718957026,19.751338344205053,0.7733323206666896
400,1000,400,456,7.081245311053158,22.123905828158776,1.0513209834275719
400,1000,400,461,7.500626067882113,27.7066838518725,1.216990166647649
400,1000,400,462,11.342459984116179,13.003773669141259,0.12628149206539296
400,1000,400,465,11.928163156455412,24.145328877166456,0.665264026672296
400,1000,400,466,11.179126043281265,23.782186270091806,0.7104015932300975
400,1000,400,482,12.025774245846014,37.38849016096181,1.0808276503404737
400,1000,400,483,12.235651269660996,37.16629147204168,1.0590386612480591
400,1000,400,490,13.215075162547238,28.223894114802597,0.7206836336183504
400,1000,400,492,13.749852937572774,19.688106289120192,0.33832584733272153
400,1000,400,493,13.649975691056898,17.140868033213934,0.21372861928005227
400,1000,400,495,12.848136635957571,9.933326866608336,-0.23633504940908034
400,1000,400,497,13.382234758382479,11.250470048330653,-0.1604294400694939
400,1000,400,498,12.362418218369392,18.113922329613157,0.3579708312036862
400,1000,400,515,36.858533023843435,8.613258853311859,-1.370713121497662
400,1000,400,532,11.936218901096193,9.813487582018768,-0.17923683883273833
400,1000,400,533,9.896716421161317,11.08207010435353,0.1032610459931198
400,1000,400,534,9.714117131905189,12.21062591339857,0.20945926919647473
400,1000,400,535,16.0592831954885,14.30984060652198,-0.10819872595806013
400,1000,400,536,15.574495427325898,14.3931758481181,-0.07394080935393754
400,1000,400,537,24.10801141417771,13.922950284052662,-0.5202866596128026
400,1000,400,538,3.433711106562374,8.805756680132879,0.7937326746193598
400,1000,400,539,3.3001910563834462,9.942057860846768,0.9339544301570593
400,1000,400,540,3.616690540156857,8.692035078938927,0.7416263072132561
400,1000,400,548,3.7761070119954914,8.59909677731554,0.6980432263151588
400,1000,400,549,3.7176489799703956,10.804464652863853,0.9171672422817441
400,1000,400,550,4.6534211278102715,12.307786710218688,0.8560884595840594
400,1000,400,551,6.077211657062216,13.301983968811685,0.7035182703357508
400,1000,400,552,8.479232760271062,16.776610870680425,0.6287802166882157
400,1000,400,554,6.942145769020206,24.973850125806827,1.1849067807729776
400,1000,400,556,14.832328790485663,17.36456740515427,0.14836914804994938
400,1000,400,557,17.797442508185092,16.678029234713897,-0.061398241411764864
400,1000,400,558,22.688812475242326,12.08735080561341,-0.5933567128639106
400,1000,400,559,22.478537218722998,11.807109244544671,-0.6060862675142635
400,1000,400,560,19.31258768763605,13.898096635592415,-0.31000731479646815
400,1000,400,561,18.30172535711806,15.040182285630408,-0.18509752184246553
400,1000,400,562,18.470937294733062,14.862127128226383,-0.20498863241477183
400,1000,400,563,19.023138954160736,14.90176596633022,-0.23045838239029326
400,1000,400,564,18.400176469941727,18.402228845297167,0.00010578598623878221
400,1000,400,566,19.7934792248333,24.8455835605226,0.2175002988854451
400,1000,400,567,24.05618176405723,25.90147037743626,0.07106037189046965
400,1000,400,568,26.04607701346826,25.160696299975555,-0.03328382434018007
400,1000,400,569,26.797883227835612,24.434662820611667,-0.08884695323932457
400,1000,400,570,28.15273202271702,22.93679615990281,-0.19713176804410582
400,1000,400,571,28.835098940375804,21.55232498472773,-0.27984735305097796
400,1000,400,572,28.935692980854146,21.315507525543993,-0.2937696721113112
400,1000,400,573,28.935349022833705,21.109190638803753,-0.3030466355811168
400,1000,400,574,28.53834670188075,20.83908517495373,-0.3019880450161869
400,1000,400,575,28.585351279983186,20.61006833684424,-0.3141200168496199
400,1000,400,576,29.30770818514958,20.7889855172628,-0.32999748510096616
400,1000,400,577,29.473384214731958,21.020871572108927,-0.3248629424939149
400,1000,400,578,29.48887645703602,20.982859713624862,-0.3270988649921738
400,1000,400,579,29.552937107387237,20.985971760892117,-0.3290562192483466
400,1000,400,580,28.797528566031218,22.377495058123007,-0.24265164611349022
400,1000,400,581,28.660918739893006,23.14720705291527,-0.20566158852352068
400,1000,400,582,28.204150689504864,22.937455979675477,-0.19886641810317096
400,1000,400,583,27.45811980655125,22.830680589605482,-0.1774596751529316
400,1000,400,584,27.776674713526642,22.125781665126794,-0.21861706864826003
400,1000,400,585,27.51112105282334,21.839778601447023,-0.22179053225727774
400,1000,400,586,27.299231671662742,21.570900996578388,-0.22617314474025418
400,1000,400,588,26.60964011394727,21.365654343186506,-0.21063849730906048
400,1000,400,589,26.040822732051996,21.281113431206165,-0.19360828891204518
400,1000,400,590,25.3983217012064,21.25418345410009,-0.1707704248598696
400,1000,400,591,25.534284367794687,21.174272615192244,-0.17950492091021797
400,1000,400,592,25.85204522217416,20.552118511020627,-0.21986787170807487
400,1000,400,593,26.505071267884794,18.13528322736429,-0.36283647710969547
400,1000,400,594,19.453553459410593,10.908057070624652,-0.5409413949191579
400,1000,400,595,18.59118092321579,20.738985400740482,0.10402769882471175
400,1000,400,596,21.958154360528923,20.878458788180108,-0.048170647450187065
400,1000,400,597,23.952762716322326,20.875444978256365,-0.1316197722805872
400,1000,400,598,23.86841197177596,20.92141153706548,-0.12613454766552268
400,1000,400,599,26.58487094220397,20.886498156383915,-0.23139754400891954
400,1000,400,600,29.814663630187972,20.495105901353156,-0.36016539184675667
400,1000,400,601,29.88590129921424,20.423988634629733,-0.3657885526960927
400,1000,400,602,13.518636201241282,3.2567815634051356,-1.2269197062529535
400,1000,400,603,2.962497351354012,7.71362963150932,0.788013953321079
400,1000,400,604,15.123884699038298,19.863525868360792,0.25770076627970395
400,1000,400,605,21.575950460423492,23.095823203903553,0.06515331367405786
400,1000,400,606,21.358964527427023,21.958568202184676,0.026463870909303466
400,1000,400,607,20.822010279802775,21.294546844995615,0.02142300615540993
400,1000,400,608,19.89723272954781,21.62743773610913,0.0795464841046627
400,1000,400,609,18.914322376340564,21.939252845161064,0.1414103509505802
400,1000,400,610,18.278938125911804,22.14061845328478,0.1825762367892647
400,1000,400,611,17.498454126646152,21.451091612517327,0.19365206930067158
400,1000,400,612,16.730506910598383,20.090434776091218,0.17353289931471716
400,1000,400,613,16.735219463213806,19.4160854951541,0.14077063207696705
400,1000,400,614,16.65281388147071,18.76267564763546,0.11289989303754666
400,1000,400,615,16.31535602176562,16.773750356761717,0.02612893069288935
400,1000,400,616,16.494040897304675,16.539639712708336,0.0026031430531507915
400,1000,400,617,17.12982862848439,15.63767488600326,-0.0858888771280637
400,1000,400,618,17.317156381129713,15.251135312606358,-0.11967535610112812
400,1000,400,619,17.694973574226474,14.483342002899056,-0.18848995838668614
400,1000,400,620,17.939080430333764,14.098454807144716,-0.2266351269224649
400,1000,400,621,19.523199500061992,12.844875050407197,-0.39364079751092884
400,1000,400,622,21.620220615162317,11.933694675750525,-0.55900832732467
400,1000,400,623,18.711925519920378,12.122717434975833,-0.4068789252933289
400,1000,400,624,19.29185115121028,12.07594855373354,-0.43944482988382516
400,1000,400,625,23.32755194304095,12.007846143100634,-0.6260568080010112
400,1000,400,626,23.47117163406225,11.954930282477244,-0.6360193242509964
400,1000,400,627,25.497418003231395,11.856135933693974,-0.7232260924650404
400,1000,400,628,26.408155608833148,11.855641251068592,-0.7570578961917485
400,1000,400,629,26.621975588622366,12.073879409374252,-0.747995371439448
400,1000,400,630,29.15776848636729,12.627022953446943,-0.7943877480479489
400,1000,400,631,30.44423318468195,12.72468208900529,-0.8290197775627757
400,1000,400,632,29.68531445298072,12.586134189199843,-0.8147344558229266
400,1000,400,633,30.397724741599138,12.611594318942883,-0.8358134768282199
400,1000,400,634,31.757374977746412,12.652506899520317,-0.8752049664791088
400,1000,400,635,31.255508403020965,12.482891004385747,-0.872267283160729
400,1000,400,636,30.196395093863625,13.721037260161983,-0.7510249694148876
400,1000,400,637,32.74103316090768,14.174319197885978,-0.7991102253590903
400,1000,400,638,33.374416131059014,14.172807450329381,-0.8178077283850578
400,1000,400,639,33.122788741986426,14.973602411129482,-0.759027942200774
400,1000,400,640,33.50261828999945,14.438055219736267,-0.8041996342289992
400,1000,400,641,34.66213919005374,12.558295415151022,-0.967091031376575
400,1000,400,642,35.39066316693276,12.281492070245974,-1.0079407429121852
400,1000,400,643,35.616651553149396,12.306554115397097,-1.0122463929351082
400,1000,400,644,35.36483336927777,12.158671237233946,-1.0165212404386494
400,1000,400,645,35.73470356535464,12.631924016490546,-0.9913075133333891
400,1000,400,646,36.23446076641832,13.51968196345602,-0.9417295913432815
400,1000,400,647,35.70749164371723,13.900057482417568,-0.9016157953854771
400,1000,400,648,36.22904778442944,14.862573224053213,-0.8531268617876266
400,1000,400,649,36.725949574657214,15.46140665720653,-0.8293295245791485
400,1000,400,650,37.000350079238565,15.504023054027556,-0.833991199652361
400,1000,400,651,36.758330969311714,16.953860359683567,-0.7434009856432011
400,1000,400,652,34.73654945530189,22.316940528971767,-0.42699380161195677
400,1000,400,653,33.960794296850146,24.485026490912297,-0.31613618742862926
400,1000,400,654,16.154469542966606,59.137135766200714,1.2543687959157452
400,1000,400,657,43.622080969247556,14.008246394413773,-1.0896290158391455
400,1000,400,658,39.642163554609596,14.102504807589137,-0.9899454275638786
400,1000,400,660,36.99962364434695,13.73389145081702,-0.9474258746059685
400,1000,400,662,32.7255421512668,16.353077083496434,-0.6644856334304974
400,1000,400,663,39.715100940744705,10.784553847076008,-1.239809376141431
400,1000,400,664,38.26656065447085,10.638375563818407,-1.2160654065530743
400,1000,400,665,41.11360054527588,10.318584468989362,-1.3139247238028586
400,1000,400,666,42.36095164350104,13.55697407913871,-1.0914891074531536
400,1000,400,667,44.09220933548368,13.605553214651618,-1.1273076760152407
400,1000,400,668,47.24967267463547,14.446860404478516,-1.1389832711889292
400,1000,400,669,48.23149380824146,15.625685133510283,-1.0855847400327985
400,1000,400,670,49.22742991333765,16.58093377611767,-1.0497462834184024
400,1000,400,671,51.16165861462726,17.825383196080594,-1.0191415865258717
400,1000,400,672,51.029543614591674,18.806319792048228,-0.9658106354922871
400,1000,400,673,53.33873959972835,20.69767440839315,-0.9180323243410093
400,1000,400,674,47.993992948571915,29.923899954702794,-0.4601683514553301
400,1000,400,676,49.49059162683611,19.357513374556287,-0.9083369631622484
400,1000,400,677,44.20630786187488,24.758615849834385,-0.562467464312602
400,1000,400,678,43.978791202554156,24.849925250853754,-0.5538833627600432
400,1000,400,680,57.84176204308561,15.433897269293306,-1.2755057332507413
400,1000,400,681,58.261132151669806,16.02198038766763,-1.2474481739049956
400,1000,400,682,58.91555143971709,18.313019742756605,-1.1321566282505207
400,1000,400,683,58.95235692558835,18.59661461164006,-1.118193368134167
400,1000,400,684,58.594085520831186,20.943677695695552,-0.9990772669741901
400,1000,400,685,58.44746861392755,25.51919888487159,-0.8072240852446195
400,1000,400,686,57.43973642942233,26.90749058573773,-0.7391009441979985
400,1000,400,689,47.98062012848359,44.927569199176,-0.06435913939047566
400,1000,400,690,45.95161336602685,51.2960285785439,0.10780286422943819
400,1000,400,691,42.1875718448274,57.39677719708844,0.3017079382475054
400,1000,400,705,29.150073942671693,75.95032610977988,0.9369727225563227
400,1000,400,706,28.095501790145907,78.7498103432814,1.0083107789505807
400,1000,400,707,26.970489946923443,80.73520655023556,1.0723348098391114
400,1000,400,708,25.032055568497892,86.65054714172292,1.2140291685977607
400,1000,400,709,24.054139978379546,94.98124835374601,1.3431137602665273
400,1000,400,711,22.07023369755377,106.94351485387685,1.5430648776268794
400,1000,400,712,20.187841468004464,107.0028454420201,1.6287300719677367
400,1000,400,714,20.07372330130472,103.12942606850113,1.597607683614192
400,1000,400,715,19.893425333648683,102.09804718905936,1.5962459177597217
400,1000,400,716,19.710536027882373,101.32957615003608,1.5975561854631697
400,1000,400,717,19.52345325863316,100.89131845592041,1.6023384462942238
400,1000,400,718,20.090220564965033,102.5628920190758,1.5913696278093048
400,1000,400,721,22.685883886486973,107.32671645406464,1.5202725588235535
400,1000,400,723,22.563507451644075,106.84543793749351,1.520999851008249
400,1000,400,724,24.18383315126759,108.69454481081279,1.471497390768083
400,1000,400,725,25.337560291117438,110.78422474647977,1.4455743800170167
400,1000,400,726,24.510484863295574,110.7515021428816,1.4771881366314674
400,1000,400,729,34.277106310849675,100.86463903344922,1.0604106565426181
400,1000,400,730,36.024259685646996,97.30504147657754,0.9765019475085799
400,1000,400,731,36.38090980746441,92.42787697588183,0.9160296282446616
400,1000,400,732,36.45048943775484,88.41538573755766,0.8702729883678915
400,1000,400,733,37.423927074392246,84.3316499076887,0.7978650615300351
400,1000,400,734,37.16370132256373,81.95483546158594,0.7764114719249626
400,1000,400,735,37.11321439131241,81.70976681206587,0.7747766379387881
400,1000,400,736,36.87888856861329,82.76023628752255,0.793564460527294
400,1000,400,737,36.6434522266706,82.6314500342181,0.7982606184487162
400,1000,400,738,36.25600432400671,83.19194942943008,0.8152861824579478
400,1000,400,739,36.510468682297336,84.69516074658016,0.8261762977632312
400,1000,400,740,35.96761546221253,85.41782140625688,0.849151649211723
400,1000,400,741,35.79406121201363,84.43833221935516,0.842458403073429
400,1000,400,742,35.298662192642475,84.79489445659321,0.8601786131610067
400,1000,400,743,35.29573563750684,84.95700961284157,0.862147024225727
400,1000,400,744,35.41814686421179,84.77489234878287,0.8566591430634447
400,1000,400,745,35.551131245605454,84.56522736800207,0.850566841931641
400,1000,400,746,35.54844972903905,83.84494769876773,0.8421866757698298
400,1000,400,747,35.565709591450926,83.32989399257104,0.8356255116938724
400,1000,400,748,35.57698548457328,82.70138882740477,0.8278363395524804
400,1000,400,749,35.571602658589704,82.2887043125201,0.8230408818784607
400,1000,400,750,37.458735177575136,82.15334521859303,0.7711005830399529
400,1000,400,751,37.90920727093429,83.68192652119149,0.777671283225323
400,1000,400,752,39.32102810782514,84.41826664577022,0.7506868509277447
400,1000,400,753,41.09050737049735,84.83859384563094,0.7126464799507275
400,1000,400,754,45.06914758497867,86.09851523238561,0.6368963608411957
400,1000,400,755,48.02580513101102,85.31834587628305,0.5656953632589441
400,1000,400,756,49.95644901112713,84.12368555624936,0.513133996063428
400,1000,400,757,54.950895383161445,80.40088588091189,0.3749117181036139
400,1000,400,758,65.7362607531076,72.86452817064396,0.1014842703474601
400,1000,400,759,74.13565818849978,64.77091827401496,-0.13311748640430032
400,1000,400,760,81.877603842583,57.73318271806037,-0.34436000648851817
400,1000,400,762,90.77758694361415,44.67623556768944,-0.6977899636871294
400,1000,400,763,95.87868054106562,40.914913033150725,-0.8378177963844529
400,1000,400,764,101.4164158794576,38.409597295666295,-0.9550376382537347
400,1000,400,765,106.80411935455135,34.90774479848382,-1.0993628659056616
400,1000,400,766,106.76757151548064,34.12735865165024,-1.1209965167737406
400,1000,400,767,107.77249986823793,30.365695476229583,-1.2435437489657981
400,1000,400,768,108.10481601142423,26.838656524050222,-1.3658834576941605
400,1000,400,769,108.80222027108135,24.565998252629022,-1.4574174745207125
400,1000,400,770,105.5133067531529,21.781557975714808,-1.5423185754415711
400,1000,400,772,79.76174684112446,33.7963102713796,-0.8419920687647853
400,1000,400,773,107.52677383235128,31.562781582695717,-1.2038269390418113
400,1000,400,774,110.28851686924662,34.24316391540049,-1.1498545012026358
400,1000,400,775,110.37279701703947,34.54248538934491,-1.1421543532738792
400,1000,400,776,109.9556455350527,34.69161822836588,-1.134214653980301
400,1000,400,777,111.06031125949737,34.24636217515538,-1.156674896520022
400,1000,400,778,111.13782149344918,37.056395721649096,-1.080659506359253
400,1000,400,779,110.35534756820087,38.05834990115666,-1.0476697380884845
400,1000,400,780,109.52447553925089,37.88012157246291,-1.0447538880723872
400,1000,400,781,107.98287597354157,38.12801501615246,-1.024352061720315
400,1000,400,782,108.13424435015713,38.8991334018091,-1.0062241195682438
400,1000,400,789,114.56969203619298,64.79139449079742,-0.5633846952816599
400,1000,400,790,114.61810513381474,71.62539254124917,-0.4649779425789724
400,1000,400,792,110.37806447782796,72.77717263598593,-0.41188103048139
400,1000,400,793,104.41965273172295,65.70331781960815,-0.4576943831738971
400,1000,400,795,72.5367943923112,66.93837649574017,-0.0791848186360049
400,1000,400,796,36.384907867591586,53.87940427864472,0.3838710383506929
400,1000,400,797,75.94193134552789,32.75795963342529,-0.8238347684757259
400,1000,400,798,107.18365096379554,61.16595224819545,-0.5540227964822453
400,1000,400,799,109.13405346598022,67.25962136546974,-0.4783798951747924
400,1000,400,801,108.32715406988254,81.28120407328932,-0.2842021019363017
400,1000,400,802,107.11266265040932,87.76355354599082,-0.1971977233798805
400,1000,400,803,101.21133539599286,75.4963286693261,-0.2897998370439989
400,1000,400,804,93.02409002332888,63.89967796979797,-0.3707083645274549
400,1000,400,806,71.41800611255876,46.062363521573594,-0.4309813660663875
400,1000,400,807,57.58490090225021,38.00823016472403,-0.40670434586712956
400,1000,400,811,29.559789077045462,13.711627824585987,-0.7310468727677581
400,1000,400,814,14.26041942009107,19.904845517829262,0.3147184646451864
400,1000,400,815,20.60669370574565,20.94295426266481,0.015442937213885788
400,1000,400,821,74.9850370514374,22.54510086506654,-1.1716186723870345
400,1000,400,824,19.478907208345017,39.145541253619044,0.6731159422321564
400,1000,400,825,24.075177107817005,33.83693293511132,0.32879971830148813
400,1000,400,826,19.705396429654165,29.64165478348647,0.39196598732750854
400,1000,400,827,15.020622393510966,28.000012649317586,0.5934194742535657
400,1000,400,841,15.998861197408974,37.142133059713146,0.8081731722868484
400,1000,400,842,19.54553325787346,37.068215789112934,0.616736145109225
400,1000,400,843,23.105496233888836,36.742650050970965,0.44835088210941576
400,1000,400,1005,3.830775658179437,28.543879340574673,1.8108695469568055
400,1000,400,1223,25.27404663500068,12.181305947995101,-0.6897820222448297
400,1000,400,1224,27.72962913150453,7.095104492888658,-1.2666694687831082
400,1000,400,1232,32.56478018635318,14.95506796117661,-0.743700789200016
400,1000,400,1237,37.38275749525667,5.390423087065836,-1.7928078581853601
400,1000,400,1238,36.95937082873157,6.428196668120879,-1.6312332792874367
400,1000,400,1239,36.16701923157673,6.645642251913652,-1.5812859429794046
400,1000,400,1240,35.404708693419245,6.7571925142545615,-1.5460776466524013
400,1000,400,1241,33.30991306265528,6.9665878627962385,-1.4601780444682086
400,1000,400,1245,26.996747693950017,8.185081023487774,-1.1145078097297767
400,1000,400,1246,35.066574902517566,13.300042074945912,-0.925104053883103
400,1000,400,1247,35.709805236200886,12.119388603804406,-1.0289527099144653
400,1000,400,1248,35.792398862163374,11.056161369643855,-1.1157154249397716
400,1000,400,1249,35.82731977640304,10.245886282266333,-1.1862375569910517
400,1000,400,1250,35.83447339757542,9.612685139485459,-1.2443841868790035
400,1000,400,1251,35.80004856421658,9.101664219548901,-1.2927989803676163
400,1000,400,1252,35.706757655701544,8.717004408107089,-1.3290834879120217
400,1000,400,1253,35.53407196265748,8.44767950061876,-1.3524761477354907
400,1000,400,1254,34.74624239582393,8.103049535891195,-1.3678356845877806
400,1000,400,1255,34.21668770007388,8.136591524449058,-1.34923265528675
400,1000,400,1256,31.98597335552287,8.45403527378699,-1.2496407578138982
400,1000,400,1257,29.215165449523518,8.000025017571271,-1.2111166084773375
400,1000,400,1258,27.482703473042115,7.023581663955979,-1.2669120936543221
400,1000,400,1263,20.692907192126412,13.542117740842594,-0.39993623881020124
400,1000,400,1264,21.028903472463206,12.569581859652738,-0.4845247255016174
400,1000,400,1265,21.25182216836051,12.010644377921365,-0.5366560797355127
400,1000,400,1266,21.086057150587113,11.281443546659851,-0.5868570427904154
400,1000,400,1267,21.04739710074903,10.900068344611038,-0.6166504062618374
400,1000,400,1269,22.047565996558397,13.005259489886013,-0.49812723027333616
400,1000,400,1270,20.638207420410804,11.426227431296136,-0.5546512598214837
400,1000,400,1271,20.743544228217797,11.386682442591471,-0.5626949974841438
400,1000,400,1272,24.94793235717496,14.1119404914582,-0.5406067361287463
400,1000,400,1276,26.60176756994781,11.996358577388445,-0.7532106042699871
400,1000,400,1277,29.048719276401084,11.387979688269576,-0.8860934178391635
400,1000,400,1278,29.539581908092874,11.314594309294197,-0.9082385214996433
400,1000,400,1316,11.263927284827863,15.868017305306779,0.31875714941332234
400,1000,400,1318,10.10154588637,18.977700174930263,0.5875322925717175
400,1000,400,1320,9.559250110356787,14.690971155779557,0.39608319783016066
400,1000,400,1322,10.327582288738364,14.372531405198588,0.30534157974724163
400,1000,400,1323,10.680940094374963,16.19406159287377,0.38660560628324836
400,1000,400,1324,12.25517889622659,2.851028622688593,-1.2360480488197043
400,1000,400,1327,9.745404698432612,11.152636864746302,0.12306797887577048
400,1000,400,1339,13.757183282529788,18.8793993465748,0.29795402037283614
400,1000,400,1340,12.918496722797737,19.454126488993587,0.3849659914133521
400,1000,400,1343,14.108994178404808,18.652470018333023,0.2629128236429503
400,1000,400,1344,13.229642679678737,18.78268073487631,0.32947954312474215
400,1000,400,1345,13.304761931894445,19.083624310559088,0.33931228802696056
400,1000,400,1346,13.4769864502577,19.2362288487301,0.334914258134289
400,1000,400,1347,13.433972952351924,18.94842006590799,0.32356528474459756
400,1000,400,1349,14.98427364496768,16.965965772192106,0.1168738359716488
400,1000,400,1350,14.832429970390269,17.34280037527312,0.14717678114662736
400,1000,400,1352,13.529912936516839,17.857316360116815,0.26069148882072257
400,1000,400,1354,12.562101690891124,18.703483914895354,0.37351620612408043
400,1000,400,1355,28.00022355629326,11.159402595012192,-0.8692007921629483
400,1000,400,1357,15.347206418500718,11.513547631003464,-0.2672451536010634
400,1000,400,1358,15.088629910977739,12.026058651114841,-0.21116094305941724
400,1000,400,1359,15.254977883156139,15.078873300421407,-0.010893000222886418
400,1000,400,1366,20.685210570255506,16.69954419157298,-0.20309160029119422
400,1000,400,1367,21.209879824395948,15.169334101564504,-0.31742073537548077
400,1000,400,1368,21.528458450160127,13.52828867429542,-0.43868163814292016
400,1000,400,1371,29.004326370953724,14.003593478863298,-0.693051845961087
400,1000,400,1372,28.061413711235407,16.654670642145838,-0.49841093098164
400,1000,400,1373,26.86062140854146,15.273725158118538,-0.5376624190603603
400,1000,400,1374,25.8790225199923,14.819690251603877,-0.5300907678069304
400,1000,400,1375,24.843880699236035,16.66811524941318,-0.3803122327248265
400,1000,400,1376,22.39790017310646,16.693277632861953,-0.27946150945916326
400,1000,400,1384,23.864876552997973,13.803628199495385,-0.5185839281243632
400,1000,400,1385,24.775880057912488,13.575796183777971,-0.5700768157581928
400,1000,400,1386,25.947656036313443,13.561765415924494,-0.6154970325267426
400,1000,400,1389,23.273692369694462,14.424698816548045,-0.45342310142933107
400,1000,400,1405,19.747623099258238,12.828850124715306,-0.405674692011178
400,1000,400,1406,20.17756029196463,14.070789161369506,-0.34018376665282046
400,1000,400,1407,20.49893962345889,15.19243708507511,-0.2834593274469981
400,1000,400,1408,20.628703684117973,15.475076989856822,-0.2721725532727941
400,1000,400,1409,20.41850305671355,14.974293497258525,-0.29327440350812184
400,1000,400,1410,22.211502611187047,20.031491413267975,-0.09862705244180558
400,1000,400,1411,20.459270364331868,19.291119819987852,-0.05597339377787991
400,1000,400,1412,20.159918466757468,16.44867792433145,-0.1928448716752631
400,1000,400,1413,19.62436942879277,14.490514656085345,-0.2862454796731697
400,1000,400,1414,19.544376731438646,14.185203997656131,-0.3022657325603224
400,1000,400,1415,18.819130030276582,13.14523241834043,-0.3372699986615646
400,1000,400,1418,17.164855180912138,13.84062664317148,-0.2021202297405389
400,1000,400,1421,12.600386160032214,15.537892887162686,0.19555610004917368
400,1000,400,1422,9.221253998593067,11.449691906299268,0.19722659842463752
400,1000,400,1423,7.151129747195801,10.183013464720332,0.31623943514621766
400,1000,400,1430,3.055332776984341,16.126720762134685,1.4406071115197505
400,1000,400,1432,4.309338567874635,14.591499908136623,1.077258624065749
400,1000,400,1433,4.620974094796815,15.242441488632391,1.0611226860412832
400,1000,400,1434,4.368895662636901,15.211370757694997,1.1050906566896677
400,1000,400,1441,3.716950004091415,10.89961310112705,0.9253434819228785
400,1000,400,1443,4.297509320157622,8.958823376121027,0.6312221591814613
400,1000,400,1450,4.042714330910418,6.186301709436357,0.3542321787038114
400,1000,400,1451,4.071189295032221,6.13288006194339,0.3411397235708218
400,1000,400,1452,4.115895118729039,5.658561351773712,0.26355106510378934
400,1000,400,1454,4.379421118861427,4.995982905933852,0.10850895966476193
400,1000,400,1455,4.298278822256116,5.689361821980663,0.2331364594644556
400,1000,400,1456,4.426718715778626,5.881838706848245,0.23755120692166543
400,1000,400,1460,5.4121915169966535,10.429451310644456,0.5779923695079154
400,1000,400,1461,5.559093782584835,11.960835003515943,0.6810796676175535
400,1000,400,1462,5.447343683503639,11.91963349007949,0.6950799163445331
400,1000,400,1465,5.721761298205815,17.7391432511224,1.025264339968285
400,1000,600,0,5.906143726035747,24.881486722132813,1.3211165042277735
400,1000,600,1,6.68977042256351,29.54693091520117,1.3793732904812157
400,1000,600,2,7.138047257956066,29.611088507627837,1.3248120562135304
400,1000,600,3,7.199457577537518,30.471304191743034,1.3450081495975459
400,1000,600,4,7.491485827753265,30.48655256705243,1.310496557880303
400,1000,600,5,7.489157211924085,30.392085276216616,1.307766072803218
400,1000,600,6,7.348235761682052,30.465075937944945,1.3268279998733368
400,1000,600,7,7.250758026673925,30.51898358412663,1.3402849396264753
400,1000,600,8,7.425118665704044,29.578672090200733,1.2890852143419371
400,1000,600,9,7.625355520132102,29.38056372026795,1.2590968708396213
400,1000,600,10,7.5037729591659295,29.09709045688065,1.2639185619598923
400,1000,600,11,5.229650790674454,20.5408450381862,1.2406306237051898
400,1000,600,12,8.068001410812892,25.695080391834676,1.0797274052149493
400,1000,600,13,7.722679788430588,29.8841499674049,1.2643166003669566
400,1000,600,14,7.973313232109918,30.094289708069038,1.2427692156543766
400,1000,600,15,8.05281490576191,29.96741164199044,1.2298596655326195
400,1000,600,16,7.825875258533242,28.769474328290567,1.2157957397666603
400,1000,600,17,7.89604993509244,27.02573766575201,1.1475159396159151
400,1000,600,22,6.970260147407519,25.729015962834023,1.210032582414137
400,1000,600,23,7.47970726279524,26.708059034372972,1.1840473824363924
400,1000,600,24,5.785658890726924,16.636370780936694,0.9551518928893945
400,1000,600,25,6.672226685352389,5.822607275122484,-0.11736518704177423
400,1000,600,27,5.849788329024697,11.331579425734457,0.5879456542148773
400,1000,600,36,6.587388066734594,24.794284533893837,1.2236655337403373
400,1000,600,37,6.417437280458274,25.288765103287783,1.2653080480010996
400,1000,600,38,6.6125197082874525,27.338470071683915,1.3144260260673626
400,1000,600,39,6.883061777546527,30.344411172573302,1.380319600325679
400,1000,600,40,7.183713471374446,31.2863080269627,1.372497223056226
400,1000,600,41,7.84831429494239,31.704243020243414,1.3072778597269856
400,1000,600,42,7.903596028264898,29.667180744829036,1.2367378084064793
400,1000,600,43,7.553150485304315,29.78890615185375,1.280854742329935
400,1000,600,44,7.54552386856356,29.802954439573337,1.2822029870245046
400,1000,600,45,7.58319763553348,23.727935488766864,1.0581270671287246
400,1000,600,46,7.8142628331228305,23.21344412945575,1.0105368355108402
400,1000,600,47,7.798712590469361,22.911397565591347,0.9997498166090608
400,1000,600,48,5.993201391916594,19.415372937131156,1.071349745024482
400,1000,600,49,2.9877104703983477,15.241960341278505,1.4043807888553903
400,1000,600,50,12.459412390116082,12.243654687473319,-0.01616012103880271
400,1000,600,51,8.022892819199093,29.20727530703028,1.2083178052539552
400,1000,600,52,8.924229202479124,27.585027013796502,1.0579038884108147
400,1000,600,53,8.86458167769614,27.25556025055591,1.052339527372144
400,1000,600,54,8.62095210156204,27.624728277113782,1.0903277384901262
400,1000,600,55,8.295543909050012,28.516685371581286,1.1554205735015466
400,1000,600,56,7.8796167660670875,28.958126589631465,1.2160422272094173
400,1000,600,57,7.365637487003605,28.903457256065018,1.2738415606236098
400,1000,600,58,6.678970351025317,27.221604265148702,1.3016023240311814
400,1000,600,59,5.871990179047859,24.396329686893736,1.307150907512106
400,1000,600,60,4.289483222022287,20.401390060062617,1.3977353244964867
400,1000,600,61,10.198847842849249,8.978592241962401,-0.11536887938110318
400,1000,600,62,9.20311201750288,28.116474202090632,1.0486113642610713
400,1000,600,63,9.049722235041612,31.25456294379475,1.1661145240439645
400,1000,600,64,9.111474570763656,31.06363546246473,1.1540516612443024
400,1000,600,65,9.176700626939443,30.34879174642652,1.1250748704069298
400,1000,600,66,9.17478915734646,27.501516544133178,1.03004428845649
400,1000,600,67,9.177230833352246,25.97528958740527,0.9747682926674557
400,1000,600,68,9.184954074986749,25.25997079983866,0.9471342163252192
400,1000,600,69,9.172866309906002,22.663309648118044,0.8442017223914093
400,1000,600,70,8.595250168622682,16.054269371745093,0.5751323734879294
400,1000,600,71,8.890561263235119,16.80880464352176,0.5881120832927924
400,1000,600,72,6.90456530353128,28.937687185688056,1.3316776486168589
400,1000,600,73,8.17919508722075,27.33688055174428,1.1272246362722176
400,1000,600,74,8.727879731108255,26.689756150072295,1.0460665687383304
400,1000,600,75,8.83213520238243,28.351594895010752,1.0936907619146359
400,1000,600,76,8.931936921330704,29.924737420689755,1.135800910828158
400,1000,600,77,8.936838003614803,27.378940258608182,1.0493984681273263
400,1000,600,78,8.912235689521877,23.502716493835756,0.9050140664591715
400,1000,600,79,8.65251823950176,17.923238253374326,0.6731718652505645
400,1000,600,81,8.390201269364775,8.337806272413498,-0.00559537724810788
400,1000,600,84,9.819930718980721,4.282300992161102,-0.7170280735886838
400,1000,600,85,11.398762027644205,8.396711173755525,-0.2772368782237091
400,1000,600,87,8.374091406612516,4.9455157739667035,-0.4553123665463972
400,1000,600,88,8.432032259012864,4.791320615283992,-0.4877512322773514
400,1000,600,89,8.458233373472689,4.716326736572562,-0.5035591984485712
400,1000,600,90,8.732005147558084,4.0799116015958905,-0.6501260936739643
400,1000,600,91,9.232751325279485,3.7412414835543237,-0.7692944727819235
400,1000,600,92,9.592902858604512,7.068471314051845,-0.27222019914213647
400,1000,600,98,6.967928393330476,21.6331246486048,1.043989992154558
400,1000,600,99,5.664645417203891,23.041741152615106,1.2829747828618487
400,1000,600,100,5.399495163888553,11.755448401692162,0.6897393993377872
400,1000,600,101,5.735260672031921,8.292405672994837,0.32184095906160226
400,1000,600,102,6.673797709688241,13.670823073106735,0.6480490654517452
400,1000,600,103,6.74302888964203,16.99461262047491,0.8432794737714495
400,1000,600,104,14.779801469352607,8.808470396346097,-0.4754843956626904
400,1000,600,105,6.148224025760269,14.558834386145447,0.7777646671812308
400,1000,600,108,6.09309683554917,14.317515813279812,0.769874963587543
400,1000,600,109,6.154018467065396,13.830054187264142,0.7289815878425276
400,1000,600,110,6.337495943807919,13.415254794737548,0.6752893742499435
400,1000,600,111,6.633743710388307,13.344176481882748,0.6307656581272756
400,1000,600,112,6.938306173127084,13.315273702690462,0.589627134179846
400,1000,600,113,7.076004392506311,12.081940361128938,0.4823354363322667
400,1000,600,114,9.471124115729868,4.740474162725017,-0.6010795708521723
400,1000,600,115,9.363312689502102,4.035872202628866,-0.7216852042951338
400,1000,600,116,8.977486938146262,3.7756046081717787,-0.7368106633794422
400,1000,600,117,8.429384261240882,3.9943341263453855,-0.635526703605584
400,1000,600,118,7.990447416380884,4.519007880349695,-0.48796450315977613
400,1000,600,119,7.778294266400367,4.716983342745336,-0.42884083523376004
400,1000,600,120,6.584827462103194,6.622764721282578,0.004989262917987958
400,1000,600,128,9.257287267434451,24.953500293279934,0.9283180806789297
400,1000,600,129,11.270225152448173,10.40478844012664,-0.07314230257071186
400,1000,600,130,6.33298785077639,22.08994623991514,1.147014242756706
400,1000,600,134,8.341586850667017,22.856098907596575,0.9375637678717883
400,1000,600,135,10.09198050114395,21.03232683103491,0.6862884064238064
400,1000,600,136,11.18688161441069,12.388926447437596,0.09406788508708663
400,1000,600,137,11.566449326737201,5.549602568710621,-0.6516261394081608
400,1000,600,138,11.81248884572825,2.4497130508765768,-1.312129332395756
400,1000,600,139,11.834133614241065,3.9850582160157244,-0.9456632286491344
400,1000,600,140,12.151623148997164,8.264178614734595,-0.35038998322583215
400,1000,600,141,12.03975649862611,11.08120206176058,-0.07635218692599022
400,1000,600,142,11.635497038419311,16.154029283788546,0.3057230113909579
400,1000,600,145,8.319932924224261,12.115460842779557,0.34163631960462704
400,1000,600,148,8.24304554769423,6.941055349076434,-0.15182525414732773
400,1000,600,154,8.41223777162214,20.831184007401777,0.8413286735689365
400,1000,600,155,8.730227568118858,17.766130814731696,0.6568164084605184
400,1000,600,156,8.963787180318706,13.410299692010158,0.3689859689858008
400,1000,600,157,9.34561545924924,12.308530775244186,0.2518424384532745
400,1000,600,158,9.649142527593236,10.391603610497027,0.06739718356435898
400,1000,600,159,9.657369561537505,8.81822390603431,-0.08201138941609543
400,1000,600,160,9.27234664234588,12.06549527719421,0.24051931424375095
400,1000,600,161,8.528410224739892,16.566959969243527,0.6117419775013837
400,1000,600,162,7.908005703810325,15.69150172804408,0.6279493216429088
400,1000,600,168,11.009118597725806,19.49772596175043,0.5346477069294231
400,1000,600,169,11.872277170420759,18.270117144505004,0.4034796192453869
400,1000,600,170,11.81162084720832,11.317413848622618,-0.03933861655550075
400,1000,600,171,10.691249293996998,2.898974602354357,-1.0981270422871376
400,1000,600,172,9.734122361936615,4.120957533086848,-0.7400862334153304
400,1000,600,173,7.857615875729785,8.69304469104506,0.09013094626325424
400,1000,600,174,6.31149617423061,11.308475785035904,0.5208401854644376
400,1000,600,175,7.072975683403074,13.126269068154468,0.5595139702106549
400,1000,600,176,7.675965601160833,14.051853386663032,0.5509445040984455
400,1000,600,177,11.999053610090009,6.2873623558625935,-0.5787348917927098
400,1000,600,178,13.441742067500176,6.760904726255023,-0.6210238521475353
400,1000,600,180,6.8583355785370355,15.149071419860235,0.720287725232081
400,1000,600,181,9.684406728704651,14.813758551820959,0.3920949920533472
400,1000,600,182,9.649680819781036,14.664250627192178,0.38585116413122966
400,1000,600,183,9.536728316378705,14.714669949993931,0.3997275792899333
400,1000,600,184,8.923288674101517,14.19416852884372,0.42602731889879086
400,1000,600,185,8.441106330194069,13.255128594481477,0.41204357404718905
400,1000,600,186,8.087214292724575,12.534387719584009,0.3983652824435553
400,1000,600,187,7.9727077281040195,12.06989123926199,0.3761237107852424
400,1000,600,188,7.716664023975735,10.84959201665804,0.30705683934844785
400,1000,600,189,7.452235773807796,9.525298315810256,0.21935072772369724
400,1000,600,190,7.339148095198903,7.768629319358093,0.05021943789715033
400,1000,600,191,7.33338486324661,7.52920362276213,0.023226275447460143
400,1000,600,192,7.400637816847503,7.925371521014046,0.060590320259926944
400,1000,600,193,7.5462341511154944,9.333097400616614,0.1898613475979114
400,1000,600,195,8.171829847478477,13.929832724593131,0.4872245939855002
400,1000,600,196,8.794510852851333,15.36385822436479,0.5132530244591735
400,1000,600,197,8.73146389662192,11.301302601526944,0.23434082259061118
400,1000,600,200,8.56139876879135,11.718447344014463,0.28531945522425195
400,1000,600,201,7.279945929341461,16.008983133875926,0.7199051860284067
400,1000,600,202,6.865422797607899,14.78190245722695,0.6963875775320951
400,1000,600,203,5.958010677277721,11.465846578145635,0.5830990198257686
400,1000,600,204,4.703725025969386,5.740185669986557,0.16696799729892065
400,1000,600,205,4.704268805567273,2.6266048421831276,-0.4529179023800938
400,1000,600,206,4.819511270535417,3.16409960156181,-0.33471621393243
400,1000,600,207,5.415886481292857,3.822148084041571,-0.2855576879675006
400,1000,600,208,6.293542707779483,4.035724301170797,-0.3704320270356565
400,1000,600,209,7.23475989517822,5.750473624991001,-0.19875153748952434
400,1000,600,210,8.081663959958153,8.025537635450691,-0.006199357086256629
400,1000,600,211,8.681983639259956,9.339111363687394,0.06566712206467074
400,1000,600,212,9.545531783309098,9.921923210418123,0.035069830419449666
400,1000,600,213,10.305658795306623,9.533122776205353,-0.07077853659217981
400,1000,600,214,10.12621560763825,9.018791476652359,-0.10484161291521943
400,1000,600,215,9.741683545259365,8.698916944224884,-0.10211760743475118
400,1000,600,216,7.047724800262002,8.30674204767602,0.14534967089764628
400,1000,600,217,6.390317907142032,15.02421889070357,0.7739305058562986
400,1000,600,218,13.163664602695837,8.562869384902491,-0.3927920275150112
400,1000,600,219,11.924180762640194,9.798618179927544,-0.1796818548093091
400,1000,600,220,11.346309923441945,9.317908984731352,-0.17947610503766542
400,1000,600,221,11.109292723422346,7.690918647890444,-0.33169450460668193
400,1000,600,222,10.884112841387266,6.803925631837064,-0.4205755595689893
400,1000,600,223,10.63460378646136,6.369994634397585,-0.45656676441469823
400,1000,600,224,10.514116697586443,6.209194597113497,-0.46821658278691913
400,1000,600,225,10.15783496475997,5.997310555264836,-0.4666160697209445
400,1000,600,226,9.726288285638864,6.032585263057182,-0.4221431920189138
400,1000,600,227,9.175855110251286,6.697818474349648,-0.2790807944181757
400,1000,600,228,8.070773862834274,10.72510978096764,0.2566750956330064
400,1000,600,229,8.204094362188174,14.298657776039107,0.5081166730712523
400,1000,600,230,8.402844852496614,14.756253003526506,0.5162250152073709
400,1000,600,232,7.774139914550626,11.618236155597009,0.3633343324320868
400,1000,600,233,7.5465671382180135,14.019808971006817,0.5638402299243945
400,1000,600,234,7.797461059267053,14.934501388727625,0.5940234931952588
400,1000,600,235,8.821529157904255,12.360390763636703,0.307717587484972
400,1000,600,236,14.882867152589004,2.83215509541476,-1.4218136576513651
400,1000,600,237,14.000240947518684,4.872399438674049,-0.9378029508450922
400,1000,600,238,14.420487809598612,5.519206083345708,-0.8609444003321183
400,1000,600,239,15.60248897950353,5.361928618182435,-0.9592210494110522
400,1000,600,240,17.575983516819942,4.230491337415856,-1.2673643179849141
400,1000,600,241,18.817954617636502,4.717077520212218,-1.2431305738910705
400,1000,600,242,18.253121165355683,10.835275799640824,-0.4865886396267043
400,1000,600,243,17.351829049171748,16.44221428552579,-0.05083586890294889
400,1000,600,244,16.506700469329022,17.952566275622168,0.07935565426541302
400,1000,600,245,16.314932129832712,17.747364259494294,0.079483911593905
400,1000,600,246,16.001817839679333,17.422788178435976,0.0802681161945693
400,1000,600,261,6.84539042800192,8.427853452084275,0.18374228835323692
400,1000,600,275,9.390600290580627,10.409626460461286,0.09355584618537671
400,1000,600,276,11.629724743939262,10.49281077183233,-0.0943314526900294
400,1000,600,277,12.677656836825154,10.605906185070177,-0.16424949124301902
400,1000,600,279,7.651839195112826,9.317752445778824,0.17609402801776763
400,1000,600,303,5.769786794009316,12.752831641627541,0.708775146815795
400,1000,600,418,7.871594991512027,20.793530978187302,0.8987585828221407
400,1000,600,419,9.444540026880299,28.916939326443334,1.0523454962328427
400,1000,600,421,13.044469965151624,29.13395105713466,0.7634237566897308
400,1000,600,422,13.074832415756243,30.04498527604637,0.7910490231023006
400,1000,600,423,13.015962650457963,29.752661122680077,0.7857796616715538
400,1000,600,424,13.037290649052666,25.938802149180656,0.6518503000787566
400,1000,600,428,12.481282913488279,20.373215546570368,0.46083625555713237
400,1000,600,429,12.383438824340265,25.933651810282008,0.6993584674675986
400,1000,600,435,10.043158736743468,22.24517814584897,0.7442866015645677
400,1000,600,438,9.774172693175155,16.31521580018205,0.47443378814314974
400,1000,600,439,9.506174210067217,15.45392898251454,0.44860118826071105
400,1000,600,440,9.513148542078003,15.760469153424133,0.46639637124495614
400,1000,600,441,9.681757948859358,17.774802485379894,0.5639782555688142
400,1000,600,443,9.235663744366954,28.235548442904477,1.0495073137952042
400,1000,600,444,9.21161198440487,19.539672546142718,0.6988327595072983
400,1000,600,445,9.773542245518867,15.546497051030371,0.4290810844740762
400,1000,600,447,10.155854228345332,21.49629617722141,0.701386278293973
400,1000,600,449,8.754818277561416,20.750733631740456,0.8018861419049248
400,1000,600,450,8.772318633763776,20.881695902696936,0.8060967241385333
400,1000,600,451,8.49554343563707,21.59857674605084,0.8670643519559045
400,1000,600,452,8.551012112787808,15.529747537961818,0.5485145094819899
400,1000,600,453,8.946893145787786,11.546002219542027,0.23214181082998975
400,1000,600,460,8.06289497760934,35.83376779798579,1.4022264246733083
400,1000,600,461,8.262981551200523,32.49682897321926,1.2854247982306757
400,1000,600,462,11.895688429053417,11.823921754340665,-0.0055807114074744035
400,1000,600,463,12.436424239865797,15.426207362823387,0.20090882318410275
400,1000,600,492,13.652166229661752,17.363623762453773,0.22578354836161463
400,1000,600,493,13.72527940720694,18.950486603423226,0.30368782980727715
400,1000,600,495,13.550320116340853,11.927166960741127,-0.11828193161982536
400,1000,600,497,13.972499411405215,16.667770579495677,0.1655269627189413
400,1000,600,498,12.49036495799675,20.519090094298196,0.46696472871684147
400,1000,600,499,12.66866906613048,13.95781797290963,0.09012782014471243
400,1000,600,533,7.553161157307271,9.972212075128567,0.24906496102847164
400,1000,600,534,8.223541907696337,10.841130870817404,0.2498200189850852
400,1000,600,535,16.74219823007538,19.698258793660727,0.15410369752184483
400,1000,600,536,16.359982533447013,20.04515473611866,0.19250265173261516
400,1000,600,539,5.888295472008549,9.453453828347966,0.4171087708557555
400,1000,600,549,4.603295448427499,8.989438379665486,0.5781734752361658
400,1000,600,550,6.031545745335313,9.18774751787402,0.37077921442593387
400,1000,600,551,7.858971216667197,9.50582421830579,0.17049914846420222
400,1000,600,552,10.514560847368916,12.756711170976068,0.17791439509508322
400,1000,600,553,10.153225822236616,20.01396165539855,0.633458290072987
400,1000,600,554,4.336885910294295,24.74478680117368,1.5735898322894837
400,1000,600,555,13.3893518233983,16.600400069116613,0.20143315664502426
400,1000,600,556,21.286899603838524,12.719211415699755,-0.4852019004754955
400,1000,600,557,26.041737499525144,11.959782676280723,-0.7355305837716064
400,1000,600,558,32.62723510314385,10.211929148350167,-1.0983579931687775
400,1000,600,559,32.652443806750185,10.070500719051166,-1.1118016999547624
400,1000,600,560,29.84875151497184,10.427848818974942,-0.9930430247217066
400,1000,600,561,28.14768408407011,10.319247817610863,-0.9458708380496499
400,1000,600,562,28.405504833059418,10.352349320649973,-0.9517571849255209
400,1000,600,563,29.152992808220223,10.340569438840491,-0.9778976700969197
400,1000,600,564,26.876595338458273,12.51138436138099,-0.7242548439088323
400,1000,600,565,27.15010618251002,14.614491124539548,-0.5893517252861513
400,1000,600,566,26.01570998299702,20.863011584676684,-0.21162230784614744
400,1000,600,567,30.379805382096443,23.658092681084362,-0.24105939521178055
400,1000,600,568,31.9272574701663,23.77816211118693,-0.2843381040756787
400,1000,600,569,32.590612863320324,23.222960507700947,-0.3269456842036078
400,1000,600,570,33.316230748029184,22.04988679593604,-0.3979575837078628
400,1000,600,580,29.553109953002323,22.421465756277783,-0.2658135373490871
400,1000,600,581,28.9120056358231,23.419402561690315,-0.20288192282820816
400,1000,600,582,27.975466351188025,23.37105079514698,-0.1730534989498662
400,1000,600,583,27.087465447011823,23.29517591804767,-0.1450455985723642
400,1000,600,584,28.029198104292746,22.23527360837531,-0.22263061648742433
400,1000,600,585,27.5761381575483,22.004207929556173,-0.2168948867688627
400,1000,600,586,27.65146931858983,21.73854524354241,-0.23114321414528138
400,1000,600,592,27.696348386084473,25.05813638595462,-0.09643982403133844
400,1000,600,593,30.08296930190198,21.47956335569357,-0.32405345716253864
400,1000,600,594,16.38467300360351,22.55075155194934,0.3035687768153288
400,1000,600,595,23.404338355314668,22.156978148239435,-0.05246475094150371
400,1000,600,602,8.630514210155436,11.119601960052098,0.22988751744433866
400,1000,600,603,17.54739886542327,7.486086077857578,-0.7819016660906368
400,1000,600,605,22.8658592128558,24.969817453602754,0.08448604366154822
400,1000,600,606,22.938140471715393,23.105516591318814,0.00696769592465607
400,1000,600,607,22.91364035391159,21.726911749245044,-0.0508992603358287
400,1000,600,611,22.829763047107154,24.650338863547503,0.07362143499289786
400,1000,600,612,23.170980584043676,23.525600635060847,0.014564731689767019
400,1000,600,613,23.2999277881233,22.922090693551034,-0.015671049820409344
400,1000,600,614,23.77533932505485,22.46405350511085,-0.05437916441185697
400,1000,600,615,25.04406338206177,19.889482448899162,-0.22054404882786782
400,1000,600,616,25.177697325981136,19.71879761062845,-0.23386641581815937
400,1000,600,617,26.213697104527405,18.878941396949617,-0.3140594664123153
400,1000,600,618,26.802757096797144,18.33424518328854,-0.36325730650379695
400,1000,600,619,27.049933613098986,17.408628917499986,-0.42116674763765527
400,1000,600,620,27.58090135411943,16.822241725825148,-0.47229149749980515
400,1000,600,621,29.17777675053015,15.241584547352097,-0.6195308836848659
400,1000,600,622,30.755050021471032,13.425391635687998,-0.7890618066716883
400,1000,600,623,27.565333655600345,13.570998614488351,-0.6731607157375663
400,1000,600,624,28.188962164760593,13.61008399140897,-0.6920786551103246
400,1000,600,625,33.122097176057146,13.808346363164851,-0.8347542201782523
400,1000,600,626,33.16396640560057,13.781129928699395,-0.8378201123136959
400,1000,600,627,35.145289589876036,13.33496252454831,-0.9248451532437607
400,1000,600,628,35.87132698555835,13.054846827173037,-0.964466896330689
400,1000,600,629,35.45542225417221,12.494764533811654,-0.9937884081635486
400,1000,600,630,38.557112471165034,12.190237166992747,-1.0982685655814777
400,1000,600,631,39.89120274262623,12.201289591963585,-1.1306004268646292
400,1000,600,632,39.026625720288294,12.220238697752519,-1.1077959856127748
400,1000,600,633,40.15721297328074,12.198468503198542,-1.137298396277631
400,1000,600,634,41.604618584068476,12.218565444422401,-1.170340350367146
400,1000,600,635,41.040328572956064,12.304200446417822,-1.1505495532952392
400,1000,600,636,38.63027194874643,13.359204912793126,-1.0152020754754445
400,1000,600,637,41.4499021478226,13.907746879698053,-1.046443604989335
400,1000,600,638,42.133038796117276,13.729874679102556,-1.0744115422761862
400,1000,600,639,41.75829695743813,15.892886992694663,-0.9286706121026809
400,1000,600,640,42.32510821005562,14.388055259877147,-1.0351407572484224
400,1000,600,641,44.22015950770018,12.442108202432468,-1.2131508111204914
400,1000,600,642,44.76882605422671,12.875012820300734,-1.1935136219145943
400,1000,600,643,44.77724589102282,12.852702341569447,-1.1953068245447138
400,1000,600,644,44.76322989244454,13.033242713502995,-1.1820519333652868
400,1000,600,645,44.77507509411731,12.55135569523558,-1.2172531374344389
400,1000,600,646,44.700600120062255,12.309056860087521,-1.2336666591451553
400,1000,600,647,44.65519393928971,12.92524286073329,-1.1874141517018506
400,1000,600,648,44.58713769753887,15.361728956151346,-1.0246806011882392
400,1000,600,649,44.421601072546736,16.715973389054643,-0.9415211024680534
400,1000,600,650,44.21247601292631,17.189090470170207,-0.9105510770973186
400,1000,600,651,44.50549819736541,21.067287612197333,-0.7237368447544341
400,1000,600,653,42.116492940650375,29.537868754287945,-0.3449380787792573
400,1000,600,654,7.059463938903252,51.74798105866142,1.878678452368474
400,1000,600,655,48.68088947709136,5.119013741901273,-2.094219411339651
400,1000,600,656,33.19802523179173,13.115452544232557,-0.8848977782215086
400,1000,600,657,38.458776099678374,12.517534489270078,-1.0712687901622746
400,1000,600,658,41.46782672726336,12.418440497167794,-1.1521168536389856
400,1000,600,659,42.32866336409739,12.457119172820304,-1.1693061149152495
400,1000,600,660,44.13343131454482,12.361002123846994,-1.217283068170155
400,1000,600,661,44.56455121498652,12.472582795466847,-1.2184733122403566
400,1000,600,662,38.41090700833068,15.420244776322892,-0.8755275944976044
400,1000,600,663,40.51866056768791,14.754642303186658,-0.9690079071565796
400,1000,600,664,41.610152276683344,14.79069869699937,-0.9926714646130024
400,1000,600,665,39.46361540068112,15.308528717113834,-0.9087149800021064
400,1000,600,666,40.02808750368666,12.410148484328538,-1.1182451233334687
400,1000,600,667,39.672078351881694,12.219090657310117,-1.1238797747578881
400,1000,600,668,38.543301676931634,13.119364397568,-1.029849099739554
400,1000,600,669,38.388113188109024,17.28269974624879,-0.7675088314045291
400,1000,600,670,38.364453682080224,21.08705639872319,-0.5778714646461243
400,1000,600,671,37.815782052825185,25.05562360863273,-0.39859329547417977
400,1000,600,672,37.78609029892793,27.132238719048896,-0.3211454808171599
400,1000,600,674,41.464393209508536,42.99327483111523,0.03537085954994801
400,1000,600,675,32.072064272454234,13.034082395729406,-0.8572001183838891
400,1000,600,676,38.75422518070395,28.436697847023794,-0.3004740072583738
400,1000,600,677,42.16971108050183,37.016626484517,-0.12711551384568853
400,1000,600,678,42.24964306454966,37.111518727450296,-0.12647241525607011
400,1000,600,679,33.25049258670727,13.32593885645535,-0.8716291465276349
400,1000,600,680,29.523342108495108,12.585698944288733,-0.8094740146785449
400,1000,600,681,29.995272706266242,14.924184428940555,-0.6659957126171601
400,1000,600,682,29.200630258372314,22.18605851116567,-0.26431162184472257
400,1000,600,683,29.239451826665665,23.128994203122403,-0.22573322737718682
400,1000,600,684,29.16610689635997,29.727266093214848,0.01843140083949457
400,1000,600,685,29.5544495955831,40.48944427733461,0.30592871549832124
400,1000,600,686,29.07124739848421,42.58055582530628,0.3710416042770235
400,1000,600,687,28.524514779293657,50.17765546727934,0.5500820924171368
400,1000,600,688,26.9412573098728,53.603964675187775,0.6700021400436458
400,1000,600,689,25.68926842903206,55.89224569252905,0.7568974991633088
400,1000,600,690,25.026256472548326,58.59591755681165,0.8284811815760023
400,1000,600,691,22.54403086357102,61.43852832612216,0.975310204141461
400,1000,600,705,12.94207541368519,73.52638117915765,1.676241896340282
400,1000,600,706,12.245423303722086,76.34282648779116,1.7645957500476501
400,1000,600,707,11.251759697966941,77.32826929599226,1.855239000613257
400,1000,600,708,9.831558226569516,83.13145682589224,2.0499166065462893
400,1000,600,709,9.557645280164936,92.09251516705037,2.1767435168428686
400,1000,600,710,10.802775763385057,101.08421249980188,2.1574633474031284
400,1000,600,711,8.634713005619139,102.43980068270628,2.373617292801898
400,1000,600,712,5.2544951957198105,101.80891307449943,2.7995716157813164
400,1000,600,713,5.467077911033453,99.42488382541582,2.7426856535465216
400,1000,600,714,5.381645327567553,98.87980160339445,2.7505415266172344
400,1000,600,715,5.206743036259434,98.27508694786415,2.772258365294551
400,1000,600,716,5.066222452456071,97.93366021345278,2.7917134460528477
400,1000,600,717,4.95394687185931,97.90824170008058,2.8101382293745765
400,1000,600,718,5.669472844359648,98.43549490247932,2.7019683185196888
400,1000,600,719,6.422161533296553,99.47256575629696,2.605414386163404
400,1000,600,720,7.534716456656691,100.0380402658842,2.4713549477799504
400,1000,600,721,9.02833169944975,99.79542399676433,2.3076787006718433
400,1000,600,722,8.19883211673635,98.64267883548044,2.382514043009955
400,1000,600,723,8.797334959228968,99.29545156310907,2.3260099398581646
400,1000,600,724,11.366369678752196,100.6467415494792,2.1065228185108884
400,1000,600,725,12.545116097981904,101.83855539678527,2.0271342884244636
400,1000,600,726,11.365845037845348,102.12469046655056,2.121000603363995
400,1000,600,729,21.802663052519947,91.87736785429388,1.4044026680904889
400,1000,600,730,23.970343702010474,90.16808579700142,1.2950160306069685
400,1000,600,731,24.060533621987506,87.30046394921095,1.2594511188184057
400,1000,600,734,25.050716621819454,78.70413527163252,1.118276192620236
400,1000,600,735,25.348242940910083,74.38572418358699,1.0512163314480296
400,1000,600,736,25.648648473812518,70.24920618931316,0.983445242486451
400,1000,600,737,26.016999300498053,70.28517049136806,0.9702220466802989
400,1000,600,738,26.173548287203463,69.69581911093641,0.956142424837378
400,1000,600,739,26.015903391306598,65.56847176899215,0.9018053615004766
400,1000,600,740,25.780772601951544,66.51586464937171,0.9246784122976477
400,1000,600,741,25.678798569336582,69.13887160049283,0.9666079678661168
400,1000,600,742,26.455942674710204,69.40538274804568,0.9416870843236591
400,1000,600,743,27.242867678281655,68.71139013222175,0.9035227667957222
400,1000,600,744,27.10826668791071,68.5790803763306,0.9064002315980542
400,1000,600,745,26.84083366082021,68.56031420967985,0.9156904268475561
400,1000,600,746,27.493868727556087,70.0332453042065,0.9134590794067874
400,1000,600,747,28.22406617430012,71.27716643062932,0.9055157084078465
400,1000,600,748,28.55142911351529,73.26054347162602,0.9214476619814911
400,1000,600,749,28.669217483782834,75.00193459025937,0.9406487351301869
400,1000,600,757,64.91201458705548,53.106181252237086,-0.19737230494988278
400,1000,600,758,78.41052242801108,55.12811387201574,-0.346994058215504
400,1000,600,759,88.3296160055989,52.29889356858544,-0.5164175067061127
400,1000,600,760,96.87164153804115,47.5649544499559,-0.7007546709999688
400,1000,600,761,99.52148393658916,41.478011044172945,-0.8613849203232946
400,1000,600,762,103.33811411983628,34.52356802216073,-1.077440358903646
400,1000,600,763,106.68313815868123,32.55480272363233,-1.1660130044487937
400,1000,600,770,113.2319918806067,19.715943488923156,-1.7073277763871633
400,1000,600,772,87.99624724056436,37.881603689406276,-0.8280729771096711
400,1000,600,773,126.73785843337005,30.05985359864891,-1.4140640787415082
400,1000,600,783,126.1971480432541,42.5326048945805,-1.0722280344731554
400,1000,600,784,126.1238371175127,46.05128867136563,-0.9939234517170243
400,1000,600,785,123.34853796365236,46.90462607384095,-0.9538763352553588
400,1000,600,786,124.38192287994896,50.60651087514245,-0.8877166178667606
400,1000,600,792,112.55902283255165,95.04465665469246,-0.16750946991716908
400,1000,600,793,104.93796253347719,86.53972790219042,-0.19076094017336853
400,1000,600,794,109.43784175323579,87.23630460692422,-0.22443434943457863
400,1000,600,795,58.753386364270916,95.91784013367139,0.48363774589913877
400,1000,600,796,24.339692820077037,83.04612584639592,1.198993712866292
400,1000,600,803,117.61002436329248,75.5293650201735,-0.4381664817965971
400,1000,600,804,109.01661674857665,65.5110629116451,-0.503263122335297
400,1000,600,805,95.80439333194141,58.27520890071729,-0.49050122270445495
400,1000,600,806,84.55642542012455,42.58212742272608,-0.674528959890937
400,1000,600,807,70.78133289576134,23.58647720969268,-1.0714278698563358
400,1000,600,808,63.57105957518349,7.0337161382290265,-2.0841191134620902
400,1000,600,810,50.14862544287279,9.105737526301429,-1.621632284507954
400,1000,600,811,55.624420500896306,11.179843874682465,-1.5366579057420462
400,1000,600,821,107.93071582115803,10.692369089023536,-2.231775631053646
400,1000,600,823,11.4081350439875,57.26844761376449,1.5467084301023628
400,1000,600,824,22.162380232295227,29.63321309038091,0.27955539461429657
400,1000,600,825,31.107262268951523,18.35193504596052,-0.5062898266048474
400,1000,600,826,28.52505887833648,12.273519903611017,-0.7994682903751777
400,1000,600,827,24.03425307499008,10.963395334974216,-0.7383934109885302
400,1000,600,838,9.4064101714021,21.445648445075214,0.768674783309967
400,1000,600,839,9.110302893292799,20.899798106193156,0.7729224255292859
400,1000,600,840,10.143174640384725,24.629985568343937,0.8329358067029018
400,1000,600,841,19.250991202009946,29.59715254779981,0.412703210033047
400,1000,600,842,23.19659881235098,29.272644180593584,0.22403239405200948
400,1000,600,843,27.4147154115948,28.451615143049164,0.035841592890500706
400,1000,600,844,13.902295089788662,84.57752763687995,1.7479074871134586
400,1000,600,847,7.430219592895325,35.973099291290545,1.4783677813828637
400,1000,600,848,7.128268666146995,33.68564255068945,1.4509778972968235
400,1000,600,849,5.908994143508381,27.11170395486938,1.4033619386275362
400,1000,600,1143,3.1047840165487095,13.218514651640545,1.2423918372477751
400,1000,600,1225,37.97999249085729,8.846876028470641,-1.3758942510285888
400,1000,600,1226,41.30838669345085,12.469365634062145,-1.1445674387957179
400,1000,600,1227,42.59877645913252,12.501666175500796,-1.1722159888611081
400,1000,600,1229,41.05180361411209,11.643472916743232,-1.2017611705785676
400,1000,600,1232,37.693868529415866,12.791682328002707,-1.0316154709574077
400,1000,600,1235,42.56001672902906,7.463786814536977,-1.6383429946300208
400,1000,600,1238,42.535455273445606,13.817784194911471,-1.0777475756917885
400,1000,600,1239,42.357099925614776,17.075671510539102,-0.8749035525617055
400,1000,600,1240,42.016419673082574,18.061005944303364,-0.8139372210649634
400,1000,600,1245,23.966724343281626,9.418525244889263,-0.8739584168890984
400,1000,600,1256,38.59415089366053,19.61175181850369,-0.6528200128834811
400,1000,600,1257,34.67690890691688,16.02842449103115,-0.739619693527827
400,1000,600,1258,32.18886108654191,12.882087665608564,-0.8716149582315125
400,1000,600,1260,25.07824215569812,7.201969393580144,-1.1567270373985745
400,1000,600,1261,24.589932560856248,9.348418380638678,-0.9053653202278813
400,1000,600,1262,24.196635061680176,9.816514568760976,-0.8456363633596782
400,1000,600,1267,21.837438322542983,8.32750120723068,-0.8954340654506074
400,1000,600,1268,31.204528860323524,6.959337270556132,-1.3977613515741436
400,1000,600,1270,21.79470951618241,8.920317064613718,-0.8319435873266632
400,1000,600,1271,23.63572384298084,8.868257246305657,-0.9148743112057827
400,1000,600,1273,24.862796591978462,10.391992057674774,-0.819894853553008
400,1000,600,1291,25.322444507189367,6.116753170721814,-1.307970372488134
400,1000,600,1292,23.082991918263627,6.089629930575043,-1.2228727186075576
400,1000,600,1293,23.537230595445642,6.11720137516121,-1.237676997375968
400,1000,600,1294,21.702414604503982,6.085620686750574,-1.164403814015757
400,1000,600,1296,23.60244883069765,6.7226081311229064,-1.1586938361469112
400,1000,600,1297,22.458098229098926,7.0763716959654115,-1.0662730513842114
400,1000,600,1308,23.48266939485254,6.542182112911414,-1.1774539505608863
400,1000,600,1311,18.957699863450497,8.111532635499868,-0.7840740932111263
400,1000,600,1324,15.397080691516093,6.1614815894921415,-0.828386426897157
400,1000,600,1333,7.698347964257813,16.11932547205817,0.6770748514772542
400,1000,600,1334,7.595185191584852,15.639240677077233,0.6605616169297859
400,1000,600,1341,7.010249980446628,16.72166873934018,0.7940661442535255
400,1000,600,1355,23.7285179560522,22.90230774402712,-0.03398213814299167
400,1000,600,1356,19.263107068920043,7.149393858129273,-0.9108582955798621
400,1000,600,1357,15.17838810860529,9.81464739725789,-0.4027748284546062
400,1000,600,1358,14.48551531187595,10.17435208520707,-0.32628393113718523
400,1000,600,1364,15.334605994533396,13.038593249817255,-0.15147572674396104
400,1000,600,1365,15.699339436937988,9.69827635372838,-0.4452865239109056
400,1000,600,1366,16.767636887293637,8.788376916723365,-0.5961829971717334
400,1000,600,1367,19.17114628003534,9.604410462455217,-0.6429831853462171
400,1000,600,1371,24.053270057596993,13.853442864038692,-0.5227726791589946
400,1000,600,1373,19.392563291072463,13.36001273677664,-0.3507228392505337
400,1000,600,1374,18.751821298179838,13.046393242712305,-0.3408800506040204
400,1000,600,1377,16.103027690128634,17.10209192878946,0.056772002031608704
400,1000,600,1379,18.14527006525004,17.19277548043216,-0.05103112748490535
400,1000,600,1380,17.662725100548286,16.908304935772172,-0.04126365630133799
400,1000,600,1381,17.45081911597134,16.78740288314079,-0.03661826246706745
400,1000,600,1382,17.775280619602007,16.854472757146354,-0.050287092521558385
400,1000,600,1383,18.94227562356651,17.132554753029403,-0.09513295371289443
400,1000,600,1387,15.468010118893803,15.078882137428735,-0.023912975847782292
400,1000,600,1388,15.722124158269542,14.815523776707792,-0.05574066735432437
400,1000,600,1389,15.7993795398709,14.69530013793746,-0.06798064030933393
400,1000,600,1390,15.555570543580032,15.528632540014224,-0.0016284514667446182
400,1000,600,1391,15.303686216968936,15.53691004672021,0.01420362461168967
400,1000,600,1392,15.076311854395868,16.594007557702493,0.0902114892372925
400,1000,600,1393,14.55581361131081,16.924376742009468,0.14172718112689342
400,1000,600,1394,14.793831652358646,16.864704608344532,0.12320749462435154
400,1000,600,1400,11.939147945289351,17.18594103466519,0.34039138462334684
400,1000,600,1405,14.545960384144033,13.743528523352591,-0.052996580175844965
400,1000,600,1406,14.526930239644782,15.41694344841692,0.055737987462807226
400,1000,600,1407,14.277870356330311,16.58808490334932,0.14081627921310114
400,1000,600,1408,13.445088045969962,16.682975172367296,0.20224789287681055
400,1000,600,1409,10.7497093414191,15.924281725714824,0.36492087585617705
400,1000,600,1410,19.340230809258937,13.997744509100787,-0.3047009143743975
400,1000,600,1413,13.620970631534682,16.039473676388713,0.15307579060454968
400,1000,600,1414,13.50764266281828,15.532385233991166,0.13064560793730662
400,1000,600,1415,12.955411312870444,13.721756699270573,0.05345910637994766
400,1000,600,1419,11.183345245429555,15.248118540689791,0.28790724469684736
400,1000,600,1420,10.00437768304397,15.454299795800416,0.40229366400435973
400,1000,600,1422,7.7746727024264555,13.431388930535025,0.4975361513485592
400,1000,600,1423,6.65004923752721,13.443389859836945,0.6355247766546301
400,1000,600,1428,5.396148031036449,23.12547939519293,1.3275725793124278
400,1000,600,1429,5.303477537769609,23.567249170156476,1.3603127501494943
400,1000,600,1450,7.6860055995561005,12.386341645927649,0.43252172820598656
400,1000,600,1451,7.689840672059618,12.368955826437107,0.43078068533842195
400,1000,600,1452,7.6836610932044636,12.392764320392672,0.4332713603497864
400,1000,600,1454,7.605206319422256,12.284606431466422,0.4342385476755668
400,1000,600,1455,7.622255544854091,12.277765327455507,0.4317441417700132
400,1000,600,1456,7.433950645280419,12.234792855361269,0.4505838808489617
400,1000,600,1457,7.008691270208268,12.309604220149954,0.507958535698056
