setting,nominal_block_km,offset_fraction,target_id,control_id,target_block,control_block,component
rho2600_caliper0.5,300,0,r50c170,r48c165,19:66,19:64,1
rho2600_caliper0.5,300,0,r52c166,r50c162,20:63,19:63,0
rho2600_caliper0.5,300,0,r61c015,r61c024,24:5,24:8,3
rho2600_caliper0.5,300,0,r62c012,r61c030,24:4,24:9,3
rho2600_caliper0.5,300,0,r62c016,r61c025,24:5,24:8,3
rho2600_caliper0.5,300,0,r62c018,r60c026,24:6,23:9,2
rho2600_caliper0.5,300,0,r63c018,r61c027,25:5,24:9,3
rho2600_caliper0.5,300,0,r63c019,r61c026,25:5,24:8,3
rho2600_caliper0.5,300,0,r63c021,r62c025,25:6,24:8,3
rho2600_caliper0.5,300,0,r64c021,r63c026,25:6,25:8,3
rho2600_caliper0.5,300,0.5,r50c170,r48c165,19:65,18:64,0
rho2600_caliper0.5,300,0.5,r52c166,r50c162,20:62,19:62,1
rho2600_caliper0.5,300,0.5,r61c015,r61c024,23:4,23:7,2
rho2600_caliper0.5,300,0.5,r62c012,r61c030,24:3,23:9,4
rho2600_caliper0.5,300,0.5,r62c016,r61c025,24:4,23:8,3
rho2600_caliper0.5,300,0.5,r62c018,r60c026,24:5,23:8,3
rho2600_caliper0.5,300,0.5,r63c018,r61c027,24:5,23:8,3
rho2600_caliper0.5,300,0.5,r63c019,r61c026,24:5,23:8,3
rho2600_caliper0.5,300,0.5,r63c021,r62c025,24:6,24:7,5
rho2600_caliper0.5,300,0.5,r64c021,r63c026,24:6,24:7,5
rho2600_caliper0.5,600,0,r50c170,r48c165,9:33,9:32,2
rho2600_caliper0.5,600,0,r52c166,r50c162,10:31,9:31,0
rho2600_caliper0.5,600,0,r61c015,r61c024,12:2,12:3,1
rho2600_caliper0.5,600,0,r62c012,r61c030,12:1,12:4,1
rho2600_caliper0.5,600,0,r62c016,r61c025,12:2,12:3,1
rho2600_caliper0.5,600,0,r62c018,r60c026,12:2,11:4,1
rho2600_caliper0.5,600,0,r63c018,r61c027,12:2,12:4,1
rho2600_caliper0.5,600,0,r63c019,r61c026,12:3,12:4,1
rho2600_caliper0.5,600,0,r63c021,r62c025,12:3,12:3,1
rho2600_caliper0.5,600,0,r64c021,r63c026,12:3,12:4,1
rho2600_caliper0.5,600,0.5,r50c170,r48c165,9:32,9:31,1
rho2600_caliper0.5,600,0.5,r52c166,r50c162,9:31,9:31,1
rho2600_caliper0.5,600,0.5,r61c015,r61c024,11:2,11:3,0
rho2600_caliper0.5,600,0.5,r62c012,r61c030,11:1,11:4,0
rho2600_caliper0.5,600,0.5,r62c016,r61c025,11:2,11:3,0
rho2600_caliper0.5,600,0.5,r62c018,r60c026,11:2,11:3,0
rho2600_caliper0.5,600,0.5,r63c018,r61c027,12:2,11:4,0
rho2600_caliper0.5,600,0.5,r63c019,r61c026,12:2,11:3,0
rho2600_caliper0.5,600,0.5,r63c021,r62c025,12:2,11:3,0
rho2600_caliper0.5,600,0.5,r64c021,r63c026,12:2,12:3,0
rho2600_caliper0.5,900,0,r50c170,r48c165,6:21,6:21,0
rho2600_caliper0.5,900,0,r52c166,r50c162,6:21,6:20,0
rho2600_caliper0.5,900,0,r61c015,r61c024,8:1,8:2,1
rho2600_caliper0.5,900,0,r62c012,r61c030,8:1,8:3,1
rho2600_caliper0.5,900,0,r62c016,r61c025,8:1,8:2,1
rho2600_caliper0.5,900,0,r62c018,r60c026,8:1,7:3,1
rho2600_caliper0.5,900,0,r63c018,r61c027,8:1,8:2,1
rho2600_caliper0.5,900,0,r63c019,r61c026,8:1,8:2,1
rho2600_caliper0.5,900,0,r63c021,r62c025,8:2,8:2,1
rho2600_caliper0.5,900,0,r64c021,r63c026,8:2,8:2,1
rho2600_caliper0.5,900,0.5,r50c170,r48c165,6:21,5:21,0
rho2600_caliper0.5,900,0.5,r52c166,r50c162,6:20,6:20,1
rho2600_caliper0.5,900,0.5,r61c015,r61c024,7:1,7:2,2
rho2600_caliper0.5,900,0.5,r62c012,r61c030,7:0,7:2,2
rho2600_caliper0.5,900,0.5,r62c016,r61c025,7:1,7:2,2
rho2600_caliper0.5,900,0.5,r62c018,r60c026,7:1,7:2,2
rho2600_caliper0.5,900,0.5,r63c018,r61c027,7:1,7:2,2
rho2600_caliper0.5,900,0.5,r63c019,r61c026,7:1,7:2,2
rho2600_caliper0.5,900,0.5,r63c021,r62c025,7:1,7:2,2
rho2600_caliper0.5,900,0.5,r64c021,r63c026,7:1,7:2,2
rho2600_caliper1,300,0,r50c167,r47c163,19:65,18:64,1
rho2600_caliper1,300,0,r50c170,r46c161,19:66,18:63,1
rho2600_caliper1,300,0,r51c166,r48c161,20:63,19:62,1
rho2600_caliper1,300,0,r51c167,r47c162,20:64,18:64,1
rho2600_caliper1,300,0,r51c170,r47c053,20:65,18:21,0
rho2600_caliper1,300,0,r52c166,r49c162,20:63,19:63,1
rho2600_caliper1,300,0,r52c167,r48c159,20:64,19:62,1
rho2600_caliper1,300,0,r52c168,r47c160,20:64,18:63,1
rho2600_caliper1,300,0,r52c171,r48c165,20:65,19:64,0
rho2600_caliper1,300,0,r53c168,r50c162,21:62,19:63,1
rho2600_caliper1,300,0,r53c170,r48c160,21:63,19:62,1
rho2600_caliper1,300,0,r54c169,r49c159,21:63,19:62,1
rho2600_caliper1,300,0,r54c170,r50c051,21:63,19:20,1
rho2600_caliper1,300,0,r54c171,r49c052,21:63,19:20,1
rho2600_caliper1,300,0,r57c172,r57c040,22:62,22:14,2
rho2600_caliper1,300,0,r60c013,r61c024,23:4,24:8,2
rho2600_caliper1,300,0,r61c009,r56c039,24:3,22:14,2
rho2600_caliper1,300,0,r61c012,r60c026,24:4,23:9,2
rho2600_caliper1,300,0,r61c013,r60c029,24:4,23:10,2
rho2600_caliper1,300,0,r61c015,r56c038,24:5,22:13,2
rho2600_caliper1,300,0,r62c009,r61c032,24:3,24:10,2
rho2600_caliper1,300,0,r62c012,r62c028,24:4,24:9,2
rho2600_caliper1,300,0,r62c013,r61c029,24:4,24:9,2
rho2600_caliper1,300,0,r62c014,r61c026,24:4,24:8,2
rho2600_caliper1,300,0,r62c015,r60c028,24:5,23:9,2
rho2600_caliper1,300,0,r62c016,r59c030,24:5,23:10,2
rho2600_caliper1,300,0,r62c017,r61c025,24:5,24:8,2
rho2600_caliper1,300,0,r62c018,r59c028,24:6,23:9,2
rho2600_caliper1,300,0,r62c019,r59c032,24:6,23:11,2
rho2600_caliper1,300,0,r62c020,r59c031,24:6,23:10,2
rho2600_caliper1,300,0,r62c021,r59c029,24:7,23:10,2
rho2600_caliper1,300,0,r63c013,r61c031,25:4,24:10,2
rho2600_caliper1,300,0,r63c016,r61c027,25:5,24:9,2
rho2600_caliper1,300,0,r63c017,r60c030,25:5,23:10,2
rho2600_caliper1,300,0,r63c018,r60c032,25:5,23:11,2
rho2600_caliper1,300,0,r63c019,r60c027,25:5,23:9,2
rho2600_caliper1,300,0,r63c020,r62c025,25:6,24:8,2
rho2600_caliper1,300,0,r63c021,r58c033,25:6,23:11,2
rho2600_caliper1,300,0,r64c015,r61c030,25:4,24:9,2
rho2600_caliper1,300,0,r64c016,r63c027,25:5,25:8,2
rho2600_caliper1,300,0,r64c017,r64c027,25:5,25:8,2
rho2600_caliper1,300,0,r64c018,r62c027,25:5,24:9,2
rho2600_caliper1,300,0,r64c019,r61c028,25:5,24:9,2
rho2600_caliper1,300,0,r64c020,r63c026,25:6,25:8,2
rho2600_caliper1,300,0,r64c021,r60c035,25:6,23:12,2
rho2600_caliper1,300,0,r64c022,r62c026,25:6,24:8,2
rho2600_caliper1,300,0,r65c020,r61c033,25:6,24:10,2
rho2600_caliper1,300,0.5,r50c167,r47c163,19:64,18:63,2
rho2600_caliper1,300,0.5,r50c170,r46c161,19:65,17:63,0
rho2600_caliper1,300,0.5,r51c166,r48c161,19:64,18:63,2
rho2600_caliper1,300,0.5,r51c167,r47c162,19:64,18:63,2
rho2600_caliper1,300,0.5,r51c170,r47c053,19:65,18:20,0
rho2600_caliper1,300,0.5,r52c166,r49c162,20:62,19:62,1
rho2600_caliper1,300,0.5,r52c167,r48c159,20:62,18:62,1
rho2600_caliper1,300,0.5,r52c168,r47c160,20:63,18:62,1
rho2600_caliper1,300,0.5,r52c171,r48c165,20:64,18:64,1
rho2600_caliper1,300,0.5,r53c168,r50c162,20:63,19:62,1
rho2600_caliper1,300,0.5,r53c170,r48c160,20:63,18:62,1
rho2600_caliper1,300,0.5,r54c169,r49c159,20:63,19:61,1
rho2600_caliper1,300,0.5,r54c170,r50c051,20:63,19:19,1
rho2600_caliper1,300,0.5,r54c171,r49c052,20:64,19:19,1
rho2600_caliper1,300,0.5,r57c172,r57c040,22:59,22:13,4
rho2600_caliper1,300,0.5,r60c013,r61c024,23:4,23:7,3
rho2600_caliper1,300,0.5,r61c009,r56c039,23:2,21:13,3
rho2600_caliper1,300,0.5,r61c012,r60c026,23:3,23:8,3
rho2600_caliper1,300,0.5,r61c013,r60c029,23:4,23:9,3
rho2600_caliper1,300,0.5,r61c015,r56c038,23:4,21:13,3
rho2600_caliper1,300,0.5,r62c009,r61c032,24:2,23:10,3
rho2600_caliper1,300,0.5,r62c012,r62c028,24:3,24:8,3
rho2600_caliper1,300,0.5,r62c013,r61c029,24:3,23:9,3
rho2600_caliper1,300,0.5,r62c014,r61c026,24:4,23:8,3
rho2600_caliper1,300,0.5,r62c015,r60c028,24:4,23:9,3
rho2600_caliper1,300,0.5,r62c016,r59c030,24:4,22:10,3
rho2600_caliper1,300,0.5,r62c017,r61c025,24:5,23:8,3
rho2600_caliper1,300,0.5,r62c018,r59c028,24:5,22:9,3
rho2600_caliper1,300,0.5,r62c019,r59c032,24:5,22:10,3
rho2600_caliper1,300,0.5,r62c020,r59c031,24:5,22:10,3
rho2600_caliper1,300,0.5,r62c021,r59c029,24:6,22:9,3
rho2600_caliper1,300,0.5,r63c013,r61c031,24:3,23:10,3
rho2600_caliper1,300,0.5,r63c016,r61c027,24:4,23:8,3
rho2600_caliper1,300,0.5,r63c017,r60c030,24:5,23:9,3
rho2600_caliper1,300,0.5,r63c018,r60c032,24:5,23:10,3
rho2600_caliper1,300,0.5,r63c019,r60c027,24:5,23:8,3
rho2600_caliper1,300,0.5,r63c020,r62c025,24:5,24:7,3
rho2600_caliper1,300,0.5,r63c021,r58c033,24:6,22:11,3
rho2600_caliper1,300,0.5,r64c015,r61c030,24:4,23:9,3
rho2600_caliper1,300,0.5,r64c016,r63c027,24:4,24:8,3
rho2600_caliper1,300,0.5,r64c017,r64c027,24:5,24:8,3
rho2600_caliper1,300,0.5,r64c018,r62c027,24:5,24:8,3
rho2600_caliper1,300,0.5,r64c019,r61c028,24:5,23:9,3
rho2600_caliper1,300,0.5,r64c020,r63c026,24:5,24:7,3
rho2600_caliper1,300,0.5,r64c021,r60c035,24:6,23:11,3
rho2600_caliper1,300,0.5,r64c022,r62c026,24:6,24:7,3
rho2600_caliper1,300,0.5,r65c020,r61c033,25:5,23:10,3
rho2600_caliper1,600,0,r50c167,r47c163,9:32,9:31,0
rho2600_caliper1,600,0,r50c170,r46c161,9:33,9:31,0
rho2600_caliper1,600,0,r51c166,r48c161,10:31,9:31,0
rho2600_caliper1,600,0,r51c167,r47c162,10:31,9:31,0
rho2600_caliper1,600,0,r51c170,r47c053,10:32,9:10,0
rho2600_caliper1,600,0,r52c166,r49c162,10:31,9:31,0
rho2600_caliper1,600,0,r52c167,r48c159,10:31,9:31,0
rho2600_caliper1,600,0,r52c168,r47c160,10:31,9:31,0
rho2600_caliper1,600,0,r52c171,r48c165,10:32,9:32,0
rho2600_caliper1,600,0,r53c168,r50c162,10:31,9:31,0
rho2600_caliper1,600,0,r53c170,r48c160,10:32,9:31,0
rho2600_caliper1,600,0,r54c169,r49c159,10:32,9:31,0
rho2600_caliper1,600,0,r54c170,r50c051,10:32,9:10,0
rho2600_caliper1,600,0,r54c171,r49c052,10:32,9:10,0
rho2600_caliper1,600,0,r57c172,r57c040,11:30,11:7,1
rho2600_caliper1,600,0,r60c013,r61c024,11:2,12:3,1
rho2600_caliper1,600,0,r61c009,r56c039,12:1,11:7,1
rho2600_caliper1,600,0,r61c012,r60c026,12:1,11:4,1
rho2600_caliper1,600,0,r61c013,r60c029,12:2,11:5,1
rho2600_caliper1,600,0,r61c015,r56c038,12:2,11:6,1
rho2600_caliper1,600,0,r62c009,r61c032,12:1,12:5,1
rho2600_caliper1,600,0,r62c012,r62c028,12:1,12:4,1
rho2600_caliper1,600,0,r62c013,r61c029,12:2,12:4,1
rho2600_caliper1,600,0,r62c014,r61c026,12:2,12:4,1
rho2600_caliper1,600,0,r62c015,r60c028,12:2,11:5,1
rho2600_caliper1,600,0,r62c016,r59c030,12:2,11:5,1
rho2600_caliper1,600,0,r62c017,r61c025,12:2,12:3,1
rho2600_caliper1,600,0,r62c018,r59c028,12:2,11:5,1
rho2600_caliper1,600,0,r62c019,r59c032,12:3,11:5,1
rho2600_caliper1,600,0,r62c020,r59c031,12:3,11:5,1
rho2600_caliper1,600,0,r62c021,r59c029,12:3,11:5,1
rho2600_caliper1,600,0,r63c013,r61c031,12:2,12:4,1
rho2600_caliper1,600,0,r63c016,r61c027,12:2,12:4,1
rho2600_caliper1,600,0,r63c017,r60c030,12:2,11:5,1
rho2600_caliper1,600,0,r63c018,r60c032,12:2,11:5,1
rho2600_caliper1,600,0,r63c019,r60c027,12:3,11:4,1
rho2600_caliper1,600,0,r63c020,r62c025,12:3,12:3,1
rho2600_caliper1,600,0,r63c021,r58c033,12:3,11:5,1
rho2600_caliper1,600,0,r64c015,r61c030,12:2,12:4,1
rho2600_caliper1,600,0,r64c016,r63c027,12:2,12:4,1
rho2600_caliper1,600,0,r64c017,r64c027,12:2,12:4,1
rho2600_caliper1,600,0,r64c018,r62c027,12:2,12:4,1
rho2600_caliper1,600,0,r64c019,r61c028,12:3,12:4,1
rho2600_caliper1,600,0,r64c020,r63c026,12:3,12:4,1
rho2600_caliper1,600,0,r64c021,r60c035,12:3,11:6,1
rho2600_caliper1,600,0,r64c022,r62c026,12:3,12:4,1
rho2600_caliper1,600,0,r65c020,r61c033,12:3,12:5,1
rho2600_caliper1,600,0.5,r50c167,r47c163,9:32,8:31,0
rho2600_caliper1,600,0.5,r50c170,r46c161,9:32,8:30,0
rho2600_caliper1,600,0.5,r51c166,r48c161,9:31,9:30,0
rho2600_caliper1,600,0.5,r51c167,r47c162,9:32,8:31,0
rho2600_caliper1,600,0.5,r51c170,r47c053,9:32,8:9,0
rho2600_caliper1,600,0.5,r52c166,r49c162,9:31,9:31,0
rho2600_caliper1,600,0.5,r52c167,r48c159,9:32,9:30,0
rho2600_caliper1,600,0.5,r52c168,r47c160,9:32,8:30,0
rho2600_caliper1,600,0.5,r52c171,r48c165,9:32,9:31,0
rho2600_caliper1,600,0.5,r53c168,r50c162,10:30,9:31,0
rho2600_caliper1,600,0.5,r53c170,r48c160,10:30,9:30,0
rho2600_caliper1,600,0.5,r54c169,r49c159,10:30,9:30,0
rho2600_caliper1,600,0.5,r54c170,r50c051,10:30,9:9,0
rho2600_caliper1,600,0.5,r54c171,r49c052,10:30,9:9,0
rho2600_caliper1,600,0.5,r57c172,r57c040,10:31,10:6,1
rho2600_caliper1,600,0.5,r60c013,r61c024,11:1,11:3,1
rho2600_caliper1,600,0.5,r61c009,r56c039,11:1,10:6,1
rho2600_caliper1,600,0.5,r61c012,r60c026,11:1,11:3,1
rho2600_caliper1,600,0.5,r61c013,r60c029,11:1,11:4,1
rho2600_caliper1,600,0.5,r61c015,r56c038,11:2,10:6,1
rho2600_caliper1,600,0.5,r62c009,r61c032,11:1,11:4,1
rho2600_caliper1,600,0.5,r62c012,r62c028,11:1,11:4,1
rho2600_caliper1,600,0.5,r62c013,r61c029,11:1,11:4,1
rho2600_caliper1,600,0.5,r62c014,r61c026,11:1,11:3,1
rho2600_caliper1,600,0.5,r62c015,r60c028,11:2,11:4,1
rho2600_caliper1,600,0.5,r62c016,r59c030,11:2,11:4,1
rho2600_caliper1,600,0.5,r62c017,r61c025,11:2,11:3,1
rho2600_caliper1,600,0.5,r62c018,r59c028,11:2,11:4,1
rho2600_caliper1,600,0.5,r62c019,r59c032,11:2,11:4,1
rho2600_caliper1,600,0.5,r62c020,r59c031,11:2,11:4,1
rho2600_caliper1,600,0.5,r62c021,r59c029,11:3,11:4,1
rho2600_caliper1,600,0.5,r63c013,r61c031,12:1,11:4,1
rho2600_caliper1,600,0.5,r63c016,r61c027,12:1,11:4,1
rho2600_caliper1,600,0.5,r63c017,r60c030,12:2,11:4,1
rho2600_caliper1,600,0.5,r63c018,r60c032,12:2,11:4,1
rho2600_caliper1,600,0.5,r63c019,r60c027,12:2,11:4,1
rho2600_caliper1,600,0.5,r63c020,r62c025,12:2,11:3,1
rho2600_caliper1,600,0.5,r63c021,r58c033,12:2,11:5,1
rho2600_caliper1,600,0.5,r64c015,r61c030,12:1,11:4,1
rho2600_caliper1,600,0.5,r64c016,r63c027,12:1,12:3,1
rho2600_caliper1,600,0.5,r64c017,r64c027,12:2,12:3,1
rho2600_caliper1,600,0.5,r64c018,r62c027,12:2,11:4,1
rho2600_caliper1,600,0.5,r64c019,r61c028,12:2,11:4,1
rho2600_caliper1,600,0.5,r64c020,r63c026,12:2,12:3,1
rho2600_caliper1,600,0.5,r64c021,r60c035,12:2,11:5,1
rho2600_caliper1,600,0.5,r64c022,r62c026,12:2,11:3,1
rho2600_caliper1,600,0.5,r65c020,r61c033,12:2,11:5,1
rho2600_caliper1,900,0,r50c167,r47c163,6:21,6:20,0
rho2600_caliper1,900,0,r50c170,r46c161,6:21,6:20,0
rho2600_caliper1,900,0,r51c166,r48c161,6:21,6:20,0
rho2600_caliper1,900,0,r51c167,r47c162,6:21,6:20,0
rho2600_caliper1,900,0,r51c170,r47c053,6:21,6:6,0
rho2600_caliper1,900,0,r52c166,r49c162,6:21,6:20,0
rho2600_caliper1,900,0,r52c167,r48c159,6:21,6:20,0
rho2600_caliper1,900,0,r52c168,r47c160,6:21,6:20,0
rho2600_caliper1,900,0,r52c171,r48c165,6:21,6:21,0
rho2600_caliper1,900,0,r53c168,r50c162,7:20,6:20,0
rho2600_caliper1,900,0,r53c170,r48c160,7:20,6:20,0
rho2600_caliper1,900,0,r54c169,r49c159,7:20,6:20,0
rho2600_caliper1,900,0,r54c170,r50c051,7:20,6:6,0
rho2600_caliper1,900,0,r54c171,r49c052,7:20,6:6,0
rho2600_caliper1,900,0,r57c172,r57c040,7:21,7:4,1
rho2600_caliper1,900,0,r60c013,r61c024,7:1,8:2,1
rho2600_caliper1,900,0,r61c009,r56c039,8:0,7:4,1
rho2600_caliper1,900,0,r61c012,r60c026,8:1,7:3,1
rho2600_caliper1,900,0,r61c013,r60c029,8:1,7:3,1
rho2600_caliper1,900,0,r61c015,r56c038,8:1,7:4,1
rho2600_caliper1,900,0,r62c009,r61c032,8:0,8:3,1
rho2600_caliper1,900,0,r62c012,r62c028,8:1,8:2,1
rho2600_caliper1,900,0,r62c013,r61c029,8:1,8:2,1
rho2600_caliper1,900,0,r62c014,r61c026,8:1,8:2,1
rho2600_caliper1,900,0,r62c015,r60c028,8:1,7:3,1
rho2600_caliper1,900,0,r62c016,r59c030,8:1,7:3,1
rho2600_caliper1,900,0,r62c017,r61c025,8:1,8:2,1
rho2600_caliper1,900,0,r62c018,r59c028,8:1,7:3,1
rho2600_caliper1,900,0,r62c019,r59c032,8:1,7:3,1
rho2600_caliper1,900,0,r62c020,r59c031,8:2,7:3,1
rho2600_caliper1,900,0,r62c021,r59c029,8:2,7:3,1
rho2600_caliper1,900,0,r63c013,r61c031,8:1,8:3,1
rho2600_caliper1,900,0,r63c016,r61c027,8:1,8:2,1
rho2600_caliper1,900,0,r63c017,r60c030,8:1,7:3,1
rho2600_caliper1,900,0,r63c018,r60c032,8:1,7:3,1
rho2600_caliper1,900,0,r63c019,r60c027,8:1,7:3,1
rho2600_caliper1,900,0,r63c020,r62c025,8:2,8:2,1
rho2600_caliper1,900,0,r63c021,r58c033,8:2,7:4,1
rho2600_caliper1,900,0,r64c015,r61c030,8:1,8:3,1
rho2600_caliper1,900,0,r64c016,r63c027,8:1,8:2,1
rho2600_caliper1,900,0,r64c017,r64c027,8:1,8:2,1
rho2600_caliper1,900,0,r64c018,r62c027,8:1,8:2,1
rho2600_caliper1,900,0,r64c019,r61c028,8:1,8:2,1
rho2600_caliper1,900,0,r64c020,r63c026,8:2,8:2,1
rho2600_caliper1,900,0,r64c021,r60c035,8:2,7:4,1
rho2600_caliper1,900,0,r64c022,r62c026,8:2,8:2,1
rho2600_caliper1,900,0,r65c020,r61c033,8:2,8:3,1
rho2600_caliper1,900,0.5,r50c167,r47c163,6:20,5:21,0
rho2600_caliper1,900,0.5,r50c170,r46c161,6:21,5:21,0
rho2600_caliper1,900,0.5,r51c166,r48c161,6:20,5:21,0
rho2600_caliper1,900,0.5,r51c167,r47c162,6:20,5:21,0
rho2600_caliper1,900,0.5,r51c170,r47c053,6:21,5:6,0
rho2600_caliper1,900,0.5,r52c166,r49c162,6:20,6:20,0
rho2600_caliper1,900,0.5,r52c167,r48c159,6:20,5:20,0
rho2600_caliper1,900,0.5,r52c168,r47c160,6:21,5:20,0
rho2600_caliper1,900,0.5,r52c171,r48c165,6:21,5:21,0
rho2600_caliper1,900,0.5,r53c168,r50c162,6:21,6:20,0
rho2600_caliper1,900,0.5,r53c170,r48c160,6:21,5:20,0
rho2600_caliper1,900,0.5,r54c169,r49c159,6:21,6:19,0
rho2600_caliper1,900,0.5,r54c170,r50c051,6:21,6:6,0
rho2600_caliper1,900,0.5,r54c171,r49c052,6:21,6:6,0
rho2600_caliper1,900,0.5,r57c172,r57c040,7:18,7:4,2
rho2600_caliper1,900,0.5,r60c013,r61c024,7:1,7:2,1
rho2600_caliper1,900,0.5,r61c009,r56c039,7:0,6:4,1
rho2600_caliper1,900,0.5,r61c012,r60c026,7:0,7:2,1
rho2600_caliper1,900,0.5,r61c013,r60c029,7:1,7:2,1
rho2600_caliper1,900,0.5,r61c015,r56c038,7:1,6:4,1
rho2600_caliper1,900,0.5,r62c009,r61c032,7:0,7:3,1
rho2600_caliper1,900,0.5,r62c012,r62c028,7:0,7:2,1
rho2600_caliper1,900,0.5,r62c013,r61c029,7:1,7:2,1
rho2600_caliper1,900,0.5,r62c014,r61c026,7:1,7:2,1
rho2600_caliper1,900,0.5,r62c015,r60c028,7:1,7:2,1
rho2600_caliper1,900,0.5,r62c016,r59c030,7:1,7:2,1
rho2600_caliper1,900,0.5,r62c017,r61c025,7:1,7:2,1
rho2600_caliper1,900,0.5,r62c018,r59c028,7:1,7:2,1
rho2600_caliper1,900,0.5,r62c019,r59c032,7:1,7:3,1
rho2600_caliper1,900,0.5,r62c020,r59c031,7:1,7:3,1
rho2600_caliper1,900,0.5,r62c021,r59c029,7:1,7:2,1
rho2600_caliper1,900,0.5,r63c013,r61c031,7:1,7:3,1
rho2600_caliper1,900,0.5,r63c016,r61c027,7:1,7:2,1
rho2600_caliper1,900,0.5,r63c017,r60c030,7:1,7:2,1
rho2600_caliper1,900,0.5,r63c018,r60c032,7:1,7:3,1
rho2600_caliper1,900,0.5,r63c019,r60c027,7:1,7:2,1
rho2600_caliper1,900,0.5,r63c020,r62c025,7:1,7:2,1
rho2600_caliper1,900,0.5,r63c021,r58c033,7:1,7:3,1
rho2600_caliper1,900,0.5,r64c015,r61c030,7:1,7:2,1
rho2600_caliper1,900,0.5,r64c016,r63c027,7:1,7:2,1
rho2600_caliper1,900,0.5,r64c017,r64c027,7:1,7:2,1
rho2600_caliper1,900,0.5,r64c018,r62c027,7:1,7:2,1
rho2600_caliper1,900,0.5,r64c019,r61c028,7:1,7:2,1
rho2600_caliper1,900,0.5,r64c020,r63c026,7:1,7:2,1
rho2600_caliper1,900,0.5,r64c021,r60c035,7:1,7:3,1
rho2600_caliper1,900,0.5,r64c022,r62c026,7:2,7:2,1
rho2600_caliper1,900,0.5,r65c020,r61c033,8:1,7:3,1
rho2600_caliper2,300,0,r50c167,r47c163,19:65,18:64,0
rho2600_caliper2,300,0,r50c168,r47c054,19:65,18:21,0
rho2600_caliper2,300,0,r50c169,r46c056,19:65,18:22,0
rho2600_caliper2,300,0,r50c170,r45c159,19:66,17:62,0
rho2600_caliper2,300,0,r51c166,r48c161,20:63,19:62,0
rho2600_caliper2,300,0,r51c167,r47c162,20:64,18:64,0
rho2600_caliper2,300,0,r51c169,r48c056,20:64,19:21,0
rho2600_caliper2,300,0,r51c170,r47c056,20:65,18:22,0
rho2600_caliper2,300,0,r51c171,r47c053,20:65,18:21,0
rho2600_caliper2,300,0,r52c166,r47c158,20:63,18:62,0
rho2600_caliper2,300,0,r52c167,r42c067,20:64,16:26,0
rho2600_caliper2,300,0,r52c168,r47c160,20:64,18:63,0
rho2600_caliper2,300,0,r52c171,r45c158,20:65,17:62,0
rho2600_caliper2,300,0,r53c168,r43c066,21:62,17:26,1
rho2600_caliper2,300,0,r53c170,r46c158,21:63,18:62,0
rho2600_caliper2,300,0,r53c171,r56c037,21:63,22:13,0
rho2600_caliper2,300,0,r54c169,r46c060,21:63,18:23,0
rho2600_caliper2,300,0,r54c170,r46c157,21:63,18:62,0
rho2600_caliper2,300,0,r54c171,r46c159,21:63,18:62,0
rho2600_caliper2,300,0,r55c169,r47c157,21:63,18:62,0
rho2600_caliper2,300,0,r55c170,r58c039,21:63,23:13,0
rho2600_caliper2,300,0,r55c171,r60c034,21:63,23:11,0
rho2600_caliper2,300,0,r55c172,r59c035,21:64,23:12,0
rho2600_caliper2,300,0,r55c173,r46c161,21:64,18:63,0
rho2600_caliper2,300,0,r55c174,r60c033,21:64,23:11,0
rho2600_caliper2,300,0,r56c171,r61c034,22:61,24:11,4
rho2600_caliper2,300,0,r56c173,r48c054,22:62,19:21,0
rho2600_caliper2,300,0,r56c177,r46c160,22:64,18:63,0
rho2600_caliper2,300,0,r57c172,r47c155,22:62,18:61,0
rho2600_caliper2,300,0,r57c173,r47c156,22:62,18:61,0
rho2600_caliper2,300,0,r57c175,r47c159,22:63,18:62,0
rho2600_caliper2,300,0,r57c176,r48c053,22:63,19:20,0
rho2600_caliper2,300,0,r57c177,r48c052,22:64,19:20,0
rho2600_caliper2,300,0,r57c178,r48c165,22:64,19:64,0
rho2600_caliper2,300,0,r58c172,r48c157,23:59,19:61,2
rho2600_caliper2,300,0,r58c173,r48c158,23:59,19:61,2
rho2600_caliper2,300,0,r58c174,r48c159,23:60,19:62,0
rho2600_caliper2,300,0,r58c175,r48c160,23:60,19:62,0
rho2600_caliper2,300,0,r58c176,r49c055,23:60,19:21,0
rho2600_caliper2,300,0,r59c000,r49c053,23:0,19:20,0
rho2600_caliper2,300,0,r59c001,r49c162,23:0,19:63,0
rho2600_caliper2,300,0,r59c002,r49c052,23:0,19:20,0
rho2600_caliper2,300,0,r59c175,r49c159,23:60,19:62,0
rho2600_caliper2,300,0,r59c179,r49c054,23:61,19:21,0
rho2600_caliper2,300,0,r60c000,r50c051,23:0,19:20,0
rho2600_caliper2,300,0,r60c012,r55c038,23:4,21:14,3
rho2600_caliper2,300,0,r60c013,r55c036,23:4,21:13,3
rho2600_caliper2,300,0,r60c179,r50c162,23:61,19:63,0
rho2600_caliper2,300,0,r61c004,r60c031,24:1,23:10,0
rho2600_caliper2,300,0,r61c006,r60c026,24:2,23:9,0
rho2600_caliper2,300,0,r61c007,r61c024,24:2,24:8,0
rho2600_caliper2,300,0,r61c009,r61c025,24:3,24:8,0
rho2600_caliper2,300,0,r61c012,r56c038,24:4,22:13,0
rho2600_caliper2,300,0,r61c013,r60c028,24:4,23:9,0
rho2600_caliper2,300,0,r61c014,r61c026,24:4,24:8,0
rho2600_caliper2,300,0,r61c015,r59c028,24:5,23:9,0
rho2600_caliper2,300,0,r61c177,r57c040,24:58,22:14,0
rho2600_caliper2,300,0,r62c005,r56c039,24:1,22:14,0
rho2600_caliper2,300,0,r62c009,r61c027,24:3,24:9,0
rho2600_caliper2,300,0,r62c012,r57c039,24:4,22:14,0
rho2600_caliper2,300,0,r62c013,r57c038,24:4,22:13,0
rho2600_caliper2,300,0,r62c014,r60c029,24:4,23:10,0
rho2600_caliper2,300,0,r62c015,r60c027,24:5,23:9,0
rho2600_caliper2,300,0,r62c016,r56c036,24:5,22:13,0
rho2600_caliper2,300,0,r62c017,r59c030,24:5,23:10,0
rho2600_caliper2,300,0,r62c018,r59c029,24:6,23:10,0
rho2600_caliper2,300,0,r62c019,r59c032,24:6,23:11,0
rho2600_caliper2,300,0,r62c020,r59c031,24:6,23:10,0
rho2600_caliper2,300,0,r62c021,r57c033,24:7,22:12,0
rho2600_caliper2,300,0,r63c012,r61c030,25:3,24:9,0
rho2600_caliper2,300,0,r63c013,r61c031,25:4,24:10,0
rho2600_caliper2,300,0,r63c014,r61c032,25:4,24:10,0
rho2600_caliper2,300,0,r63c016,r60c030,25:5,23:10,0
rho2600_caliper2,300,0,r63c017,r62c025,25:5,24:8,0
rho2600_caliper2,300,0,r63c018,r57c035,25:5,22:12,0
rho2600_caliper2,300,0,r63c019,r58c033,25:5,23:11,0
rho2600_caliper2,300,0,r63c020,r56c035,25:6,22:12,0
rho2600_caliper2,300,0,r63c021,r57c034,25:6,22:12,0
rho2600_caliper2,300,0,r64c013,r62c028,25:4,24:9,0
rho2600_caliper2,300,0,r64c015,r61c029,25:4,24:9,0
rho2600_caliper2,300,0,r64c016,r60c035,25:5,23:12,0
rho2600_caliper2,300,0,r64c017,r62c027,25:5,24:9,0
rho2600_caliper2,300,0,r64c018,r62c026,25:5,24:8,0
rho2600_caliper2,300,0,r64c019,r61c028,25:5,24:9,0
rho2600_caliper2,300,0,r64c020,r63c026,25:6,25:8,0
rho2600_caliper2,300,0,r64c021,r57c036,25:6,22:13,0
rho2600_caliper2,300,0,r64c022,r60c032,25:6,23:11,0
rho2600_caliper2,300,0,r65c017,r64c027,25:5,25:8,0
rho2600_caliper2,300,0,r65c019,r63c027,25:5,25:8,0
rho2600_caliper2,300,0,r65c020,r61c033,25:6,24:10,0
rho2600_caliper2,300,0.5,r50c167,r47c163,19:64,18:63,1
rho2600_caliper2,300,0.5,r50c168,r47c054,19:65,18:20,0
rho2600_caliper2,300,0.5,r50c169,r46c056,19:65,17:21,0
rho2600_caliper2,300,0.5,r50c170,r45c159,19:65,17:62,0
rho2600_caliper2,300,0.5,r51c166,r48c161,19:64,18:63,1
rho2600_caliper2,300,0.5,r51c167,r47c162,19:64,18:63,1
rho2600_caliper2,300,0.5,r51c169,r48c056,19:65,18:21,0
rho2600_caliper2,300,0.5,r51c170,r47c056,19:65,18:21,0
rho2600_caliper2,300,0.5,r51c171,r47c053,19:66,18:20,0
rho2600_caliper2,300,0.5,r52c166,r47c158,20:62,18:62,0
rho2600_caliper2,300,0.5,r52c167,r42c067,20:62,16:26,0
rho2600_caliper2,300,0.5,r52c168,r47c160,20:63,18:62,0
rho2600_caliper2,300,0.5,r52c171,r45c158,20:64,17:62,0
rho2600_caliper2,300,0.5,r53c168,r43c066,20:63,16:25,0
rho2600_caliper2,300,0.5,r53c170,r46c158,20:63,17:62,0
rho2600_caliper2,300,0.5,r53c171,r56c037,20:64,21:13,0
rho2600_caliper2,300,0.5,r54c169,r46c060,20:63,17:23,0
rho2600_caliper2,300,0.5,r54c170,r46c157,20:63,17:61,0
rho2600_caliper2,300,0.5,r54c171,r46c159,20:64,17:62,0
rho2600_caliper2,300,0.5,r55c169,r47c157,21:61,18:61,0
rho2600_caliper2,300,0.5,r55c170,r58c039,21:62,22:13,0
rho2600_caliper2,300,0.5,r55c171,r60c034,21:62,23:11,0
rho2600_caliper2,300,0.5,r55c172,r59c035,21:62,22:11,0
rho2600_caliper2,300,0.5,r55c173,r46c161,21:63,17:63,0
rho2600_caliper2,300,0.5,r55c174,r60c033,21:63,23:10,0
rho2600_caliper2,300,0.5,r56c171,r61c034,21:62,23:11,0
rho2600_caliper2,300,0.5,r56c173,r48c054,21:63,18:20,0
rho2600_caliper2,300,0.5,r56c177,r46c160,21:64,17:62,0
rho2600_caliper2,300,0.5,r57c172,r47c155,22:59,18:60,0
rho2600_caliper2,300,0.5,r57c173,r47c156,22:60,18:61,0
rho2600_caliper2,300,0.5,r57c175,r47c159,22:60,18:62,0
rho2600_caliper2,300,0.5,r57c176,r48c053,22:61,18:20,0
rho2600_caliper2,300,0.5,r57c177,r48c052,22:61,18:20,0
rho2600_caliper2,300,0.5,r57c178,r48c165,22:61,18:64,0
rho2600_caliper2,300,0.5,r58c172,r48c157,22:59,18:61,0
rho2600_caliper2,300,0.5,r58c173,r48c158,22:60,18:62,0
rho2600_caliper2,300,0.5,r58c174,r48c159,22:60,18:62,0
rho2600_caliper2,300,0.5,r58c175,r48c160,22:60,18:62,0
rho2600_caliper2,300,0.5,r58c176,r49c055,22:61,19:21,0
rho2600_caliper2,300,0.5,r59c000,r49c053,22:62,19:20,3
rho2600_caliper2,300,0.5,r59c001,r49c162,22:0,19:62,2
rho2600_caliper2,300,0.5,r59c002,r49c052,22:0,19:19,2
rho2600_caliper2,300,0.5,r59c175,r49c159,22:60,19:61,0
rho2600_caliper2,300,0.5,r59c179,r49c054,22:62,19:20,3
rho2600_caliper2,300,0.5,r60c000,r50c051,23:59,19:19,2
rho2600_caliper2,300,0.5,r60c012,r55c038,23:3,21:13,0
rho2600_caliper2,300,0.5,r60c013,r55c036,23:4,21:12,0
rho2600_caliper2,300,0.5,r60c179,r50c162,23:59,19:62,2
rho2600_caliper2,300,0.5,r61c004,r60c031,23:1,23:10,0
rho2600_caliper2,300,0.5,r61c006,r60c026,23:1,23:8,0
rho2600_caliper2,300,0.5,r61c007,r61c024,23:2,23:7,0
rho2600_caliper2,300,0.5,r61c009,r61c025,23:2,23:8,0
rho2600_caliper2,300,0.5,r61c012,r56c038,23:3,21:13,0
rho2600_caliper2,300,0.5,r61c013,r60c028,23:4,23:9,0
rho2600_caliper2,300,0.5,r61c014,r61c026,23:4,23:8,0
rho2600_caliper2,300,0.5,r61c015,r59c028,23:4,22:9,0
rho2600_caliper2,300,0.5,r61c177,r57c040,23:58,22:13,0
rho2600_caliper2,300,0.5,r62c005,r56c039,24:1,21:13,0
rho2600_caliper2,300,0.5,r62c009,r61c027,24:2,23:8,0
rho2600_caliper2,300,0.5,r62c012,r57c039,24:3,22:13,0
rho2600_caliper2,300,0.5,r62c013,r57c038,24:3,22:12,0
rho2600_caliper2,300,0.5,r62c014,r60c029,24:4,23:9,0
rho2600_caliper2,300,0.5,r62c015,r60c027,24:4,23:8,0
rho2600_caliper2,300,0.5,r62c016,r56c036,24:4,21:12,0
rho2600_caliper2,300,0.5,r62c017,r59c030,24:5,22:10,0
rho2600_caliper2,300,0.5,r62c018,r59c029,24:5,22:9,0
rho2600_caliper2,300,0.5,r62c019,r59c032,24:5,22:10,0
rho2600_caliper2,300,0.5,r62c020,r59c031,24:5,22:10,0
rho2600_caliper2,300,0.5,r62c021,r57c033,24:6,22:11,0
rho2600_caliper2,300,0.5,r63c012,r61c030,24:3,23:9,0
rho2600_caliper2,300,0.5,r63c013,r61c031,24:3,23:10,0
rho2600_caliper2,300,0.5,r63c014,r61c032,24:4,23:10,0
rho2600_caliper2,300,0.5,r63c016,r60c030,24:4,23:9,0
rho2600_caliper2,300,0.5,r63c017,r62c025,24:5,24:7,0
rho2600_caliper2,300,0.5,r63c018,r57c035,24:5,22:11,0
rho2600_caliper2,300,0.5,r63c019,r58c033,24:5,22:11,0
rho2600_caliper2,300,0.5,r63c020,r56c035,24:5,21:12,0
rho2600_caliper2,300,0.5,r63c021,r57c034,24:6,22:11,0
rho2600_caliper2,300,0.5,r64c013,r62c028,24:3,24:8,0
rho2600_caliper2,300,0.5,r64c015,r61c029,24:4,23:9,0
rho2600_caliper2,300,0.5,r64c016,r60c035,24:4,23:11,0
rho2600_caliper2,300,0.5,r64c017,r62c027,24:5,24:8,0
rho2600_caliper2,300,0.5,r64c018,r62c026,24:5,24:7,0
rho2600_caliper2,300,0.5,r64c019,r61c028,24:5,23:9,0
rho2600_caliper2,300,0.5,r64c020,r63c026,24:5,24:7,0
rho2600_caliper2,300,0.5,r64c021,r57c036,24:6,22:12,0
rho2600_caliper2,300,0.5,r64c022,r60c032,24:6,23:10,0
rho2600_caliper2,300,0.5,r65c017,r64c027,25:4,24:8,0
rho2600_caliper2,300,0.5,r65c019,r63c027,25:5,24:8,0
rho2600_caliper2,300,0.5,r65c020,r61c033,25:5,23:10,0
rho2600_caliper2,600,0,r50c167,r47c163,9:32,9:31,0
rho2600_caliper2,600,0,r50c168,r47c054,9:32,9:10,0
rho2600_caliper2,600,0,r50c169,r46c056,9:32,9:10,0
rho2600_caliper2,600,0,r50c170,r45c159,9:33,8:31,2
rho2600_caliper2,600,0,r51c166,r48c161,10:31,9:31,0
rho2600_caliper2,600,0,r51c167,r47c162,10:31,9:31,0
rho2600_caliper2,600,0,r51c169,r48c056,10:32,9:10,0
rho2600_caliper2,600,0,r51c170,r47c056,10:32,9:10,0
rho2600_caliper2,600,0,r51c171,r47c053,10:32,9:10,0
rho2600_caliper2,600,0,r52c166,r47c158,10:31,9:30,0
rho2600_caliper2,600,0,r52c167,r42c067,10:31,8:13,0
rho2600_caliper2,600,0,r52c168,r47c160,10:31,9:31,0
rho2600_caliper2,600,0,r52c171,r45c158,10:32,8:30,0
rho2600_caliper2,600,0,r53c168,r43c066,10:31,8:12,0
rho2600_caliper2,600,0,r53c170,r46c158,10:32,9:30,0
rho2600_caliper2,600,0,r53c171,r56c037,10:32,11:6,0
rho2600_caliper2,600,0,r54c169,r46c060,10:32,9:11,0
rho2600_caliper2,600,0,r54c170,r46c157,10:32,9:30,0
rho2600_caliper2,600,0,r54c171,r46c159,10:32,9:31,0
rho2600_caliper2,600,0,r55c169,r47c157,10:32,9:30,0
rho2600_caliper2,600,0,r55c170,r58c039,10:32,11:7,0
rho2600_caliper2,600,0,r55c171,r60c034,10:32,11:6,0
rho2600_caliper2,600,0,r55c172,r59c035,10:32,11:6,0
rho2600_caliper2,600,0,r55c173,r46c161,10:32,9:31,0
rho2600_caliper2,600,0,r55c174,r60c033,10:32,11:5,0
rho2600_caliper2,600,0,r56c171,r61c034,11:30,12:5,0
rho2600_caliper2,600,0,r56c173,r48c054,11:30,9:10,0
rho2600_caliper2,600,0,r56c177,r46c160,11:31,9:31,0
rho2600_caliper2,600,0,r57c172,r47c155,11:30,9:30,0
rho2600_caliper2,600,0,r57c173,r47c156,11:30,9:30,0
rho2600_caliper2,600,0,r57c175,r47c159,11:31,9:31,0
rho2600_caliper2,600,0,r57c176,r48c053,11:31,9:10,0
rho2600_caliper2,600,0,r57c177,r48c052,11:31,9:10,0
rho2600_caliper2,600,0,r57c178,r48c165,11:31,9:32,0
rho2600_caliper2,600,0,r58c172,r48c157,11:30,9:30,0
rho2600_caliper2,600,0,r58c173,r48c158,11:30,9:30,0
rho2600_caliper2,600,0,r58c174,r48c159,11:31,9:31,0
rho2600_caliper2,600,0,r58c175,r48c160,11:31,9:31,0
rho2600_caliper2,600,0,r58c176,r49c055,11:31,9:10,0
rho2600_caliper2,600,0,r59c000,r49c053,11:0,9:10,0
rho2600_caliper2,600,0,r59c001,r49c162,11:0,9:31,0
rho2600_caliper2,600,0,r59c002,r49c052,11:0,9:10,0
rho2600_caliper2,600,0,r59c175,r49c159,11:31,9:31,0
rho2600_caliper2,600,0,r59c179,r49c054,11:31,9:10,0
rho2600_caliper2,600,0,r60c000,r50c051,11:0,9:10,0
rho2600_caliper2,600,0,r60c012,r55c038,11:2,10:7,1
rho2600_caliper2,600,0,r60c013,r55c036,11:2,10:6,1
rho2600_caliper2,600,0,r60c179,r50c162,11:31,9:31,0
rho2600_caliper2,600,0,r61c004,r60c031,12:0,11:5,0
rho2600_caliper2,600,0,r61c006,r60c026,12:1,11:4,0
rho2600_caliper2,600,0,r61c007,r61c024,12:1,12:3,0
rho2600_caliper2,600,0,r61c009,r61c025,12:1,12:3,0
rho2600_caliper2,600,0,r61c012,r56c038,12:1,11:6,0
rho2600_caliper2,600,0,r61c013,r60c028,12:2,11:5,0
rho2600_caliper2,600,0,r61c014,r61c026,12:2,12:4,0
rho2600_caliper2,600,0,r61c015,r59c028,12:2,11:5,0
rho2600_caliper2,600,0,r61c177,r57c040,12:27,11:7,0
rho2600_caliper2,600,0,r62c005,r56c039,12:0,11:7,0
rho2600_caliper2,600,0,r62c009,r61c027,12:1,12:4,0
rho2600_caliper2,600,0,r62c012,r57c039,12:1,11:7,0
rho2600_caliper2,600,0,r62c013,r57c038,12:2,11:6,0
rho2600_caliper2,600,0,r62c014,r60c029,12:2,11:5,0
rho2600_caliper2,600,0,r62c015,r60c027,12:2,11:4,0
rho2600_caliper2,600,0,r62c016,r56c036,12:2,11:6,0
rho2600_caliper2,600,0,r62c017,r59c030,12:2,11:5,0
rho2600_caliper2,600,0,r62c018,r59c029,12:2,11:5,0
rho2600_caliper2,600,0,r62c019,r59c032,12:3,11:5,0
rho2600_caliper2,600,0,r62c020,r59c031,12:3,11:5,0
rho2600_caliper2,600,0,r62c021,r57c033,12:3,11:5,0
rho2600_caliper2,600,0,r63c012,r61c030,12:1,12:4,0
rho2600_caliper2,600,0,r63c013,r61c031,12:2,12:4,0
rho2600_caliper2,600,0,r63c014,r61c032,12:2,12:5,0
rho2600_caliper2,600,0,r63c016,r60c030,12:2,11:5,0
rho2600_caliper2,600,0,r63c017,r62c025,12:2,12:3,0
rho2600_caliper2,600,0,r63c018,r57c035,12:2,11:6,0
rho2600_caliper2,600,0,r63c019,r58c033,12:3,11:5,0
rho2600_caliper2,600,0,r63c020,r56c035,12:3,11:6,0
rho2600_caliper2,600,0,r63c021,r57c034,12:3,11:6,0
rho2600_caliper2,600,0,r64c013,r62c028,12:2,12:4,0
rho2600_caliper2,600,0,r64c015,r61c029,12:2,12:4,0
rho2600_caliper2,600,0,r64c016,r60c035,12:2,11:6,0
rho2600_caliper2,600,0,r64c017,r62c027,12:2,12:4,0
rho2600_caliper2,600,0,r64c018,r62c026,12:2,12:4,0
rho2600_caliper2,600,0,r64c019,r61c028,12:3,12:4,0
rho2600_caliper2,600,0,r64c020,r63c026,12:3,12:4,0
rho2600_caliper2,600,0,r64c021,r57c036,12:3,11:6,0
rho2600_caliper2,600,0,r64c022,r60c032,12:3,11:5,0
rho2600_caliper2,600,0,r65c017,r64c027,12:2,12:4,0
rho2600_caliper2,600,0,r65c019,r63c027,12:3,12:4,0
rho2600_caliper2,600,0,r65c020,r61c033,12:3,12:5,0
rho2600_caliper2,600,0.5,r50c167,r47c163,9:32,8:31,0
rho2600_caliper2,600,0.5,r50c168,r47c054,9:32,8:10,0
rho2600_caliper2,600,0.5,r50c169,r46c056,9:32,8:10,0
rho2600_caliper2,600,0.5,r50c170,r45c159,9:32,8:30,0
rho2600_caliper2,600,0.5,r51c166,r48c161,9:31,9:30,0
rho2600_caliper2,600,0.5,r51c167,r47c162,9:32,8:31,0
rho2600_caliper2,600,0.5,r51c169,r48c056,9:32,9:10,0
rho2600_caliper2,600,0.5,r51c170,r47c056,9:32,8:10,0
rho2600_caliper2,600,0.5,r51c171,r47c053,9:32,8:9,0
rho2600_caliper2,600,0.5,r52c166,r47c158,9:31,8:30,0
rho2600_caliper2,600,0.5,r52c167,r42c067,9:32,7:12,0
rho2600_caliper2,600,0.5,r52c168,r47c160,9:32,8:30,0
rho2600_caliper2,600,0.5,r52c171,r45c158,9:32,8:30,0
rho2600_caliper2,600,0.5,r53c168,r43c066,10:30,8:12,0
rho2600_caliper2,600,0.5,r53c170,r46c158,10:30,8:30,0
rho2600_caliper2,600,0.5,r53c171,r56c037,10:30,10:6,0
rho2600_caliper2,600,0.5,r54c169,r46c060,10:30,8:11,0
rho2600_caliper2,600,0.5,r54c170,r46c157,10:30,8:30,0
rho2600_caliper2,600,0.5,r54c171,r46c159,10:30,8:30,0
rho2600_caliper2,600,0.5,r55c169,r47c157,10:30,8:30,0
rho2600_caliper2,600,0.5,r55c170,r58c039,10:30,11:6,0
rho2600_caliper2,600,0.5,r55c171,r60c034,10:30,11:5,0
rho2600_caliper2,600,0.5,r55c172,r59c035,10:31,11:5,0
rho2600_caliper2,600,0.5,r55c173,r46c161,10:31,8:30,0
rho2600_caliper2,600,0.5,r55c174,r60c033,10:31,11:5,0
rho2600_caliper2,600,0.5,r56c171,r61c034,10:30,11:5,0
rho2600_caliper2,600,0.5,r56c173,r48c054,10:31,9:10,0
rho2600_caliper2,600,0.5,r56c177,r46c160,10:32,8:30,0
rho2600_caliper2,600,0.5,r57c172,r47c155,10:31,8:29,0
rho2600_caliper2,600,0.5,r57c173,r47c156,10:31,8:29,0
rho2600_caliper2,600,0.5,r57c175,r47c159,10:31,8:30,0
rho2600_caliper2,600,0.5,r57c176,r48c053,10:31,9:9,0
rho2600_caliper2,600,0.5,r57c177,r48c052,10:32,9:9,0
rho2600_caliper2,600,0.5,r57c178,r48c165,10:32,9:31,0
rho2600_caliper2,600,0.5,r58c172,r48c157,11:28,9:30,0
rho2600_caliper2,600,0.5,r58c173,r48c158,11:28,9:30,0
rho2600_caliper2,600,0.5,r58c174,r48c159,11:28,9:30,0
rho2600_caliper2,600,0.5,r58c175,r48c160,11:28,9:30,0
rho2600_caliper2,600,0.5,r58c176,r49c055,11:28,9:10,0
rho2600_caliper2,600,0.5,r59c000,r49c053,11:29,9:9,0
rho2600_caliper2,600,0.5,r59c001,r49c162,11:29,9:31,0
rho2600_caliper2,600,0.5,r59c002,r49c052,11:29,9:9,0
rho2600_caliper2,600,0.5,r59c175,r49c159,11:28,9:30,0
rho2600_caliper2,600,0.5,r59c179,r49c054,11:29,9:10,0
rho2600_caliper2,600,0.5,r60c000,r50c051,11:29,9:9,0
rho2600_caliper2,600,0.5,r60c012,r55c038,11:1,10:6,0
rho2600_caliper2,600,0.5,r60c013,r55c036,11:1,10:6,0
rho2600_caliper2,600,0.5,r60c179,r50c162,11:29,9:31,0
rho2600_caliper2,600,0.5,r61c004,r60c031,11:0,11:4,0
rho2600_caliper2,600,0.5,r61c006,r60c026,11:0,11:3,0
rho2600_caliper2,600,0.5,r61c007,r61c024,11:0,11:3,0
rho2600_caliper2,600,0.5,r61c009,r61c025,11:1,11:3,0
rho2600_caliper2,600,0.5,r61c012,r56c038,11:1,10:6,0
rho2600_caliper2,600,0.5,r61c013,r60c028,11:1,11:4,0
rho2600_caliper2,600,0.5,r61c014,r61c026,11:1,11:3,0
rho2600_caliper2,600,0.5,r61c015,r59c028,11:2,11:4,0
rho2600_caliper2,600,0.5,r61c177,r57c040,11:29,10:6,0
rho2600_caliper2,600,0.5,r62c005,r56c039,11:0,10:6,0
rho2600_caliper2,600,0.5,r62c009,r61c027,11:1,11:4,0
rho2600_caliper2,600,0.5,r62c012,r57c039,11:1,10:6,0
rho2600_caliper2,600,0.5,r62c013,r57c038,11:1,10:6,0
rho2600_caliper2,600,0.5,r62c014,r60c029,11:1,11:4,0
rho2600_caliper2,600,0.5,r62c015,r60c027,11:2,11:4,0
rho2600_caliper2,600,0.5,r62c016,r56c036,11:2,10:6,0
rho2600_caliper2,600,0.5,r62c017,r59c030,11:2,11:4,0
rho2600_caliper2,600,0.5,r62c018,r59c029,11:2,11:4,0
rho2600_caliper2,600,0.5,r62c019,r59c032,11:2,11:4,0
rho2600_caliper2,600,0.5,r62c020,r59c031,11:2,11:4,0
rho2600_caliper2,600,0.5,r62c021,r57c033,11:3,10:5,0
rho2600_caliper2,600,0.5,r63c012,r61c030,12:1,11:4,0
rho2600_caliper2,600,0.5,r63c013,r61c031,12:1,11:4,0
rho2600_caliper2,600,0.5,r63c014,r61c032,12:1,11:4,0
rho2600_caliper2,600,0.5,r63c016,r60c030,12:1,11:4,0
rho2600_caliper2,600,0.5,r63c017,r62c025,12:2,11:3,0
rho2600_caliper2,600,0.5,r63c018,r57c035,12:2,10:6,0
rho2600_caliper2,600,0.5,r63c019,r58c033,12:2,11:5,0
rho2600_caliper2,600,0.5,r63c020,r56c035,12:2,10:6,0
rho2600_caliper2,600,0.5,r63c021,r57c034,12:2,10:5,0
rho2600_caliper2,600,0.5,r64c013,r62c028,12:1,11:4,0
rho2600_caliper2,600,0.5,r64c015,r61c029,12:1,11:4,0
rho2600_caliper2,600,0.5,r64c016,r60c035,12:1,11:5,0
rho2600_caliper2,600,0.5,r64c017,r62c027,12:2,11:4,0
rho2600_caliper2,600,0.5,r64c018,r62c026,12:2,11:3,0
rho2600_caliper2,600,0.5,r64c019,r61c028,12:2,11:4,0
rho2600_caliper2,600,0.5,r64c020,r63c026,12:2,12:3,0
rho2600_caliper2,600,0.5,r64c021,r57c036,12:2,10:6,0
rho2600_caliper2,600,0.5,r64c022,r60c032,12:2,11:4,0
rho2600_caliper2,600,0.5,r65c017,r64c027,12:2,12:3,0
rho2600_caliper2,600,0.5,r65c019,r63c027,12:2,12:3,0
rho2600_caliper2,600,0.5,r65c020,r61c033,12:2,11:5,0
rho2600_caliper2,900,0,r50c167,r47c163,6:21,6:20,0
rho2600_caliper2,900,0,r50c168,r47c054,6:21,6:6,0
rho2600_caliper2,900,0,r50c169,r46c056,6:21,6:7,0
rho2600_caliper2,900,0,r50c170,r45c159,6:21,5:21,0
rho2600_caliper2,900,0,r51c166,r48c161,6:21,6:20,0
rho2600_caliper2,900,0,r51c167,r47c162,6:21,6:20,0
rho2600_caliper2,900,0,r51c169,r48c056,6:21,6:7,0
rho2600_caliper2,900,0,r51c170,r47c056,6:21,6:7,0
rho2600_caliper2,900,0,r51c171,r47c053,6:21,6:6,0
rho2600_caliper2,900,0,r52c166,r47c158,6:21,6:20,0
rho2600_caliper2,900,0,r52c167,r42c067,6:21,5:9,0
rho2600_caliper2,900,0,r52c168,r47c160,6:21,6:20,0
rho2600_caliper2,900,0,r52c171,r45c158,6:21,5:21,0
rho2600_caliper2,900,0,r53c168,r43c066,7:20,5:8,0
rho2600_caliper2,900,0,r53c170,r46c158,7:20,6:20,0
rho2600_caliper2,900,0,r53c171,r56c037,7:20,7:4,0
rho2600_caliper2,900,0,r54c169,r46c060,7:20,6:7,0
rho2600_caliper2,900,0,r54c170,r46c157,7:20,6:20,0
rho2600_caliper2,900,0,r54c171,r46c159,7:20,6:20,0
rho2600_caliper2,900,0,r55c169,r47c157,7:20,6:20,0
rho2600_caliper2,900,0,r55c170,r58c039,7:20,7:4,0
rho2600_caliper2,900,0,r55c171,r60c034,7:20,7:4,0
rho2600_caliper2,900,0,r55c172,r59c035,7:21,7:4,0
rho2600_caliper2,900,0,r55c173,r46c161,7:21,6:20,0
rho2600_caliper2,900,0,r55c174,r60c033,7:21,7:4,0
rho2600_caliper2,900,0,r56c171,r61c034,7:20,8:3,0
rho2600_caliper2,900,0,r56c173,r48c054,7:21,6:6,0
rho2600_caliper2,900,0,r56c177,r46c160,7:21,6:20,0
rho2600_caliper2,900,0,r57c172,r47c155,7:21,6:19,0
rho2600_caliper2,900,0,r57c173,r47c156,7:21,6:19,0
rho2600_caliper2,900,0,r57c175,r47c159,7:21,6:20,0
rho2600_caliper2,900,0,r57c176,r48c053,7:21,6:6,0
rho2600_caliper2,900,0,r57c177,r48c052,7:21,6:6,0
rho2600_caliper2,900,0,r57c178,r48c165,7:21,6:21,0
rho2600_caliper2,900,0,r58c172,r48c157,7:21,6:20,0
rho2600_caliper2,900,0,r58c173,r48c158,7:21,6:20,0
rho2600_caliper2,900,0,r58c174,r48c159,7:21,6:20,0
rho2600_caliper2,900,0,r58c175,r48c160,7:21,6:20,0
rho2600_caliper2,900,0,r58c176,r49c055,7:21,6:7,0
rho2600_caliper2,900,0,r59c000,r49c053,7:0,6:6,0
rho2600_caliper2,900,0,r59c001,r49c162,7:0,6:20,0
rho2600_caliper2,900,0,r59c002,r49c052,7:0,6:6,0
rho2600_caliper2,900,0,r59c175,r49c159,7:21,6:20,0
rho2600_caliper2,900,0,r59c179,r49c054,7:21,6:6,0
rho2600_caliper2,900,0,r60c000,r50c051,7:0,6:6,0
rho2600_caliper2,900,0,r60c012,r55c038,7:1,7:4,0
rho2600_caliper2,900,0,r60c013,r55c036,7:1,7:4,0
rho2600_caliper2,900,0,r60c179,r50c162,7:21,6:20,0
rho2600_caliper2,900,0,r61c004,r60c031,8:0,7:3,0
rho2600_caliper2,900,0,r61c006,r60c026,8:0,7:3,0
rho2600_caliper2,900,0,r61c007,r61c024,8:0,8:2,0
rho2600_caliper2,900,0,r61c009,r61c025,8:0,8:2,0
rho2600_caliper2,900,0,r61c012,r56c038,8:1,7:4,0
rho2600_caliper2,900,0,r61c013,r60c028,8:1,7:3,0
rho2600_caliper2,900,0,r61c014,r61c026,8:1,8:2,0
rho2600_caliper2,900,0,r61c015,r59c028,8:1,7:3,0
rho2600_caliper2,900,0,r61c177,r57c040,8:17,7:4,0
rho2600_caliper2,900,0,r62c005,r56c039,8:0,7:4,0
rho2600_caliper2,900,0,r62c009,r61c027,8:0,8:2,0
rho2600_caliper2,900,0,r62c012,r57c039,8:1,7:4,0
rho2600_caliper2,900,0,r62c013,r57c038,8:1,7:4,0
rho2600_caliper2,900,0,r62c014,r60c029,8:1,7:3,0
rho2600_caliper2,900,0,r62c015,r60c027,8:1,7:3,0
rho2600_caliper2,900,0,r62c016,r56c036,8:1,7:4,0
rho2600_caliper2,900,0,r62c017,r59c030,8:1,7:3,0
rho2600_caliper2,900,0,r62c018,r59c029,8:1,7:3,0
rho2600_caliper2,900,0,r62c019,r59c032,8:1,7:3,0
rho2600_caliper2,900,0,r62c020,r59c031,8:2,7:3,0
rho2600_caliper2,900,0,r62c021,r57c033,8:2,7:4,0
rho2600_caliper2,900,0,r63c012,r61c030,8:1,8:3,0
rho2600_caliper2,900,0,r63c013,r61c031,8:1,8:3,0
rho2600_caliper2,900,0,r63c014,r61c032,8:1,8:3,0
rho2600_caliper2,900,0,r63c016,r60c030,8:1,7:3,0
rho2600_caliper2,900,0,r63c017,r62c025,8:1,8:2,0
rho2600_caliper2,900,0,r63c018,r57c035,8:1,7:4,0
rho2600_caliper2,900,0,r63c019,r58c033,8:1,7:4,0
rho2600_caliper2,900,0,r63c020,r56c035,8:2,7:4,0
rho2600_caliper2,900,0,r63c021,r57c034,8:2,7:4,0
rho2600_caliper2,900,0,r64c013,r62c028,8:1,8:2,0
rho2600_caliper2,900,0,r64c015,r61c029,8:1,8:2,0
rho2600_caliper2,900,0,r64c016,r60c035,8:1,7:4,0
rho2600_caliper2,900,0,r64c017,r62c027,8:1,8:2,0
rho2600_caliper2,900,0,r64c018,r62c026,8:1,8:2,0
rho2600_caliper2,900,0,r64c019,r61c028,8:1,8:2,0
rho2600_caliper2,900,0,r64c020,r63c026,8:2,8:2,0
rho2600_caliper2,900,0,r64c021,r57c036,8:2,7:4,0
rho2600_caliper2,900,0,r64c022,r60c032,8:2,7:3,0
rho2600_caliper2,900,0,r65c017,r64c027,8:1,8:2,0
rho2600_caliper2,900,0,r65c019,r63c027,8:1,8:2,0
rho2600_caliper2,900,0,r65c020,r61c033,8:2,8:3,0
rho2600_caliper2,900,0.5,r50c167,r47c163,6:20,5:21,0
rho2600_caliper2,900,0.5,r50c168,r47c054,6:21,5:6,0
rho2600_caliper2,900,0.5,r50c169,r46c056,6:21,5:7,0
rho2600_caliper2,900,0.5,r50c170,r45c159,6:21,5:20,0
rho2600_caliper2,900,0.5,r51c166,r48c161,6:20,5:21,0
rho2600_caliper2,900,0.5,r51c167,r47c162,6:20,5:21,0
rho2600_caliper2,900,0.5,r51c169,r48c056,6:21,5:7,0
rho2600_caliper2,900,0.5,r51c170,r47c056,6:21,5:7,0
rho2600_caliper2,900,0.5,r51c171,r47c053,6:21,5:6,0
rho2600_caliper2,900,0.5,r52c166,r47c158,6:20,5:20,0
rho2600_caliper2,900,0.5,r52c167,r42c067,6:20,5:8,0
rho2600_caliper2,900,0.5,r52c168,r47c160,6:21,5:20,0
rho2600_caliper2,900,0.5,r52c171,r45c158,6:21,5:20,0
rho2600_caliper2,900,0.5,r53c168,r43c066,6:21,5:8,0
rho2600_caliper2,900,0.5,r53c170,r46c158,6:21,5:20,0
rho2600_caliper2,900,0.5,r53c171,r56c037,6:21,6:4,0
rho2600_caliper2,900,0.5,r54c169,r46c060,6:21,5:7,0
rho2600_caliper2,900,0.5,r54c170,r46c157,6:21,5:20,0
rho2600_caliper2,900,0.5,r54c171,r46c159,6:21,5:20,0
rho2600_caliper2,900,0.5,r55c169,r47c157,6:21,5:20,0
rho2600_caliper2,900,0.5,r55c170,r58c039,6:21,7:3,0
rho2600_caliper2,900,0.5,r55c171,r60c034,6:21,7:3,0
rho2600_caliper2,900,0.5,r55c172,r59c035,6:21,7:3,0
rho2600_caliper2,900,0.5,r55c173,r46c161,6:21,5:21,0
rho2600_caliper2,900,0.5,r55c174,r60c033,6:21,7:3,0
rho2600_caliper2,900,0.5,r56c171,r61c034,6:21,7:3,0
rho2600_caliper2,900,0.5,r56c173,r48c054,6:21,5:6,0
rho2600_caliper2,900,0.5,r56c177,r46c160,6:22,5:20,0
rho2600_caliper2,900,0.5,r57c172,r47c155,7:18,5:20,0
rho2600_caliper2,900,0.5,r57c173,r47c156,7:18,5:20,0
rho2600_caliper2,900,0.5,r57c175,r47c159,7:19,5:20,0
rho2600_caliper2,900,0.5,r57c176,r48c053,7:19,5:6,0
rho2600_caliper2,900,0.5,r57c177,r48c052,7:19,5:6,0
rho2600_caliper2,900,0.5,r57c178,r48c165,7:19,5:21,0
rho2600_caliper2,900,0.5,r58c172,r48c157,7:18,5:20,0
rho2600_caliper2,900,0.5,r58c173,r48c158,7:18,5:20,0
rho2600_caliper2,900,0.5,r58c174,r48c159,7:18,5:20,0
rho2600_caliper2,900,0.5,r58c175,r48c160,7:19,5:20,0
rho2600_caliper2,900,0.5,r58c176,r49c055,7:19,6:6,0
rho2600_caliper2,900,0.5,r59c000,r49c053,7:19,6:6,0
rho2600_caliper2,900,0.5,r59c001,r49c162,7:19,6:20,0
rho2600_caliper2,900,0.5,r59c002,r49c052,7:19,6:6,0
rho2600_caliper2,900,0.5,r59c175,r49c159,7:19,6:19,0
rho2600_caliper2,900,0.5,r59c179,r49c054,7:19,6:6,0
rho2600_caliper2,900,0.5,r60c000,r50c051,7:19,6:6,0
rho2600_caliper2,900,0.5,r60c012,r55c038,7:0,6:4,0
rho2600_caliper2,900,0.5,r60c013,r55c036,7:1,6:4,0
rho2600_caliper2,900,0.5,r60c179,r50c162,7:19,6:20,0
rho2600_caliper2,900,0.5,r61c004,r60c031,7:0,7:3,0
rho2600_caliper2,900,0.5,r61c006,r60c026,7:0,7:2,0
rho2600_caliper2,900,0.5,r61c007,r61c024,7:0,7:2,0
rho2600_caliper2,900,0.5,r61c009,r61c025,7:0,7:2,0
rho2600_caliper2,900,0.5,r61c012,r56c038,7:0,6:4,0
rho2600_caliper2,900,0.5,r61c013,r60c028,7:1,7:2,0
rho2600_caliper2,900,0.5,r61c014,r61c026,7:1,7:2,0
rho2600_caliper2,900,0.5,r61c015,r59c028,7:1,7:2,0
rho2600_caliper2,900,0.5,r61c177,r57c040,7:19,7:4,0
rho2600_caliper2,900,0.5,r62c005,r56c039,7:0,6:4,0
rho2600_caliper2,900,0.5,r62c009,r61c027,7:0,7:2,0
rho2600_caliper2,900,0.5,r62c012,r57c039,7:0,7:3,0
rho2600_caliper2,900,0.5,r62c013,r57c038,7:1,7:3,0
rho2600_caliper2,900,0.5,r62c014,r60c029,7:1,7:2,0
rho2600_caliper2,900,0.5,r62c015,r60c027,7:1,7:2,0
rho2600_caliper2,900,0.5,r62c016,r56c036,7:1,6:4,0
rho2600_caliper2,900,0.5,r62c017,r59c030,7:1,7:2,0
rho2600_caliper2,900,0.5,r62c018,r59c029,7:1,7:2,0
rho2600_caliper2,900,0.5,r62c019,r59c032,7:1,7:3,0
rho2600_caliper2,900,0.5,r62c020,r59c031,7:1,7:3,0
rho2600_caliper2,900,0.5,r62c021,r57c033,7:1,7:3,0
rho2600_caliper2,900,0.5,r63c012,r61c030,7:0,7:2,0
rho2600_caliper2,900,0.5,r63c013,r61c031,7:1,7:3,0
rho2600_caliper2,900,0.5,r63c014,r61c032,7:1,7:3,0
rho2600_caliper2,900,0.5,r63c016,r60c030,7:1,7:2,0
rho2600_caliper2,900,0.5,r63c017,r62c025,7:1,7:2,0
rho2600_caliper2,900,0.5,r63c018,r57c035,7:1,7:3,0
rho2600_caliper2,900,0.5,r63c019,r58c033,7:1,7:3,0
rho2600_caliper2,900,0.5,r63c020,r56c035,7:1,6:4,0
rho2600_caliper2,900,0.5,r63c021,r57c034,7:1,7:3,0
rho2600_caliper2,900,0.5,r64c013,r62c028,7:1,7:2,0
rho2600_caliper2,900,0.5,r64c015,r61c029,7:1,7:2,0
rho2600_caliper2,900,0.5,r64c016,r60c035,7:1,7:3,0
rho2600_caliper2,900,0.5,r64c017,r62c027,7:1,7:2,0
rho2600_caliper2,900,0.5,r64c018,r62c026,7:1,7:2,0
rho2600_caliper2,900,0.5,r64c019,r61c028,7:1,7:2,0
rho2600_caliper2,900,0.5,r64c020,r63c026,7:1,7:2,0
rho2600_caliper2,900,0.5,r64c021,r57c036,7:1,7:3,0
rho2600_caliper2,900,0.5,r64c022,r60c032,7:2,7:3,0
rho2600_caliper2,900,0.5,r65c017,r64c027,8:1,7:2,0
rho2600_caliper2,900,0.5,r65c019,r63c027,8:1,7:2,0
rho2600_caliper2,900,0.5,r65c020,r61c033,8:1,7:3,0
rho2700_caliper0.5,300,0,r50c170,r48c165,19:66,19:64,1
rho2700_caliper0.5,300,0,r52c166,r50c162,20:63,19:63,0
rho2700_caliper0.5,300,0,r61c015,r61c024,24:5,24:8,3
rho2700_caliper0.5,300,0,r62c012,r61c030,24:4,24:9,3
rho2700_caliper0.5,300,0,r62c016,r61c025,24:5,24:8,3
rho2700_caliper0.5,300,0,r62c018,r60c026,24:6,23:9,2
rho2700_caliper0.5,300,0,r63c018,r61c027,25:5,24:9,3
rho2700_caliper0.5,300,0,r63c019,r61c026,25:5,24:8,3
rho2700_caliper0.5,300,0,r63c021,r62c025,25:6,24:8,3
rho2700_caliper0.5,300,0,r64c021,r63c026,25:6,25:8,3
rho2700_caliper0.5,300,0.5,r50c170,r48c165,19:65,18:64,0
rho2700_caliper0.5,300,0.5,r52c166,r50c162,20:62,19:62,1
rho2700_caliper0.5,300,0.5,r61c015,r61c024,23:4,23:7,2
rho2700_caliper0.5,300,0.5,r62c012,r61c030,24:3,23:9,4
rho2700_caliper0.5,300,0.5,r62c016,r61c025,24:4,23:8,3
rho2700_caliper0.5,300,0.5,r62c018,r60c026,24:5,23:8,3
rho2700_caliper0.5,300,0.5,r63c018,r61c027,24:5,23:8,3
rho2700_caliper0.5,300,0.5,r63c019,r61c026,24:5,23:8,3
rho2700_caliper0.5,300,0.5,r63c021,r62c025,24:6,24:7,5
rho2700_caliper0.5,300,0.5,r64c021,r63c026,24:6,24:7,5
rho2700_caliper0.5,600,0,r50c170,r48c165,9:33,9:32,2
rho2700_caliper0.5,600,0,r52c166,r50c162,10:31,9:31,0
rho2700_caliper0.5,600,0,r61c015,r61c024,12:2,12:3,1
rho2700_caliper0.5,600,0,r62c012,r61c030,12:1,12:4,1
rho2700_caliper0.5,600,0,r62c016,r61c025,12:2,12:3,1
rho2700_caliper0.5,600,0,r62c018,r60c026,12:2,11:4,1
rho2700_caliper0.5,600,0,r63c018,r61c027,12:2,12:4,1
rho2700_caliper0.5,600,0,r63c019,r61c026,12:3,12:4,1
rho2700_caliper0.5,600,0,r63c021,r62c025,12:3,12:3,1
rho2700_caliper0.5,600,0,r64c021,r63c026,12:3,12:4,1
rho2700_caliper0.5,600,0.5,r50c170,r48c165,9:32,9:31,1
rho2700_caliper0.5,600,0.5,r52c166,r50c162,9:31,9:31,1
rho2700_caliper0.5,600,0.5,r61c015,r61c024,11:2,11:3,0
rho2700_caliper0.5,600,0.5,r62c012,r61c030,11:1,11:4,0
rho2700_caliper0.5,600,0.5,r62c016,r61c025,11:2,11:3,0
rho2700_caliper0.5,600,0.5,r62c018,r60c026,11:2,11:3,0
rho2700_caliper0.5,600,0.5,r63c018,r61c027,12:2,11:4,0
rho2700_caliper0.5,600,0.5,r63c019,r61c026,12:2,11:3,0
rho2700_caliper0.5,600,0.5,r63c021,r62c025,12:2,11:3,0
rho2700_caliper0.5,600,0.5,r64c021,r63c026,12:2,12:3,0
rho2700_caliper0.5,900,0,r50c170,r48c165,6:21,6:21,0
rho2700_caliper0.5,900,0,r52c166,r50c162,6:21,6:20,0
rho2700_caliper0.5,900,0,r61c015,r61c024,8:1,8:2,1
rho2700_caliper0.5,900,0,r62c012,r61c030,8:1,8:3,1
rho2700_caliper0.5,900,0,r62c016,r61c025,8:1,8:2,1
rho2700_caliper0.5,900,0,r62c018,r60c026,8:1,7:3,1
rho2700_caliper0.5,900,0,r63c018,r61c027,8:1,8:2,1
rho2700_caliper0.5,900,0,r63c019,r61c026,8:1,8:2,1
rho2700_caliper0.5,900,0,r63c021,r62c025,8:2,8:2,1
rho2700_caliper0.5,900,0,r64c021,r63c026,8:2,8:2,1
rho2700_caliper0.5,900,0.5,r50c170,r48c165,6:21,5:21,0
rho2700_caliper0.5,900,0.5,r52c166,r50c162,6:20,6:20,1
rho2700_caliper0.5,900,0.5,r61c015,r61c024,7:1,7:2,2
rho2700_caliper0.5,900,0.5,r62c012,r61c030,7:0,7:2,2
rho2700_caliper0.5,900,0.5,r62c016,r61c025,7:1,7:2,2
rho2700_caliper0.5,900,0.5,r62c018,r60c026,7:1,7:2,2
rho2700_caliper0.5,900,0.5,r63c018,r61c027,7:1,7:2,2
rho2700_caliper0.5,900,0.5,r63c019,r61c026,7:1,7:2,2
rho2700_caliper0.5,900,0.5,r63c021,r62c025,7:1,7:2,2
rho2700_caliper0.5,900,0.5,r64c021,r63c026,7:1,7:2,2
rho2700_caliper1,300,0,r50c167,r47c163,19:65,18:64,1
rho2700_caliper1,300,0,r50c170,r46c161,19:66,18:63,1
rho2700_caliper1,300,0,r51c166,r48c161,20:63,19:62,1
rho2700_caliper1,300,0,r51c167,r47c162,20:64,18:64,1
rho2700_caliper1,300,0,r51c170,r47c053,20:65,18:21,0
rho2700_caliper1,300,0,r52c166,r49c162,20:63,19:63,1
rho2700_caliper1,300,0,r52c167,r48c159,20:64,19:62,1
rho2700_caliper1,300,0,r52c168,r47c160,20:64,18:63,1
rho2700_caliper1,300,0,r52c171,r48c165,20:65,19:64,0
rho2700_caliper1,300,0,r53c168,r50c162,21:62,19:63,1
rho2700_caliper1,300,0,r53c170,r48c160,21:63,19:62,1
rho2700_caliper1,300,0,r54c169,r49c159,21:63,19:62,1
rho2700_caliper1,300,0,r54c170,r50c051,21:63,19:20,1
rho2700_caliper1,300,0,r54c171,r49c052,21:63,19:20,1
rho2700_caliper1,300,0,r57c172,r57c040,22:62,22:14,2
rho2700_caliper1,300,0,r60c013,r61c024,23:4,24:8,2
rho2700_caliper1,300,0,r61c009,r56c039,24:3,22:14,2
rho2700_caliper1,300,0,r61c012,r60c026,24:4,23:9,2
rho2700_caliper1,300,0,r61c013,r60c029,24:4,23:10,2
rho2700_caliper1,300,0,r61c015,r56c038,24:5,22:13,2
rho2700_caliper1,300,0,r62c009,r61c032,24:3,24:10,2
rho2700_caliper1,300,0,r62c012,r62c028,24:4,24:9,2
rho2700_caliper1,300,0,r62c013,r61c029,24:4,24:9,2
rho2700_caliper1,300,0,r62c014,r61c026,24:4,24:8,2
rho2700_caliper1,300,0,r62c015,r60c028,24:5,23:9,2
rho2700_caliper1,300,0,r62c016,r60c027,24:5,23:9,2
rho2700_caliper1,300,0,r62c017,r61c025,24:5,24:8,2
rho2700_caliper1,300,0,r62c018,r59c028,24:6,23:9,2
rho2700_caliper1,300,0,r62c019,r59c032,24:6,23:11,2
rho2700_caliper1,300,0,r62c020,r59c031,24:6,23:10,2
rho2700_caliper1,300,0,r62c021,r59c029,24:7,23:10,2
rho2700_caliper1,300,0,r63c013,r61c031,25:4,24:10,2
rho2700_caliper1,300,0,r63c016,r61c027,25:5,24:9,2
rho2700_caliper1,300,0,r63c017,r60c030,25:5,23:10,2
rho2700_caliper1,300,0,r63c018,r60c032,25:5,23:11,2
rho2700_caliper1,300,0,r63c019,r59c030,25:5,23:10,2
rho2700_caliper1,300,0,r63c020,r62c025,25:6,24:8,2
rho2700_caliper1,300,0,r63c021,r58c033,25:6,23:11,2
rho2700_caliper1,300,0,r64c015,r61c030,25:4,24:9,2
rho2700_caliper1,300,0,r64c016,r63c027,25:5,25:8,2
rho2700_caliper1,300,0,r64c017,r64c027,25:5,25:8,2
rho2700_caliper1,300,0,r64c018,r62c027,25:5,24:9,2
rho2700_caliper1,300,0,r64c019,r61c028,25:5,24:9,2
rho2700_caliper1,300,0,r64c020,r63c026,25:6,25:8,2
rho2700_caliper1,300,0,r64c021,r60c035,25:6,23:12,2
rho2700_caliper1,300,0,r64c022,r62c026,25:6,24:8,2
rho2700_caliper1,300,0,r65c020,r61c033,25:6,24:10,2
rho2700_caliper1,300,0.5,r50c167,r47c163,19:64,18:63,2
rho2700_caliper1,300,0.5,r50c170,r46c161,19:65,17:63,0
rho2700_caliper1,300,0.5,r51c166,r48c161,19:64,18:63,2
rho2700_caliper1,300,0.5,r51c167,r47c162,19:64,18:63,2
rho2700_caliper1,300,0.5,r51c170,r47c053,19:65,18:20,0
rho2700_caliper1,300,0.5,r52c166,r49c162,20:62,19:62,1
rho2700_caliper1,300,0.5,r52c167,r48c159,20:62,18:62,1
rho2700_caliper1,300,0.5,r52c168,r47c160,20:63,18:62,1
rho2700_caliper1,300,0.5,r52c171,r48c165,20:64,18:64,1
rho2700_caliper1,300,0.5,r53c168,r50c162,20:63,19:62,1
rho2700_caliper1,300,0.5,r53c170,r48c160,20:63,18:62,1
rho2700_caliper1,300,0.5,r54c169,r49c159,20:63,19:61,1
rho2700_caliper1,300,0.5,r54c170,r50c051,20:63,19:19,1
rho2700_caliper1,300,0.5,r54c171,r49c052,20:64,19:19,1
rho2700_caliper1,300,0.5,r57c172,r57c040,22:59,22:13,4
rho2700_caliper1,300,0.5,r60c013,r61c024,23:4,23:7,3
rho2700_caliper1,300,0.5,r61c009,r56c039,23:2,21:13,3
rho2700_caliper1,300,0.5,r61c012,r60c026,23:3,23:8,3
rho2700_caliper1,300,0.5,r61c013,r60c029,23:4,23:9,3
rho2700_caliper1,300,0.5,r61c015,r56c038,23:4,21:13,3
rho2700_caliper1,300,0.5,r62c009,r61c032,24:2,23:10,3
rho2700_caliper1,300,0.5,r62c012,r62c028,24:3,24:8,3
rho2700_caliper1,300,0.5,r62c013,r61c029,24:3,23:9,3
rho2700_caliper1,300,0.5,r62c014,r61c026,24:4,23:8,3
rho2700_caliper1,300,0.5,r62c015,r60c028,24:4,23:9,3
rho2700_caliper1,300,0.5,r62c016,r60c027,24:4,23:8,3
rho2700_caliper1,300,0.5,r62c017,r61c025,24:5,23:8,3
rho2700_caliper1,300,0.5,r62c018,r59c028,24:5,22:9,3
rho2700_caliper1,300,0.5,r62c019,r59c032,24:5,22:10,3
rho2700_caliper1,300,0.5,r62c020,r59c031,24:5,22:10,3
rho2700_caliper1,300,0.5,r62c021,r59c029,24:6,22:9,3
rho2700_caliper1,300,0.5,r63c013,r61c031,24:3,23:10,3
rho2700_caliper1,300,0.5,r63c016,r61c027,24:4,23:8,3
rho2700_caliper1,300,0.5,r63c017,r60c030,24:5,23:9,3
rho2700_caliper1,300,0.5,r63c018,r60c032,24:5,23:10,3
rho2700_caliper1,300,0.5,r63c019,r59c030,24:5,22:10,3
rho2700_caliper1,300,0.5,r63c020,r62c025,24:5,24:7,3
rho2700_caliper1,300,0.5,r63c021,r58c033,24:6,22:11,3
rho2700_caliper1,300,0.5,r64c015,r61c030,24:4,23:9,3
rho2700_caliper1,300,0.5,r64c016,r63c027,24:4,24:8,3
rho2700_caliper1,300,0.5,r64c017,r64c027,24:5,24:8,3
rho2700_caliper1,300,0.5,r64c018,r62c027,24:5,24:8,3
rho2700_caliper1,300,0.5,r64c019,r61c028,24:5,23:9,3
rho2700_caliper1,300,0.5,r64c020,r63c026,24:5,24:7,3
rho2700_caliper1,300,0.5,r64c021,r60c035,24:6,23:11,3
rho2700_caliper1,300,0.5,r64c022,r62c026,24:6,24:7,3
rho2700_caliper1,300,0.5,r65c020,r61c033,25:5,23:10,3
rho2700_caliper1,600,0,r50c167,r47c163,9:32,9:31,0
rho2700_caliper1,600,0,r50c170,r46c161,9:33,9:31,0
rho2700_caliper1,600,0,r51c166,r48c161,10:31,9:31,0
rho2700_caliper1,600,0,r51c167,r47c162,10:31,9:31,0
rho2700_caliper1,600,0,r51c170,r47c053,10:32,9:10,0
rho2700_caliper1,600,0,r52c166,r49c162,10:31,9:31,0
rho2700_caliper1,600,0,r52c167,r48c159,10:31,9:31,0
rho2700_caliper1,600,0,r52c168,r47c160,10:31,9:31,0
rho2700_caliper1,600,0,r52c171,r48c165,10:32,9:32,0
rho2700_caliper1,600,0,r53c168,r50c162,10:31,9:31,0
rho2700_caliper1,600,0,r53c170,r48c160,10:32,9:31,0
rho2700_caliper1,600,0,r54c169,r49c159,10:32,9:31,0
rho2700_caliper1,600,0,r54c170,r50c051,10:32,9:10,0
rho2700_caliper1,600,0,r54c171,r49c052,10:32,9:10,0
rho2700_caliper1,600,0,r57c172,r57c040,11:30,11:7,1
rho2700_caliper1,600,0,r60c013,r61c024,11:2,12:3,1
rho2700_caliper1,600,0,r61c009,r56c039,12:1,11:7,1
rho2700_caliper1,600,0,r61c012,r60c026,12:1,11:4,1
rho2700_caliper1,600,0,r61c013,r60c029,12:2,11:5,1
rho2700_caliper1,600,0,r61c015,r56c038,12:2,11:6,1
rho2700_caliper1,600,0,r62c009,r61c032,12:1,12:5,1
rho2700_caliper1,600,0,r62c012,r62c028,12:1,12:4,1
rho2700_caliper1,600,0,r62c013,r61c029,12:2,12:4,1
rho2700_caliper1,600,0,r62c014,r61c026,12:2,12:4,1
rho2700_caliper1,600,0,r62c015,r60c028,12:2,11:5,1
rho2700_caliper1,600,0,r62c016,r60c027,12:2,11:4,1
rho2700_caliper1,600,0,r62c017,r61c025,12:2,12:3,1
rho2700_caliper1,600,0,r62c018,r59c028,12:2,11:5,1
rho2700_caliper1,600,0,r62c019,r59c032,12:3,11:5,1
rho2700_caliper1,600,0,r62c020,r59c031,12:3,11:5,1
rho2700_caliper1,600,0,r62c021,r59c029,12:3,11:5,1
rho2700_caliper1,600,0,r63c013,r61c031,12:2,12:4,1
rho2700_caliper1,600,0,r63c016,r61c027,12:2,12:4,1
rho2700_caliper1,600,0,r63c017,r60c030,12:2,11:5,1
rho2700_caliper1,600,0,r63c018,r60c032,12:2,11:5,1
rho2700_caliper1,600,0,r63c019,r59c030,12:3,11:5,1
rho2700_caliper1,600,0,r63c020,r62c025,12:3,12:3,1
rho2700_caliper1,600,0,r63c021,r58c033,12:3,11:5,1
rho2700_caliper1,600,0,r64c015,r61c030,12:2,12:4,1
rho2700_caliper1,600,0,r64c016,r63c027,12:2,12:4,1
rho2700_caliper1,600,0,r64c017,r64c027,12:2,12:4,1
rho2700_caliper1,600,0,r64c018,r62c027,12:2,12:4,1
rho2700_caliper1,600,0,r64c019,r61c028,12:3,12:4,1
rho2700_caliper1,600,0,r64c020,r63c026,12:3,12:4,1
rho2700_caliper1,600,0,r64c021,r60c035,12:3,11:6,1
rho2700_caliper1,600,0,r64c022,r62c026,12:3,12:4,1
rho2700_caliper1,600,0,r65c020,r61c033,12:3,12:5,1
rho2700_caliper1,600,0.5,r50c167,r47c163,9:32,8:31,0
rho2700_caliper1,600,0.5,r50c170,r46c161,9:32,8:30,0
rho2700_caliper1,600,0.5,r51c166,r48c161,9:31,9:30,0
rho2700_caliper1,600,0.5,r51c167,r47c162,9:32,8:31,0
rho2700_caliper1,600,0.5,r51c170,r47c053,9:32,8:9,0
rho2700_caliper1,600,0.5,r52c166,r49c162,9:31,9:31,0
rho2700_caliper1,600,0.5,r52c167,r48c159,9:32,9:30,0
rho2700_caliper1,600,0.5,r52c168,r47c160,9:32,8:30,0
rho2700_caliper1,600,0.5,r52c171,r48c165,9:32,9:31,0
rho2700_caliper1,600,0.5,r53c168,r50c162,10:30,9:31,0
rho2700_caliper1,600,0.5,r53c170,r48c160,10:30,9:30,0
rho2700_caliper1,600,0.5,r54c169,r49c159,10:30,9:30,0
rho2700_caliper1,600,0.5,r54c170,r50c051,10:30,9:9,0
rho2700_caliper1,600,0.5,r54c171,r49c052,10:30,9:9,0
rho2700_caliper1,600,0.5,r57c172,r57c040,10:31,10:6,1
rho2700_caliper1,600,0.5,r60c013,r61c024,11:1,11:3,1
rho2700_caliper1,600,0.5,r61c009,r56c039,11:1,10:6,1
rho2700_caliper1,600,0.5,r61c012,r60c026,11:1,11:3,1
rho2700_caliper1,600,0.5,r61c013,r60c029,11:1,11:4,1
rho2700_caliper1,600,0.5,r61c015,r56c038,11:2,10:6,1
rho2700_caliper1,600,0.5,r62c009,r61c032,11:1,11:4,1
rho2700_caliper1,600,0.5,r62c012,r62c028,11:1,11:4,1
rho2700_caliper1,600,0.5,r62c013,r61c029,11:1,11:4,1
rho2700_caliper1,600,0.5,r62c014,r61c026,11:1,11:3,1
rho2700_caliper1,600,0.5,r62c015,r60c028,11:2,11:4,1
rho2700_caliper1,600,0.5,r62c016,r60c027,11:2,11:4,1
rho2700_caliper1,600,0.5,r62c017,r61c025,11:2,11:3,1
rho2700_caliper1,600,0.5,r62c018,r59c028,11:2,11:4,1
rho2700_caliper1,600,0.5,r62c019,r59c032,11:2,11:4,1
rho2700_caliper1,600,0.5,r62c020,r59c031,11:2,11:4,1
rho2700_caliper1,600,0.5,r62c021,r59c029,11:3,11:4,1
rho2700_caliper1,600,0.5,r63c013,r61c031,12:1,11:4,1
rho2700_caliper1,600,0.5,r63c016,r61c027,12:1,11:4,1
rho2700_caliper1,600,0.5,r63c017,r60c030,12:2,11:4,1
rho2700_caliper1,600,0.5,r63c018,r60c032,12:2,11:4,1
rho2700_caliper1,600,0.5,r63c019,r59c030,12:2,11:4,1
rho2700_caliper1,600,0.5,r63c020,r62c025,12:2,11:3,1
rho2700_caliper1,600,0.5,r63c021,r58c033,12:2,11:5,1
rho2700_caliper1,600,0.5,r64c015,r61c030,12:1,11:4,1
rho2700_caliper1,600,0.5,r64c016,r63c027,12:1,12:3,1
rho2700_caliper1,600,0.5,r64c017,r64c027,12:2,12:3,1
rho2700_caliper1,600,0.5,r64c018,r62c027,12:2,11:4,1
rho2700_caliper1,600,0.5,r64c019,r61c028,12:2,11:4,1
rho2700_caliper1,600,0.5,r64c020,r63c026,12:2,12:3,1
rho2700_caliper1,600,0.5,r64c021,r60c035,12:2,11:5,1
rho2700_caliper1,600,0.5,r64c022,r62c026,12:2,11:3,1
rho2700_caliper1,600,0.5,r65c020,r61c033,12:2,11:5,1
rho2700_caliper1,900,0,r50c167,r47c163,6:21,6:20,0
rho2700_caliper1,900,0,r50c170,r46c161,6:21,6:20,0
rho2700_caliper1,900,0,r51c166,r48c161,6:21,6:20,0
rho2700_caliper1,900,0,r51c167,r47c162,6:21,6:20,0
rho2700_caliper1,900,0,r51c170,r47c053,6:21,6:6,0
rho2700_caliper1,900,0,r52c166,r49c162,6:21,6:20,0
rho2700_caliper1,900,0,r52c167,r48c159,6:21,6:20,0
rho2700_caliper1,900,0,r52c168,r47c160,6:21,6:20,0
rho2700_caliper1,900,0,r52c171,r48c165,6:21,6:21,0
rho2700_caliper1,900,0,r53c168,r50c162,7:20,6:20,0
rho2700_caliper1,900,0,r53c170,r48c160,7:20,6:20,0
rho2700_caliper1,900,0,r54c169,r49c159,7:20,6:20,0
rho2700_caliper1,900,0,r54c170,r50c051,7:20,6:6,0
rho2700_caliper1,900,0,r54c171,r49c052,7:20,6:6,0
rho2700_caliper1,900,0,r57c172,r57c040,7:21,7:4,1
rho2700_caliper1,900,0,r60c013,r61c024,7:1,8:2,1
rho2700_caliper1,900,0,r61c009,r56c039,8:0,7:4,1
rho2700_caliper1,900,0,r61c012,r60c026,8:1,7:3,1
rho2700_caliper1,900,0,r61c013,r60c029,8:1,7:3,1
rho2700_caliper1,900,0,r61c015,r56c038,8:1,7:4,1
rho2700_caliper1,900,0,r62c009,r61c032,8:0,8:3,1
rho2700_caliper1,900,0,r62c012,r62c028,8:1,8:2,1
rho2700_caliper1,900,0,r62c013,r61c029,8:1,8:2,1
rho2700_caliper1,900,0,r62c014,r61c026,8:1,8:2,1
rho2700_caliper1,900,0,r62c015,r60c028,8:1,7:3,1
rho2700_caliper1,900,0,r62c016,r60c027,8:1,7:3,1
rho2700_caliper1,900,0,r62c017,r61c025,8:1,8:2,1
rho2700_caliper1,900,0,r62c018,r59c028,8:1,7:3,1
rho2700_caliper1,900,0,r62c019,r59c032,8:1,7:3,1
rho2700_caliper1,900,0,r62c020,r59c031,8:2,7:3,1
rho2700_caliper1,900,0,r62c021,r59c029,8:2,7:3,1
rho2700_caliper1,900,0,r63c013,r61c031,8:1,8:3,1
rho2700_caliper1,900,0,r63c016,r61c027,8:1,8:2,1
rho2700_caliper1,900,0,r63c017,r60c030,8:1,7:3,1
rho2700_caliper1,900,0,r63c018,r60c032,8:1,7:3,1
rho2700_caliper1,900,0,r63c019,r59c030,8:1,7:3,1
rho2700_caliper1,900,0,r63c020,r62c025,8:2,8:2,1
rho2700_caliper1,900,0,r63c021,r58c033,8:2,7:4,1
rho2700_caliper1,900,0,r64c015,r61c030,8:1,8:3,1
rho2700_caliper1,900,0,r64c016,r63c027,8:1,8:2,1
rho2700_caliper1,900,0,r64c017,r64c027,8:1,8:2,1
rho2700_caliper1,900,0,r64c018,r62c027,8:1,8:2,1
rho2700_caliper1,900,0,r64c019,r61c028,8:1,8:2,1
rho2700_caliper1,900,0,r64c020,r63c026,8:2,8:2,1
rho2700_caliper1,900,0,r64c021,r60c035,8:2,7:4,1
rho2700_caliper1,900,0,r64c022,r62c026,8:2,8:2,1
rho2700_caliper1,900,0,r65c020,r61c033,8:2,8:3,1
rho2700_caliper1,900,0.5,r50c167,r47c163,6:20,5:21,0
rho2700_caliper1,900,0.5,r50c170,r46c161,6:21,5:21,0
rho2700_caliper1,900,0.5,r51c166,r48c161,6:20,5:21,0
rho2700_caliper1,900,0.5,r51c167,r47c162,6:20,5:21,0
rho2700_caliper1,900,0.5,r51c170,r47c053,6:21,5:6,0
rho2700_caliper1,900,0.5,r52c166,r49c162,6:20,6:20,0
rho2700_caliper1,900,0.5,r52c167,r48c159,6:20,5:20,0
rho2700_caliper1,900,0.5,r52c168,r47c160,6:21,5:20,0
rho2700_caliper1,900,0.5,r52c171,r48c165,6:21,5:21,0
rho2700_caliper1,900,0.5,r53c168,r50c162,6:21,6:20,0
rho2700_caliper1,900,0.5,r53c170,r48c160,6:21,5:20,0
rho2700_caliper1,900,0.5,r54c169,r49c159,6:21,6:19,0
rho2700_caliper1,900,0.5,r54c170,r50c051,6:21,6:6,0
rho2700_caliper1,900,0.5,r54c171,r49c052,6:21,6:6,0
rho2700_caliper1,900,0.5,r57c172,r57c040,7:18,7:4,2
rho2700_caliper1,900,0.5,r60c013,r61c024,7:1,7:2,1
rho2700_caliper1,900,0.5,r61c009,r56c039,7:0,6:4,1
rho2700_caliper1,900,0.5,r61c012,r60c026,7:0,7:2,1
rho2700_caliper1,900,0.5,r61c013,r60c029,7:1,7:2,1
rho2700_caliper1,900,0.5,r61c015,r56c038,7:1,6:4,1
rho2700_caliper1,900,0.5,r62c009,r61c032,7:0,7:3,1
rho2700_caliper1,900,0.5,r62c012,r62c028,7:0,7:2,1
rho2700_caliper1,900,0.5,r62c013,r61c029,7:1,7:2,1
rho2700_caliper1,900,0.5,r62c014,r61c026,7:1,7:2,1
rho2700_caliper1,900,0.5,r62c015,r60c028,7:1,7:2,1
rho2700_caliper1,900,0.5,r62c016,r60c027,7:1,7:2,1
rho2700_caliper1,900,0.5,r62c017,r61c025,7:1,7:2,1
rho2700_caliper1,900,0.5,r62c018,r59c028,7:1,7:2,1
rho2700_caliper1,900,0.5,r62c019,r59c032,7:1,7:3,1
rho2700_caliper1,900,0.5,r62c020,r59c031,7:1,7:3,1
rho2700_caliper1,900,0.5,r62c021,r59c029,7:1,7:2,1
rho2700_caliper1,900,0.5,r63c013,r61c031,7:1,7:3,1
rho2700_caliper1,900,0.5,r63c016,r61c027,7:1,7:2,1
rho2700_caliper1,900,0.5,r63c017,r60c030,7:1,7:2,1
rho2700_caliper1,900,0.5,r63c018,r60c032,7:1,7:3,1
rho2700_caliper1,900,0.5,r63c019,r59c030,7:1,7:2,1
rho2700_caliper1,900,0.5,r63c020,r62c025,7:1,7:2,1
rho2700_caliper1,900,0.5,r63c021,r58c033,7:1,7:3,1
rho2700_caliper1,900,0.5,r64c015,r61c030,7:1,7:2,1
rho2700_caliper1,900,0.5,r64c016,r63c027,7:1,7:2,1
rho2700_caliper1,900,0.5,r64c017,r64c027,7:1,7:2,1
rho2700_caliper1,900,0.5,r64c018,r62c027,7:1,7:2,1
rho2700_caliper1,900,0.5,r64c019,r61c028,7:1,7:2,1
rho2700_caliper1,900,0.5,r64c020,r63c026,7:1,7:2,1
rho2700_caliper1,900,0.5,r64c021,r60c035,7:1,7:3,1
rho2700_caliper1,900,0.5,r64c022,r62c026,7:2,7:2,1
rho2700_caliper1,900,0.5,r65c020,r61c033,8:1,7:3,1
rho2700_caliper2,300,0,r50c167,r47c163,19:65,18:64,0
rho2700_caliper2,300,0,r50c168,r47c054,19:65,18:21,0
rho2700_caliper2,300,0,r50c169,r46c056,19:65,18:22,0
rho2700_caliper2,300,0,r50c170,r45c159,19:66,17:62,0
rho2700_caliper2,300,0,r51c166,r47c162,20:63,18:64,0
rho2700_caliper2,300,0,r51c167,r46c161,20:64,18:63,0
rho2700_caliper2,300,0,r51c169,r48c056,20:64,19:21,0
rho2700_caliper2,300,0,r51c170,r47c056,20:65,18:22,0
rho2700_caliper2,300,0,r51c171,r47c053,20:65,18:21,0
rho2700_caliper2,300,0,r52c166,r48c161,20:63,19:62,0
rho2700_caliper2,300,0,r52c167,r42c067,20:64,16:26,0
rho2700_caliper2,300,0,r52c168,r47c160,20:64,18:63,0
rho2700_caliper2,300,0,r52c171,r45c158,20:65,17:62,0
rho2700_caliper2,300,0,r53c168,r43c066,21:62,17:26,1
rho2700_caliper2,300,0,r53c170,r46c158,21:63,18:62,0
rho2700_caliper2,300,0,r53c171,r56c037,21:63,22:13,0
rho2700_caliper2,300,0,r54c169,r46c060,21:63,18:23,0
rho2700_caliper2,300,0,r54c170,r46c157,21:63,18:62,0
rho2700_caliper2,300,0,r54c171,r48c058,21:63,19:22,0
rho2700_caliper2,300,0,r55c169,r47c157,21:63,18:62,0
rho2700_caliper2,300,0,r55c170,r58c039,21:63,23:13,0
rho2700_caliper2,300,0,r55c171,r60c034,21:63,23:11,0
rho2700_caliper2,300,0,r55c172,r59c035,21:64,23:12,0
rho2700_caliper2,300,0,r55c173,r46c159,21:64,18:62,0
rho2700_caliper2,300,0,r55c174,r60c033,21:64,23:11,0
rho2700_caliper2,300,0,r56c171,r61c034,22:61,24:11,4
rho2700_caliper2,300,0,r56c173,r48c054,22:62,19:21,0
rho2700_caliper2,300,0,r56c177,r46c160,22:64,18:63,0
rho2700_caliper2,300,0,r57c172,r47c156,22:62,18:61,0
rho2700_caliper2,300,0,r57c173,r47c158,22:62,18:62,0
rho2700_caliper2,300,0,r57c175,r47c159,22:63,18:62,0
rho2700_caliper2,300,0,r57c176,r48c053,22:63,19:20,0
rho2700_caliper2,300,0,r57c177,r48c052,22:64,19:20,0
rho2700_caliper2,300,0,r57c178,r48c165,22:64,19:64,0
rho2700_caliper2,300,0,r58c172,r48c157,23:59,19:61,2
rho2700_caliper2,300,0,r58c173,r48c158,23:59,19:61,2
rho2700_caliper2,300,0,r58c174,r48c160,23:60,19:62,0
rho2700_caliper2,300,0,r58c175,r48c159,23:60,19:62,0
rho2700_caliper2,300,0,r58c176,r49c055,23:60,19:21,0
rho2700_caliper2,300,0,r59c000,r49c053,23:0,19:20,0
rho2700_caliper2,300,0,r59c001,r49c162,23:0,19:63,0
rho2700_caliper2,300,0,r59c002,r49c052,23:0,19:20,0
rho2700_caliper2,300,0,r59c175,r49c159,23:60,19:62,0
rho2700_caliper2,300,0,r59c179,r49c054,23:61,19:21,0
rho2700_caliper2,300,0,r60c000,r50c051,23:0,19:20,0
rho2700_caliper2,300,0,r60c012,r55c038,23:4,21:14,3
rho2700_caliper2,300,0,r60c013,r55c036,23:4,21:13,3
rho2700_caliper2,300,0,r60c179,r50c162,23:61,19:63,0
rho2700_caliper2,300,0,r61c004,r60c031,24:1,23:10,0
rho2700_caliper2,300,0,r61c006,r60c026,24:2,23:9,0
rho2700_caliper2,300,0,r61c007,r61c024,24:2,24:8,0
rho2700_caliper2,300,0,r61c009,r61c025,24:3,24:8,0
rho2700_caliper2,300,0,r61c012,r56c038,24:4,22:13,0
rho2700_caliper2,300,0,r61c013,r60c028,24:4,23:9,0
rho2700_caliper2,300,0,r61c014,r61c026,24:4,24:8,0
rho2700_caliper2,300,0,r61c015,r59c028,24:5,23:9,0
rho2700_caliper2,300,0,r62c005,r56c039,24:1,22:14,0
rho2700_caliper2,300,0,r62c009,r61c027,24:3,24:9,0
rho2700_caliper2,300,0,r62c012,r57c039,24:4,22:14,0
rho2700_caliper2,300,0,r62c013,r57c038,24:4,22:13,0
rho2700_caliper2,300,0,r62c014,r60c029,24:4,23:10,0
rho2700_caliper2,300,0,r62c015,r60c027,24:5,23:9,0
rho2700_caliper2,300,0,r62c016,r56c036,24:5,22:13,0
rho2700_caliper2,300,0,r62c017,r59c030,24:5,23:10,0
rho2700_caliper2,300,0,r62c018,r59c029,24:6,23:10,0
rho2700_caliper2,300,0,r62c019,r59c032,24:6,23:11,0
rho2700_caliper2,300,0,r62c020,r59c031,24:6,23:10,0
rho2700_caliper2,300,0,r62c021,r57c033,24:7,22:12,0
rho2700_caliper2,300,0,r63c012,r57c040,25:3,22:14,0
rho2700_caliper2,300,0,r63c013,r61c030,25:4,24:9,0
rho2700_caliper2,300,0,r63c014,r61c032,25:4,24:10,0
rho2700_caliper2,300,0,r63c016,r60c030,25:5,23:10,0
rho2700_caliper2,300,0,r63c017,r62c025,25:5,24:8,0
rho2700_caliper2,300,0,r63c018,r57c035,25:5,22:12,0
rho2700_caliper2,300,0,r63c019,r58c033,25:5,23:11,0
rho2700_caliper2,300,0,r63c020,r56c035,25:6,22:12,0
rho2700_caliper2,300,0,r63c021,r57c034,25:6,22:12,0
rho2700_caliper2,300,0,r64c013,r62c028,25:4,24:9,0
rho2700_caliper2,300,0,r64c015,r61c029,25:4,24:9,0
rho2700_caliper2,300,0,r64c016,r60c035,25:5,23:12,0
rho2700_caliper2,300,0,r64c017,r62c027,25:5,24:9,0
rho2700_caliper2,300,0,r64c018,r62c026,25:5,24:8,0
rho2700_caliper2,300,0,r64c019,r61c028,25:5,24:9,0
rho2700_caliper2,300,0,r64c020,r63c026,25:6,25:8,0
rho2700_caliper2,300,0,r64c021,r57c036,25:6,22:13,0
rho2700_caliper2,300,0,r64c022,r60c032,25:6,23:11,0
rho2700_caliper2,300,0,r65c017,r63c027,25:5,25:8,0
rho2700_caliper2,300,0,r65c019,r61c031,25:5,24:10,0
rho2700_caliper2,300,0,r65c020,r61c033,25:6,24:10,0
rho2700_caliper2,300,0,r66c018,r64c027,26:5,25:8,0
rho2700_caliper2,300,0.5,r50c167,r47c163,19:64,18:63,1
rho2700_caliper2,300,0.5,r50c168,r47c054,19:65,18:20,0
rho2700_caliper2,300,0.5,r50c169,r46c056,19:65,17:21,0
rho2700_caliper2,300,0.5,r50c170,r45c159,19:65,17:62,0
rho2700_caliper2,300,0.5,r51c166,r47c162,19:64,18:63,1
rho2700_caliper2,300,0.5,r51c167,r46c161,19:64,17:63,1
rho2700_caliper2,300,0.5,r51c169,r48c056,19:65,18:21,0
rho2700_caliper2,300,0.5,r51c170,r47c056,19:65,18:21,0
rho2700_caliper2,300,0.5,r51c171,r47c053,19:66,18:20,0
rho2700_caliper2,300,0.5,r52c166,r48c161,20:62,18:63,1
rho2700_caliper2,300,0.5,r52c167,r42c067,20:62,16:26,1
rho2700_caliper2,300,0.5,r52c168,r47c160,20:63,18:62,0
rho2700_caliper2,300,0.5,r52c171,r45c158,20:64,17:62,0
rho2700_caliper2,300,0.5,r53c168,r43c066,20:63,16:25,0
rho2700_caliper2,300,0.5,r53c170,r46c158,20:63,17:62,0
rho2700_caliper2,300,0.5,r53c171,r56c037,20:64,21:13,0
rho2700_caliper2,300,0.5,r54c169,r46c060,20:63,17:23,0
rho2700_caliper2,300,0.5,r54c170,r46c157,20:63,17:61,0
rho2700_caliper2,300,0.5,r54c171,r48c058,20:64,18:22,0
rho2700_caliper2,300,0.5,r55c169,r47c157,21:61,18:61,2
rho2700_caliper2,300,0.5,r55c170,r58c039,21:62,22:13,0
rho2700_caliper2,300,0.5,r55c171,r60c034,21:62,23:11,0
rho2700_caliper2,300,0.5,r55c172,r59c035,21:62,22:11,0
rho2700_caliper2,300,0.5,r55c173,r46c159,21:63,17:62,0
rho2700_caliper2,300,0.5,r55c174,r60c033,21:63,23:10,0
rho2700_caliper2,300,0.5,r56c171,r61c034,21:62,23:11,0
rho2700_caliper2,300,0.5,r56c173,r48c054,21:63,18:20,0
rho2700_caliper2,300,0.5,r56c177,r46c160,21:64,17:62,0
rho2700_caliper2,300,0.5,r57c172,r47c156,22:59,18:61,2
rho2700_caliper2,300,0.5,r57c173,r47c158,22:60,18:62,0
rho2700_caliper2,300,0.5,r57c175,r47c159,22:60,18:62,0
rho2700_caliper2,300,0.5,r57c176,r48c053,22:61,18:20,0
rho2700_caliper2,300,0.5,r57c177,r48c052,22:61,18:20,0
rho2700_caliper2,300,0.5,r57c178,r48c165,22:61,18:64,0
rho2700_caliper2,300,0.5,r58c172,r48c157,22:59,18:61,2
rho2700_caliper2,300,0.5,r58c173,r48c158,22:60,18:62,0
rho2700_caliper2,300,0.5,r58c174,r48c160,22:60,18:62,0
rho2700_caliper2,300,0.5,r58c175,r48c159,22:60,18:62,0
rho2700_caliper2,300,0.5,r58c176,r49c055,22:61,19:21,0
rho2700_caliper2,300,0.5,r59c000,r49c053,22:62,19:20,4
rho2700_caliper2,300,0.5,r59c001,r49c162,22:0,19:62,3
rho2700_caliper2,300,0.5,r59c002,r49c052,22:0,19:19,3
rho2700_caliper2,300,0.5,r59c175,r49c159,22:60,19:61,0
rho2700_caliper2,300,0.5,r59c179,r49c054,22:62,19:20,4
rho2700_caliper2,300,0.5,r60c000,r50c051,23:59,19:19,3
rho2700_caliper2,300,0.5,r60c012,r55c038,23:3,21:13,0
rho2700_caliper2,300,0.5,r60c013,r55c036,23:4,21:12,0
rho2700_caliper2,300,0.5,r60c179,r50c162,23:59,19:62,3
rho2700_caliper2,300,0.5,r61c004,r60c031,23:1,23:10,0
rho2700_caliper2,300,0.5,r61c006,r60c026,23:1,23:8,0
rho2700_caliper2,300,0.5,r61c007,r61c024,23:2,23:7,0
rho2700_caliper2,300,0.5,r61c009,r61c025,23:2,23:8,0
rho2700_caliper2,300,0.5,r61c012,r56c038,23:3,21:13,0
rho2700_caliper2,300,0.5,r61c013,r60c028,23:4,23:9,0
rho2700_caliper2,300,0.5,r61c014,r61c026,23:4,23:8,0
rho2700_caliper2,300,0.5,r61c015,r59c028,23:4,22:9,0
rho2700_caliper2,300,0.5,r62c005,r56c039,24:1,21:13,0
rho2700_caliper2,300,0.5,r62c009,r61c027,24:2,23:8,0
rho2700_caliper2,300,0.5,r62c012,r57c039,24:3,22:13,0
rho2700_caliper2,300,0.5,r62c013,r57c038,24:3,22:12,0
rho2700_caliper2,300,0.5,r62c014,r60c029,24:4,23:9,0
rho2700_caliper2,300,0.5,r62c015,r60c027,24:4,23:8,0
rho2700_caliper2,300,0.5,r62c016,r56c036,24:4,21:12,0
rho2700_caliper2,300,0.5,r62c017,r59c030,24:5,22:10,0
rho2700_caliper2,300,0.5,r62c018,r59c029,24:5,22:9,0
rho2700_caliper2,300,0.5,r62c019,r59c032,24:5,22:10,0
rho2700_caliper2,300,0.5,r62c020,r59c031,24:5,22:10,0
rho2700_caliper2,300,0.5,r62c021,r57c033,24:6,22:11,0
rho2700_caliper2,300,0.5,r63c012,r57c040,24:3,22:13,0
rho2700_caliper2,300,0.5,r63c013,r61c030,24:3,23:9,0
rho2700_caliper2,300,0.5,r63c014,r61c032,24:4,23:10,0
rho2700_caliper2,300,0.5,r63c016,r60c030,24:4,23:9,0
rho2700_caliper2,300,0.5,r63c017,r62c025,24:5,24:7,0
rho2700_caliper2,300,0.5,r63c018,r57c035,24:5,22:11,0
rho2700_caliper2,300,0.5,r63c019,r58c033,24:5,22:11,0
rho2700_caliper2,300,0.5,r63c020,r56c035,24:5,21:12,0
rho2700_caliper2,300,0.5,r63c021,r57c034,24:6,22:11,0
rho2700_caliper2,300,0.5,r64c013,r62c028,24:3,24:8,0
rho2700_caliper2,300,0.5,r64c015,r61c029,24:4,23:9,0
rho2700_caliper2,300,0.5,r64c016,r60c035,24:4,23:11,0
rho2700_caliper2,300,0.5,r64c017,r62c027,24:5,24:8,0
rho2700_caliper2,300,0.5,r64c018,r62c026,24:5,24:7,0
rho2700_caliper2,300,0.5,r64c019,r61c028,24:5,23:9,0
rho2700_caliper2,300,0.5,r64c020,r63c026,24:5,24:7,0
rho2700_caliper2,300,0.5,r64c021,r57c036,24:6,22:12,0
rho2700_caliper2,300,0.5,r64c022,r60c032,24:6,23:10,0
rho2700_caliper2,300,0.5,r65c017,r63c027,25:4,24:8,0
rho2700_caliper2,300,0.5,r65c019,r61c031,25:5,23:10,0
rho2700_caliper2,300,0.5,r65c020,r61c033,25:5,23:10,0
rho2700_caliper2,300,0.5,r66c018,r64c027,25:4,24:8,0
rho2700_caliper2,600,0,r50c167,r47c163,9:32,9:31,0
rho2700_caliper2,600,0,r50c168,r47c054,9:32,9:10,0
rho2700_caliper2,600,0,r50c169,r46c056,9:32,9:10,0
rho2700_caliper2,600,0,r50c170,r45c159,9:33,8:31,2
rho2700_caliper2,600,0,r51c166,r47c162,10:31,9:31,0
rho2700_caliper2,600,0,r51c167,r46c161,10:31,9:31,0
rho2700_caliper2,600,0,r51c169,r48c056,10:32,9:10,0
rho2700_caliper2,600,0,r51c170,r47c056,10:32,9:10,0
rho2700_caliper2,600,0,r51c171,r47c053,10:32,9:10,0
rho2700_caliper2,600,0,r52c166,r48c161,10:31,9:31,0
rho2700_caliper2,600,0,r52c167,r42c067,10:31,8:13,0
rho2700_caliper2,600,0,r52c168,r47c160,10:31,9:31,0
rho2700_caliper2,600,0,r52c171,r45c158,10:32,8:30,0
rho2700_caliper2,600,0,r53c168,r43c066,10:31,8:12,0
rho2700_caliper2,600,0,r53c170,r46c158,10:32,9:30,0
rho2700_caliper2,600,0,r53c171,r56c037,10:32,11:6,0
rho2700_caliper2,600,0,r54c169,r46c060,10:32,9:11,0
rho2700_caliper2,600,0,r54c170,r46c157,10:32,9:30,0
rho2700_caliper2,600,0,r54c171,r48c058,10:32,9:11,0
rho2700_caliper2,600,0,r55c169,r47c157,10:32,9:30,0
rho2700_caliper2,600,0,r55c170,r58c039,10:32,11:7,0
rho2700_caliper2,600,0,r55c171,r60c034,10:32,11:6,0
rho2700_caliper2,600,0,r55c172,r59c035,10:32,11:6,0
rho2700_caliper2,600,0,r55c173,r46c159,10:32,9:31,0
rho2700_caliper2,600,0,r55c174,r60c033,10:32,11:5,0
rho2700_caliper2,600,0,r56c171,r61c034,11:30,12:5,0
rho2700_caliper2,600,0,r56c173,r48c054,11:30,9:10,0
rho2700_caliper2,600,0,r56c177,r46c160,11:31,9:31,0
rho2700_caliper2,600,0,r57c172,r47c156,11:30,9:30,0
rho2700_caliper2,600,0,r57c173,r47c158,11:30,9:30,0
rho2700_caliper2,600,0,r57c175,r47c159,11:31,9:31,0
rho2700_caliper2,600,0,r57c176,r48c053,11:31,9:10,0
rho2700_caliper2,600,0,r57c177,r48c052,11:31,9:10,0
rho2700_caliper2,600,0,r57c178,r48c165,11:31,9:32,0
rho2700_caliper2,600,0,r58c172,r48c157,11:30,9:30,0
rho2700_caliper2,600,0,r58c173,r48c158,11:30,9:30,0
rho2700_caliper2,600,0,r58c174,r48c160,11:31,9:31,0
rho2700_caliper2,600,0,r58c175,r48c159,11:31,9:31,0
rho2700_caliper2,600,0,r58c176,r49c055,11:31,9:10,0
rho2700_caliper2,600,0,r59c000,r49c053,11:0,9:10,0
rho2700_caliper2,600,0,r59c001,r49c162,11:0,9:31,0
rho2700_caliper2,600,0,r59c002,r49c052,11:0,9:10,0
rho2700_caliper2,600,0,r59c175,r49c159,11:31,9:31,0
rho2700_caliper2,600,0,r59c179,r49c054,11:31,9:10,0
rho2700_caliper2,600,0,r60c000,r50c051,11:0,9:10,0
rho2700_caliper2,600,0,r60c012,r55c038,11:2,10:7,1
rho2700_caliper2,600,0,r60c013,r55c036,11:2,10:6,1
rho2700_caliper2,600,0,r60c179,r50c162,11:31,9:31,0
rho2700_caliper2,600,0,r61c004,r60c031,12:0,11:5,0
rho2700_caliper2,600,0,r61c006,r60c026,12:1,11:4,0
rho2700_caliper2,600,0,r61c007,r61c024,12:1,12:3,0
rho2700_caliper2,600,0,r61c009,r61c025,12:1,12:3,0
rho2700_caliper2,600,0,r61c012,r56c038,12:1,11:6,0
rho2700_caliper2,600,0,r61c013,r60c028,12:2,11:5,0
rho2700_caliper2,600,0,r61c014,r61c026,12:2,12:4,0
rho2700_caliper2,600,0,r61c015,r59c028,12:2,11:5,0
rho2700_caliper2,600,0,r62c005,r56c039,12:0,11:7,0
rho2700_caliper2,600,0,r62c009,r61c027,12:1,12:4,0
rho2700_caliper2,600,0,r62c012,r57c039,12:1,11:7,0
rho2700_caliper2,600,0,r62c013,r57c038,12:2,11:6,0
rho2700_caliper2,600,0,r62c014,r60c029,12:2,11:5,0
rho2700_caliper2,600,0,r62c015,r60c027,12:2,11:4,0
rho2700_caliper2,600,0,r62c016,r56c036,12:2,11:6,0
rho2700_caliper2,600,0,r62c017,r59c030,12:2,11:5,0
rho2700_caliper2,600,0,r62c018,r59c029,12:2,11:5,0
rho2700_caliper2,600,0,r62c019,r59c032,12:3,11:5,0
rho2700_caliper2,600,0,r62c020,r59c031,12:3,11:5,0
rho2700_caliper2,600,0,r62c021,r57c033,12:3,11:5,0
rho2700_caliper2,600,0,r63c012,r57c040,12:1,11:7,0
rho2700_caliper2,600,0,r63c013,r61c030,12:2,12:4,0
rho2700_caliper2,600,0,r63c014,r61c032,12:2,12:5,0
rho2700_caliper2,600,0,r63c016,r60c030,12:2,11:5,0
rho2700_caliper2,600,0,r63c017,r62c025,12:2,12:3,0
rho2700_caliper2,600,0,r63c018,r57c035,12:2,11:6,0
rho2700_caliper2,600,0,r63c019,r58c033,12:3,11:5,0
rho2700_caliper2,600,0,r63c020,r56c035,12:3,11:6,0
rho2700_caliper2,600,0,r63c021,r57c034,12:3,11:6,0
rho2700_caliper2,600,0,r64c013,r62c028,12:2,12:4,0
rho2700_caliper2,600,0,r64c015,r61c029,12:2,12:4,0
rho2700_caliper2,600,0,r64c016,r60c035,12:2,11:6,0
rho2700_caliper2,600,0,r64c017,r62c027,12:2,12:4,0
rho2700_caliper2,600,0,r64c018,r62c026,12:2,12:4,0
rho2700_caliper2,600,0,r64c019,r61c028,12:3,12:4,0
rho2700_caliper2,600,0,r64c020,r63c026,12:3,12:4,0
rho2700_caliper2,600,0,r64c021,r57c036,12:3,11:6,0
rho2700_caliper2,600,0,r64c022,r60c032,12:3,11:5,0
rho2700_caliper2,600,0,r65c017,r63c027,12:2,12:4,0
rho2700_caliper2,600,0,r65c019,r61c031,12:3,12:4,0
rho2700_caliper2,600,0,r65c020,r61c033,12:3,12:5,0
rho2700_caliper2,600,0,r66c018,r64c027,13:2,12:4,0
rho2700_caliper2,600,0.5,r50c167,r47c163,9:32,8:31,0
rho2700_caliper2,600,0.5,r50c168,r47c054,9:32,8:10,0
rho2700_caliper2,600,0.5,r50c169,r46c056,9:32,8:10,0
rho2700_caliper2,600,0.5,r50c170,r45c159,9:32,8:30,0
rho2700_caliper2,600,0.5,r51c166,r47c162,9:31,8:31,0
rho2700_caliper2,600,0.5,r51c167,r46c161,9:32,8:30,0
rho2700_caliper2,600,0.5,r51c169,r48c056,9:32,9:10,0
rho2700_caliper2,600,0.5,r51c170,r47c056,9:32,8:10,0
rho2700_caliper2,600,0.5,r51c171,r47c053,9:32,8:9,0
rho2700_caliper2,600,0.5,r52c166,r48c161,9:31,9:30,0
rho2700_caliper2,600,0.5,r52c167,r42c067,9:32,7:12,0
rho2700_caliper2,600,0.5,r52c168,r47c160,9:32,8:30,0
rho2700_caliper2,600,0.5,r52c171,r45c158,9:32,8:30,0
rho2700_caliper2,600,0.5,r53c168,r43c066,10:30,8:12,0
rho2700_caliper2,600,0.5,r53c170,r46c158,10:30,8:30,0
rho2700_caliper2,600,0.5,r53c171,r56c037,10:30,10:6,0
rho2700_caliper2,600,0.5,r54c169,r46c060,10:30,8:11,0
rho2700_caliper2,600,0.5,r54c170,r46c157,10:30,8:30,0
rho2700_caliper2,600,0.5,r54c171,r48c058,10:30,9:10,0
rho2700_caliper2,600,0.5,r55c169,r47c157,10:30,8:30,0
rho2700_caliper2,600,0.5,r55c170,r58c039,10:30,11:6,0
rho2700_caliper2,600,0.5,r55c171,r60c034,10:30,11:5,0
rho2700_caliper2,600,0.5,r55c172,r59c035,10:31,11:5,0
rho2700_caliper2,600,0.5,r55c173,r46c159,10:31,8:30,0
rho2700_caliper2,600,0.5,r55c174,r60c033,10:31,11:5,0
rho2700_caliper2,600,0.5,r56c171,r61c034,10:30,11:5,0
rho2700_caliper2,600,0.5,r56c173,r48c054,10:31,9:10,0
rho2700_caliper2,600,0.5,r56c177,r46c160,10:32,8:30,0
rho2700_caliper2,600,0.5,r57c172,r47c156,10:31,8:29,0
rho2700_caliper2,600,0.5,r57c173,r47c158,10:31,8:30,0
rho2700_caliper2,600,0.5,r57c175,r47c159,10:31,8:30,0
rho2700_caliper2,600,0.5,r57c176,r48c053,10:31,9:9,0
rho2700_caliper2,600,0.5,r57c177,r48c052,10:32,9:9,0
rho2700_caliper2,600,0.5,r57c178,r48c165,10:32,9:31,0
rho2700_caliper2,600,0.5,r58c172,r48c157,11:28,9:30,0
rho2700_caliper2,600,0.5,r58c173,r48c158,11:28,9:30,0
rho2700_caliper2,600,0.5,r58c174,r48c160,11:28,9:30,0
rho2700_caliper2,600,0.5,r58c175,r48c159,11:28,9:30,0
rho2700_caliper2,600,0.5,r58c176,r49c055,11:28,9:10,0
rho2700_caliper2,600,0.5,r59c000,r49c053,11:29,9:9,0
rho2700_caliper2,600,0.5,r59c001,r49c162,11:29,9:31,0
rho2700_caliper2,600,0.5,r59c002,r49c052,11:29,9:9,0
rho2700_caliper2,600,0.5,r59c175,r49c159,11:28,9:30,0
rho2700_caliper2,600,0.5,r59c179,r49c054,11:29,9:10,0
rho2700_caliper2,600,0.5,r60c000,r50c051,11:29,9:9,0
rho2700_caliper2,600,0.5,r60c012,r55c038,11:1,10:6,0
rho2700_caliper2,600,0.5,r60c013,r55c036,11:1,10:6,0
rho2700_caliper2,600,0.5,r60c179,r50c162,11:29,9:31,0
rho2700_caliper2,600,0.5,r61c004,r60c031,11:0,11:4,0
rho2700_caliper2,600,0.5,r61c006,r60c026,11:0,11:3,0
rho2700_caliper2,600,0.5,r61c007,r61c024,11:0,11:3,0
rho2700_caliper2,600,0.5,r61c009,r61c025,11:1,11:3,0
rho2700_caliper2,600,0.5,r61c012,r56c038,11:1,10:6,0
rho2700_caliper2,600,0.5,r61c013,r60c028,11:1,11:4,0
rho2700_caliper2,600,0.5,r61c014,r61c026,11:1,11:3,0
rho2700_caliper2,600,0.5,r61c015,r59c028,11:2,11:4,0
rho2700_caliper2,600,0.5,r62c005,r56c039,11:0,10:6,0
rho2700_caliper2,600,0.5,r62c009,r61c027,11:1,11:4,0
rho2700_caliper2,600,0.5,r62c012,r57c039,11:1,10:6,0
rho2700_caliper2,600,0.5,r62c013,r57c038,11:1,10:6,0
rho2700_caliper2,600,0.5,r62c014,r60c029,11:1,11:4,0
rho2700_caliper2,600,0.5,r62c015,r60c027,11:2,11:4,0
rho2700_caliper2,600,0.5,r62c016,r56c036,11:2,10:6,0
rho2700_caliper2,600,0.5,r62c017,r59c030,11:2,11:4,0
rho2700_caliper2,600,0.5,r62c018,r59c029,11:2,11:4,0
rho2700_caliper2,600,0.5,r62c019,r59c032,11:2,11:4,0
rho2700_caliper2,600,0.5,r62c020,r59c031,11:2,11:4,0
rho2700_caliper2,600,0.5,r62c021,r57c033,11:3,10:5,0
rho2700_caliper2,600,0.5,r63c012,r57c040,12:1,10:6,0
rho2700_caliper2,600,0.5,r63c013,r61c030,12:1,11:4,0
rho2700_caliper2,600,0.5,r63c014,r61c032,12:1,11:4,0
rho2700_caliper2,600,0.5,r63c016,r60c030,12:1,11:4,0
rho2700_caliper2,600,0.5,r63c017,r62c025,12:2,11:3,0
rho2700_caliper2,600,0.5,r63c018,r57c035,12:2,10:6,0
rho2700_caliper2,600,0.5,r63c019,r58c033,12:2,11:5,0
rho2700_caliper2,600,0.5,r63c020,r56c035,12:2,10:6,0
rho2700_caliper2,600,0.5,r63c021,r57c034,12:2,10:5,0
rho2700_caliper2,600,0.5,r64c013,r62c028,12:1,11:4,0
rho2700_caliper2,600,0.5,r64c015,r61c029,12:1,11:4,0
rho2700_caliper2,600,0.5,r64c016,r60c035,12:1,11:5,0
rho2700_caliper2,600,0.5,r64c017,r62c027,12:2,11:4,0
rho2700_caliper2,600,0.5,r64c018,r62c026,12:2,11:3,0
rho2700_caliper2,600,0.5,r64c019,r61c028,12:2,11:4,0
rho2700_caliper2,600,0.5,r64c020,r63c026,12:2,12:3,0
rho2700_caliper2,600,0.5,r64c021,r57c036,12:2,10:6,0
rho2700_caliper2,600,0.5,r64c022,r60c032,12:2,11:4,0
rho2700_caliper2,600,0.5,r65c017,r63c027,12:2,12:3,0
rho2700_caliper2,600,0.5,r65c019,r61c031,12:2,11:4,0
rho2700_caliper2,600,0.5,r65c020,r61c033,12:2,11:5,0
rho2700_caliper2,600,0.5,r66c018,r64c027,12:2,12:3,0
rho2700_caliper2,900,0,r50c167,r47c163,6:21,6:20,0
rho2700_caliper2,900,0,r50c168,r47c054,6:21,6:6,0
rho2700_caliper2,900,0,r50c169,r46c056,6:21,6:7,0
rho2700_caliper2,900,0,r50c170,r45c159,6:21,5:21,0
rho2700_caliper2,900,0,r51c166,r47c162,6:21,6:20,0
rho2700_caliper2,900,0,r51c167,r46c161,6:21,6:20,0
rho2700_caliper2,900,0,r51c169,r48c056,6:21,6:7,0
rho2700_caliper2,900,0,r51c170,r47c056,6:21,6:7,0
rho2700_caliper2,900,0,r51c171,r47c053,6:21,6:6,0
rho2700_caliper2,900,0,r52c166,r48c161,6:21,6:20,0
rho2700_caliper2,900,0,r52c167,r42c067,6:21,5:9,0
rho2700_caliper2,900,0,r52c168,r47c160,6:21,6:20,0
rho2700_caliper2,900,0,r52c171,r45c158,6:21,5:21,0
rho2700_caliper2,900,0,r53c168,r43c066,7:20,5:8,0
rho2700_caliper2,900,0,r53c170,r46c158,7:20,6:20,0
rho2700_caliper2,900,0,r53c171,r56c037,7:20,7:4,0
rho2700_caliper2,900,0,r54c169,r46c060,7:20,6:7,0
rho2700_caliper2,900,0,r54c170,r46c157,7:20,6:20,0
rho2700_caliper2,900,0,r54c171,r48c058,7:20,6:7,0
rho2700_caliper2,900,0,r55c169,r47c157,7:20,6:20,0
rho2700_caliper2,900,0,r55c170,r58c039,7:20,7:4,0
rho2700_caliper2,900,0,r55c171,r60c034,7:20,7:4,0
rho2700_caliper2,900,0,r55c172,r59c035,7:21,7:4,0
rho2700_caliper2,900,0,r55c173,r46c159,7:21,6:20,0
rho2700_caliper2,900,0,r55c174,r60c033,7:21,7:4,0
rho2700_caliper2,900,0,r56c171,r61c034,7:20,8:3,0
rho2700_caliper2,900,0,r56c173,r48c054,7:21,6:6,0
rho2700_caliper2,900,0,r56c177,r46c160,7:21,6:20,0
rho2700_caliper2,900,0,r57c172,r47c156,7:21,6:19,0
rho2700_caliper2,900,0,r57c173,r47c158,7:21,6:20,0
rho2700_caliper2,900,0,r57c175,r47c159,7:21,6:20,0
rho2700_caliper2,900,0,r57c176,r48c053,7:21,6:6,0
rho2700_caliper2,900,0,r57c177,r48c052,7:21,6:6,0
rho2700_caliper2,900,0,r57c178,r48c165,7:21,6:21,0
rho2700_caliper2,900,0,r58c172,r48c157,7:21,6:20,0
rho2700_caliper2,900,0,r58c173,r48c158,7:21,6:20,0
rho2700_caliper2,900,0,r58c174,r48c160,7:21,6:20,0
rho2700_caliper2,900,0,r58c175,r48c159,7:21,6:20,0
rho2700_caliper2,900,0,r58c176,r49c055,7:21,6:7,0
rho2700_caliper2,900,0,r59c000,r49c053,7:0,6:6,0
rho2700_caliper2,900,0,r59c001,r49c162,7:0,6:20,0
rho2700_caliper2,900,0,r59c002,r49c052,7:0,6:6,0
rho2700_caliper2,900,0,r59c175,r49c159,7:21,6:20,0
rho2700_caliper2,900,0,r59c179,r49c054,7:21,6:6,0
rho2700_caliper2,900,0,r60c000,r50c051,7:0,6:6,0
rho2700_caliper2,900,0,r60c012,r55c038,7:1,7:4,0
rho2700_caliper2,900,0,r60c013,r55c036,7:1,7:4,0
rho2700_caliper2,900,0,r60c179,r50c162,7:21,6:20,0
rho2700_caliper2,900,0,r61c004,r60c031,8:0,7:3,0
rho2700_caliper2,900,0,r61c006,r60c026,8:0,7:3,0
rho2700_caliper2,900,0,r61c007,r61c024,8:0,8:2,0
rho2700_caliper2,900,0,r61c009,r61c025,8:0,8:2,0
rho2700_caliper2,900,0,r61c012,r56c038,8:1,7:4,0
rho2700_caliper2,900,0,r61c013,r60c028,8:1,7:3,0
rho2700_caliper2,900,0,r61c014,r61c026,8:1,8:2,0
rho2700_caliper2,900,0,r61c015,r59c028,8:1,7:3,0
rho2700_caliper2,900,0,r62c005,r56c039,8:0,7:4,0
rho2700_caliper2,900,0,r62c009,r61c027,8:0,8:2,0
rho2700_caliper2,900,0,r62c012,r57c039,8:1,7:4,0
rho2700_caliper2,900,0,r62c013,r57c038,8:1,7:4,0
rho2700_caliper2,900,0,r62c014,r60c029,8:1,7:3,0
rho2700_caliper2,900,0,r62c015,r60c027,8:1,7:3,0
rho2700_caliper2,900,0,r62c016,r56c036,8:1,7:4,0
rho2700_caliper2,900,0,r62c017,r59c030,8:1,7:3,0
rho2700_caliper2,900,0,r62c018,r59c029,8:1,7:3,0
rho2700_caliper2,900,0,r62c019,r59c032,8:1,7:3,0
rho2700_caliper2,900,0,r62c020,r59c031,8:2,7:3,0
rho2700_caliper2,900,0,r62c021,r57c033,8:2,7:4,0
rho2700_caliper2,900,0,r63c012,r57c040,8:1,7:4,0
rho2700_caliper2,900,0,r63c013,r61c030,8:1,8:3,0
rho2700_caliper2,900,0,r63c014,r61c032,8:1,8:3,0
rho2700_caliper2,900,0,r63c016,r60c030,8:1,7:3,0
rho2700_caliper2,900,0,r63c017,r62c025,8:1,8:2,0
rho2700_caliper2,900,0,r63c018,r57c035,8:1,7:4,0
rho2700_caliper2,900,0,r63c019,r58c033,8:1,7:4,0
rho2700_caliper2,900,0,r63c020,r56c035,8:2,7:4,0
rho2700_caliper2,900,0,r63c021,r57c034,8:2,7:4,0
rho2700_caliper2,900,0,r64c013,r62c028,8:1,8:2,0
rho2700_caliper2,900,0,r64c015,r61c029,8:1,8:2,0
rho2700_caliper2,900,0,r64c016,r60c035,8:1,7:4,0
rho2700_caliper2,900,0,r64c017,r62c027,8:1,8:2,0
rho2700_caliper2,900,0,r64c018,r62c026,8:1,8:2,0
rho2700_caliper2,900,0,r64c019,r61c028,8:1,8:2,0
rho2700_caliper2,900,0,r64c020,r63c026,8:2,8:2,0
rho2700_caliper2,900,0,r64c021,r57c036,8:2,7:4,0
rho2700_caliper2,900,0,r64c022,r60c032,8:2,7:3,0
rho2700_caliper2,900,0,r65c017,r63c027,8:1,8:2,0
rho2700_caliper2,900,0,r65c019,r61c031,8:1,8:3,0
rho2700_caliper2,900,0,r65c020,r61c033,8:2,8:3,0
rho2700_caliper2,900,0,r66c018,r64c027,8:1,8:2,0
rho2700_caliper2,900,0.5,r50c167,r47c163,6:20,5:21,0
rho2700_caliper2,900,0.5,r50c168,r47c054,6:21,5:6,0
rho2700_caliper2,900,0.5,r50c169,r46c056,6:21,5:7,0
rho2700_caliper2,900,0.5,r50c170,r45c159,6:21,5:20,0
rho2700_caliper2,900,0.5,r51c166,r47c162,6:20,5:21,0
rho2700_caliper2,900,0.5,r51c167,r46c161,6:20,5:21,0
rho2700_caliper2,900,0.5,r51c169,r48c056,6:21,5:7,0
rho2700_caliper2,900,0.5,r51c170,r47c056,6:21,5:7,0
rho2700_caliper2,900,0.5,r51c171,r47c053,6:21,5:6,0
rho2700_caliper2,900,0.5,r52c166,r48c161,6:20,5:21,0
rho2700_caliper2,900,0.5,r52c167,r42c067,6:20,5:8,0
rho2700_caliper2,900,0.5,r52c168,r47c160,6:21,5:20,0
rho2700_caliper2,900,0.5,r52c171,r45c158,6:21,5:20,0
rho2700_caliper2,900,0.5,r53c168,r43c066,6:21,5:8,0
rho2700_caliper2,900,0.5,r53c170,r46c158,6:21,5:20,0
rho2700_caliper2,900,0.5,r53c171,r56c037,6:21,6:4,0
rho2700_caliper2,900,0.5,r54c169,r46c060,6:21,5:7,0
rho2700_caliper2,900,0.5,r54c170,r46c157,6:21,5:20,0
rho2700_caliper2,900,0.5,r54c171,r48c058,6:21,5:7,0
rho2700_caliper2,900,0.5,r55c169,r47c157,6:21,5:20,0
rho2700_caliper2,900,0.5,r55c170,r58c039,6:21,7:3,0
rho2700_caliper2,900,0.5,r55c171,r60c034,6:21,7:3,0
rho2700_caliper2,900,0.5,r55c172,r59c035,6:21,7:3,0
rho2700_caliper2,900,0.5,r55c173,r46c159,6:21,5:20,0
rho2700_caliper2,900,0.5,r55c174,r60c033,6:21,7:3,0
rho2700_caliper2,900,0.5,r56c171,r61c034,6:21,7:3,0
rho2700_caliper2,900,0.5,r56c173,r48c054,6:21,5:6,0
rho2700_caliper2,900,0.5,r56c177,r46c160,6:22,5:20,0
rho2700_caliper2,900,0.5,r57c172,r47c156,7:18,5:20,0
rho2700_caliper2,900,0.5,r57c173,r47c158,7:18,5:20,0
rho2700_caliper2,900,0.5,r57c175,r47c159,7:19,5:20,0
rho2700_caliper2,900,0.5,r57c176,r48c053,7:19,5:6,0
rho2700_caliper2,900,0.5,r57c177,r48c052,7:19,5:6,0
rho2700_caliper2,900,0.5,r57c178,r48c165,7:19,5:21,0
rho2700_caliper2,900,0.5,r58c172,r48c157,7:18,5:20,0
rho2700_caliper2,900,0.5,r58c173,r48c158,7:18,5:20,0
rho2700_caliper2,900,0.5,r58c174,r48c160,7:18,5:20,0
rho2700_caliper2,900,0.5,r58c175,r48c159,7:19,5:20,0
rho2700_caliper2,900,0.5,r58c176,r49c055,7:19,6:6,0
rho2700_caliper2,900,0.5,r59c000,r49c053,7:19,6:6,0
rho2700_caliper2,900,0.5,r59c001,r49c162,7:19,6:20,0
rho2700_caliper2,900,0.5,r59c002,r49c052,7:19,6:6,0
rho2700_caliper2,900,0.5,r59c175,r49c159,7:19,6:19,0
rho2700_caliper2,900,0.5,r59c179,r49c054,7:19,6:6,0
rho2700_caliper2,900,0.5,r60c000,r50c051,7:19,6:6,0
rho2700_caliper2,900,0.5,r60c012,r55c038,7:0,6:4,0
rho2700_caliper2,900,0.5,r60c013,r55c036,7:1,6:4,0
rho2700_caliper2,900,0.5,r60c179,r50c162,7:19,6:20,0
rho2700_caliper2,900,0.5,r61c004,r60c031,7:0,7:3,0
rho2700_caliper2,900,0.5,r61c006,r60c026,7:0,7:2,0
rho2700_caliper2,900,0.5,r61c007,r61c024,7:0,7:2,0
rho2700_caliper2,900,0.5,r61c009,r61c025,7:0,7:2,0
rho2700_caliper2,900,0.5,r61c012,r56c038,7:0,6:4,0
rho2700_caliper2,900,0.5,r61c013,r60c028,7:1,7:2,0
rho2700_caliper2,900,0.5,r61c014,r61c026,7:1,7:2,0
rho2700_caliper2,900,0.5,r61c015,r59c028,7:1,7:2,0
rho2700_caliper2,900,0.5,r62c005,r56c039,7:0,6:4,0
rho2700_caliper2,900,0.5,r62c009,r61c027,7:0,7:2,0
rho2700_caliper2,900,0.5,r62c012,r57c039,7:0,7:3,0
rho2700_caliper2,900,0.5,r62c013,r57c038,7:1,7:3,0
rho2700_caliper2,900,0.5,r62c014,r60c029,7:1,7:2,0
rho2700_caliper2,900,0.5,r62c015,r60c027,7:1,7:2,0
rho2700_caliper2,900,0.5,r62c016,r56c036,7:1,6:4,0
rho2700_caliper2,900,0.5,r62c017,r59c030,7:1,7:2,0
rho2700_caliper2,900,0.5,r62c018,r59c029,7:1,7:2,0
rho2700_caliper2,900,0.5,r62c019,r59c032,7:1,7:3,0
rho2700_caliper2,900,0.5,r62c020,r59c031,7:1,7:3,0
rho2700_caliper2,900,0.5,r62c021,r57c033,7:1,7:3,0
rho2700_caliper2,900,0.5,r63c012,r57c040,7:0,7:4,0
rho2700_caliper2,900,0.5,r63c013,r61c030,7:1,7:2,0
rho2700_caliper2,900,0.5,r63c014,r61c032,7:1,7:3,0
rho2700_caliper2,900,0.5,r63c016,r60c030,7:1,7:2,0
rho2700_caliper2,900,0.5,r63c017,r62c025,7:1,7:2,0
rho2700_caliper2,900,0.5,r63c018,r57c035,7:1,7:3,0
rho2700_caliper2,900,0.5,r63c019,r58c033,7:1,7:3,0
rho2700_caliper2,900,0.5,r63c020,r56c035,7:1,6:4,0
rho2700_caliper2,900,0.5,r63c021,r57c034,7:1,7:3,0
rho2700_caliper2,900,0.5,r64c013,r62c028,7:1,7:2,0
rho2700_caliper2,900,0.5,r64c015,r61c029,7:1,7:2,0
rho2700_caliper2,900,0.5,r64c016,r60c035,7:1,7:3,0
rho2700_caliper2,900,0.5,r64c017,r62c027,7:1,7:2,0
rho2700_caliper2,900,0.5,r64c018,r62c026,7:1,7:2,0
rho2700_caliper2,900,0.5,r64c019,r61c028,7:1,7:2,0
rho2700_caliper2,900,0.5,r64c020,r63c026,7:1,7:2,0
rho2700_caliper2,900,0.5,r64c021,r57c036,7:1,7:3,0
rho2700_caliper2,900,0.5,r64c022,r60c032,7:2,7:3,0
rho2700_caliper2,900,0.5,r65c017,r63c027,8:1,7:2,0
rho2700_caliper2,900,0.5,r65c019,r61c031,8:1,7:3,0
rho2700_caliper2,900,0.5,r65c020,r61c033,8:1,7:3,0
rho2700_caliper2,900,0.5,r66c018,r64c027,8:1,7:2,0
rho2800_caliper0.5,300,0,r52c166,r50c162,20:63,19:63,0
rho2800_caliper0.5,300,0,r61c015,r61c024,24:5,24:8,2
rho2800_caliper0.5,300,0,r62c012,r61c030,24:4,24:9,2
rho2800_caliper0.5,300,0,r62c016,r61c025,24:5,24:8,2
rho2800_caliper0.5,300,0,r62c018,r60c026,24:6,23:9,1
rho2800_caliper0.5,300,0,r63c018,r61c027,25:5,24:9,2
rho2800_caliper0.5,300,0,r63c019,r61c026,25:5,24:8,2
rho2800_caliper0.5,300,0,r63c020,r62c025,25:6,24:8,2
rho2800_caliper0.5,300,0,r64c021,r63c026,25:6,25:8,2
rho2800_caliper0.5,300,0.5,r52c166,r50c162,20:62,19:62,0
rho2800_caliper0.5,300,0.5,r61c015,r61c024,23:4,23:7,1
rho2800_caliper0.5,300,0.5,r62c012,r61c030,24:3,23:9,3
rho2800_caliper0.5,300,0.5,r62c016,r61c025,24:4,23:8,2
rho2800_caliper0.5,300,0.5,r62c018,r60c026,24:5,23:8,2
rho2800_caliper0.5,300,0.5,r63c018,r61c027,24:5,23:8,2
rho2800_caliper0.5,300,0.5,r63c019,r61c026,24:5,23:8,2
rho2800_caliper0.5,300,0.5,r63c020,r62c025,24:5,24:7,2
rho2800_caliper0.5,300,0.5,r64c021,r63c026,24:6,24:7,2
rho2800_caliper0.5,600,0,r52c166,r50c162,10:31,9:31,0
rho2800_caliper0.5,600,0,r61c015,r61c024,12:2,12:3,1
rho2800_caliper0.5,600,0,r62c012,r61c030,12:1,12:4,1
rho2800_caliper0.5,600,0,r62c016,r61c025,12:2,12:3,1
rho2800_caliper0.5,600,0,r62c018,r60c026,12:2,11:4,1
rho2800_caliper0.5,600,0,r63c018,r61c027,12:2,12:4,1
rho2800_caliper0.5,600,0,r63c019,r61c026,12:3,12:4,1
rho2800_caliper0.5,600,0,r63c020,r62c025,12:3,12:3,1
rho2800_caliper0.5,600,0,r64c021,r63c026,12:3,12:4,1
rho2800_caliper0.5,600,0.5,r52c166,r50c162,9:31,9:31,1
rho2800_caliper0.5,600,0.5,r61c015,r61c024,11:2,11:3,0
rho2800_caliper0.5,600,0.5,r62c012,r61c030,11:1,11:4,0
rho2800_caliper0.5,600,0.5,r62c016,r61c025,11:2,11:3,0
rho2800_caliper0.5,600,0.5,r62c018,r60c026,11:2,11:3,0
rho2800_caliper0.5,600,0.5,r63c018,r61c027,12:2,11:4,0
rho2800_caliper0.5,600,0.5,r63c019,r61c026,12:2,11:3,0
rho2800_caliper0.5,600,0.5,r63c020,r62c025,12:2,11:3,0
rho2800_caliper0.5,600,0.5,r64c021,r63c026,12:2,12:3,0
rho2800_caliper0.5,900,0,r52c166,r50c162,6:21,6:20,0
rho2800_caliper0.5,900,0,r61c015,r61c024,8:1,8:2,1
rho2800_caliper0.5,900,0,r62c012,r61c030,8:1,8:3,1
rho2800_caliper0.5,900,0,r62c016,r61c025,8:1,8:2,1
rho2800_caliper0.5,900,0,r62c018,r60c026,8:1,7:3,1
rho2800_caliper0.5,900,0,r63c018,r61c027,8:1,8:2,1
rho2800_caliper0.5,900,0,r63c019,r61c026,8:1,8:2,1
rho2800_caliper0.5,900,0,r63c020,r62c025,8:2,8:2,1
rho2800_caliper0.5,900,0,r64c021,r63c026,8:2,8:2,1
rho2800_caliper0.5,900,0.5,r52c166,r50c162,6:20,6:20,0
rho2800_caliper0.5,900,0.5,r61c015,r61c024,7:1,7:2,1
rho2800_caliper0.5,900,0.5,r62c012,r61c030,7:0,7:2,1
rho2800_caliper0.5,900,0.5,r62c016,r61c025,7:1,7:2,1
rho2800_caliper0.5,900,0.5,r62c018,r60c026,7:1,7:2,1
rho2800_caliper0.5,900,0.5,r63c018,r61c027,7:1,7:2,1
rho2800_caliper0.5,900,0.5,r63c019,r61c026,7:1,7:2,1
rho2800_caliper0.5,900,0.5,r63c020,r62c025,7:1,7:2,1
rho2800_caliper0.5,900,0.5,r64c021,r63c026,7:1,7:2,1
rho2800_caliper1,300,0,r50c167,r47c163,19:65,18:64,1
rho2800_caliper1,300,0,r50c170,r46c161,19:66,18:63,1
rho2800_caliper1,300,0,r51c166,r48c161,20:63,19:62,1
rho2800_caliper1,300,0,r51c167,r47c162,20:64,18:64,1
rho2800_caliper1,300,0,r51c170,r47c053,20:65,18:21,0
rho2800_caliper1,300,0,r52c166,r49c162,20:63,19:63,1
rho2800_caliper1,300,0,r52c167,r48c160,20:64,19:62,1
rho2800_caliper1,300,0,r52c168,r47c160,20:64,18:63,1
rho2800_caliper1,300,0,r52c171,r48c165,20:65,19:64,0
rho2800_caliper1,300,0,r53c168,r50c162,21:62,19:63,1
rho2800_caliper1,300,0,r53c170,r48c159,21:63,19:62,1
rho2800_caliper1,300,0,r54c169,r49c159,21:63,19:62,1
rho2800_caliper1,300,0,r54c170,r50c051,21:63,19:20,1
rho2800_caliper1,300,0,r54c171,r49c052,21:63,19:20,1
rho2800_caliper1,300,0,r57c172,r57c040,22:62,22:14,2
rho2800_caliper1,300,0,r60c013,r61c024,23:4,24:8,2
rho2800_caliper1,300,0,r61c012,r56c039,24:4,22:14,2
rho2800_caliper1,300,0,r61c013,r60c026,24:4,23:9,2
rho2800_caliper1,300,0,r61c015,r56c038,24:5,22:13,2
rho2800_caliper1,300,0,r62c009,r61c032,24:3,24:10,2
rho2800_caliper1,300,0,r62c012,r62c028,24:4,24:9,2
rho2800_caliper1,300,0,r62c013,r61c029,24:4,24:9,2
rho2800_caliper1,300,0,r62c014,r61c026,24:4,24:8,2
rho2800_caliper1,300,0,r62c015,r60c029,24:5,23:10,2
rho2800_caliper1,300,0,r62c016,r60c027,24:5,23:9,2
rho2800_caliper1,300,0,r62c017,r61c025,24:5,24:8,2
rho2800_caliper1,300,0,r62c018,r59c030,24:6,23:10,2
rho2800_caliper1,300,0,r62c019,r59c032,24:6,23:11,2
rho2800_caliper1,300,0,r62c020,r59c031,24:6,23:10,2
rho2800_caliper1,300,0,r62c021,r59c028,24:7,23:9,2
rho2800_caliper1,300,0,r63c013,r61c031,25:4,24:10,2
rho2800_caliper1,300,0,r63c016,r61c027,25:5,24:9,2
rho2800_caliper1,300,0,r63c017,r60c030,25:5,23:10,2
rho2800_caliper1,300,0,r63c018,r60c032,25:5,23:11,2
rho2800_caliper1,300,0,r63c019,r60c028,25:5,23:9,2
rho2800_caliper1,300,0,r63c020,r62c025,25:6,24:8,2
rho2800_caliper1,300,0,r63c021,r59c029,25:6,23:10,2
rho2800_caliper1,300,0,r64c015,r61c030,25:4,24:9,2
rho2800_caliper1,300,0,r64c016,r63c027,25:5,25:8,2
rho2800_caliper1,300,0,r64c017,r64c027,25:5,25:8,2
rho2800_caliper1,300,0,r64c018,r62c027,25:5,24:9,2
rho2800_caliper1,300,0,r64c019,r61c028,25:5,24:9,2
rho2800_caliper1,300,0,r64c020,r63c026,25:6,25:8,2
rho2800_caliper1,300,0,r64c021,r60c035,25:6,23:12,2
rho2800_caliper1,300,0,r64c022,r62c026,25:6,24:8,2
rho2800_caliper1,300,0,r65c020,r61c033,25:6,24:10,2
rho2800_caliper1,300,0.5,r50c167,r47c163,19:64,18:63,2
rho2800_caliper1,300,0.5,r50c170,r46c161,19:65,17:63,0
rho2800_caliper1,300,0.5,r51c166,r48c161,19:64,18:63,2
rho2800_caliper1,300,0.5,r51c167,r47c162,19:64,18:63,2
rho2800_caliper1,300,0.5,r51c170,r47c053,19:65,18:20,0
rho2800_caliper1,300,0.5,r52c166,r49c162,20:62,19:62,1
rho2800_caliper1,300,0.5,r52c167,r48c160,20:62,18:62,1
rho2800_caliper1,300,0.5,r52c168,r47c160,20:63,18:62,1
rho2800_caliper1,300,0.5,r52c171,r48c165,20:64,18:64,1
rho2800_caliper1,300,0.5,r53c168,r50c162,20:63,19:62,1
rho2800_caliper1,300,0.5,r53c170,r48c159,20:63,18:62,1
rho2800_caliper1,300,0.5,r54c169,r49c159,20:63,19:61,1
rho2800_caliper1,300,0.5,r54c170,r50c051,20:63,19:19,1
rho2800_caliper1,300,0.5,r54c171,r49c052,20:64,19:19,1
rho2800_caliper1,300,0.5,r57c172,r57c040,22:59,22:13,4
rho2800_caliper1,300,0.5,r60c013,r61c024,23:4,23:7,3
rho2800_caliper1,300,0.5,r61c012,r56c039,23:3,21:13,3
rho2800_caliper1,300,0.5,r61c013,r60c026,23:4,23:8,3
rho2800_caliper1,300,0.5,r61c015,r56c038,23:4,21:13,3
rho2800_caliper1,300,0.5,r62c009,r61c032,24:2,23:10,3
rho2800_caliper1,300,0.5,r62c012,r62c028,24:3,24:8,3
rho2800_caliper1,300,0.5,r62c013,r61c029,24:3,23:9,3
rho2800_caliper1,300,0.5,r62c014,r61c026,24:4,23:8,3
rho2800_caliper1,300,0.5,r62c015,r60c029,24:4,23:9,3
rho2800_caliper1,300,0.5,r62c016,r60c027,24:4,23:8,3
rho2800_caliper1,300,0.5,r62c017,r61c025,24:5,23:8,3
rho2800_caliper1,300,0.5,r62c018,r59c030,24:5,22:10,3
rho2800_caliper1,300,0.5,r62c019,r59c032,24:5,22:10,3
rho2800_caliper1,300,0.5,r62c020,r59c031,24:5,22:10,3
rho2800_caliper1,300,0.5,r62c021,r59c028,24:6,22:9,3
rho2800_caliper1,300,0.5,r63c013,r61c031,24:3,23:10,3
rho2800_caliper1,300,0.5,r63c016,r61c027,24:4,23:8,3
rho2800_caliper1,300,0.5,r63c017,r60c030,24:5,23:9,3
rho2800_caliper1,300,0.5,r63c018,r60c032,24:5,23:10,3
rho2800_caliper1,300,0.5,r63c019,r60c028,24:5,23:9,3
rho2800_caliper1,300,0.5,r63c020,r62c025,24:5,24:7,3
rho2800_caliper1,300,0.5,r63c021,r59c029,24:6,22:9,3
rho2800_caliper1,300,0.5,r64c015,r61c030,24:4,23:9,3
rho2800_caliper1,300,0.5,r64c016,r63c027,24:4,24:8,3
rho2800_caliper1,300,0.5,r64c017,r64c027,24:5,24:8,3
rho2800_caliper1,300,0.5,r64c018,r62c027,24:5,24:8,3
rho2800_caliper1,300,0.5,r64c019,r61c028,24:5,23:9,3
rho2800_caliper1,300,0.5,r64c020,r63c026,24:5,24:7,3
rho2800_caliper1,300,0.5,r64c021,r60c035,24:6,23:11,3
rho2800_caliper1,300,0.5,r64c022,r62c026,24:6,24:7,3
rho2800_caliper1,300,0.5,r65c020,r61c033,25:5,23:10,3
rho2800_caliper1,600,0,r50c167,r47c163,9:32,9:31,0
rho2800_caliper1,600,0,r50c170,r46c161,9:33,9:31,0
rho2800_caliper1,600,0,r51c166,r48c161,10:31,9:31,0
rho2800_caliper1,600,0,r51c167,r47c162,10:31,9:31,0
rho2800_caliper1,600,0,r51c170,r47c053,10:32,9:10,0
rho2800_caliper1,600,0,r52c166,r49c162,10:31,9:31,0
rho2800_caliper1,600,0,r52c167,r48c160,10:31,9:31,0
rho2800_caliper1,600,0,r52c168,r47c160,10:31,9:31,0
rho2800_caliper1,600,0,r52c171,r48c165,10:32,9:32,0
rho2800_caliper1,600,0,r53c168,r50c162,10:31,9:31,0
rho2800_caliper1,600,0,r53c170,r48c159,10:32,9:31,0
rho2800_caliper1,600,0,r54c169,r49c159,10:32,9:31,0
rho2800_caliper1,600,0,r54c170,r50c051,10:32,9:10,0
rho2800_caliper1,600,0,r54c171,r49c052,10:32,9:10,0
rho2800_caliper1,600,0,r57c172,r57c040,11:30,11:7,1
rho2800_caliper1,600,0,r60c013,r61c024,11:2,12:3,1
rho2800_caliper1,600,0,r61c012,r56c039,12:1,11:7,1
rho2800_caliper1,600,0,r61c013,r60c026,12:2,11:4,1
rho2800_caliper1,600,0,r61c015,r56c038,12:2,11:6,1
rho2800_caliper1,600,0,r62c009,r61c032,12:1,12:5,1
rho2800_caliper1,600,0,r62c012,r62c028,12:1,12:4,1
rho2800_caliper1,600,0,r62c013,r61c029,12:2,12:4,1
rho2800_caliper1,600,0,r62c014,r61c026,12:2,12:4,1
rho2800_caliper1,600,0,r62c015,r60c029,12:2,11:5,1
rho2800_caliper1,600,0,r62c016,r60c027,12:2,11:4,1
rho2800_caliper1,600,0,r62c017,r61c025,12:2,12:3,1
rho2800_caliper1,600,0,r62c018,r59c030,12:2,11:5,1
rho2800_caliper1,600,0,r62c019,r59c032,12:3,11:5,1
rho2800_caliper1,600,0,r62c020,r59c031,12:3,11:5,1
rho2800_caliper1,600,0,r62c021,r59c028,12:3,11:5,1
rho2800_caliper1,600,0,r63c013,r61c031,12:2,12:4,1
rho2800_caliper1,600,0,r63c016,r61c027,12:2,12:4,1
rho2800_caliper1,600,0,r63c017,r60c030,12:2,11:5,1
rho2800_caliper1,600,0,r63c018,r60c032,12:2,11:5,1
rho2800_caliper1,600,0,r63c019,r60c028,12:3,11:5,1
rho2800_caliper1,600,0,r63c020,r62c025,12:3,12:3,1
rho2800_caliper1,600,0,r63c021,r59c029,12:3,11:5,1
rho2800_caliper1,600,0,r64c015,r61c030,12:2,12:4,1
rho2800_caliper1,600,0,r64c016,r63c027,12:2,12:4,1
rho2800_caliper1,600,0,r64c017,r64c027,12:2,12:4,1
rho2800_caliper1,600,0,r64c018,r62c027,12:2,12:4,1
rho2800_caliper1,600,0,r64c019,r61c028,12:3,12:4,1
rho2800_caliper1,600,0,r64c020,r63c026,12:3,12:4,1
rho2800_caliper1,600,0,r64c021,r60c035,12:3,11:6,1
rho2800_caliper1,600,0,r64c022,r62c026,12:3,12:4,1
rho2800_caliper1,600,0,r65c020,r61c033,12:3,12:5,1
rho2800_caliper1,600,0.5,r50c167,r47c163,9:32,8:31,0
rho2800_caliper1,600,0.5,r50c170,r46c161,9:32,8:30,0
rho2800_caliper1,600,0.5,r51c166,r48c161,9:31,9:30,0
rho2800_caliper1,600,0.5,r51c167,r47c162,9:32,8:31,0
rho2800_caliper1,600,0.5,r51c170,r47c053,9:32,8:9,0
rho2800_caliper1,600,0.5,r52c166,r49c162,9:31,9:31,0
rho2800_caliper1,600,0.5,r52c167,r48c160,9:32,9:30,0
rho2800_caliper1,600,0.5,r52c168,r47c160,9:32,8:30,0
rho2800_caliper1,600,0.5,r52c171,r48c165,9:32,9:31,0
rho2800_caliper1,600,0.5,r53c168,r50c162,10:30,9:31,0
rho2800_caliper1,600,0.5,r53c170,r48c159,10:30,9:30,0
rho2800_caliper1,600,0.5,r54c169,r49c159,10:30,9:30,0
rho2800_caliper1,600,0.5,r54c170,r50c051,10:30,9:9,0
rho2800_caliper1,600,0.5,r54c171,r49c052,10:30,9:9,0
rho2800_caliper1,600,0.5,r57c172,r57c040,10:31,10:6,1
rho2800_caliper1,600,0.5,r60c013,r61c024,11:1,11:3,1
rho2800_caliper1,600,0.5,r61c012,r56c039,11:1,10:6,1
rho2800_caliper1,600,0.5,r61c013,r60c026,11:1,11:3,1
rho2800_caliper1,600,0.5,r61c015,r56c038,11:2,10:6,1
rho2800_caliper1,600,0.5,r62c009,r61c032,11:1,11:4,1
rho2800_caliper1,600,0.5,r62c012,r62c028,11:1,11:4,1
rho2800_caliper1,600,0.5,r62c013,r61c029,11:1,11:4,1
rho2800_caliper1,600,0.5,r62c014,r61c026,11:1,11:3,1
rho2800_caliper1,600,0.5,r62c015,r60c029,11:2,11:4,1
rho2800_caliper1,600,0.5,r62c016,r60c027,11:2,11:4,1
rho2800_caliper1,600,0.5,r62c017,r61c025,11:2,11:3,1
rho2800_caliper1,600,0.5,r62c018,r59c030,11:2,11:4,1
rho2800_caliper1,600,0.5,r62c019,r59c032,11:2,11:4,1
rho2800_caliper1,600,0.5,r62c020,r59c031,11:2,11:4,1
rho2800_caliper1,600,0.5,r62c021,r59c028,11:3,11:4,1
rho2800_caliper1,600,0.5,r63c013,r61c031,12:1,11:4,1
rho2800_caliper1,600,0.5,r63c016,r61c027,12:1,11:4,1
rho2800_caliper1,600,0.5,r63c017,r60c030,12:2,11:4,1
rho2800_caliper1,600,0.5,r63c018,r60c032,12:2,11:4,1
rho2800_caliper1,600,0.5,r63c019,r60c028,12:2,11:4,1
rho2800_caliper1,600,0.5,r63c020,r62c025,12:2,11:3,1
rho2800_caliper1,600,0.5,r63c021,r59c029,12:2,11:4,1
rho2800_caliper1,600,0.5,r64c015,r61c030,12:1,11:4,1
rho2800_caliper1,600,0.5,r64c016,r63c027,12:1,12:3,1
rho2800_caliper1,600,0.5,r64c017,r64c027,12:2,12:3,1
rho2800_caliper1,600,0.5,r64c018,r62c027,12:2,11:4,1
rho2800_caliper1,600,0.5,r64c019,r61c028,12:2,11:4,1
rho2800_caliper1,600,0.5,r64c020,r63c026,12:2,12:3,1
rho2800_caliper1,600,0.5,r64c021,r60c035,12:2,11:5,1
rho2800_caliper1,600,0.5,r64c022,r62c026,12:2,11:3,1
rho2800_caliper1,600,0.5,r65c020,r61c033,12:2,11:5,1
rho2800_caliper1,900,0,r50c167,r47c163,6:21,6:20,0
rho2800_caliper1,900,0,r50c170,r46c161,6:21,6:20,0
rho2800_caliper1,900,0,r51c166,r48c161,6:21,6:20,0
rho2800_caliper1,900,0,r51c167,r47c162,6:21,6:20,0
rho2800_caliper1,900,0,r51c170,r47c053,6:21,6:6,0
rho2800_caliper1,900,0,r52c166,r49c162,6:21,6:20,0
rho2800_caliper1,900,0,r52c167,r48c160,6:21,6:20,0
rho2800_caliper1,900,0,r52c168,r47c160,6:21,6:20,0
rho2800_caliper1,900,0,r52c171,r48c165,6:21,6:21,0
rho2800_caliper1,900,0,r53c168,r50c162,7:20,6:20,0
rho2800_caliper1,900,0,r53c170,r48c159,7:20,6:20,0
rho2800_caliper1,900,0,r54c169,r49c159,7:20,6:20,0
rho2800_caliper1,900,0,r54c170,r50c051,7:20,6:6,0
rho2800_caliper1,900,0,r54c171,r49c052,7:20,6:6,0
rho2800_caliper1,900,0,r57c172,r57c040,7:21,7:4,1
rho2800_caliper1,900,0,r60c013,r61c024,7:1,8:2,1
rho2800_caliper1,900,0,r61c012,r56c039,8:1,7:4,1
rho2800_caliper1,900,0,r61c013,r60c026,8:1,7:3,1
rho2800_caliper1,900,0,r61c015,r56c038,8:1,7:4,1
rho2800_caliper1,900,0,r62c009,r61c032,8:0,8:3,1
rho2800_caliper1,900,0,r62c012,r62c028,8:1,8:2,1
rho2800_caliper1,900,0,r62c013,r61c029,8:1,8:2,1
rho2800_caliper1,900,0,r62c014,r61c026,8:1,8:2,1
rho2800_caliper1,900,0,r62c015,r60c029,8:1,7:3,1
rho2800_caliper1,900,0,r62c016,r60c027,8:1,7:3,1
rho2800_caliper1,900,0,r62c017,r61c025,8:1,8:2,1
rho2800_caliper1,900,0,r62c018,r59c030,8:1,7:3,1
rho2800_caliper1,900,0,r62c019,r59c032,8:1,7:3,1
rho2800_caliper1,900,0,r62c020,r59c031,8:2,7:3,1
rho2800_caliper1,900,0,r62c021,r59c028,8:2,7:3,1
rho2800_caliper1,900,0,r63c013,r61c031,8:1,8:3,1
rho2800_caliper1,900,0,r63c016,r61c027,8:1,8:2,1
rho2800_caliper1,900,0,r63c017,r60c030,8:1,7:3,1
rho2800_caliper1,900,0,r63c018,r60c032,8:1,7:3,1
rho2800_caliper1,900,0,r63c019,r60c028,8:1,7:3,1
rho2800_caliper1,900,0,r63c020,r62c025,8:2,8:2,1
rho2800_caliper1,900,0,r63c021,r59c029,8:2,7:3,1
rho2800_caliper1,900,0,r64c015,r61c030,8:1,8:3,1
rho2800_caliper1,900,0,r64c016,r63c027,8:1,8:2,1
rho2800_caliper1,900,0,r64c017,r64c027,8:1,8:2,1
rho2800_caliper1,900,0,r64c018,r62c027,8:1,8:2,1
rho2800_caliper1,900,0,r64c019,r61c028,8:1,8:2,1
rho2800_caliper1,900,0,r64c020,r63c026,8:2,8:2,1
rho2800_caliper1,900,0,r64c021,r60c035,8:2,7:4,1
rho2800_caliper1,900,0,r64c022,r62c026,8:2,8:2,1
rho2800_caliper1,900,0,r65c020,r61c033,8:2,8:3,1
rho2800_caliper1,900,0.5,r50c167,r47c163,6:20,5:21,0
rho2800_caliper1,900,0.5,r50c170,r46c161,6:21,5:21,0
rho2800_caliper1,900,0.5,r51c166,r48c161,6:20,5:21,0
rho2800_caliper1,900,0.5,r51c167,r47c162,6:20,5:21,0
rho2800_caliper1,900,0.5,r51c170,r47c053,6:21,5:6,0
rho2800_caliper1,900,0.5,r52c166,r49c162,6:20,6:20,0
rho2800_caliper1,900,0.5,r52c167,r48c160,6:20,5:20,0
rho2800_caliper1,900,0.5,r52c168,r47c160,6:21,5:20,0
rho2800_caliper1,900,0.5,r52c171,r48c165,6:21,5:21,0
rho2800_caliper1,900,0.5,r53c168,r50c162,6:21,6:20,0
rho2800_caliper1,900,0.5,r53c170,r48c159,6:21,5:20,0
rho2800_caliper1,900,0.5,r54c169,r49c159,6:21,6:19,0
rho2800_caliper1,900,0.5,r54c170,r50c051,6:21,6:6,0
rho2800_caliper1,900,0.5,r54c171,r49c052,6:21,6:6,0
rho2800_caliper1,900,0.5,r57c172,r57c040,7:18,7:4,2
rho2800_caliper1,900,0.5,r60c013,r61c024,7:1,7:2,1
rho2800_caliper1,900,0.5,r61c012,r56c039,7:0,6:4,1
rho2800_caliper1,900,0.5,r61c013,r60c026,7:1,7:2,1
rho2800_caliper1,900,0.5,r61c015,r56c038,7:1,6:4,1
rho2800_caliper1,900,0.5,r62c009,r61c032,7:0,7:3,1
rho2800_caliper1,900,0.5,r62c012,r62c028,7:0,7:2,1
rho2800_caliper1,900,0.5,r62c013,r61c029,7:1,7:2,1
rho2800_caliper1,900,0.5,r62c014,r61c026,7:1,7:2,1
rho2800_caliper1,900,0.5,r62c015,r60c029,7:1,7:2,1
rho2800_caliper1,900,0.5,r62c016,r60c027,7:1,7:2,1
rho2800_caliper1,900,0.5,r62c017,r61c025,7:1,7:2,1
rho2800_caliper1,900,0.5,r62c018,r59c030,7:1,7:2,1
rho2800_caliper1,900,0.5,r62c019,r59c032,7:1,7:3,1
rho2800_caliper1,900,0.5,r62c020,r59c031,7:1,7:3,1
rho2800_caliper1,900,0.5,r62c021,r59c028,7:1,7:2,1
rho2800_caliper1,900,0.5,r63c013,r61c031,7:1,7:3,1
rho2800_caliper1,900,0.5,r63c016,r61c027,7:1,7:2,1
rho2800_caliper1,900,0.5,r63c017,r60c030,7:1,7:2,1
rho2800_caliper1,900,0.5,r63c018,r60c032,7:1,7:3,1
rho2800_caliper1,900,0.5,r63c019,r60c028,7:1,7:2,1
rho2800_caliper1,900,0.5,r63c020,r62c025,7:1,7:2,1
rho2800_caliper1,900,0.5,r63c021,r59c029,7:1,7:2,1
rho2800_caliper1,900,0.5,r64c015,r61c030,7:1,7:2,1
rho2800_caliper1,900,0.5,r64c016,r63c027,7:1,7:2,1
rho2800_caliper1,900,0.5,r64c017,r64c027,7:1,7:2,1
rho2800_caliper1,900,0.5,r64c018,r62c027,7:1,7:2,1
rho2800_caliper1,900,0.5,r64c019,r61c028,7:1,7:2,1
rho2800_caliper1,900,0.5,r64c020,r63c026,7:1,7:2,1
rho2800_caliper1,900,0.5,r64c021,r60c035,7:1,7:3,1
rho2800_caliper1,900,0.5,r64c022,r62c026,7:2,7:2,1
rho2800_caliper1,900,0.5,r65c020,r61c033,8:1,7:3,1
rho2800_caliper2,300,0,r50c167,r47c163,19:65,18:64,1
rho2800_caliper2,300,0,r50c168,r47c054,19:65,18:21,1
rho2800_caliper2,300,0,r50c169,r47c053,19:65,18:21,1
rho2800_caliper2,300,0,r50c170,r40c071,19:66,15:27,0
rho2800_caliper2,300,0,r51c166,r47c162,20:63,18:64,1
rho2800_caliper2,300,0,r51c167,r46c161,20:64,18:63,1
rho2800_caliper2,300,0,r51c169,r48c056,20:64,19:21,1
rho2800_caliper2,300,0,r51c170,r47c056,20:65,18:22,3
rho2800_caliper2,300,0,r51c171,r46c056,20:65,18:22,3
rho2800_caliper2,300,0,r52c166,r48c161,20:63,19:62,1
rho2800_caliper2,300,0,r52c167,r42c067,20:64,16:26,1
rho2800_caliper2,300,0,r52c168,r47c160,20:64,18:63,1
rho2800_caliper2,300,0,r52c171,r45c159,20:65,17:62,3
rho2800_caliper2,300,0,r53c168,r43c066,21:62,17:26,2
rho2800_caliper2,300,0,r53c170,r48c054,21:63,19:21,1
rho2800_caliper2,300,0,r53c171,r56c037,21:63,22:13,1
rho2800_caliper2,300,0,r54c169,r47c157,21:63,18:62,1
rho2800_caliper2,300,0,r54c170,r46c158,21:63,18:62,1
rho2800_caliper2,300,0,r54c171,r46c157,21:63,18:62,1
rho2800_caliper2,300,0,r55c169,r48c159,21:63,19:62,1
rho2800_caliper2,300,0,r55c170,r58c039,21:63,23:13,1
rho2800_caliper2,300,0,r55c171,r60c034,21:63,23:11,1
rho2800_caliper2,300,0,r55c172,r60c031,21:64,23:10,1
rho2800_caliper2,300,0,r55c173,r46c159,21:64,18:62,1
rho2800_caliper2,300,0,r55c174,r60c033,21:64,23:11,1
rho2800_caliper2,300,0,r56c171,r61c034,22:61,24:11,6
rho2800_caliper2,300,0,r56c173,r46c060,22:62,18:23,1
rho2800_caliper2,300,0,r56c177,r46c160,22:64,18:63,1
rho2800_caliper2,300,0,r57c172,r47c156,22:62,18:61,1
rho2800_caliper2,300,0,r57c173,r47c158,22:62,18:62,1
rho2800_caliper2,300,0,r57c175,r47c159,22:63,18:62,1
rho2800_caliper2,300,0,r57c176,r48c053,22:63,19:20,1
rho2800_caliper2,300,0,r57c177,r48c052,22:64,19:20,1
rho2800_caliper2,300,0,r57c178,r48c165,22:64,19:64,1
rho2800_caliper2,300,0,r58c172,r48c157,23:59,19:61,4
rho2800_caliper2,300,0,r58c173,r48c158,23:59,19:61,4
rho2800_caliper2,300,0,r58c174,r49c162,23:60,19:63,1
rho2800_caliper2,300,0,r58c175,r48c160,23:60,19:62,1
rho2800_caliper2,300,0,r58c176,r49c055,23:60,19:21,1
rho2800_caliper2,300,0,r59c000,r49c053,23:0,19:20,1
rho2800_caliper2,300,0,r59c001,r49c052,23:0,19:20,1
rho2800_caliper2,300,0,r59c175,r49c159,23:60,19:62,1
rho2800_caliper2,300,0,r59c179,r49c054,23:61,19:21,1
rho2800_caliper2,300,0,r60c000,r50c051,23:0,19:20,1
rho2800_caliper2,300,0,r60c012,r55c038,23:4,21:14,5
rho2800_caliper2,300,0,r60c013,r55c036,23:4,21:13,5
rho2800_caliper2,300,0,r60c179,r50c162,23:61,19:63,1
rho2800_caliper2,300,0,r61c006,r60c026,24:2,23:9,1
rho2800_caliper2,300,0,r61c007,r61c024,24:2,24:8,1
rho2800_caliper2,300,0,r61c009,r61c025,24:3,24:8,1
rho2800_caliper2,300,0,r61c012,r56c038,24:4,22:13,1
rho2800_caliper2,300,0,r61c013,r60c028,24:4,23:9,1
rho2800_caliper2,300,0,r61c014,r61c026,24:4,24:8,1
rho2800_caliper2,300,0,r61c015,r59c028,24:5,23:9,1
rho2800_caliper2,300,0,r62c005,r56c039,24:1,22:14,1
rho2800_caliper2,300,0,r62c009,r61c027,24:3,24:9,1
rho2800_caliper2,300,0,r62c012,r57c039,24:4,22:14,1
rho2800_caliper2,300,0,r62c013,r57c038,24:4,22:13,1
rho2800_caliper2,300,0,r62c014,r60c029,24:4,23:10,1
rho2800_caliper2,300,0,r62c015,r60c027,24:5,23:9,1
rho2800_caliper2,300,0,r62c016,r56c036,24:5,22:13,1
rho2800_caliper2,300,0,r62c017,r59c030,24:5,23:10,1
rho2800_caliper2,300,0,r62c018,r59c029,24:6,23:10,1
rho2800_caliper2,300,0,r62c019,r59c032,24:6,23:11,1
rho2800_caliper2,300,0,r62c020,r59c031,24:6,23:10,1
rho2800_caliper2,300,0,r62c021,r57c033,24:7,22:12,1
rho2800_caliper2,300,0,r63c002,r57c040,25:0,22:14,1
rho2800_caliper2,300,0,r63c012,r61c030,25:3,24:9,1
rho2800_caliper2,300,0,r63c013,r61c031,25:4,24:10,1
rho2800_caliper2,300,0,r63c014,r61c032,25:4,24:10,1
rho2800_caliper2,300,0,r63c016,r60c030,25:5,23:10,1
rho2800_caliper2,300,0,r63c017,r60c032,25:5,23:11,1
rho2800_caliper2,300,0,r63c018,r57c035,25:5,22:12,1
rho2800_caliper2,300,0,r63c019,r58c033,25:5,23:11,1
rho2800_caliper2,300,0,r63c020,r56c035,25:6,22:12,1
rho2800_caliper2,300,0,r63c021,r57c034,25:6,22:12,1
rho2800_caliper2,300,0,r64c015,r61c029,25:4,24:9,1
rho2800_caliper2,300,0,r64c016,r61c028,25:5,24:9,1
rho2800_caliper2,300,0,r64c017,r62c027,25:5,24:9,1
rho2800_caliper2,300,0,r64c018,r63c026,25:5,25:8,1
rho2800_caliper2,300,0,r64c019,r62c026,25:5,24:8,1
rho2800_caliper2,300,0,r64c020,r60c035,25:6,23:12,1
rho2800_caliper2,300,0,r64c021,r57c036,25:6,22:13,1
rho2800_caliper2,300,0,r64c022,r62c025,25:6,24:8,1
rho2800_caliper2,300,0,r65c017,r63c027,25:5,25:8,1
rho2800_caliper2,300,0,r65c019,r62c028,25:5,24:9,1
rho2800_caliper2,300,0,r65c020,r61c033,25:6,24:10,1
rho2800_caliper2,300,0,r66c018,r64c027,26:5,25:8,1
rho2800_caliper2,300,0.5,r50c167,r47c163,19:64,18:63,1
rho2800_caliper2,300,0.5,r50c168,r47c054,19:65,18:20,0
rho2800_caliper2,300,0.5,r50c169,r47c053,19:65,18:20,0
rho2800_caliper2,300,0.5,r50c170,r40c071,19:65,15:27,0
rho2800_caliper2,300,0.5,r51c166,r47c162,19:64,18:63,1
rho2800_caliper2,300,0.5,r51c167,r46c161,19:64,17:63,1
rho2800_caliper2,300,0.5,r51c169,r48c056,19:65,18:21,0
rho2800_caliper2,300,0.5,r51c170,r47c056,19:65,18:21,0
rho2800_caliper2,300,0.5,r51c171,r46c056,19:66,17:21,2
rho2800_caliper2,300,0.5,r52c166,r48c161,20:62,18:63,1
rho2800_caliper2,300,0.5,r52c167,r42c067,20:62,16:26,1
rho2800_caliper2,300,0.5,r52c168,r47c160,20:63,18:62,0
rho2800_caliper2,300,0.5,r52c171,r45c159,20:64,17:62,0
rho2800_caliper2,300,0.5,r53c168,r43c066,20:63,16:25,0
rho2800_caliper2,300,0.5,r53c170,r48c054,20:63,18:20,0
rho2800_caliper2,300,0.5,r53c171,r56c037,20:64,21:13,0
rho2800_caliper2,300,0.5,r54c169,r47c157,20:63,18:61,0
rho2800_caliper2,300,0.5,r54c170,r46c158,20:63,17:62,0
rho2800_caliper2,300,0.5,r54c171,r46c157,20:64,17:61,0
rho2800_caliper2,300,0.5,r55c169,r48c159,21:61,18:62,0
rho2800_caliper2,300,0.5,r55c170,r58c039,21:62,22:13,0
rho2800_caliper2,300,0.5,r55c171,r60c034,21:62,23:11,0
rho2800_caliper2,300,0.5,r55c172,r60c031,21:62,23:10,0
rho2800_caliper2,300,0.5,r55c173,r46c159,21:63,17:62,0
rho2800_caliper2,300,0.5,r55c174,r60c033,21:63,23:10,0
rho2800_caliper2,300,0.5,r56c171,r61c034,21:62,23:11,0
rho2800_caliper2,300,0.5,r56c173,r46c060,21:63,17:23,0
rho2800_caliper2,300,0.5,r56c177,r46c160,21:64,17:62,0
rho2800_caliper2,300,0.5,r57c172,r47c156,22:59,18:61,0
rho2800_caliper2,300,0.5,r57c173,r47c158,22:60,18:62,0
rho2800_caliper2,300,0.5,r57c175,r47c159,22:60,18:62,0
rho2800_caliper2,300,0.5,r57c176,r48c053,22:61,18:20,0
rho2800_caliper2,300,0.5,r57c177,r48c052,22:61,18:20,0
rho2800_caliper2,300,0.5,r57c178,r48c165,22:61,18:64,0
rho2800_caliper2,300,0.5,r58c172,r48c157,22:59,18:61,0
rho2800_caliper2,300,0.5,r58c173,r48c158,22:60,18:62,0
rho2800_caliper2,300,0.5,r58c174,r49c162,22:60,19:62,0
rho2800_caliper2,300,0.5,r58c175,r48c160,22:60,18:62,0
rho2800_caliper2,300,0.5,r58c176,r49c055,22:61,19:21,0
rho2800_caliper2,300,0.5,r59c000,r49c053,22:62,19:20,3
rho2800_caliper2,300,0.5,r59c001,r49c052,22:0,19:19,0
rho2800_caliper2,300,0.5,r59c175,r49c159,22:60,19:61,0
rho2800_caliper2,300,0.5,r59c179,r49c054,22:62,19:20,3
rho2800_caliper2,300,0.5,r60c000,r50c051,23:59,19:19,0
rho2800_caliper2,300,0.5,r60c012,r55c038,23:3,21:13,0
rho2800_caliper2,300,0.5,r60c013,r55c036,23:4,21:12,0
rho2800_caliper2,300,0.5,r60c179,r50c162,23:59,19:62,0
rho2800_caliper2,300,0.5,r61c006,r60c026,23:1,23:8,0
rho2800_caliper2,300,0.5,r61c007,r61c024,23:2,23:7,0
rho2800_caliper2,300,0.5,r61c009,r61c025,23:2,23:8,0
rho2800_caliper2,300,0.5,r61c012,r56c038,23:3,21:13,0
rho2800_caliper2,300,0.5,r61c013,r60c028,23:4,23:9,0
rho2800_caliper2,300,0.5,r61c014,r61c026,23:4,23:8,0
rho2800_caliper2,300,0.5,r61c015,r59c028,23:4,22:9,0
rho2800_caliper2,300,0.5,r62c005,r56c039,24:1,21:13,0
rho2800_caliper2,300,0.5,r62c009,r61c027,24:2,23:8,0
rho2800_caliper2,300,0.5,r62c012,r57c039,24:3,22:13,0
rho2800_caliper2,300,0.5,r62c013,r57c038,24:3,22:12,0
rho2800_caliper2,300,0.5,r62c014,r60c029,24:4,23:9,0
rho2800_caliper2,300,0.5,r62c015,r60c027,24:4,23:8,0
rho2800_caliper2,300,0.5,r62c016,r56c036,24:4,21:12,0
rho2800_caliper2,300,0.5,r62c017,r59c030,24:5,22:10,0
rho2800_caliper2,300,0.5,r62c018,r59c029,24:5,22:9,0
rho2800_caliper2,300,0.5,r62c019,r59c032,24:5,22:10,0
rho2800_caliper2,300,0.5,r62c020,r59c031,24:5,22:10,0
rho2800_caliper2,300,0.5,r62c021,r57c033,24:6,22:11,0
rho2800_caliper2,300,0.5,r63c002,r57c040,24:0,22:13,0
rho2800_caliper2,300,0.5,r63c012,r61c030,24:3,23:9,0
rho2800_caliper2,300,0.5,r63c013,r61c031,24:3,23:10,0
rho2800_caliper2,300,0.5,r63c014,r61c032,24:4,23:10,0
rho2800_caliper2,300,0.5,r63c016,r60c030,24:4,23:9,0
rho2800_caliper2,300,0.5,r63c017,r60c032,24:5,23:10,0
rho2800_caliper2,300,0.5,r63c018,r57c035,24:5,22:11,0
rho2800_caliper2,300,0.5,r63c019,r58c033,24:5,22:11,0
rho2800_caliper2,300,0.5,r63c020,r56c035,24:5,21:12,0
rho2800_caliper2,300,0.5,r63c021,r57c034,24:6,22:11,0
rho2800_caliper2,300,0.5,r64c015,r61c029,24:4,23:9,0
rho2800_caliper2,300,0.5,r64c016,r61c028,24:4,23:9,0
rho2800_caliper2,300,0.5,r64c017,r62c027,24:5,24:8,0
rho2800_caliper2,300,0.5,r64c018,r63c026,24:5,24:7,0
rho2800_caliper2,300,0.5,r64c019,r62c026,24:5,24:7,0
rho2800_caliper2,300,0.5,r64c020,r60c035,24:5,23:11,0
rho2800_caliper2,300,0.5,r64c021,r57c036,24:6,22:12,0
rho2800_caliper2,300,0.5,r64c022,r62c025,24:6,24:7,0
rho2800_caliper2,300,0.5,r65c017,r63c027,25:4,24:8,0
rho2800_caliper2,300,0.5,r65c019,r62c028,25:5,24:8,0
rho2800_caliper2,300,0.5,r65c020,r61c033,25:5,23:10,0
rho2800_caliper2,300,0.5,r66c018,r64c027,25:4,24:8,0
rho2800_caliper2,600,0,r50c167,r47c163,9:32,9:31,0
rho2800_caliper2,600,0,r50c168,r47c054,9:32,9:10,0
rho2800_caliper2,600,0,r50c169,r47c053,9:32,9:10,0
rho2800_caliper2,600,0,r50c170,r40c071,9:33,7:13,2
rho2800_caliper2,600,0,r51c166,r47c162,10:31,9:31,0
rho2800_caliper2,600,0,r51c167,r46c161,10:31,9:31,0
rho2800_caliper2,600,0,r51c169,r48c056,10:32,9:10,0
rho2800_caliper2,600,0,r51c170,r47c056,10:32,9:10,0
rho2800_caliper2,600,0,r51c171,r46c056,10:32,9:10,0
rho2800_caliper2,600,0,r52c166,r48c161,10:31,9:31,0
rho2800_caliper2,600,0,r52c167,r42c067,10:31,8:13,0
rho2800_caliper2,600,0,r52c168,r47c160,10:31,9:31,0
rho2800_caliper2,600,0,r52c171,r45c159,10:32,8:31,0
rho2800_caliper2,600,0,r53c168,r43c066,10:31,8:12,0
rho2800_caliper2,600,0,r53c170,r48c054,10:32,9:10,0
rho2800_caliper2,600,0,r53c171,r56c037,10:32,11:6,0
rho2800_caliper2,600,0,r54c169,r47c157,10:32,9:30,0
rho2800_caliper2,600,0,r54c170,r46c158,10:32,9:30,0
rho2800_caliper2,600,0,r54c171,r46c157,10:32,9:30,0
rho2800_caliper2,600,0,r55c169,r48c159,10:32,9:31,0
rho2800_caliper2,600,0,r55c170,r58c039,10:32,11:7,0
rho2800_caliper2,600,0,r55c171,r60c034,10:32,11:6,0
rho2800_caliper2,600,0,r55c172,r60c031,10:32,11:5,0
rho2800_caliper2,600,0,r55c173,r46c159,10:32,9:31,0
rho2800_caliper2,600,0,r55c174,r60c033,10:32,11:5,0
rho2800_caliper2,600,0,r56c171,r61c034,11:30,12:5,0
rho2800_caliper2,600,0,r56c173,r46c060,11:30,9:11,0
rho2800_caliper2,600,0,r56c177,r46c160,11:31,9:31,0
rho2800_caliper2,600,0,r57c172,r47c156,11:30,9:30,0
rho2800_caliper2,600,0,r57c173,r47c158,11:30,9:30,0
rho2800_caliper2,600,0,r57c175,r47c159,11:31,9:31,0
rho2800_caliper2,600,0,r57c176,r48c053,11:31,9:10,0
rho2800_caliper2,600,0,r57c177,r48c052,11:31,9:10,0
rho2800_caliper2,600,0,r57c178,r48c165,11:31,9:32,0
rho2800_caliper2,600,0,r58c172,r48c157,11:30,9:30,0
rho2800_caliper2,600,0,r58c173,r48c158,11:30,9:30,0
rho2800_caliper2,600,0,r58c174,r49c162,11:31,9:31,0
rho2800_caliper2,600,0,r58c175,r48c160,11:31,9:31,0
rho2800_caliper2,600,0,r58c176,r49c055,11:31,9:10,0
rho2800_caliper2,600,0,r59c000,r49c053,11:0,9:10,0
rho2800_caliper2,600,0,r59c001,r49c052,11:0,9:10,0
rho2800_caliper2,600,0,r59c175,r49c159,11:31,9:31,0
rho2800_caliper2,600,0,r59c179,r49c054,11:31,9:10,0
rho2800_caliper2,600,0,r60c000,r50c051,11:0,9:10,0
rho2800_caliper2,600,0,r60c012,r55c038,11:2,10:7,1
rho2800_caliper2,600,0,r60c013,r55c036,11:2,10:6,1
rho2800_caliper2,600,0,r60c179,r50c162,11:31,9:31,0
rho2800_caliper2,600,0,r61c006,r60c026,12:1,11:4,0
rho2800_caliper2,600,0,r61c007,r61c024,12:1,12:3,0
rho2800_caliper2,600,0,r61c009,r61c025,12:1,12:3,0
rho2800_caliper2,600,0,r61c012,r56c038,12:1,11:6,0
rho2800_caliper2,600,0,r61c013,r60c028,12:2,11:5,0
rho2800_caliper2,600,0,r61c014,r61c026,12:2,12:4,0
rho2800_caliper2,600,0,r61c015,r59c028,12:2,11:5,0
rho2800_caliper2,600,0,r62c005,r56c039,12:0,11:7,0
rho2800_caliper2,600,0,r62c009,r61c027,12:1,12:4,0
rho2800_caliper2,600,0,r62c012,r57c039,12:1,11:7,0
rho2800_caliper2,600,0,r62c013,r57c038,12:2,11:6,0
rho2800_caliper2,600,0,r62c014,r60c029,12:2,11:5,0
rho2800_caliper2,600,0,r62c015,r60c027,12:2,11:4,0
rho2800_caliper2,600,0,r62c016,r56c036,12:2,11:6,0
rho2800_caliper2,600,0,r62c017,r59c030,12:2,11:5,0
rho2800_caliper2,600,0,r62c018,r59c029,12:2,11:5,0
rho2800_caliper2,600,0,r62c019,r59c032,12:3,11:5,0
rho2800_caliper2,600,0,r62c020,r59c031,12:3,11:5,0
rho2800_caliper2,600,0,r62c021,r57c033,12:3,11:5,0
rho2800_caliper2,600,0,r63c002,r57c040,12:0,11:7,0
rho2800_caliper2,600,0,r63c012,r61c030,12:1,12:4,0
rho2800_caliper2,600,0,r63c013,r61c031,12:2,12:4,0
rho2800_caliper2,600,0,r63c014,r61c032,12:2,12:5,0
rho2800_caliper2,600,0,r63c016,r60c030,12:2,11:5,0
rho2800_caliper2,600,0,r63c017,r60c032,12:2,11:5,0
rho2800_caliper2,600,0,r63c018,r57c035,12:2,11:6,0
rho2800_caliper2,600,0,r63c019,r58c033,12:3,11:5,0
rho2800_caliper2,600,0,r63c020,r56c035,12:3,11:6,0
rho2800_caliper2,600,0,r63c021,r57c034,12:3,11:6,0
rho2800_caliper2,600,0,r64c015,r61c029,12:2,12:4,0
rho2800_caliper2,600,0,r64c016,r61c028,12:2,12:4,0
rho2800_caliper2,600,0,r64c017,r62c027,12:2,12:4,0
rho2800_caliper2,600,0,r64c018,r63c026,12:2,12:4,0
rho2800_caliper2,600,0,r64c019,r62c026,12:3,12:4,0
rho2800_caliper2,600,0,r64c020,r60c035,12:3,11:6,0
rho2800_caliper2,600,0,r64c021,r57c036,12:3,11:6,0
rho2800_caliper2,600,0,r64c022,r62c025,12:3,12:3,0
rho2800_caliper2,600,0,r65c017,r63c027,12:2,12:4,0
rho2800_caliper2,600,0,r65c019,r62c028,12:3,12:4,0
rho2800_caliper2,600,0,r65c020,r61c033,12:3,12:5,0
rho2800_caliper2,600,0,r66c018,r64c027,13:2,12:4,0
rho2800_caliper2,600,0.5,r50c167,r47c163,9:32,8:31,0
rho2800_caliper2,600,0.5,r50c168,r47c054,9:32,8:10,0
rho2800_caliper2,600,0.5,r50c169,r47c053,9:32,8:9,0
rho2800_caliper2,600,0.5,r50c170,r40c071,9:32,7:13,0
rho2800_caliper2,600,0.5,r51c166,r47c162,9:31,8:31,0
rho2800_caliper2,600,0.5,r51c167,r46c161,9:32,8:30,0
rho2800_caliper2,600,0.5,r51c169,r48c056,9:32,9:10,0
rho2800_caliper2,600,0.5,r51c170,r47c056,9:32,8:10,0
rho2800_caliper2,600,0.5,r51c171,r46c056,9:32,8:10,0
rho2800_caliper2,600,0.5,r52c166,r48c161,9:31,9:30,0
rho2800_caliper2,600,0.5,r52c167,r42c067,9:32,7:12,0
rho2800_caliper2,600,0.5,r52c168,r47c160,9:32,8:30,0
rho2800_caliper2,600,0.5,r52c171,r45c159,9:32,8:30,0
rho2800_caliper2,600,0.5,r53c168,r43c066,10:30,8:12,0
rho2800_caliper2,600,0.5,r53c170,r48c054,10:30,9:10,0
rho2800_caliper2,600,0.5,r53c171,r56c037,10:30,10:6,0
rho2800_caliper2,600,0.5,r54c169,r47c157,10:30,8:30,0
rho2800_caliper2,600,0.5,r54c170,r46c158,10:30,8:30,0
rho2800_caliper2,600,0.5,r54c171,r46c157,10:30,8:30,0
rho2800_caliper2,600,0.5,r55c169,r48c159,10:30,9:30,0
rho2800_caliper2,600,0.5,r55c170,r58c039,10:30,11:6,0
rho2800_caliper2,600,0.5,r55c171,r60c034,10:30,11:5,0
rho2800_caliper2,600,0.5,r55c172,r60c031,10:31,11:4,0
rho2800_caliper2,600,0.5,r55c173,r46c159,10:31,8:30,0
rho2800_caliper2,600,0.5,r55c174,r60c033,10:31,11:5,0
rho2800_caliper2,600,0.5,r56c171,r61c034,10:30,11:5,0
rho2800_caliper2,600,0.5,r56c173,r46c060,10:31,8:11,0
rho2800_caliper2,600,0.5,r56c177,r46c160,10:32,8:30,0
rho2800_caliper2,600,0.5,r57c172,r47c156,10:31,8:29,0
rho2800_caliper2,600,0.5,r57c173,r47c158,10:31,8:30,0
rho2800_caliper2,600,0.5,r57c175,r47c159,10:31,8:30,0
rho2800_caliper2,600,0.5,r57c176,r48c053,10:31,9:9,0
rho2800_caliper2,600,0.5,r57c177,r48c052,10:32,9:9,0
rho2800_caliper2,600,0.5,r57c178,r48c165,10:32,9:31,0
rho2800_caliper2,600,0.5,r58c172,r48c157,11:28,9:30,0
rho2800_caliper2,600,0.5,r58c173,r48c158,11:28,9:30,0
rho2800_caliper2,600,0.5,r58c174,r49c162,11:28,9:31,0
rho2800_caliper2,600,0.5,r58c175,r48c160,11:28,9:30,0
rho2800_caliper2,600,0.5,r58c176,r49c055,11:28,9:10,0
rho2800_caliper2,600,0.5,r59c000,r49c053,11:29,9:9,0
rho2800_caliper2,600,0.5,r59c001,r49c052,11:29,9:9,0
rho2800_caliper2,600,0.5,r59c175,r49c159,11:28,9:30,0
rho2800_caliper2,600,0.5,r59c179,r49c054,11:29,9:10,0
rho2800_caliper2,600,0.5,r60c000,r50c051,11:29,9:9,0
rho2800_caliper2,600,0.5,r60c012,r55c038,11:1,10:6,0
rho2800_caliper2,600,0.5,r60c013,r55c036,11:1,10:6,0
rho2800_caliper2,600,0.5,r60c179,r50c162,11:29,9:31,0
rho2800_caliper2,600,0.5,r61c006,r60c026,11:0,11:3,0
rho2800_caliper2,600,0.5,r61c007,r61c024,11:0,11:3,0
rho2800_caliper2,600,0.5,r61c009,r61c025,11:1,11:3,0
rho2800_caliper2,600,0.5,r61c012,r56c038,11:1,10:6,0
rho2800_caliper2,600,0.5,r61c013,r60c028,11:1,11:4,0
rho2800_caliper2,600,0.5,r61c014,r61c026,11:1,11:3,0
rho2800_caliper2,600,0.5,r61c015,r59c028,11:2,11:4,0
rho2800_caliper2,600,0.5,r62c005,r56c039,11:0,10:6,0
rho2800_caliper2,600,0.5,r62c009,r61c027,11:1,11:4,0
rho2800_caliper2,600,0.5,r62c012,r57c039,11:1,10:6,0
rho2800_caliper2,600,0.5,r62c013,r57c038,11:1,10:6,0
rho2800_caliper2,600,0.5,r62c014,r60c029,11:1,11:4,0
rho2800_caliper2,600,0.5,r62c015,r60c027,11:2,11:4,0
rho2800_caliper2,600,0.5,r62c016,r56c036,11:2,10:6,0
rho2800_caliper2,600,0.5,r62c017,r59c030,11:2,11:4,0
rho2800_caliper2,600,0.5,r62c018,r59c029,11:2,11:4,0
rho2800_caliper2,600,0.5,r62c019,r59c032,11:2,11:4,0
rho2800_caliper2,600,0.5,r62c020,r59c031,11:2,11:4,0
rho2800_caliper2,600,0.5,r62c021,r57c033,11:3,10:5,0
rho2800_caliper2,600,0.5,r63c002,r57c040,12:25,10:6,0
rho2800_caliper2,600,0.5,r63c012,r61c030,12:1,11:4,0
rho2800_caliper2,600,0.5,r63c013,r61c031,12:1,11:4,0
rho2800_caliper2,600,0.5,r63c014,r61c032,12:1,11:4,0
rho2800_caliper2,600,0.5,r63c016,r60c030,12:1,11:4,0
rho2800_caliper2,600,0.5,r63c017,r60c032,12:2,11:4,0
rho2800_caliper2,600,0.5,r63c018,r57c035,12:2,10:6,0
rho2800_caliper2,600,0.5,r63c019,r58c033,12:2,11:5,0
rho2800_caliper2,600,0.5,r63c020,r56c035,12:2,10:6,0
rho2800_caliper2,600,0.5,r63c021,r57c034,12:2,10:5,0
rho2800_caliper2,600,0.5,r64c015,r61c029,12:1,11:4,0
rho2800_caliper2,600,0.5,r64c016,r61c028,12:1,11:4,0
rho2800_caliper2,600,0.5,r64c017,r62c027,12:2,11:4,0
rho2800_caliper2,600,0.5,r64c018,r63c026,12:2,12:3,0
rho2800_caliper2,600,0.5,r64c019,r62c026,12:2,11:3,0
rho2800_caliper2,600,0.5,r64c020,r60c035,12:2,11:5,0
rho2800_caliper2,600,0.5,r64c021,r57c036,12:2,10:6,0
rho2800_caliper2,600,0.5,r64c022,r62c025,12:2,11:3,0
rho2800_caliper2,600,0.5,r65c017,r63c027,12:2,12:3,0
rho2800_caliper2,600,0.5,r65c019,r62c028,12:2,11:4,0
rho2800_caliper2,600,0.5,r65c020,r61c033,12:2,11:5,0
rho2800_caliper2,600,0.5,r66c018,r64c027,12:2,12:3,0
rho2800_caliper2,900,0,r50c167,r47c163,6:21,6:20,0
rho2800_caliper2,900,0,r50c168,r47c054,6:21,6:6,0
rho2800_caliper2,900,0,r50c169,r47c053,6:21,6:6,0
rho2800_caliper2,900,0,r50c170,r40c071,6:21,5:9,0
rho2800_caliper2,900,0,r51c166,r47c162,6:21,6:20,0
rho2800_caliper2,900,0,r51c167,r46c161,6:21,6:20,0
rho2800_caliper2,900,0,r51c169,r48c056,6:21,6:7,0
rho2800_caliper2,900,0,r51c170,r47c056,6:21,6:7,0
rho2800_caliper2,900,0,r51c171,r46c056,6:21,6:7,0
rho2800_caliper2,900,0,r52c166,r48c161,6:21,6:20,0
rho2800_caliper2,900,0,r52c167,r42c067,6:21,5:9,0
rho2800_caliper2,900,0,r52c168,r47c160,6:21,6:20,0
rho2800_caliper2,900,0,r52c171,r45c159,6:21,5:21,0
rho2800_caliper2,900,0,r53c168,r43c066,7:20,5:8,0
rho2800_caliper2,900,0,r53c170,r48c054,7:20,6:6,0
rho2800_caliper2,900,0,r53c171,r56c037,7:20,7:4,0
rho2800_caliper2,900,0,r54c169,r47c157,7:20,6:20,0
rho2800_caliper2,900,0,r54c170,r46c158,7:20,6:20,0
rho2800_caliper2,900,0,r54c171,r46c157,7:20,6:20,0
rho2800_caliper2,900,0,r55c169,r48c159,7:20,6:20,0
rho2800_caliper2,900,0,r55c170,r58c039,7:20,7:4,0
rho2800_caliper2,900,0,r55c171,r60c034,7:20,7:4,0
rho2800_caliper2,900,0,r55c172,r60c031,7:21,7:3,0
rho2800_caliper2,900,0,r55c173,r46c159,7:21,6:20,0
rho2800_caliper2,900,0,r55c174,r60c033,7:21,7:4,0
rho2800_caliper2,900,0,r56c171,r61c034,7:20,8:3,0
rho2800_caliper2,900,0,r56c173,r46c060,7:21,6:7,0
rho2800_caliper2,900,0,r56c177,r46c160,7:21,6:20,0
rho2800_caliper2,900,0,r57c172,r47c156,7:21,6:19,0
rho2800_caliper2,900,0,r57c173,r47c158,7:21,6:20,0
rho2800_caliper2,900,0,r57c175,r47c159,7:21,6:20,0
rho2800_caliper2,900,0,r57c176,r48c053,7:21,6:6,0
rho2800_caliper2,900,0,r57c177,r48c052,7:21,6:6,0
rho2800_caliper2,900,0,r57c178,r48c165,7:21,6:21,0
rho2800_caliper2,900,0,r58c172,r48c157,7:21,6:20,0
rho2800_caliper2,900,0,r58c173,r48c158,7:21,6:20,0
rho2800_caliper2,900,0,r58c174,r49c162,7:21,6:20,0
rho2800_caliper2,900,0,r58c175,r48c160,7:21,6:20,0
rho2800_caliper2,900,0,r58c176,r49c055,7:21,6:7,0
rho2800_caliper2,900,0,r59c000,r49c053,7:0,6:6,0
rho2800_caliper2,900,0,r59c001,r49c052,7:0,6:6,0
rho2800_caliper2,900,0,r59c175,r49c159,7:21,6:20,0
rho2800_caliper2,900,0,r59c179,r49c054,7:21,6:6,0
rho2800_caliper2,900,0,r60c000,r50c051,7:0,6:6,0
rho2800_caliper2,900,0,r60c012,r55c038,7:1,7:4,0
rho2800_caliper2,900,0,r60c013,r55c036,7:1,7:4,0
rho2800_caliper2,900,0,r60c179,r50c162,7:21,6:20,0
rho2800_caliper2,900,0,r61c006,r60c026,8:0,7:3,0
rho2800_caliper2,900,0,r61c007,r61c024,8:0,8:2,0
rho2800_caliper2,900,0,r61c009,r61c025,8:0,8:2,0
rho2800_caliper2,900,0,r61c012,r56c038,8:1,7:4,0
rho2800_caliper2,900,0,r61c013,r60c028,8:1,7:3,0
rho2800_caliper2,900,0,r61c014,r61c026,8:1,8:2,0
rho2800_caliper2,900,0,r61c015,r59c028,8:1,7:3,0
rho2800_caliper2,900,0,r62c005,r56c039,8:0,7:4,0
rho2800_caliper2,900,0,r62c009,r61c027,8:0,8:2,0
rho2800_caliper2,900,0,r62c012,r57c039,8:1,7:4,0
rho2800_caliper2,900,0,r62c013,r57c038,8:1,7:4,0
rho2800_caliper2,900,0,r62c014,r60c029,8:1,7:3,0
rho2800_caliper2,900,0,r62c015,r60c027,8:1,7:3,0
rho2800_caliper2,900,0,r62c016,r56c036,8:1,7:4,0
rho2800_caliper2,900,0,r62c017,r59c030,8:1,7:3,0
rho2800_caliper2,900,0,r62c018,r59c029,8:1,7:3,0
rho2800_caliper2,900,0,r62c019,r59c032,8:1,7:3,0
rho2800_caliper2,900,0,r62c020,r59c031,8:2,7:3,0
rho2800_caliper2,900,0,r62c021,r57c033,8:2,7:4,0
rho2800_caliper2,900,0,r63c002,r57c040,8:0,7:4,0
rho2800_caliper2,900,0,r63c012,r61c030,8:1,8:3,0
rho2800_caliper2,900,0,r63c013,r61c031,8:1,8:3,0
rho2800_caliper2,900,0,r63c014,r61c032,8:1,8:3,0
rho2800_caliper2,900,0,r63c016,r60c030,8:1,7:3,0
rho2800_caliper2,900,0,r63c017,r60c032,8:1,7:3,0
rho2800_caliper2,900,0,r63c018,r57c035,8:1,7:4,0
rho2800_caliper2,900,0,r63c019,r58c033,8:1,7:4,0
rho2800_caliper2,900,0,r63c020,r56c035,8:2,7:4,0
rho2800_caliper2,900,0,r63c021,r57c034,8:2,7:4,0
rho2800_caliper2,900,0,r64c015,r61c029,8:1,8:2,0
rho2800_caliper2,900,0,r64c016,r61c028,8:1,8:2,0
rho2800_caliper2,900,0,r64c017,r62c027,8:1,8:2,0
rho2800_caliper2,900,0,r64c018,r63c026,8:1,8:2,0
rho2800_caliper2,900,0,r64c019,r62c026,8:1,8:2,0
rho2800_caliper2,900,0,r64c020,r60c035,8:2,7:4,0
rho2800_caliper2,900,0,r64c021,r57c036,8:2,7:4,0
rho2800_caliper2,900,0,r64c022,r62c025,8:2,8:2,0
rho2800_caliper2,900,0,r65c017,r63c027,8:1,8:2,0
rho2800_caliper2,900,0,r65c019,r62c028,8:1,8:2,0
rho2800_caliper2,900,0,r65c020,r61c033,8:2,8:3,0
rho2800_caliper2,900,0,r66c018,r64c027,8:1,8:2,0
rho2800_caliper2,900,0.5,r50c167,r47c163,6:20,5:21,0
rho2800_caliper2,900,0.5,r50c168,r47c054,6:21,5:6,0
rho2800_caliper2,900,0.5,r50c169,r47c053,6:21,5:6,0
rho2800_caliper2,900,0.5,r50c170,r40c071,6:21,4:8,0
rho2800_caliper2,900,0.5,r51c166,r47c162,6:20,5:21,0
rho2800_caliper2,900,0.5,r51c167,r46c161,6:20,5:21,0
rho2800_caliper2,900,0.5,r51c169,r48c056,6:21,5:7,0
rho2800_caliper2,900,0.5,r51c170,r47c056,6:21,5:7,0
rho2800_caliper2,900,0.5,r51c171,r46c056,6:21,5:7,0
rho2800_caliper2,900,0.5,r52c166,r48c161,6:20,5:21,0
rho2800_caliper2,900,0.5,r52c167,r42c067,6:20,5:8,0
rho2800_caliper2,900,0.5,r52c168,r47c160,6:21,5:20,0
rho2800_caliper2,900,0.5,r52c171,r45c159,6:21,5:20,0
rho2800_caliper2,900,0.5,r53c168,r43c066,6:21,5:8,0
rho2800_caliper2,900,0.5,r53c170,r48c054,6:21,5:6,0
rho2800_caliper2,900,0.5,r53c171,r56c037,6:21,6:4,0
rho2800_caliper2,900,0.5,r54c169,r47c157,6:21,5:20,0
rho2800_caliper2,900,0.5,r54c170,r46c158,6:21,5:20,0
rho2800_caliper2,900,0.5,r54c171,r46c157,6:21,5:20,0
rho2800_caliper2,900,0.5,r55c169,r48c159,6:21,5:20,0
rho2800_caliper2,900,0.5,r55c170,r58c039,6:21,7:3,0
rho2800_caliper2,900,0.5,r55c171,r60c034,6:21,7:3,0
rho2800_caliper2,900,0.5,r55c172,r60c031,6:21,7:3,0
rho2800_caliper2,900,0.5,r55c173,r46c159,6:21,5:20,0
rho2800_caliper2,900,0.5,r55c174,r60c033,6:21,7:3,0
rho2800_caliper2,900,0.5,r56c171,r61c034,6:21,7:3,0
rho2800_caliper2,900,0.5,r56c173,r46c060,6:21,5:7,0
rho2800_caliper2,900,0.5,r56c177,r46c160,6:22,5:20,0
rho2800_caliper2,900,0.5,r57c172,r47c156,7:18,5:20,0
rho2800_caliper2,900,0.5,r57c173,r47c158,7:18,5:20,0
rho2800_caliper2,900,0.5,r57c175,r47c159,7:19,5:20,0
rho2800_caliper2,900,0.5,r57c176,r48c053,7:19,5:6,0
rho2800_caliper2,900,0.5,r57c177,r48c052,7:19,5:6,0
rho2800_caliper2,900,0.5,r57c178,r48c165,7:19,5:21,0
rho2800_caliper2,900,0.5,r58c172,r48c157,7:18,5:20,0
rho2800_caliper2,900,0.5,r58c173,r48c158,7:18,5:20,0
rho2800_caliper2,900,0.5,r58c174,r49c162,7:18,6:20,0
rho2800_caliper2,900,0.5,r58c175,r48c160,7:19,5:20,0
rho2800_caliper2,900,0.5,r58c176,r49c055,7:19,6:6,0
rho2800_caliper2,900,0.5,r59c000,r49c053,7:19,6:6,0
rho2800_caliper2,900,0.5,r59c001,r49c052,7:19,6:6,0
rho2800_caliper2,900,0.5,r59c175,r49c159,7:19,6:19,0
rho2800_caliper2,900,0.5,r59c179,r49c054,7:19,6:6,0
rho2800_caliper2,900,0.5,r60c000,r50c051,7:19,6:6,0
rho2800_caliper2,900,0.5,r60c012,r55c038,7:0,6:4,0
rho2800_caliper2,900,0.5,r60c013,r55c036,7:1,6:4,0
rho2800_caliper2,900,0.5,r60c179,r50c162,7:19,6:20,0
rho2800_caliper2,900,0.5,r61c006,r60c026,7:0,7:2,0
rho2800_caliper2,900,0.5,r61c007,r61c024,7:0,7:2,0
rho2800_caliper2,900,0.5,r61c009,r61c025,7:0,7:2,0
rho2800_caliper2,900,0.5,r61c012,r56c038,7:0,6:4,0
rho2800_caliper2,900,0.5,r61c013,r60c028,7:1,7:2,0
rho2800_caliper2,900,0.5,r61c014,r61c026,7:1,7:2,0
rho2800_caliper2,900,0.5,r61c015,r59c028,7:1,7:2,0
rho2800_caliper2,900,0.5,r62c005,r56c039,7:0,6:4,0
rho2800_caliper2,900,0.5,r62c009,r61c027,7:0,7:2,0
rho2800_caliper2,900,0.5,r62c012,r57c039,7:0,7:3,0
rho2800_caliper2,900,0.5,r62c013,r57c038,7:1,7:3,0
rho2800_caliper2,900,0.5,r62c014,r60c029,7:1,7:2,0
rho2800_caliper2,900,0.5,r62c015,r60c027,7:1,7:2,0
rho2800_caliper2,900,0.5,r62c016,r56c036,7:1,6:4,0
rho2800_caliper2,900,0.5,r62c017,r59c030,7:1,7:2,0
rho2800_caliper2,900,0.5,r62c018,r59c029,7:1,7:2,0
rho2800_caliper2,900,0.5,r62c019,r59c032,7:1,7:3,0
rho2800_caliper2,900,0.5,r62c020,r59c031,7:1,7:3,0
rho2800_caliper2,900,0.5,r62c021,r57c033,7:1,7:3,0
rho2800_caliper2,900,0.5,r63c002,r57c040,7:19,7:4,0
rho2800_caliper2,900,0.5,r63c012,r61c030,7:0,7:2,0
rho2800_caliper2,900,0.5,r63c013,r61c031,7:1,7:3,0
rho2800_caliper2,900,0.5,r63c014,r61c032,7:1,7:3,0
rho2800_caliper2,900,0.5,r63c016,r60c030,7:1,7:2,0
rho2800_caliper2,900,0.5,r63c017,r60c032,7:1,7:3,0
rho2800_caliper2,900,0.5,r63c018,r57c035,7:1,7:3,0
rho2800_caliper2,900,0.5,r63c019,r58c033,7:1,7:3,0
rho2800_caliper2,900,0.5,r63c020,r56c035,7:1,6:4,0
rho2800_caliper2,900,0.5,r63c021,r57c034,7:1,7:3,0
rho2800_caliper2,900,0.5,r64c015,r61c029,7:1,7:2,0
rho2800_caliper2,900,0.5,r64c016,r61c028,7:1,7:2,0
rho2800_caliper2,900,0.5,r64c017,r62c027,7:1,7:2,0
rho2800_caliper2,900,0.5,r64c018,r63c026,7:1,7:2,0
rho2800_caliper2,900,0.5,r64c019,r62c026,7:1,7:2,0
rho2800_caliper2,900,0.5,r64c020,r60c035,7:1,7:3,0
rho2800_caliper2,900,0.5,r64c021,r57c036,7:1,7:3,0
rho2800_caliper2,900,0.5,r64c022,r62c025,7:2,7:2,0
rho2800_caliper2,900,0.5,r65c017,r63c027,8:1,7:2,0
rho2800_caliper2,900,0.5,r65c019,r62c028,8:1,7:2,0
rho2800_caliper2,900,0.5,r65c020,r61c033,8:1,7:3,0
rho2800_caliper2,900,0.5,r66c018,r64c027,8:1,7:2,0
rho2900_caliper0.5,300,0,r52c166,r50c162,20:63,19:63,0
rho2900_caliper0.5,300,0,r61c015,r61c024,24:5,24:8,3
rho2900_caliper0.5,300,0,r62c012,r61c030,24:4,24:9,2
rho2900_caliper0.5,300,0,r62c015,r61c026,24:5,24:8,3
rho2900_caliper0.5,300,0,r62c016,r61c025,24:5,24:8,3
rho2900_caliper0.5,300,0,r62c018,r60c026,24:6,23:9,1
rho2900_caliper0.5,300,0,r63c018,r61c027,25:5,24:9,2
rho2900_caliper0.5,300,0,r63c020,r62c025,25:6,24:8,3
rho2900_caliper0.5,300,0,r64c021,r63c026,25:6,25:8,3
rho2900_caliper0.5,300,0.5,r52c166,r50c162,20:62,19:62,0
rho2900_caliper0.5,300,0.5,r61c015,r61c024,23:4,23:7,1
rho2900_caliper0.5,300,0.5,r62c012,r61c030,24:3,23:9,3
rho2900_caliper0.5,300,0.5,r62c015,r61c026,24:4,23:8,2
rho2900_caliper0.5,300,0.5,r62c016,r61c025,24:4,23:8,2
rho2900_caliper0.5,300,0.5,r62c018,r60c026,24:5,23:8,2
rho2900_caliper0.5,300,0.5,r63c018,r61c027,24:5,23:8,2
rho2900_caliper0.5,300,0.5,r63c020,r62c025,24:5,24:7,2
rho2900_caliper0.5,300,0.5,r64c021,r63c026,24:6,24:7,2
rho2900_caliper0.5,600,0,r52c166,r50c162,10:31,9:31,0
rho2900_caliper0.5,600,0,r61c015,r61c024,12:2,12:3,1
rho2900_caliper0.5,600,0,r62c012,r61c030,12:1,12:4,1
rho2900_caliper0.5,600,0,r62c015,r61c026,12:2,12:4,1
rho2900_caliper0.5,600,0,r62c016,r61c025,12:2,12:3,1
rho2900_caliper0.5,600,0,r62c018,r60c026,12:2,11:4,1
rho2900_caliper0.5,600,0,r63c018,r61c027,12:2,12:4,1
rho2900_caliper0.5,600,0,r63c020,r62c025,12:3,12:3,1
rho2900_caliper0.5,600,0,r64c021,r63c026,12:3,12:4,1
rho2900_caliper0.5,600,0.5,r52c166,r50c162,9:31,9:31,1
rho2900_caliper0.5,600,0.5,r61c015,r61c024,11:2,11:3,0
rho2900_caliper0.5,600,0.5,r62c012,r61c030,11:1,11:4,0
rho2900_caliper0.5,600,0.5,r62c015,r61c026,11:2,11:3,0
rho2900_caliper0.5,600,0.5,r62c016,r61c025,11:2,11:3,0
rho2900_caliper0.5,600,0.5,r62c018,r60c026,11:2,11:3,0
rho2900_caliper0.5,600,0.5,r63c018,r61c027,12:2,11:4,0
rho2900_caliper0.5,600,0.5,r63c020,r62c025,12:2,11:3,0
rho2900_caliper0.5,600,0.5,r64c021,r63c026,12:2,12:3,0
rho2900_caliper0.5,900,0,r52c166,r50c162,6:21,6:20,0
rho2900_caliper0.5,900,0,r61c015,r61c024,8:1,8:2,1
rho2900_caliper0.5,900,0,r62c012,r61c030,8:1,8:3,1
rho2900_caliper0.5,900,0,r62c015,r61c026,8:1,8:2,1
rho2900_caliper0.5,900,0,r62c016,r61c025,8:1,8:2,1
rho2900_caliper0.5,900,0,r62c018,r60c026,8:1,7:3,1
rho2900_caliper0.5,900,0,r63c018,r61c027,8:1,8:2,1
rho2900_caliper0.5,900,0,r63c020,r62c025,8:2,8:2,1
rho2900_caliper0.5,900,0,r64c021,r63c026,8:2,8:2,1
rho2900_caliper0.5,900,0.5,r52c166,r50c162,6:20,6:20,0
rho2900_caliper0.5,900,0.5,r61c015,r61c024,7:1,7:2,1
rho2900_caliper0.5,900,0.5,r62c012,r61c030,7:0,7:2,1
rho2900_caliper0.5,900,0.5,r62c015,r61c026,7:1,7:2,1
rho2900_caliper0.5,900,0.5,r62c016,r61c025,7:1,7:2,1
rho2900_caliper0.5,900,0.5,r62c018,r60c026,7:1,7:2,1
rho2900_caliper0.5,900,0.5,r63c018,r61c027,7:1,7:2,1
rho2900_caliper0.5,900,0.5,r63c020,r62c025,7:1,7:2,1
rho2900_caliper0.5,900,0.5,r64c021,r63c026,7:1,7:2,1
rho2900_caliper1,300,0,r50c167,r47c163,19:65,18:64,0
rho2900_caliper1,300,0,r50c170,r46c161,19:66,18:63,0
rho2900_caliper1,300,0,r51c166,r48c161,20:63,19:62,0
rho2900_caliper1,300,0,r51c167,r47c162,20:64,18:64,0
rho2900_caliper1,300,0,r52c166,r49c162,20:63,19:63,0
rho2900_caliper1,300,0,r52c167,r48c160,20:64,19:62,0
rho2900_caliper1,300,0,r52c168,r47c160,20:64,18:63,0
rho2900_caliper1,300,0,r52c171,r48c165,20:65,19:64,1
rho2900_caliper1,300,0,r53c168,r50c162,21:62,19:63,0
rho2900_caliper1,300,0,r53c170,r48c159,21:63,19:62,0
rho2900_caliper1,300,0,r54c169,r49c159,21:63,19:62,0
rho2900_caliper1,300,0,r54c171,r50c051,21:63,19:20,0
rho2900_caliper1,300,0,r57c172,r57c040,22:62,22:14,2
rho2900_caliper1,300,0,r60c013,r61c024,23:4,24:8,2
rho2900_caliper1,300,0,r61c012,r56c039,24:4,22:14,2
rho2900_caliper1,300,0,r61c013,r60c026,24:4,23:9,2
rho2900_caliper1,300,0,r61c015,r56c038,24:5,22:13,2
rho2900_caliper1,300,0,r62c009,r61c032,24:3,24:10,2
rho2900_caliper1,300,0,r62c012,r64c027,24:4,25:8,2
rho2900_caliper1,300,0,r62c013,r61c029,24:4,24:9,2
rho2900_caliper1,300,0,r62c014,r61c026,24:4,24:8,2
rho2900_caliper1,300,0,r62c015,r60c029,24:5,23:10,2
rho2900_caliper1,300,0,r62c016,r60c027,24:5,23:9,2
rho2900_caliper1,300,0,r62c017,r61c025,24:5,24:8,2
rho2900_caliper1,300,0,r62c018,r59c030,24:6,23:10,2
rho2900_caliper1,300,0,r62c019,r59c032,24:6,23:11,2
rho2900_caliper1,300,0,r62c020,r59c031,24:6,23:10,2
rho2900_caliper1,300,0,r62c021,r59c028,24:7,23:9,2
rho2900_caliper1,300,0,r63c013,r61c031,25:4,24:10,2
rho2900_caliper1,300,0,r63c016,r61c027,25:5,24:9,2
rho2900_caliper1,300,0,r63c017,r60c030,25:5,23:10,2
rho2900_caliper1,300,0,r63c018,r60c032,25:5,23:11,2
rho2900_caliper1,300,0,r63c019,r60c028,25:5,23:9,2
rho2900_caliper1,300,0,r63c020,r62c025,25:6,24:8,2
rho2900_caliper1,300,0,r63c021,r59c029,25:6,23:10,2
rho2900_caliper1,300,0,r64c015,r61c030,25:4,24:9,2
rho2900_caliper1,300,0,r64c016,r63c027,25:5,25:8,2
rho2900_caliper1,300,0,r64c017,r62c028,25:5,24:9,2
rho2900_caliper1,300,0,r64c018,r62c027,25:5,24:9,2
rho2900_caliper1,300,0,r64c019,r61c028,25:5,24:9,2
rho2900_caliper1,300,0,r64c020,r63c026,25:6,25:8,2
rho2900_caliper1,300,0,r64c021,r60c035,25:6,23:12,2
rho2900_caliper1,300,0,r64c022,r62c026,25:6,24:8,2
rho2900_caliper1,300,0,r65c020,r61c033,25:6,24:10,2
rho2900_caliper1,300,0.5,r50c167,r47c163,19:64,18:63,2
rho2900_caliper1,300,0.5,r50c170,r46c161,19:65,17:63,0
rho2900_caliper1,300,0.5,r51c166,r48c161,19:64,18:63,2
rho2900_caliper1,300,0.5,r51c167,r47c162,19:64,18:63,2
rho2900_caliper1,300,0.5,r52c166,r49c162,20:62,19:62,1
rho2900_caliper1,300,0.5,r52c167,r48c160,20:62,18:62,1
rho2900_caliper1,300,0.5,r52c168,r47c160,20:63,18:62,1
rho2900_caliper1,300,0.5,r52c171,r48c165,20:64,18:64,3
rho2900_caliper1,300,0.5,r53c168,r50c162,20:63,19:62,1
rho2900_caliper1,300,0.5,r53c170,r48c159,20:63,18:62,1
rho2900_caliper1,300,0.5,r54c169,r49c159,20:63,19:61,1
rho2900_caliper1,300,0.5,r54c171,r50c051,20:64,19:19,3
rho2900_caliper1,300,0.5,r57c172,r57c040,22:59,22:13,5
rho2900_caliper1,300,0.5,r60c013,r61c024,23:4,23:7,4
rho2900_caliper1,300,0.5,r61c012,r56c039,23:3,21:13,4
rho2900_caliper1,300,0.5,r61c013,r60c026,23:4,23:8,4
rho2900_caliper1,300,0.5,r61c015,r56c038,23:4,21:13,4
rho2900_caliper1,300,0.5,r62c009,r61c032,24:2,23:10,4
rho2900_caliper1,300,0.5,r62c012,r64c027,24:3,24:8,4
rho2900_caliper1,300,0.5,r62c013,r61c029,24:3,23:9,4
rho2900_caliper1,300,0.5,r62c014,r61c026,24:4,23:8,4
rho2900_caliper1,300,0.5,r62c015,r60c029,24:4,23:9,4
rho2900_caliper1,300,0.5,r62c016,r60c027,24:4,23:8,4
rho2900_caliper1,300,0.5,r62c017,r61c025,24:5,23:8,4
rho2900_caliper1,300,0.5,r62c018,r59c030,24:5,22:10,4
rho2900_caliper1,300,0.5,r62c019,r59c032,24:5,22:10,4
rho2900_caliper1,300,0.5,r62c020,r59c031,24:5,22:10,4
rho2900_caliper1,300,0.5,r62c021,r59c028,24:6,22:9,4
rho2900_caliper1,300,0.5,r63c013,r61c031,24:3,23:10,4
rho2900_caliper1,300,0.5,r63c016,r61c027,24:4,23:8,4
rho2900_caliper1,300,0.5,r63c017,r60c030,24:5,23:9,4
rho2900_caliper1,300,0.5,r63c018,r60c032,24:5,23:10,4
rho2900_caliper1,300,0.5,r63c019,r60c028,24:5,23:9,4
rho2900_caliper1,300,0.5,r63c020,r62c025,24:5,24:7,4
rho2900_caliper1,300,0.5,r63c021,r59c029,24:6,22:9,4
rho2900_caliper1,300,0.5,r64c015,r61c030,24:4,23:9,4
rho2900_caliper1,300,0.5,r64c016,r63c027,24:4,24:8,4
rho2900_caliper1,300,0.5,r64c017,r62c028,24:5,24:8,4
rho2900_caliper1,300,0.5,r64c018,r62c027,24:5,24:8,4
rho2900_caliper1,300,0.5,r64c019,r61c028,24:5,23:9,4
rho2900_caliper1,300,0.5,r64c020,r63c026,24:5,24:7,4
rho2900_caliper1,300,0.5,r64c021,r60c035,24:6,23:11,4
rho2900_caliper1,300,0.5,r64c022,r62c026,24:6,24:7,4
rho2900_caliper1,300,0.5,r65c020,r61c033,25:5,23:10,4
rho2900_caliper1,600,0,r50c167,r47c163,9:32,9:31,0
rho2900_caliper1,600,0,r50c170,r46c161,9:33,9:31,0
rho2900_caliper1,600,0,r51c166,r48c161,10:31,9:31,0
rho2900_caliper1,600,0,r51c167,r47c162,10:31,9:31,0
rho2900_caliper1,600,0,r52c166,r49c162,10:31,9:31,0
rho2900_caliper1,600,0,r52c167,r48c160,10:31,9:31,0
rho2900_caliper1,600,0,r52c168,r47c160,10:31,9:31,0
rho2900_caliper1,600,0,r52c171,r48c165,10:32,9:32,0
rho2900_caliper1,600,0,r53c168,r50c162,10:31,9:31,0
rho2900_caliper1,600,0,r53c170,r48c159,10:32,9:31,0
rho2900_caliper1,600,0,r54c169,r49c159,10:32,9:31,0
rho2900_caliper1,600,0,r54c171,r50c051,10:32,9:10,0
rho2900_caliper1,600,0,r57c172,r57c040,11:30,11:7,1
rho2900_caliper1,600,0,r60c013,r61c024,11:2,12:3,1
rho2900_caliper1,600,0,r61c012,r56c039,12:1,11:7,1
rho2900_caliper1,600,0,r61c013,r60c026,12:2,11:4,1
rho2900_caliper1,600,0,r61c015,r56c038,12:2,11:6,1
rho2900_caliper1,600,0,r62c009,r61c032,12:1,12:5,1
rho2900_caliper1,600,0,r62c012,r64c027,12:1,12:4,1
rho2900_caliper1,600,0,r62c013,r61c029,12:2,12:4,1
rho2900_caliper1,600,0,r62c014,r61c026,12:2,12:4,1
rho2900_caliper1,600,0,r62c015,r60c029,12:2,11:5,1
rho2900_caliper1,600,0,r62c016,r60c027,12:2,11:4,1
rho2900_caliper1,600,0,r62c017,r61c025,12:2,12:3,1
rho2900_caliper1,600,0,r62c018,r59c030,12:2,11:5,1
rho2900_caliper1,600,0,r62c019,r59c032,12:3,11:5,1
rho2900_caliper1,600,0,r62c020,r59c031,12:3,11:5,1
rho2900_caliper1,600,0,r62c021,r59c028,12:3,11:5,1
rho2900_caliper1,600,0,r63c013,r61c031,12:2,12:4,1
rho2900_caliper1,600,0,r63c016,r61c027,12:2,12:4,1
rho2900_caliper1,600,0,r63c017,r60c030,12:2,11:5,1
rho2900_caliper1,600,0,r63c018,r60c032,12:2,11:5,1
rho2900_caliper1,600,0,r63c019,r60c028,12:3,11:5,1
rho2900_caliper1,600,0,r63c020,r62c025,12:3,12:3,1
rho2900_caliper1,600,0,r63c021,r59c029,12:3,11:5,1
rho2900_caliper1,600,0,r64c015,r61c030,12:2,12:4,1
rho2900_caliper1,600,0,r64c016,r63c027,12:2,12:4,1
rho2900_caliper1,600,0,r64c017,r62c028,12:2,12:4,1
rho2900_caliper1,600,0,r64c018,r62c027,12:2,12:4,1
rho2900_caliper1,600,0,r64c019,r61c028,12:3,12:4,1
rho2900_caliper1,600,0,r64c020,r63c026,12:3,12:4,1
rho2900_caliper1,600,0,r64c021,r60c035,12:3,11:6,1
rho2900_caliper1,600,0,r64c022,r62c026,12:3,12:4,1
rho2900_caliper1,600,0,r65c020,r61c033,12:3,12:5,1
rho2900_caliper1,600,0.5,r50c167,r47c163,9:32,8:31,0
rho2900_caliper1,600,0.5,r50c170,r46c161,9:32,8:30,0
rho2900_caliper1,600,0.5,r51c166,r48c161,9:31,9:30,0
rho2900_caliper1,600,0.5,r51c167,r47c162,9:32,8:31,0
rho2900_caliper1,600,0.5,r52c166,r49c162,9:31,9:31,0
rho2900_caliper1,600,0.5,r52c167,r48c160,9:32,9:30,0
rho2900_caliper1,600,0.5,r52c168,r47c160,9:32,8:30,0
rho2900_caliper1,600,0.5,r52c171,r48c165,9:32,9:31,0
rho2900_caliper1,600,0.5,r53c168,r50c162,10:30,9:31,0
rho2900_caliper1,600,0.5,r53c170,r48c159,10:30,9:30,0
rho2900_caliper1,600,0.5,r54c169,r49c159,10:30,9:30,0
rho2900_caliper1,600,0.5,r54c171,r50c051,10:30,9:9,0
rho2900_caliper1,600,0.5,r57c172,r57c040,10:31,10:6,1
rho2900_caliper1,600,0.5,r60c013,r61c024,11:1,11:3,1
rho2900_caliper1,600,0.5,r61c012,r56c039,11:1,10:6,1
rho2900_caliper1,600,0.5,r61c013,r60c026,11:1,11:3,1
rho2900_caliper1,600,0.5,r61c015,r56c038,11:2,10:6,1
rho2900_caliper1,600,0.5,r62c009,r61c032,11:1,11:4,1
rho2900_caliper1,600,0.5,r62c012,r64c027,11:1,12:3,1
rho2900_caliper1,600,0.5,r62c013,r61c029,11:1,11:4,1
rho2900_caliper1,600,0.5,r62c014,r61c026,11:1,11:3,1
rho2900_caliper1,600,0.5,r62c015,r60c029,11:2,11:4,1
rho2900_caliper1,600,0.5,r62c016,r60c027,11:2,11:4,1
rho2900_caliper1,600,0.5,r62c017,r61c025,11:2,11:3,1
rho2900_caliper1,600,0.5,r62c018,r59c030,11:2,11:4,1
rho2900_caliper1,600,0.5,r62c019,r59c032,11:2,11:4,1
rho2900_caliper1,600,0.5,r62c020,r59c031,11:2,11:4,1
rho2900_caliper1,600,0.5,r62c021,r59c028,11:3,11:4,1
rho2900_caliper1,600,0.5,r63c013,r61c031,12:1,11:4,1
rho2900_caliper1,600,0.5,r63c016,r61c027,12:1,11:4,1
rho2900_caliper1,600,0.5,r63c017,r60c030,12:2,11:4,1
rho2900_caliper1,600,0.5,r63c018,r60c032,12:2,11:4,1
rho2900_caliper1,600,0.5,r63c019,r60c028,12:2,11:4,1
rho2900_caliper1,600,0.5,r63c020,r62c025,12:2,11:3,1
rho2900_caliper1,600,0.5,r63c021,r59c029,12:2,11:4,1
rho2900_caliper1,600,0.5,r64c015,r61c030,12:1,11:4,1
rho2900_caliper1,600,0.5,r64c016,r63c027,12:1,12:3,1
rho2900_caliper1,600,0.5,r64c017,r62c028,12:2,11:4,1
rho2900_caliper1,600,0.5,r64c018,r62c027,12:2,11:4,1
rho2900_caliper1,600,0.5,r64c019,r61c028,12:2,11:4,1
rho2900_caliper1,600,0.5,r64c020,r63c026,12:2,12:3,1
rho2900_caliper1,600,0.5,r64c021,r60c035,12:2,11:5,1
rho2900_caliper1,600,0.5,r64c022,r62c026,12:2,11:3,1
rho2900_caliper1,600,0.5,r65c020,r61c033,12:2,11:5,1
rho2900_caliper1,900,0,r50c167,r47c163,6:21,6:20,0
rho2900_caliper1,900,0,r50c170,r46c161,6:21,6:20,0
rho2900_caliper1,900,0,r51c166,r48c161,6:21,6:20,0
rho2900_caliper1,900,0,r51c167,r47c162,6:21,6:20,0
rho2900_caliper1,900,0,r52c166,r49c162,6:21,6:20,0
rho2900_caliper1,900,0,r52c167,r48c160,6:21,6:20,0
rho2900_caliper1,900,0,r52c168,r47c160,6:21,6:20,0
rho2900_caliper1,900,0,r52c171,r48c165,6:21,6:21,0
rho2900_caliper1,900,0,r53c168,r50c162,7:20,6:20,0
rho2900_caliper1,900,0,r53c170,r48c159,7:20,6:20,0
rho2900_caliper1,900,0,r54c169,r49c159,7:20,6:20,0
rho2900_caliper1,900,0,r54c171,r50c051,7:20,6:6,0
rho2900_caliper1,900,0,r57c172,r57c040,7:21,7:4,1
rho2900_caliper1,900,0,r60c013,r61c024,7:1,8:2,1
rho2900_caliper1,900,0,r61c012,r56c039,8:1,7:4,1
rho2900_caliper1,900,0,r61c013,r60c026,8:1,7:3,1
rho2900_caliper1,900,0,r61c015,r56c038,8:1,7:4,1
rho2900_caliper1,900,0,r62c009,r61c032,8:0,8:3,1
rho2900_caliper1,900,0,r62c012,r64c027,8:1,8:2,1
rho2900_caliper1,900,0,r62c013,r61c029,8:1,8:2,1
rho2900_caliper1,900,0,r62c014,r61c026,8:1,8:2,1
rho2900_caliper1,900,0,r62c015,r60c029,8:1,7:3,1
rho2900_caliper1,900,0,r62c016,r60c027,8:1,7:3,1
rho2900_caliper1,900,0,r62c017,r61c025,8:1,8:2,1
rho2900_caliper1,900,0,r62c018,r59c030,8:1,7:3,1
rho2900_caliper1,900,0,r62c019,r59c032,8:1,7:3,1
rho2900_caliper1,900,0,r62c020,r59c031,8:2,7:3,1
rho2900_caliper1,900,0,r62c021,r59c028,8:2,7:3,1
rho2900_caliper1,900,0,r63c013,r61c031,8:1,8:3,1
rho2900_caliper1,900,0,r63c016,r61c027,8:1,8:2,1
rho2900_caliper1,900,0,r63c017,r60c030,8:1,7:3,1
rho2900_caliper1,900,0,r63c018,r60c032,8:1,7:3,1
rho2900_caliper1,900,0,r63c019,r60c028,8:1,7:3,1
rho2900_caliper1,900,0,r63c020,r62c025,8:2,8:2,1
rho2900_caliper1,900,0,r63c021,r59c029,8:2,7:3,1
rho2900_caliper1,900,0,r64c015,r61c030,8:1,8:3,1
rho2900_caliper1,900,0,r64c016,r63c027,8:1,8:2,1
rho2900_caliper1,900,0,r64c017,r62c028,8:1,8:2,1
rho2900_caliper1,900,0,r64c018,r62c027,8:1,8:2,1
rho2900_caliper1,900,0,r64c019,r61c028,8:1,8:2,1
rho2900_caliper1,900,0,r64c020,r63c026,8:2,8:2,1
rho2900_caliper1,900,0,r64c021,r60c035,8:2,7:4,1
rho2900_caliper1,900,0,r64c022,r62c026,8:2,8:2,1
rho2900_caliper1,900,0,r65c020,r61c033,8:2,8:3,1
rho2900_caliper1,900,0.5,r50c167,r47c163,6:20,5:21,0
rho2900_caliper1,900,0.5,r50c170,r46c161,6:21,5:21,0
rho2900_caliper1,900,0.5,r51c166,r48c161,6:20,5:21,0
rho2900_caliper1,900,0.5,r51c167,r47c162,6:20,5:21,0
rho2900_caliper1,900,0.5,r52c166,r49c162,6:20,6:20,0
rho2900_caliper1,900,0.5,r52c167,r48c160,6:20,5:20,0
rho2900_caliper1,900,0.5,r52c168,r47c160,6:21,5:20,0
rho2900_caliper1,900,0.5,r52c171,r48c165,6:21,5:21,0
rho2900_caliper1,900,0.5,r53c168,r50c162,6:21,6:20,0
rho2900_caliper1,900,0.5,r53c170,r48c159,6:21,5:20,0
rho2900_caliper1,900,0.5,r54c169,r49c159,6:21,6:19,0
rho2900_caliper1,900,0.5,r54c171,r50c051,6:21,6:6,0
rho2900_caliper1,900,0.5,r57c172,r57c040,7:18,7:4,2
rho2900_caliper1,900,0.5,r60c013,r61c024,7:1,7:2,1
rho2900_caliper1,900,0.5,r61c012,r56c039,7:0,6:4,1
rho2900_caliper1,900,0.5,r61c013,r60c026,7:1,7:2,1
rho2900_caliper1,900,0.5,r61c015,r56c038,7:1,6:4,1
rho2900_caliper1,900,0.5,r62c009,r61c032,7:0,7:3,1
rho2900_caliper1,900,0.5,r62c012,r64c027,7:0,7:2,1
rho2900_caliper1,900,0.5,r62c013,r61c029,7:1,7:2,1
rho2900_caliper1,900,0.5,r62c014,r61c026,7:1,7:2,1
rho2900_caliper1,900,0.5,r62c015,r60c029,7:1,7:2,1
rho2900_caliper1,900,0.5,r62c016,r60c027,7:1,7:2,1
rho2900_caliper1,900,0.5,r62c017,r61c025,7:1,7:2,1
rho2900_caliper1,900,0.5,r62c018,r59c030,7:1,7:2,1
rho2900_caliper1,900,0.5,r62c019,r59c032,7:1,7:3,1
rho2900_caliper1,900,0.5,r62c020,r59c031,7:1,7:3,1
rho2900_caliper1,900,0.5,r62c021,r59c028,7:1,7:2,1
rho2900_caliper1,900,0.5,r63c013,r61c031,7:1,7:3,1
rho2900_caliper1,900,0.5,r63c016,r61c027,7:1,7:2,1
rho2900_caliper1,900,0.5,r63c017,r60c030,7:1,7:2,1
rho2900_caliper1,900,0.5,r63c018,r60c032,7:1,7:3,1
rho2900_caliper1,900,0.5,r63c019,r60c028,7:1,7:2,1
rho2900_caliper1,900,0.5,r63c020,r62c025,7:1,7:2,1
rho2900_caliper1,900,0.5,r63c021,r59c029,7:1,7:2,1
rho2900_caliper1,900,0.5,r64c015,r61c030,7:1,7:2,1
rho2900_caliper1,900,0.5,r64c016,r63c027,7:1,7:2,1
rho2900_caliper1,900,0.5,r64c017,r62c028,7:1,7:2,1
rho2900_caliper1,900,0.5,r64c018,r62c027,7:1,7:2,1
rho2900_caliper1,900,0.5,r64c019,r61c028,7:1,7:2,1
rho2900_caliper1,900,0.5,r64c020,r63c026,7:1,7:2,1
rho2900_caliper1,900,0.5,r64c021,r60c035,7:1,7:3,1
rho2900_caliper1,900,0.5,r64c022,r62c026,7:2,7:2,1
rho2900_caliper1,900,0.5,r65c020,r61c033,8:1,7:3,1
rho2900_caliper2,300,0,r50c167,r47c163,19:65,18:64,1
rho2900_caliper2,300,0,r50c170,r40c071,19:66,15:27,0
rho2900_caliper2,300,0,r51c166,r48c161,20:63,19:62,1
rho2900_caliper2,300,0,r51c167,r47c162,20:64,18:64,1
rho2900_caliper2,300,0,r51c170,r47c054,20:65,18:21,2
rho2900_caliper2,300,0,r51c171,r47c053,20:65,18:21,2
rho2900_caliper2,300,0,r52c166,r43c066,20:63,17:26,1
rho2900_caliper2,300,0,r52c167,r42c067,20:64,16:26,1
rho2900_caliper2,300,0,r52c168,r47c160,20:64,18:63,1
rho2900_caliper2,300,0,r52c171,r45c159,20:65,17:62,2
rho2900_caliper2,300,0,r53c168,r49c162,21:62,19:63,1
rho2900_caliper2,300,0,r53c170,r46c159,21:63,18:62,1
rho2900_caliper2,300,0,r54c169,r47c157,21:63,18:62,1
rho2900_caliper2,300,0,r54c170,r47c159,21:63,18:62,1
rho2900_caliper2,300,0,r54c171,r46c160,21:63,18:63,1
rho2900_caliper2,300,0,r55c169,r48c160,21:63,19:62,1
rho2900_caliper2,300,0,r55c171,r58c039,21:63,23:13,1
rho2900_caliper2,300,0,r55c172,r60c031,21:64,23:10,1
rho2900_caliper2,300,0,r55c173,r46c161,21:64,18:63,1
rho2900_caliper2,300,0,r55c174,r56c037,21:64,22:13,1
rho2900_caliper2,300,0,r56c171,r61c034,22:61,24:11,5
rho2900_caliper2,300,0,r56c173,r46c060,22:62,18:23,1
rho2900_caliper2,300,0,r56c177,r46c158,22:64,18:62,1
rho2900_caliper2,300,0,r57c172,r49c055,22:62,19:21,1
rho2900_caliper2,300,0,r57c173,r47c158,22:62,18:62,1
rho2900_caliper2,300,0,r57c175,r49c053,22:63,19:20,1
rho2900_caliper2,300,0,r57c176,r48c053,22:63,19:20,1
rho2900_caliper2,300,0,r57c177,r48c052,22:64,19:20,1
rho2900_caliper2,300,0,r57c178,r48c165,22:64,19:64,1
rho2900_caliper2,300,0,r58c172,r48c158,23:59,19:61,3
rho2900_caliper2,300,0,r58c173,r48c157,23:59,19:61,3
rho2900_caliper2,300,0,r58c174,r50c162,23:60,19:63,1
rho2900_caliper2,300,0,r58c175,r48c159,23:60,19:62,1
rho2900_caliper2,300,0,r58c176,r49c054,23:60,19:21,1
rho2900_caliper2,300,0,r59c000,r50c051,23:0,19:20,1
rho2900_caliper2,300,0,r59c175,r49c159,23:60,19:62,1
rho2900_caliper2,300,0,r59c179,r49c052,23:61,19:20,1
rho2900_caliper2,300,0,r60c012,r55c038,23:4,21:14,4
rho2900_caliper2,300,0,r60c013,r55c036,23:4,21:13,4
rho2900_caliper2,300,0,r61c006,r60c026,24:2,23:9,1
rho2900_caliper2,300,0,r61c007,r61c024,24:2,24:8,1
rho2900_caliper2,300,0,r61c009,r61c025,24:3,24:8,1
rho2900_caliper2,300,0,r61c012,r56c038,24:4,22:13,1
rho2900_caliper2,300,0,r61c013,r60c028,24:4,23:9,1
rho2900_caliper2,300,0,r61c014,r61c026,24:4,24:8,1
rho2900_caliper2,300,0,r61c015,r59c028,24:5,23:9,1
rho2900_caliper2,300,0,r62c009,r56c039,24:3,22:14,1
rho2900_caliper2,300,0,r62c012,r57c039,24:4,22:14,1
rho2900_caliper2,300,0,r62c013,r57c038,24:4,22:13,1
rho2900_caliper2,300,0,r62c014,r60c029,24:4,23:10,1
rho2900_caliper2,300,0,r62c015,r60c027,24:5,23:9,1
rho2900_caliper2,300,0,r62c016,r56c036,24:5,22:13,1
rho2900_caliper2,300,0,r62c017,r59c030,24:5,23:10,1
rho2900_caliper2,300,0,r62c018,r59c029,24:6,23:10,1
rho2900_caliper2,300,0,r62c019,r59c032,24:6,23:11,1
rho2900_caliper2,300,0,r62c020,r59c031,24:6,23:10,1
rho2900_caliper2,300,0,r62c021,r57c033,24:7,22:12,1
rho2900_caliper2,300,0,r63c002,r57c040,25:0,22:14,1
rho2900_caliper2,300,0,r63c003,r61c029,25:1,24:9,1
rho2900_caliper2,300,0,r63c012,r61c030,25:3,24:9,1
rho2900_caliper2,300,0,r63c013,r61c031,25:4,24:10,1
rho2900_caliper2,300,0,r63c014,r61c032,25:4,24:10,1
rho2900_caliper2,300,0,r63c016,r60c030,25:5,23:10,1
rho2900_caliper2,300,0,r63c017,r60c032,25:5,23:11,1
rho2900_caliper2,300,0,r63c018,r57c035,25:5,22:12,1
rho2900_caliper2,300,0,r63c019,r58c033,25:5,23:11,1
rho2900_caliper2,300,0,r63c020,r56c035,25:6,22:12,1
rho2900_caliper2,300,0,r63c021,r57c034,25:6,22:12,1
rho2900_caliper2,300,0,r64c015,r61c028,25:4,24:9,1
rho2900_caliper2,300,0,r64c016,r62c027,25:5,24:9,1
rho2900_caliper2,300,0,r64c017,r60c035,25:5,23:12,1
rho2900_caliper2,300,0,r64c018,r62c026,25:5,24:8,1
rho2900_caliper2,300,0,r64c019,r61c027,25:5,24:9,1
rho2900_caliper2,300,0,r64c020,r63c026,25:6,25:8,1
rho2900_caliper2,300,0,r64c021,r57c036,25:6,22:13,1
rho2900_caliper2,300,0,r64c022,r62c025,25:6,24:8,1
rho2900_caliper2,300,0,r65c017,r63c027,25:5,25:8,1
rho2900_caliper2,300,0,r65c018,r64c027,25:5,25:8,1
rho2900_caliper2,300,0,r65c019,r62c028,25:5,24:9,1
rho2900_caliper2,300,0,r65c020,r61c033,25:6,24:10,1
rho2900_caliper2,300,0.5,r50c167,r47c163,19:64,18:63,3
rho2900_caliper2,300,0.5,r50c170,r40c071,19:65,15:27,0
rho2900_caliper2,300,0.5,r51c166,r48c161,19:64,18:63,3
rho2900_caliper2,300,0.5,r51c167,r47c162,19:64,18:63,3
rho2900_caliper2,300,0.5,r51c170,r47c054,19:65,18:20,0
rho2900_caliper2,300,0.5,r51c171,r47c053,19:66,18:20,0
rho2900_caliper2,300,0.5,r52c166,r43c066,20:62,16:25,1
rho2900_caliper2,300,0.5,r52c167,r42c067,20:62,16:26,1
rho2900_caliper2,300,0.5,r52c168,r47c160,20:63,18:62,0
rho2900_caliper2,300,0.5,r52c171,r45c159,20:64,17:62,0
rho2900_caliper2,300,0.5,r53c168,r49c162,20:63,19:62,0
rho2900_caliper2,300,0.5,r53c170,r46c159,20:63,17:62,0
rho2900_caliper2,300,0.5,r54c169,r47c157,20:63,18:61,0
rho2900_caliper2,300,0.5,r54c170,r47c159,20:63,18:62,0
rho2900_caliper2,300,0.5,r54c171,r46c160,20:64,17:62,0
rho2900_caliper2,300,0.5,r55c169,r48c160,21:61,18:62,0
rho2900_caliper2,300,0.5,r55c171,r58c039,21:62,22:13,5
rho2900_caliper2,300,0.5,r55c172,r60c031,21:62,23:10,5
rho2900_caliper2,300,0.5,r55c173,r46c161,21:63,17:63,2
rho2900_caliper2,300,0.5,r55c174,r56c037,21:63,21:13,2
rho2900_caliper2,300,0.5,r56c171,r61c034,21:62,23:11,5
rho2900_caliper2,300,0.5,r56c173,r46c060,21:63,17:23,2
rho2900_caliper2,300,0.5,r56c177,r46c158,21:64,17:62,0
rho2900_caliper2,300,0.5,r57c172,r49c055,22:59,19:21,0
rho2900_caliper2,300,0.5,r57c173,r47c158,22:60,18:62,0
rho2900_caliper2,300,0.5,r57c175,r49c053,22:60,19:20,0
rho2900_caliper2,300,0.5,r57c176,r48c053,22:61,18:20,0
rho2900_caliper2,300,0.5,r57c177,r48c052,22:61,18:20,0
rho2900_caliper2,300,0.5,r57c178,r48c165,22:61,18:64,0
rho2900_caliper2,300,0.5,r58c172,r48c158,22:59,18:62,0
rho2900_caliper2,300,0.5,r58c173,r48c157,22:60,18:61,0
rho2900_caliper2,300,0.5,r58c174,r50c162,22:60,19:62,0
rho2900_caliper2,300,0.5,r58c175,r48c159,22:60,18:62,0
rho2900_caliper2,300,0.5,r58c176,r49c054,22:61,19:20,0
rho2900_caliper2,300,0.5,r59c000,r50c051,22:62,19:19,4
rho2900_caliper2,300,0.5,r59c175,r49c159,22:60,19:61,0
rho2900_caliper2,300,0.5,r59c179,r49c052,22:62,19:19,4
rho2900_caliper2,300,0.5,r60c012,r55c038,23:3,21:13,2
rho2900_caliper2,300,0.5,r60c013,r55c036,23:4,21:12,5
rho2900_caliper2,300,0.5,r61c006,r60c026,23:1,23:8,5
rho2900_caliper2,300,0.5,r61c007,r61c024,23:2,23:7,5
rho2900_caliper2,300,0.5,r61c009,r61c025,23:2,23:8,5
rho2900_caliper2,300,0.5,r61c012,r56c038,23:3,21:13,2
rho2900_caliper2,300,0.5,r61c013,r60c028,23:4,23:9,5
rho2900_caliper2,300,0.5,r61c014,r61c026,23:4,23:8,5
rho2900_caliper2,300,0.5,r61c015,r59c028,23:4,22:9,5
rho2900_caliper2,300,0.5,r62c009,r56c039,24:2,21:13,2
rho2900_caliper2,300,0.5,r62c012,r57c039,24:3,22:13,5
rho2900_caliper2,300,0.5,r62c013,r57c038,24:3,22:12,5
rho2900_caliper2,300,0.5,r62c014,r60c029,24:4,23:9,5
rho2900_caliper2,300,0.5,r62c015,r60c027,24:4,23:8,5
rho2900_caliper2,300,0.5,r62c016,r56c036,24:4,21:12,5
rho2900_caliper2,300,0.5,r62c017,r59c030,24:5,22:10,5
rho2900_caliper2,300,0.5,r62c018,r59c029,24:5,22:9,5
rho2900_caliper2,300,0.5,r62c019,r59c032,24:5,22:10,5
rho2900_caliper2,300,0.5,r62c020,r59c031,24:5,22:10,5
rho2900_caliper2,300,0.5,r62c021,r57c033,24:6,22:11,5
rho2900_caliper2,300,0.5,r63c002,r57c040,24:0,22:13,5
rho2900_caliper2,300,0.5,r63c003,r61c029,24:0,23:9,5
rho2900_caliper2,300,0.5,r63c012,r61c030,24:3,23:9,5
rho2900_caliper2,300,0.5,r63c013,r61c031,24:3,23:10,5
rho2900_caliper2,300,0.5,r63c014,r61c032,24:4,23:10,5
rho2900_caliper2,300,0.5,r63c016,r60c030,24:4,23:9,5
rho2900_caliper2,300,0.5,r63c017,r60c032,24:5,23:10,5
rho2900_caliper2,300,0.5,r63c018,r57c035,24:5,22:11,5
rho2900_caliper2,300,0.5,r63c019,r58c033,24:5,22:11,5
rho2900_caliper2,300,0.5,r63c020,r56c035,24:5,21:12,5
rho2900_caliper2,300,0.5,r63c021,r57c034,24:6,22:11,5
rho2900_caliper2,300,0.5,r64c015,r61c028,24:4,23:9,5
rho2900_caliper2,300,0.5,r64c016,r62c027,24:4,24:8,5
rho2900_caliper2,300,0.5,r64c017,r60c035,24:5,23:11,5
rho2900_caliper2,300,0.5,r64c018,r62c026,24:5,24:7,5
rho2900_caliper2,300,0.5,r64c019,r61c027,24:5,23:8,5
rho2900_caliper2,300,0.5,r64c020,r63c026,24:5,24:7,5
rho2900_caliper2,300,0.5,r64c021,r57c036,24:6,22:12,5
rho2900_caliper2,300,0.5,r64c022,r62c025,24:6,24:7,5
rho2900_caliper2,300,0.5,r65c017,r63c027,25:4,24:8,5
rho2900_caliper2,300,0.5,r65c018,r64c027,25:4,24:8,5
rho2900_caliper2,300,0.5,r65c019,r62c028,25:5,24:8,5
rho2900_caliper2,300,0.5,r65c020,r61c033,25:5,23:10,5
rho2900_caliper2,600,0,r50c167,r47c163,9:32,9:31,0
rho2900_caliper2,600,0,r50c170,r40c071,9:33,7:13,2
rho2900_caliper2,600,0,r51c166,r48c161,10:31,9:31,0
rho2900_caliper2,600,0,r51c167,r47c162,10:31,9:31,0
rho2900_caliper2,600,0,r51c170,r47c054,10:32,9:10,0
rho2900_caliper2,600,0,r51c171,r47c053,10:32,9:10,0
rho2900_caliper2,600,0,r52c166,r43c066,10:31,8:12,0
rho2900_caliper2,600,0,r52c167,r42c067,10:31,8:13,0
rho2900_caliper2,600,0,r52c168,r47c160,10:31,9:31,0
rho2900_caliper2,600,0,r52c171,r45c159,10:32,8:31,0
rho2900_caliper2,600,0,r53c168,r49c162,10:31,9:31,0
rho2900_caliper2,600,0,r53c170,r46c159,10:32,9:31,0
rho2900_caliper2,600,0,r54c169,r47c157,10:32,9:30,0
rho2900_caliper2,600,0,r54c170,r47c159,10:32,9:31,0
rho2900_caliper2,600,0,r54c171,r46c160,10:32,9:31,0
rho2900_caliper2,600,0,r55c169,r48c160,10:32,9:31,0
rho2900_caliper2,600,0,r55c171,r58c039,10:32,11:7,0
rho2900_caliper2,600,0,r55c172,r60c031,10:32,11:5,0
rho2900_caliper2,600,0,r55c173,r46c161,10:32,9:31,0
rho2900_caliper2,600,0,r55c174,r56c037,10:32,11:6,0
rho2900_caliper2,600,0,r56c171,r61c034,11:30,12:5,0
rho2900_caliper2,600,0,r56c173,r46c060,11:30,9:11,0
rho2900_caliper2,600,0,r56c177,r46c158,11:31,9:30,0
rho2900_caliper2,600,0,r57c172,r49c055,11:30,9:10,0
rho2900_caliper2,600,0,r57c173,r47c158,11:30,9:30,0
rho2900_caliper2,600,0,r57c175,r49c053,11:31,9:10,0
rho2900_caliper2,600,0,r57c176,r48c053,11:31,9:10,0
rho2900_caliper2,600,0,r57c177,r48c052,11:31,9:10,0
rho2900_caliper2,600,0,r57c178,r48c165,11:31,9:32,0
rho2900_caliper2,600,0,r58c172,r48c158,11:30,9:30,0
rho2900_caliper2,600,0,r58c173,r48c157,11:30,9:30,0
rho2900_caliper2,600,0,r58c174,r50c162,11:31,9:31,0
rho2900_caliper2,600,0,r58c175,r48c159,11:31,9:31,0
rho2900_caliper2,600,0,r58c176,r49c054,11:31,9:10,0
rho2900_caliper2,600,0,r59c000,r50c051,11:0,9:10,0
rho2900_caliper2,600,0,r59c175,r49c159,11:31,9:31,0
rho2900_caliper2,600,0,r59c179,r49c052,11:31,9:10,0
rho2900_caliper2,600,0,r60c012,r55c038,11:2,10:7,1
rho2900_caliper2,600,0,r60c013,r55c036,11:2,10:6,1
rho2900_caliper2,600,0,r61c006,r60c026,12:1,11:4,0
rho2900_caliper2,600,0,r61c007,r61c024,12:1,12:3,0
rho2900_caliper2,600,0,r61c009,r61c025,12:1,12:3,0
rho2900_caliper2,600,0,r61c012,r56c038,12:1,11:6,0
rho2900_caliper2,600,0,r61c013,r60c028,12:2,11:5,0
rho2900_caliper2,600,0,r61c014,r61c026,12:2,12:4,0
rho2900_caliper2,600,0,r61c015,r59c028,12:2,11:5,0
rho2900_caliper2,600,0,r62c009,r56c039,12:1,11:7,0
rho2900_caliper2,600,0,r62c012,r57c039,12:1,11:7,0
rho2900_caliper2,600,0,r62c013,r57c038,12:2,11:6,0
rho2900_caliper2,600,0,r62c014,r60c029,12:2,11:5,0
rho2900_caliper2,600,0,r62c015,r60c027,12:2,11:4,0
rho2900_caliper2,600,0,r62c016,r56c036,12:2,11:6,0
rho2900_caliper2,600,0,r62c017,r59c030,12:2,11:5,0
rho2900_caliper2,600,0,r62c018,r59c029,12:2,11:5,0
rho2900_caliper2,600,0,r62c019,r59c032,12:3,11:5,0
rho2900_caliper2,600,0,r62c020,r59c031,12:3,11:5,0
rho2900_caliper2,600,0,r62c021,r57c033,12:3,11:5,0
rho2900_caliper2,600,0,r63c002,r57c040,12:0,11:7,0
rho2900_caliper2,600,0,r63c003,r61c029,12:0,12:4,0
rho2900_caliper2,600,0,r63c012,r61c030,12:1,12:4,0
rho2900_caliper2,600,0,r63c013,r61c031,12:2,12:4,0
rho2900_caliper2,600,0,r63c014,r61c032,12:2,12:5,0
rho2900_caliper2,600,0,r63c016,r60c030,12:2,11:5,0
rho2900_caliper2,600,0,r63c017,r60c032,12:2,11:5,0
rho2900_caliper2,600,0,r63c018,r57c035,12:2,11:6,0
rho2900_caliper2,600,0,r63c019,r58c033,12:3,11:5,0
rho2900_caliper2,600,0,r63c020,r56c035,12:3,11:6,0
rho2900_caliper2,600,0,r63c021,r57c034,12:3,11:6,0
rho2900_caliper2,600,0,r64c015,r61c028,12:2,12:4,0
rho2900_caliper2,600,0,r64c016,r62c027,12:2,12:4,0
rho2900_caliper2,600,0,r64c017,r60c035,12:2,11:6,0
rho2900_caliper2,600,0,r64c018,r62c026,12:2,12:4,0
rho2900_caliper2,600,0,r64c019,r61c027,12:3,12:4,0
rho2900_caliper2,600,0,r64c020,r63c026,12:3,12:4,0
rho2900_caliper2,600,0,r64c021,r57c036,12:3,11:6,0
rho2900_caliper2,600,0,r64c022,r62c025,12:3,12:3,0
rho2900_caliper2,600,0,r65c017,r63c027,12:2,12:4,0
rho2900_caliper2,600,0,r65c018,r64c027,12:2,12:4,0
rho2900_caliper2,600,0,r65c019,r62c028,12:3,12:4,0
rho2900_caliper2,600,0,r65c020,r61c033,12:3,12:5,0
rho2900_caliper2,600,0.5,r50c167,r47c163,9:32,8:31,0
rho2900_caliper2,600,0.5,r50c170,r40c071,9:32,7:13,0
rho2900_caliper2,600,0.5,r51c166,r48c161,9:31,9:30,0
rho2900_caliper2,600,0.5,r51c167,r47c162,9:32,8:31,0
rho2900_caliper2,600,0.5,r51c170,r47c054,9:32,8:10,0
rho2900_caliper2,600,0.5,r51c171,r47c053,9:32,8:9,0
rho2900_caliper2,600,0.5,r52c166,r43c066,9:31,8:12,0
rho2900_caliper2,600,0.5,r52c167,r42c067,9:32,7:12,0
rho2900_caliper2,600,0.5,r52c168,r47c160,9:32,8:30,0
rho2900_caliper2,600,0.5,r52c171,r45c159,9:32,8:30,0
rho2900_caliper2,600,0.5,r53c168,r49c162,10:30,9:31,0
rho2900_caliper2,600,0.5,r53c170,r46c159,10:30,8:30,0
rho2900_caliper2,600,0.5,r54c169,r47c157,10:30,8:30,0
rho2900_caliper2,600,0.5,r54c170,r47c159,10:30,8:30,0
rho2900_caliper2,600,0.5,r54c171,r46c160,10:30,8:30,0
rho2900_caliper2,600,0.5,r55c169,r48c160,10:30,9:30,0
rho2900_caliper2,600,0.5,r55c171,r58c039,10:30,11:6,0
rho2900_caliper2,600,0.5,r55c172,r60c031,10:31,11:4,0
rho2900_caliper2,600,0.5,r55c173,r46c161,10:31,8:30,0
rho2900_caliper2,600,0.5,r55c174,r56c037,10:31,10:6,0
rho2900_caliper2,600,0.5,r56c171,r61c034,10:30,11:5,0
rho2900_caliper2,600,0.5,r56c173,r46c060,10:31,8:11,0
rho2900_caliper2,600,0.5,r56c177,r46c158,10:32,8:30,0
rho2900_caliper2,600,0.5,r57c172,r49c055,10:31,9:10,0
rho2900_caliper2,600,0.5,r57c173,r47c158,10:31,8:30,0
rho2900_caliper2,600,0.5,r57c175,r49c053,10:31,9:9,0
rho2900_caliper2,600,0.5,r57c176,r48c053,10:31,9:9,0
rho2900_caliper2,600,0.5,r57c177,r48c052,10:32,9:9,0
rho2900_caliper2,600,0.5,r57c178,r48c165,10:32,9:31,0
rho2900_caliper2,600,0.5,r58c172,r48c158,11:28,9:30,0
rho2900_caliper2,600,0.5,r58c173,r48c157,11:28,9:30,0
rho2900_caliper2,600,0.5,r58c174,r50c162,11:28,9:31,0
rho2900_caliper2,600,0.5,r58c175,r48c159,11:28,9:30,0
rho2900_caliper2,600,0.5,r58c176,r49c054,11:28,9:10,0
rho2900_caliper2,600,0.5,r59c000,r50c051,11:29,9:9,0
rho2900_caliper2,600,0.5,r59c175,r49c159,11:28,9:30,0
rho2900_caliper2,600,0.5,r59c179,r49c052,11:29,9:9,0
rho2900_caliper2,600,0.5,r60c012,r55c038,11:1,10:6,0
rho2900_caliper2,600,0.5,r60c013,r55c036,11:1,10:6,0
rho2900_caliper2,600,0.5,r61c006,r60c026,11:0,11:3,0
rho2900_caliper2,600,0.5,r61c007,r61c024,11:0,11:3,0
rho2900_caliper2,600,0.5,r61c009,r61c025,11:1,11:3,0
rho2900_caliper2,600,0.5,r61c012,r56c038,11:1,10:6,0
rho2900_caliper2,600,0.5,r61c013,r60c028,11:1,11:4,0
rho2900_caliper2,600,0.5,r61c014,r61c026,11:1,11:3,0
rho2900_caliper2,600,0.5,r61c015,r59c028,11:2,11:4,0
rho2900_caliper2,600,0.5,r62c009,r56c039,11:1,10:6,0
rho2900_caliper2,600,0.5,r62c012,r57c039,11:1,10:6,0
rho2900_caliper2,600,0.5,r62c013,r57c038,11:1,10:6,0
rho2900_caliper2,600,0.5,r62c014,r60c029,11:1,11:4,0
rho2900_caliper2,600,0.5,r62c015,r60c027,11:2,11:4,0
rho2900_caliper2,600,0.5,r62c016,r56c036,11:2,10:6,0
rho2900_caliper2,600,0.5,r62c017,r59c030,11:2,11:4,0
rho2900_caliper2,600,0.5,r62c018,r59c029,11:2,11:4,0
rho2900_caliper2,600,0.5,r62c019,r59c032,11:2,11:4,0
rho2900_caliper2,600,0.5,r62c020,r59c031,11:2,11:4,0
rho2900_caliper2,600,0.5,r62c021,r57c033,11:3,10:5,0
rho2900_caliper2,600,0.5,r63c002,r57c040,12:25,10:6,0
rho2900_caliper2,600,0.5,r63c003,r61c029,12:0,11:4,0
rho2900_caliper2,600,0.5,r63c012,r61c030,12:1,11:4,0
rho2900_caliper2,600,0.5,r63c013,r61c031,12:1,11:4,0
rho2900_caliper2,600,0.5,r63c014,r61c032,12:1,11:4,0
rho2900_caliper2,600,0.5,r63c016,r60c030,12:1,11:4,0
rho2900_caliper2,600,0.5,r63c017,r60c032,12:2,11:4,0
rho2900_caliper2,600,0.5,r63c018,r57c035,12:2,10:6,0
rho2900_caliper2,600,0.5,r63c019,r58c033,12:2,11:5,0
rho2900_caliper2,600,0.5,r63c020,r56c035,12:2,10:6,0
rho2900_caliper2,600,0.5,r63c021,r57c034,12:2,10:5,0
rho2900_caliper2,600,0.5,r64c015,r61c028,12:1,11:4,0
rho2900_caliper2,600,0.5,r64c016,r62c027,12:1,11:4,0
rho2900_caliper2,600,0.5,r64c017,r60c035,12:2,11:5,0
rho2900_caliper2,600,0.5,r64c018,r62c026,12:2,11:3,0
rho2900_caliper2,600,0.5,r64c019,r61c027,12:2,11:4,0
rho2900_caliper2,600,0.5,r64c020,r63c026,12:2,12:3,0
rho2900_caliper2,600,0.5,r64c021,r57c036,12:2,10:6,0
rho2900_caliper2,600,0.5,r64c022,r62c025,12:2,11:3,0
rho2900_caliper2,600,0.5,r65c017,r63c027,12:2,12:3,0
rho2900_caliper2,600,0.5,r65c018,r64c027,12:2,12:3,0
rho2900_caliper2,600,0.5,r65c019,r62c028,12:2,11:4,0
rho2900_caliper2,600,0.5,r65c020,r61c033,12:2,11:5,0
rho2900_caliper2,900,0,r50c167,r47c163,6:21,6:20,0
rho2900_caliper2,900,0,r50c170,r40c071,6:21,5:9,0
rho2900_caliper2,900,0,r51c166,r48c161,6:21,6:20,0
rho2900_caliper2,900,0,r51c167,r47c162,6:21,6:20,0
rho2900_caliper2,900,0,r51c170,r47c054,6:21,6:6,0
rho2900_caliper2,900,0,r51c171,r47c053,6:21,6:6,0
rho2900_caliper2,900,0,r52c166,r43c066,6:21,5:8,0
rho2900_caliper2,900,0,r52c167,r42c067,6:21,5:9,0
rho2900_caliper2,900,0,r52c168,r47c160,6:21,6:20,0
rho2900_caliper2,900,0,r52c171,r45c159,6:21,5:21,0
rho2900_caliper2,900,0,r53c168,r49c162,7:20,6:20,0
rho2900_caliper2,900,0,r53c170,r46c159,7:20,6:20,0
rho2900_caliper2,900,0,r54c169,r47c157,7:20,6:20,0
rho2900_caliper2,900,0,r54c170,r47c159,7:20,6:20,0
rho2900_caliper2,900,0,r54c171,r46c160,7:20,6:20,0
rho2900_caliper2,900,0,r55c169,r48c160,7:20,6:20,0
rho2900_caliper2,900,0,r55c171,r58c039,7:20,7:4,0
rho2900_caliper2,900,0,r55c172,r60c031,7:21,7:3,0
rho2900_caliper2,900,0,r55c173,r46c161,7:21,6:20,0
rho2900_caliper2,900,0,r55c174,r56c037,7:21,7:4,0
rho2900_caliper2,900,0,r56c171,r61c034,7:20,8:3,0
rho2900_caliper2,900,0,r56c173,r46c060,7:21,6:7,0
rho2900_caliper2,900,0,r56c177,r46c158,7:21,6:20,0
rho2900_caliper2,900,0,r57c172,r49c055,7:21,6:7,0
rho2900_caliper2,900,0,r57c173,r47c158,7:21,6:20,0
rho2900_caliper2,900,0,r57c175,r49c053,7:21,6:6,0
rho2900_caliper2,900,0,r57c176,r48c053,7:21,6:6,0
rho2900_caliper2,900,0,r57c177,r48c052,7:21,6:6,0
rho2900_caliper2,900,0,r57c178,r48c165,7:21,6:21,0
rho2900_caliper2,900,0,r58c172,r48c158,7:21,6:20,0
rho2900_caliper2,900,0,r58c173,r48c157,7:21,6:20,0
rho2900_caliper2,900,0,r58c174,r50c162,7:21,6:20,0
rho2900_caliper2,900,0,r58c175,r48c159,7:21,6:20,0
rho2900_caliper2,900,0,r58c176,r49c054,7:21,6:6,0
rho2900_caliper2,900,0,r59c000,r50c051,7:0,6:6,0
rho2900_caliper2,900,0,r59c175,r49c159,7:21,6:20,0
rho2900_caliper2,900,0,r59c179,r49c052,7:21,6:6,0
rho2900_caliper2,900,0,r60c012,r55c038,7:1,7:4,0
rho2900_caliper2,900,0,r60c013,r55c036,7:1,7:4,0
rho2900_caliper2,900,0,r61c006,r60c026,8:0,7:3,0
rho2900_caliper2,900,0,r61c007,r61c024,8:0,8:2,0
rho2900_caliper2,900,0,r61c009,r61c025,8:0,8:2,0
rho2900_caliper2,900,0,r61c012,r56c038,8:1,7:4,0
rho2900_caliper2,900,0,r61c013,r60c028,8:1,7:3,0
rho2900_caliper2,900,0,r61c014,r61c026,8:1,8:2,0
rho2900_caliper2,900,0,r61c015,r59c028,8:1,7:3,0
rho2900_caliper2,900,0,r62c009,r56c039,8:0,7:4,0
rho2900_caliper2,900,0,r62c012,r57c039,8:1,7:4,0
rho2900_caliper2,900,0,r62c013,r57c038,8:1,7:4,0
rho2900_caliper2,900,0,r62c014,r60c029,8:1,7:3,0
rho2900_caliper2,900,0,r62c015,r60c027,8:1,7:3,0
rho2900_caliper2,900,0,r62c016,r56c036,8:1,7:4,0
rho2900_caliper2,900,0,r62c017,r59c030,8:1,7:3,0
rho2900_caliper2,900,0,r62c018,r59c029,8:1,7:3,0
rho2900_caliper2,900,0,r62c019,r59c032,8:1,7:3,0
rho2900_caliper2,900,0,r62c020,r59c031,8:2,7:3,0
rho2900_caliper2,900,0,r62c021,r57c033,8:2,7:4,0
rho2900_caliper2,900,0,r63c002,r57c040,8:0,7:4,0
rho2900_caliper2,900,0,r63c003,r61c029,8:0,8:2,0
rho2900_caliper2,900,0,r63c012,r61c030,8:1,8:3,0
rho2900_caliper2,900,0,r63c013,r61c031,8:1,8:3,0
rho2900_caliper2,900,0,r63c014,r61c032,8:1,8:3,0
rho2900_caliper2,900,0,r63c016,r60c030,8:1,7:3,0
rho2900_caliper2,900,0,r63c017,r60c032,8:1,7:3,0
rho2900_caliper2,900,0,r63c018,r57c035,8:1,7:4,0
rho2900_caliper2,900,0,r63c019,r58c033,8:1,7:4,0
rho2900_caliper2,900,0,r63c020,r56c035,8:2,7:4,0
rho2900_caliper2,900,0,r63c021,r57c034,8:2,7:4,0
rho2900_caliper2,900,0,r64c015,r61c028,8:1,8:2,0
rho2900_caliper2,900,0,r64c016,r62c027,8:1,8:2,0
rho2900_caliper2,900,0,r64c017,r60c035,8:1,7:4,0
rho2900_caliper2,900,0,r64c018,r62c026,8:1,8:2,0
rho2900_caliper2,900,0,r64c019,r61c027,8:1,8:2,0
rho2900_caliper2,900,0,r64c020,r63c026,8:2,8:2,0
rho2900_caliper2,900,0,r64c021,r57c036,8:2,7:4,0
rho2900_caliper2,900,0,r64c022,r62c025,8:2,8:2,0
rho2900_caliper2,900,0,r65c017,r63c027,8:1,8:2,0
rho2900_caliper2,900,0,r65c018,r64c027,8:1,8:2,0
rho2900_caliper2,900,0,r65c019,r62c028,8:1,8:2,0
rho2900_caliper2,900,0,r65c020,r61c033,8:2,8:3,0
rho2900_caliper2,900,0.5,r50c167,r47c163,6:20,5:21,0
rho2900_caliper2,900,0.5,r50c170,r40c071,6:21,4:8,0
rho2900_caliper2,900,0.5,r51c166,r48c161,6:20,5:21,0
rho2900_caliper2,900,0.5,r51c167,r47c162,6:20,5:21,0
rho2900_caliper2,900,0.5,r51c170,r47c054,6:21,5:6,0
rho2900_caliper2,900,0.5,r51c171,r47c053,6:21,5:6,0
rho2900_caliper2,900,0.5,r52c166,r43c066,6:20,5:8,0
rho2900_caliper2,900,0.5,r52c167,r42c067,6:20,5:8,0
rho2900_caliper2,900,0.5,r52c168,r47c160,6:21,5:20,0
rho2900_caliper2,900,0.5,r52c171,r45c159,6:21,5:20,0
rho2900_caliper2,900,0.5,r53c168,r49c162,6:21,6:20,0
rho2900_caliper2,900,0.5,r53c170,r46c159,6:21,5:20,0
rho2900_caliper2,900,0.5,r54c169,r47c157,6:21,5:20,0
rho2900_caliper2,900,0.5,r54c170,r47c159,6:21,5:20,0
rho2900_caliper2,900,0.5,r54c171,r46c160,6:21,5:20,0
rho2900_caliper2,900,0.5,r55c169,r48c160,6:21,5:20,0
rho2900_caliper2,900,0.5,r55c171,r58c039,6:21,7:3,0
rho2900_caliper2,900,0.5,r55c172,r60c031,6:21,7:3,0
rho2900_caliper2,900,0.5,r55c173,r46c161,6:21,5:21,0
rho2900_caliper2,900,0.5,r55c174,r56c037,6:21,6:4,0
rho2900_caliper2,900,0.5,r56c171,r61c034,6:21,7:3,0
rho2900_caliper2,900,0.5,r56c173,r46c060,6:21,5:7,0
rho2900_caliper2,900,0.5,r56c177,r46c158,6:22,5:20,0
rho2900_caliper2,900,0.5,r57c172,r49c055,7:18,6:6,0
rho2900_caliper2,900,0.5,r57c173,r47c158,7:18,5:20,0
rho2900_caliper2,900,0.5,r57c175,r49c053,7:19,6:6,0
rho2900_caliper2,900,0.5,r57c176,r48c053,7:19,5:6,0
rho2900_caliper2,900,0.5,r57c177,r48c052,7:19,5:6,0
rho2900_caliper2,900,0.5,r57c178,r48c165,7:19,5:21,0
rho2900_caliper2,900,0.5,r58c172,r48c158,7:18,5:20,0
rho2900_caliper2,900,0.5,r58c173,r48c157,7:18,5:20,0
rho2900_caliper2,900,0.5,r58c174,r50c162,7:18,6:20,0
rho2900_caliper2,900,0.5,r58c175,r48c159,7:19,5:20,0
rho2900_caliper2,900,0.5,r58c176,r49c054,7:19,6:6,0
rho2900_caliper2,900,0.5,r59c000,r50c051,7:19,6:6,0
rho2900_caliper2,900,0.5,r59c175,r49c159,7:19,6:19,0
rho2900_caliper2,900,0.5,r59c179,r49c052,7:19,6:6,0
rho2900_caliper2,900,0.5,r60c012,r55c038,7:0,6:4,0
rho2900_caliper2,900,0.5,r60c013,r55c036,7:1,6:4,0
rho2900_caliper2,900,0.5,r61c006,r60c026,7:0,7:2,0
rho2900_caliper2,900,0.5,r61c007,r61c024,7:0,7:2,0
rho2900_caliper2,900,0.5,r61c009,r61c025,7:0,7:2,0
rho2900_caliper2,900,0.5,r61c012,r56c038,7:0,6:4,0
rho2900_caliper2,900,0.5,r61c013,r60c028,7:1,7:2,0
rho2900_caliper2,900,0.5,r61c014,r61c026,7:1,7:2,0
rho2900_caliper2,900,0.5,r61c015,r59c028,7:1,7:2,0
rho2900_caliper2,900,0.5,r62c009,r56c039,7:0,6:4,0
rho2900_caliper2,900,0.5,r62c012,r57c039,7:0,7:3,0
rho2900_caliper2,900,0.5,r62c013,r57c038,7:1,7:3,0
rho2900_caliper2,900,0.5,r62c014,r60c029,7:1,7:2,0
rho2900_caliper2,900,0.5,r62c015,r60c027,7:1,7:2,0
rho2900_caliper2,900,0.5,r62c016,r56c036,7:1,6:4,0
rho2900_caliper2,900,0.5,r62c017,r59c030,7:1,7:2,0
rho2900_caliper2,900,0.5,r62c018,r59c029,7:1,7:2,0
rho2900_caliper2,900,0.5,r62c019,r59c032,7:1,7:3,0
rho2900_caliper2,900,0.5,r62c020,r59c031,7:1,7:3,0
rho2900_caliper2,900,0.5,r62c021,r57c033,7:1,7:3,0
rho2900_caliper2,900,0.5,r63c002,r57c040,7:19,7:4,0
rho2900_caliper2,900,0.5,r63c003,r61c029,7:19,7:2,0
rho2900_caliper2,900,0.5,r63c012,r61c030,7:0,7:2,0
rho2900_caliper2,900,0.5,r63c013,r61c031,7:1,7:3,0
rho2900_caliper2,900,0.5,r63c014,r61c032,7:1,7:3,0
rho2900_caliper2,900,0.5,r63c016,r60c030,7:1,7:2,0
rho2900_caliper2,900,0.5,r63c017,r60c032,7:1,7:3,0
rho2900_caliper2,900,0.5,r63c018,r57c035,7:1,7:3,0
rho2900_caliper2,900,0.5,r63c019,r58c033,7:1,7:3,0
rho2900_caliper2,900,0.5,r63c020,r56c035,7:1,6:4,0
rho2900_caliper2,900,0.5,r63c021,r57c034,7:1,7:3,0
rho2900_caliper2,900,0.5,r64c015,r61c028,7:1,7:2,0
rho2900_caliper2,900,0.5,r64c016,r62c027,7:1,7:2,0
rho2900_caliper2,900,0.5,r64c017,r60c035,7:1,7:3,0
rho2900_caliper2,900,0.5,r64c018,r62c026,7:1,7:2,0
rho2900_caliper2,900,0.5,r64c019,r61c027,7:1,7:2,0
rho2900_caliper2,900,0.5,r64c020,r63c026,7:1,7:2,0
rho2900_caliper2,900,0.5,r64c021,r57c036,7:1,7:3,0
rho2900_caliper2,900,0.5,r64c022,r62c025,7:2,7:2,0
rho2900_caliper2,900,0.5,r65c017,r63c027,8:1,7:2,0
rho2900_caliper2,900,0.5,r65c018,r64c027,8:1,7:2,0
rho2900_caliper2,900,0.5,r65c019,r62c028,8:1,7:2,0
rho2900_caliper2,900,0.5,r65c020,r61c033,8:1,7:3,0
