draw,early_count,late_count,ridge_inside_clock_bounds,common_rate,spacing_early_myr,spacing_late_myr,ll_change,ll_constant_unknown_clock
0,20,129,True,0.5518498337147764,0.036986506134705104,0.2703688735448526,-482.5204302606834,-482.5204302606834
1,18,116,True,0.49188486069184484,0.03726886849091359,0.26832046168608714,-449.02869597804255,-449.02869597804255
2,16,111,True,0.45178137179642097,0.03599439212847342,0.2778210551329046,-430.63496099148995,-430.63496099148995
3,18,126,True,0.5158844886794052,0.03553507148998247,0.2814121255621802,-468.86143291923344,-468.86143291923344
4,17,125,True,0.4987819794365401,0.03467591672888426,0.2883845891713722,-462.8920482849534,-462.8920482849534
5,9,117,True,0.3479233437982573,0.02610340891383751,0.3830917269467807,-412.25893074259585,-412.25893074259585
6,11,136,True,0.42017742314185946,0.026471685200241228,0.3777621229761705,-458.1830792818226,-458.1830792818226
7,14,124,True,0.4498440994289218,0.03156590756414409,0.31679748094298615,-448.48297991615857,-448.48297991615857
8,11,134,True,0.4165353713697446,0.026703145130468436,0.3744877223690757,-454.46815198013877,-454.46815198013877
9,15,130,True,0.4788377203136749,0.03180535512611189,0.31441246168605413,-464.26921569970006,-464.26921569970006
10,14,132,True,0.4665070599377857,0.030438418794225094,0.3285321772988169,-463.8343276048771,-463.8343276048771
11,10,148,True,0.42103099787957404,0.02399194764668842,0.41680651138717734,-475.2256759613184,-475.2256759613184
12,14,120,True,0.44141426708145437,0.03216873200482372,0.3108608694461595,-440.58830200203454,-440.58830200203454
13,26,136,True,0.651005040288706,0.04101410390266196,0.24381856601652988,-518.1855015210792,-518.1855015210792
14,20,135,True,0.5667256898472058,0.03601565559103302,0.27765703097432287,-493.8212736766054,-493.8212736766054
15,28,137,True,0.6792117729215307,0.042423523217768384,0.23571828178126583,-527.1997245003702,-527.1997245003702
16,14,112,True,0.4243284425755065,0.033464024175853445,0.2988283760330199,-424.3398083493644,-424.3398083493644
17,15,121,True,0.45933077099778946,0.03315607118868064,0.3016038885636717,-446.7952073107572,-446.7952073107572
18,8,142,True,0.36702946322684005,0.02197287077184179,0.4551066678467426,-455.171943664191,-455.171943664191
19,12,122,True,0.4121590666257165,0.029470045106523,0.339327610930143,-435.892896122835,-435.892896122835
20,13,126,True,0.43729377589735,0.030121598787385795,0.3319876899823711,-448.08311879760356,-448.08311879760356
21,16,120,True,0.4723759663612119,0.03442511264500967,0.29048561447335214,-448.9589679995928,-448.9589679995928
22,15,116,True,0.448335291087661,0.03396922804227003,0.29438408160339635,-436.7612828532183,-436.7612828532183
23,21,126,True,0.5580835880294417,0.03844182299176743,0.2601333449285578,-480.61734013588836,-480.61734013588836
24,11,138,True,0.42380798498053596,0.026244914838427807,0.3810261935145622,-461.863964124832,-461.863964124832
25,11,135,True,0.4183578659838873,0.026586818076197578,0.37612624313823834,-456.32989740336615,-456.32989740336615
26,13,112,True,0.4086840106932777,0.03223024959419494,0.3102675320826905,-420.0481060343302,-420.0481060343302
27,13,123,True,0.43123547985764243,0.03054476796331613,0.3273883112161752,-442.23157937521603,-442.23157937521603
28,17,121,True,0.48949762756514653,0.035333618409637065,0.28301658449089245,-455.0345849281775,-455.0345849281775
29,10,138,True,0.40387946453849416,0.025010812744100174,0.3998270708879266,-457.3177614731867,-457.3177614731867
30,11,137,True,0.42199410805476356,0.026357724578032295,0.37939542051116376,-460.0277507451783,-460.0277507451783
31,17,125,True,0.4987819794365401,0.03467591672888426,0.2883845891713722,-462.8920482849534,-462.8920482849534
32,8,125,True,0.34059264602143235,0.02367840603473961,0.4223257251914917,-423.3645854785413,-423.3645854785413
33,13,145,True,0.474935686513093,0.02773425548732239,0.36056493402431883,-483.3087388045145,-483.3087388045145
34,15,119,True,0.4549472029535704,0.03347554099350849,0.29872556807787454,-442.8103242631872,-442.8103242631872
35,13,141,True,0.4671023060546138,0.028199363392269146,0.354617934486475,-476.1462388686308,-476.1462388686308
36,15,104,True,0.42139355101279813,0.03614104607379655,0.27669370663983994,-411.6665248569929,-411.6665248569929
37,12,132,True,0.4314603539929707,0.02815170889309605,0.355218222736468,-455.1729106853398,-455.1729106853398
38,19,141,True,0.5664424686637763,0.034196613477639845,0.2924266172303496,-500.8959859986935,-500.8959859986935
39,20,126,True,0.5443519091699357,0.037495959720710126,0.26669540063743735,-476.75062366304485,-476.75062366304485
40,12,120,True,0.4082526767288606,0.029752030977103012,0.33611150807472406,-431.9268850824973,-431.9268850824973
41,16,113,True,0.45639626437342123,0.03563043153980519,0.280658963920443,-434.7759328859288,-434.7759328859288
42,11,109,True,0.3698042461222218,0.030077546675826232,0.3324739250770458,-404.967211949162,-404.967211949162
43,13,124,True,0.4332589388197881,0.030402114046814387,0.3289244946782846,-444.1912776011244,-444.1912776011244
44,14,116,True,0.4329111569806207,0.03280058051607258,0.30487265294283156,-432.54208417144685,-432.54208417144685
45,21,121,True,0.545171132390378,0.03935232302482952,0.2541146044590673,-470.81852765223636,-470.81852765223636
46,20,132,True,0.5593069017136062,0.036493376351323915,0.2740223295243882,-488.2101301552841,-488.2101301552841
47,19,140,True,0.5640593864969551,0.034341090002089424,0.29119634814711964,-499.0848406082921,-499.0848406082921
48,8,132,True,0.3515700990145361,0.0229390695839818,0.43593747180500003,-436.7654410976567,-436.7654410976567
49,12,111,True,0.3904537221757995,0.031108286577054226,0.321457756126501,-413.6028780743944,-413.6028780743944
50,13,147,True,0.4788369416542402,0.027508294628011885,0.36352671567713,-486.8414031295513,-486.8414031295513
51,9,139,True,0.38459565445833677,0.023614373195731033,0.4234709054995279,-454.4981882297877,-454.4981882297877
52,17,115,True,0.47542046662086046,0.03637984394685844,0.2748774847579725,-442.96490541686234,-442.96490541686234
53,15,113,True,0.44167701714563484,0.034481313609606705,0.29001215305248523,-430.6244655701419,-430.6244655701419
54,19,116,True,0.5056244627345943,0.038309883294517226,0.2610292472864611,-453.0001289864755,-453.0001289864755
55,11,130,True,0.40921467917578236,0.027180854059445758,0.36790602598908584,-446.9344432950964,-446.9344432950964
56,15,121,True,0.45933077099778946,0.03315607118868064,0.3016038885636717,-446.7952073107572,-446.7952073107572
57,14,114,True,0.4286301647103766,0.033128180025415815,0.3018578138710922,-428.46074835838783,-428.46074835838783
58,17,117,True,0.48013406943776016,0.036022693421991325,0.2776027845240231,-447.02666350601953,-447.02666350601953
59,31,125,True,0.6784759755405966,0.047168457162329265,0.21200608630435394,-514.9714279773818,-514.9714279773818
60,18,124,True,0.5111245081413986,0.035866001128484946,0.27881558259523814,-464.9695917227542,-464.9695917227542
61,11,110,True,0.3717248390097816,0.02992214484049362,0.3342006414749723,-407.0630739251588,-407.0630739251588
62,21,127,True,0.560650765595598,0.03826580078392869,0.2613299550809326,-482.54960850649877,-482.54960850649877
63,9,128,True,0.36644729651435676,0.0247838786101667,0.40348809632636984,-433.9211818168888,-433.9211818168888
64,22,130,True,0.5819994854724158,0.03865756504424645,0.25868157988104673,-492.11059400280647,-492.11059400280647
65,17,128,True,0.5056971164657591,0.03420174215286558,0.2923827667989759,-468.6889145803125,-468.6889145803125
66,14,153,True,0.509260598717432,0.02788304710125011,0.3586408602936248,-501.5410993681294,-501.5410993681294
67,10,129,True,0.38822061393448554,0.026019622081336426,0.38432533603833097,-440.4828513357988,-440.4828513357988
68,14,116,True,0.4329111569806207,0.03280058051607258,0.30487265294283156,-432.54208417144685,-432.54208417144685
69,11,122,True,0.3944111464853436,0.028201039886364326,0.3545968531761542,-431.43873931954005,-431.43873931954005
70,14,126,True,0.4540333901483297,0.031274654175125816,0.3197477402628952,-452.37482111263773,-452.37482111263773
71,17,127,True,0.5033964627736625,0.034358053073142165,0.29105258027024367,-466.7656657824399,-466.7656657824399
72,11,135,True,0.4183578659838873,0.026586818076197578,0.37612624313823834,-456.32989740336615,-456.32989740336615
73,18,151,True,0.5740650822411861,0.031933647861365246,0.31314931646435695,-514.5896969806702,-514.5896969806702
74,13,107,True,0.39823326680363713,0.033076060610214876,0.3023334646119163,-409.5683853862902,-409.5683853862902
75,13,144,True,0.47298129441578435,0.027848855388817675,0.35908118521867016,-481.5303302801525,-481.5303302801525
76,21,135,True,0.5810217638451467,0.036924177097359276,0.2708252637190167,-497.687990149449,-497.687990149449
77,15,131,True,0.48098482630022193,0.031663376700470446,0.31582228562032744,-466.1657631982569,-466.1657631982569
78,12,122,True,0.4121590666257165,0.029470045106523,0.339327610930143,-435.892896122835,-435.892896122835
79,15,134,True,0.48740394176090013,0.031246369668929096,0.3200371789092621,-471.8029243847424,-471.8029243847424
80,15,135,True,0.489536512293506,0.03111025094124793,0.3214374586333334,-473.6646698079698,-473.6646698079698
81,19,130,True,0.5400245527923893,0.035869506410502364,0.27878833585153723,-480.5080618329572,-480.5080618329572
82,12,136,True,0.43908478774644105,0.027662872008985318,0.3614953644998194,-462.63723608511754,-462.63723608511754
83,10,110,True,0.35424539946273925,0.028515130116240843,0.35069101768904365,-402.51687127351346,-402.51687127351346
84,28,144,True,0.6995588850081248,0.041189608245749784,0.2427796822037477,-539.8784326275463,-539.8784326275463
85,10,150,True,0.4244349037216092,0.023799535736074375,0.4201762635580494,-478.7106221608382,-478.7106221608382
86,7,124,True,0.3169566489965519,0.022241092629129565,0.44961819847388323,-416.52802772872707,-416.52802772872707
87,13,131,True,0.44731424809967696,0.029446832346073187,0.3395951008405672,-457.65486220145135,-457.65486220145135
88,12,123,True,0.4141061273754676,0.029331481669937383,0.3409306121159663,-437.8618647707129,-437.8618647707129
89,18,135,True,0.5370882104080918,0.034132181326167355,0.2929786380905437,-485.93208293279406,-485.93208293279406
90,16,149,True,0.5363631388533631,0.030318257678079913,0.32983425717204035,-503.0045347072055,-503.0045347072055
91,12,129,True,0.4257078249455601,0.028532118915304338,0.3504822067258419,-449.48321079073907,-449.48321079073907
92,18,117,True,0.4943084136224714,0.03708614233662791,0.26964249635971327,-451.0546990134235,-451.0546990134235
93,16,134,True,0.503647076087744,0.03228768045095723,0.30971565192455736,-475.9543917005293,-475.9543917005293
94,19,126,True,0.5302944617054358,0.03652765690955871,0.27376516442759175,-472.8328659276664,-472.8328659276664
95,13,136,True,0.45724737361914475,0.028807136857985156,0.34713619924460015,-467.0069506896207,-467.0069506896207
96,19,128,True,0.5351685426877496,0.036194978989109186,0.2762814146959149,-476.6883830961493,-476.6883830961493
97,17,143,True,0.5397429975357364,0.03204436641841635,0.3120673340650874,-496.49408764518967,-496.49408764518967
98,12,145,True,0.4560704929920681,0.026632607176218986,0.37547957411129035,-478.93902420001143,-478.93902420001143
99,12,129,True,0.4257078249455601,0.028532118915304338,0.3504822067258419,-449.48321079073907,-449.48321079073907
100,16,138,True,0.5124406404098952,0.03173361862902317,0.31512321733311954,-483.3502038452225,-483.3502038452225
101,9,123,True,0.35807930760094026,0.02536305539318389,0.39427426408126737,-424.2141252260182,-424.2141252260182
102,10,134,True,0.3969488275636937,0.025447495891996002,0.392965973644004,-449.92194932849344,-449.92194932849344
103,19,126,True,0.5302944617054358,0.03652765690955871,0.27376516442759175,-472.8328659276664,-472.8328659276664
104,18,137,True,0.541756421299417,0.03383807088400716,0.29552512122451663,-489.6299362746062,-489.6299362746062
105,12,123,True,0.4141061273754676,0.029331481669937383,0.3409306121159663,-437.8618647707129,-437.8618647707129
106,12,128,True,0.4237834122933595,0.028661684087139556,0.34889785155670533,-447.5689213615835,-447.5689213615835
107,27,130,True,0.6464356053435929,0.04293754046913358,0.23289643260281007,-510.54067792164096,-510.54067792164096
108,19,129,True,0.5375987584176073,0.03603135955006861,0.2775360165387087,-478.6026725253049,-478.6026725253049
109,8,124,True,0.3390125212647849,0.023788770204870715,0.4203664129704576,-421.4140934089382,-421.4140934089382
110,18,126,True,0.5158844886794052,0.03553507148998247,0.2814121255621802,-468.86143291923344,-468.86143291923344
111,16,153,True,0.5449811784276678,0.029838821039098188,0.3351338843748844,-509.91176536568764,-509.91176536568764
112,16,121,True,0.47463834398707383,0.03426102433313496,0.29187685408251707,-450.946674626544,-450.946674626544
113,14,133,True,0.4685731268501721,0.030304207491159443,0.3299871809192592,-465.7133627892389,-465.7133627892389
114,14,122,True,0.44563796561803554,0.031863840956988486,0.3138353600715788,-444.5543130423723,-444.5543130423723
115,12,133,True,0.4333712060206127,0.028027580318625414,0.3567914135404195,-457.0519458697016,-457.0519458697016
116,8,134,True,0.35468155215300506,0.022737835999609057,0.4397955900540375,-440.51483919575065,-440.51483919575065
117,24,135,True,0.622107273469064,0.039535178488166206,0.2529392905863124,-509.0046631114816,-509.0046631114816
118,16,128,True,0.4903460781051527,0.03316350752843747,0.30153625913739895,-464.60100427867906,-464.60100427867906
119,15,137,True,0.49379141797585846,0.030842179892034596,0.32423129736632633,-477.36252314978196,-477.36252314978196
120,10,123,True,0.3776405449542653,0.026748594116087463,0.37385142398888466,-428.8615053157726,-428.8615053157726
121,18,136,True,0.5394241595491752,0.033984373634871515,0.29425288538315014,-487.7852648112505,-487.7852648112505
122,13,140,True,0.4651371582466366,0.02831850226598451,0.3531260200865833,-474.3350934782293,-474.3350934782293
123,18,132,True,0.5300573951239883,0.034584919207678616,0.2891433673720938,-480.32093941147275,-480.32093941147275
124,18,128,True,0.5206261236707578,0.035211433603337214,0.2839986611352352,-472.71695008771644,-472.71695008771644
125,18,121,True,0.5039483993231948,0.036376724701210825,0.27490105506027435,-459.06262043558144,-459.06262043558144
126,21,142,True,0.598630274186506,0.035838064713302885,0.2790329243500712,-510.48334919466197,-510.48334919466197
127,12,135,True,0.4371833531988,0.027783185694627732,0.3599299270397793,-460.7840542066611,-460.7840542066611
128,14,135,True,0.47269492751085396,0.030039961155544526,0.33288991114937855,-469.4454711261984,-469.4454711261984
129,10,147,True,0.4193259878575743,0.02408950065406079,0.4151186088747045,-473.4713290701079,-473.4713290701079
130,13,123,True,0.43123547985764243,0.03054476796331613,0.3273883112161752,-442.23157937521603,-442.23157937521603
131,18,128,True,0.5206261236707578,0.035211433603337214,0.2839986611352352,-472.71695008771644,-472.71695008771644
132,13,124,True,0.4332589388197881,0.030402114046814387,0.3289244946782846,-444.1912776011244,-444.1912776011244
133,9,126,True,0.3631098548366551,0.025011673995796978,0.39981330324713266,-430.0656646484058,-430.0656646484058
134,21,117,True,0.5347426005649996,0.040119770676528485,0.24925366798894397,-462.8106062300784,-462.8106062300784
135,18,140,True,0.5487319012383679,0.03340792132628779,0.2993302068192812,-495.11340759985916,-495.11340759985916
136,15,140,True,0.5001493160915008,0.030450114100662017,0.32840599437302564,-482.8459944750349,-482.8459944750349
137,13,123,True,0.43123547985764243,0.03054476796331613,0.3273883112161752,-442.23157937521603,-442.23157937521603
138,12,135,True,0.4371833531988,0.027783185694627732,0.3599299270397793,-460.7840542066611,-460.7840542066611
139,17,138,True,0.5284833830353987,0.03272708838160581,0.30555727669377647,-487.438114146856,-487.438114146856
140,16,119,True,0.4701086899585767,0.03459114073005733,0.28909136238200683,-446.96179157897404,-446.96179157897404
141,12,134,True,0.43527884901379116,0.02790474729484833,0.35836196236925477,-458.9223087834337,-458.9223087834337
142,21,138,True,0.5885909719563687,0.036449336683384584,0.27435341517637274,-503.22205687091486,-503.22205687091486
143,21,133,True,0.5759553758838915,0.03724898039663958,0.26846372420175424,-493.9558818124895,-493.9558818124895
144,19,137,True,0.5568890635651064,0.03478325473696552,0.2874946601639498,-493.60136928303916,-493.60136928303916
145,17,125,True,0.4987819794365401,0.03467591672888426,0.2883845891713722,-462.8920482849534,-462.8920482849534
146,12,131,True,0.4295462216178861,0.028277157784727017,0.353642331245935,-453.2851475969482,-453.2851475969482
147,5,116,True,0.2575336089420758,0.019512668452842507,0.5124875679698874,-390.3578393892887,-390.3578393892887
148,18,141,True,0.5510502266479108,0.03326737073916276,0.30059484046413903,-496.9245529902606,-496.9245529902606
149,12,129,True,0.4257078249455601,0.028532118915304338,0.3504822067258419,-449.48321079073907,-449.48321079073907
150,16,123,True,0.4791488047609341,0.03393850864533317,0.2946505429717839,-454.89394768780846,-454.89394768780846
151,12,121,True,0.41020794496285745,0.029610217046435027,0.33772126642360994,-433.9145917094485,-433.9145917094485
152,11,126,True,0.40184150311941597,0.027679581096814867,0.3612771437914108,-439.2592473898055,-439.2592473898055
153,18,117,True,0.4943084136224714,0.03708614233662791,0.26964249635971327,-451.0546990134235,-451.0546990134235
154,12,137,True,0.44098322080222024,0.027543783326780785,0.3630583308530827,-464.48190754847326,-464.48190754847326
155,13,125,True,0.43527834262444354,0.030261068332466324,0.3304575995180995,-446.1417696707275,-446.1417696707275
156,21,123,True,0.5503518621793617,0.038981880465858036,0.2565294408708277,-474.76580071350077,-474.76580071350077
157,22,125,True,0.5688790619680343,0.03954914931749079,0.2528499391914216,-482.4940489706395,-482.4940489706395
158,19,136,True,0.5544916557799514,0.034933644097797534,0.28625699546273425,-491.7566978196834,-491.7566978196834
159,12,141,True,0.4485482667434525,0.02707924026260789,0.36928657905548423,-471.77652426412766,-471.77652426412766
160,17,135,True,0.5216871511866131,0.033153437544837405,0.3016278473831195,-481.9040474253901,-481.9040474253901
161,14,122,True,0.44563796561803554,0.031863840956988486,0.3138353600715788,-444.5543130423723,-444.5543130423723
162,12,109,True,0.3864448920224053,0.03143099193511416,0.31815731494074084,-409.42136875245694,-409.42136875245694
163,18,134,True,0.5347484901580942,0.03428152210467393,0.29170233367895304,-484.0703375095667,-484.0703375095667
164,16,144,True,0.5255328758394744,0.030943061034581536,0.3231742324660168,-494.19269859274493,-494.19269859274493
165,13,112,True,0.4086840106932777,0.03223024959419494,0.3102675320826905,-420.0481060343302,-420.0481060343302
166,13,136,True,0.45724737361914475,0.028807136857985156,0.34713619924460015,-467.0069506896207,-467.0069506896207
167,10,137,True,0.40215088068098775,0.025118317885203825,0.3981158310720556,-455.481548093533,-455.481548093533
168,18,125,True,0.5135068404695095,0.035699606589533285,0.28011513165895463,-466.92008379235733,-466.92008379235733
169,12,137,True,0.44098322080222024,0.027543783326780785,0.3630583308530827,-464.48190754847326,-464.48190754847326
170,21,133,True,0.5759553758838915,0.03724898039663958,0.26846372420175424,-493.9558818124895,-493.9558818124895
171,18,134,True,0.5347484901580942,0.03428152210467393,0.29170233367895304,-484.0703375095667,-484.0703375095667
172,17,111,True,0.4659250826951691,0.03712125195055282,0.26938746606177105,-434.72287129312343,-434.72287129312343
173,21,129,True,0.5657706532574105,0.03791951806287374,0.26371643182329385,-486.38714673352695,-486.38714673352695
174,17,129,True,0.5079935016023118,0.03404713314295439,0.2937104853443253,-470.6032040094681,-470.6032040094681
175,16,133,True,0.5014398040874839,0.03242980656945002,0.3083582992881721,-474.08402878679715,-474.08402878679715
176,15,120,True,0.457141357368781,0.03331486748434442,0.3001662847585775,-444.807500683806,-444.807500683806
177,17,146,True,0.5464616362160288,0.03165038721578642,0.3159519007404829,-501.82935974579794,-501.82935974579794
178,20,124,True,0.539329264468777,0.03784515064323791,0.2642346464483364,-472.8587824665656,-472.8587824665656
179,18,144,True,0.5579857904995367,0.03285386921660497,0.3043781520547908,-502.3086444017824,-502.3086444017824
180,14,140,True,0.48294261771577235,0.029402535083797476,0.3401067279232867,-478.62679579326345,-478.62679579326345
181,22,127,True,0.5741420487248028,0.039186614210435455,0.2551891813438933,-486.367666468126,-486.367666468126
182,16,128,True,0.4903460781051527,0.03316350752843747,0.30153625913739895,-464.60100427867906,-464.60100427867906
183,11,125,True,0.3999894650149181,0.02780774356955881,0.35961206183399286,-437.3178982629294,-437.3178982629294
184,10,128,True,0.38646566225748463,0.02613777793285461,0.38258799296899,-438.5685619066432,-438.5685619066432
185,7,135,True,0.3330571644970112,0.021165922673956103,0.4724575514161089,-437.4905189387669,-437.4905189387669
186,15,140,True,0.5001493160915008,0.030450114100662017,0.32840599437302564,-482.8459944750349,-482.8459944750349
187,14,149,True,0.5012074252004249,0.028331059251907008,0.3529695064023025,-494.63386870964723,-494.63386870964723
188,11,139,True,0.4256191172510487,0.026133235145777402,0.3826544989251282,-463.6917709711874,-463.6917709711874
189,13,128,True,0.44131306221976585,0.029847264442042654,0.3350390793574391,-451.9386359660866,-451.9386359660866
190,17,134,True,0.5194145226534576,0.033298495961286145,0.30031386437472457,-480.0423020021627,-480.0423020021627
191,13,144,True,0.47298129441578435,0.027848855388817675,0.35908118521867016,-481.5303302801525,-481.5303302801525
192,18,137,True,0.541756421299417,0.03383807088400716,0.29552512122451663,-489.6299362746062,-489.6299362746062
193,11,139,True,0.4256191172510487,0.026133235145777402,0.3826544989251282,-463.6917709711874,-463.6917709711874
194,15,138,True,0.4959139046222706,0.030710176908539014,0.32562495585036777,-479.1987365294357,-479.1987365294357
195,14,127,True,0.4561219380979125,0.031131449892683807,0.32121857589260877,-454.3070894832482,-454.3070894832482
196,13,128,True,0.44131306221976585,0.029847264442042654,0.3350390793574391,-451.9386359660866,-451.9386359660866
197,7,128,True,0.3228487558516709,0.02183518462431248,0.4579764344591553,-424.2753860936893,-424.2753860936893
198,16,117,True,0.4655590278205866,0.03492918165265776,0.2862935667786852,-442.9387532043861,-442.9387532043861
199,13,145,True,0.474935686513093,0.02773425548732239,0.36056493402431883,-483.3087388045145,-483.3087388045145
200,15,141,True,0.5022623859994898,0.030322007315056524,0.32979346967687256,-484.65713986543636,-484.65713986543636
201,16,156,True,0.5514204895920155,0.029490372881884806,0.33909371170219244,-515.0110131391048,-515.0110131391048
202,12,134,True,0.43527884901379116,0.02790474729484833,0.35836196236925477,-458.9223087834337,-458.9223087834337
203,15,140,True,0.5001493160915008,0.030450114100662017,0.32840599437302564,-482.8459944750349,-482.8459944750349
204,21,133,True,0.5759553758838915,0.03724898039663958,0.26846372420175424,-493.9558818124895,-493.9558818124895
205,10,145,True,0.41590958965677044,0.02428737857931064,0.411736489689281,-469.93866474507115,-469.93866474507115
206,19,128,True,0.5351685426877496,0.036194978989109186,0.2762814146959149,-476.6883830961493,-476.6883830961493
207,21,134,True,0.5784906556208108,0.03708573387864845,0.26964546617095125,-495.8262447262216,-495.8262447262216
208,15,138,True,0.4959139046222706,0.030710176908539014,0.32562495585036777,-479.1987365294357,-479.1987365294357
209,13,117,True,0.4190046364916592,0.03143637688616169,0.3181028156079273,-430.27638489179367,-430.27638489179367
210,6,134,True,0.30685259872437015,0.019671629447586027,0.5083462977301625,-430.59835372378024,-430.59835372378024
211,12,135,True,0.4371833531988,0.027783185694627732,0.3599299270397793,-460.7840542066611,-460.7840542066611
212,11,115,True,0.38125510932781226,0.02917417813303639,0.3427688675375624,-417.3907553948384,-417.3907553948384
213,11,134,True,0.4165353713697446,0.026703145130468436,0.3744877223690757,-454.46815198013877,-454.46815198013877
214,12,120,True,0.4082526767288606,0.029752030977103012,0.33611150807472406,-431.9268850824973,-431.9268850824973
215,13,130,True,0.44531744685471814,0.029578871797713888,0.3380791555671466,-455.7583147028945,-455.7583147028945
216,17,118,True,0.4824827506406133,0.03584733829726606,0.2789607394857169,-449.04298692571535,-449.04298692571535
217,5,109,True,0.24856503162386606,0.02021671308277551,0.4946402493350874,-375.89854088983606,-375.89854088983606
218,11,133,True,0.414709873107183,0.026820688859715516,0.37284650115828794,-452.5977890664067,-452.5977890664067
219,20,144,True,0.5887764354490551,0.0346668039534569,0.28846039610186847,-510.1978351455938,-510.1978351455938
220,10,138,True,0.40387946453849416,0.025010812744100174,0.3998270708879266,-457.3177614731867,-457.3177614731867
221,18,127,True,0.5182575509132222,0.03537235907801612,0.28270661784090584,-470.79370128984385,-470.79370128984385
222,19,113,True,0.4981153813582222,0.03888740417008916,0.25715267484199045,-446.86331170339906,-446.86331170339906
223,13,143,True,0.47102430941051193,0.027964560228931176,0.35759546791135804,-479.7438090309638,-479.7438090309638
224,18,103,True,0.45981920143689836,0.03986782659034182,0.2508288225178182,-421.775007463665,-421.775007463665
225,13,139,True,0.46316915856622765,0.028438827210723137,0.3516319405826061,-472.5156423789855,-472.5156423789855
226,17,121,True,0.48949762756514653,0.035333618409637065,0.28301658449089245,-455.0345849281775,-455.0345849281775
227,11,138,True,0.42380798498053596,0.026244914838427807,0.3810261935145622,-461.863964124832,-461.863964124832
228,17,135,True,0.5216871511866131,0.033153437544837405,0.3016278473831195,-481.9040474253901,-481.9040474253901
229,9,115,True,0.34450768855156116,0.026362213720162925,0.37933081440545274,-408.19717265343866,-408.19717265343866
230,11,124,True,0.39813377827754665,0.027937354428405066,0.3579436995592033,-435.3674061933263,-435.3674061933263
231,13,117,True,0.4190046364916592,0.03143637688616169,0.3181028156079273,-430.27638489179367,-430.27638489179367
232,16,145,True,0.5277044147809566,0.03081572827002025,0.32450961120814126,-495.97110711710695,-495.97110711710695
233,17,135,True,0.5216871511866131,0.033153437544837405,0.3016278473831195,-481.9040474253901,-481.9040474253901
234,14,122,True,0.44563796561803554,0.031863840956988486,0.3138353600715788,-444.5543130423723,-444.5543130423723
235,8,137,True,0.359329688501835,0.02244370900318923,0.4455591541745177,-446.0744379607902,-446.0744379607902
236,11,144,True,0.43463576380748936,0.025591093508325318,0.39076094957594487,-472.70645887235446,-472.70645887235446
237,17,112,True,0.46830774669056574,0.036932385823285716,0.27076506911435555,-436.79838464855607,-436.79838464855607
238,18,136,True,0.5394241595491752,0.033984373634871515,0.29425288538315014,-487.7852648112505,-487.7852648112505
239,11,125,True,0.3999894650149181,0.02780774356955881,0.35961206183399286,-437.3178982629294,-437.3178982629294
240,15,123,True,0.4636957647895025,0.03284395696231525,0.3044700128999036,-450.7424803720216,-450.7424803720216
241,14,133,True,0.4685731268501721,0.030304207491159443,0.3299871809192592,-465.7133627892389,-465.7133627892389
242,11,125,True,0.3999894650149181,0.02780774356955881,0.35961206183399286,-437.3178982629294,-437.3178982629294
243,19,159,True,0.608833055542171,0.0318156413845923,0.31431080955176993,-532.1292803362244,-532.1292803362244
244,14,142,True,0.48702047267511617,0.02915634569292822,0.34297850990377954,-482.2408301714114,-482.2408301714114
245,13,141,True,0.4671023060546138,0.028199363392269146,0.354617934486475,-476.1462388686308,-476.1462388686308
246,17,146,True,0.5464616362160288,0.03165038721578642,0.3159519007404829,-501.82935974579794,-501.82935974579794
247,16,123,True,0.4791488047609341,0.03393850864533317,0.2946505429717839,-454.89394768780846,-454.89394768780846
248,17,124,True,0.4964679607309581,0.034837539887457684,0.2870466752906462,-460.94155621535026,-460.94155621535026
249,12,118,True,0.4043293500824417,0.03004072368737435,0.3328814613145569,-427.92299370698635,-427.92299370698635
250,17,131,True,0.5125738274780762,0.03374289020940949,0.29635872736270286,-474.4051408156772,-474.4051408156772
251,18,123,True,0.5087373918603397,0.03603429289669409,0.2775134239117381,-463.00989349684585,-463.00989349684585
252,17,127,True,0.5033964627736625,0.034358053073142165,0.29105258027024367,-466.7656657824399,-466.7656657824399
253,12,143,True,0.4523144819486594,0.026853763850747035,0.3723872770900908,-475.37409442646066,-475.37409442646066
254,12,111,True,0.3904537221757995,0.031108286577054226,0.321457756126501,-413.6028780743944,-413.6028780743944
255,19,145,True,0.5759417995541803,0.033632589565836944,0.297330658420597,-508.05848593457733,-508.05848593457733
256,14,135,True,0.47269492751085396,0.030039961155544526,0.33288991114937855,-469.4454711261984,-469.4454711261984
257,10,114,True,0.36152003054695037,0.027941338806254244,0.3578926575186745,-410.79897198391023,-410.79897198391023
258,18,135,True,0.5370882104080918,0.034132181326167355,0.2929786380905437,-485.93208293279406,-485.93208293279406
259,12,133,True,0.4333712060206127,0.028027580318625414,0.3567914135404195,-457.0519458697016,-457.0519458697016
260,19,129,True,0.5375987584176073,0.03603135955006861,0.2775360165387087,-478.6026725253049,-478.6026725253049
261,16,129,True,0.49257275373541376,0.03301359185919357,0.3029055439544733,-466.51529370783464,-466.51529370783464
262,13,127,True,0.4393053218295057,0.029983674258590064,0.33351482922861214,-450.01538716821403,-450.01538716821403
263,18,135,True,0.5370882104080918,0.034132181326167355,0.2929786380905437,-485.93208293279406,-485.93208293279406
264,12,135,True,0.4371833531988,0.027783185694627732,0.3599299270397793,-460.7840542066611,-460.7840542066611
265,14,123,True,0.44774318241832917,0.03171402227534553,0.3153179345457544,-446.5232816902502,-446.5232816902502
266,16,145,True,0.5277044147809566,0.03081572827002025,0.32450961120814126,-495.97110711710695,-495.97110711710695
267,8,115,True,0.3246402664387849,0.024841930587999057,0.40254520334385446,-403.43744261045026,-403.43744261045026
268,20,135,True,0.5667256898472058,0.03601565559103302,0.27765703097432287,-493.8212736766054,-493.8212736766054
269,10,137,True,0.40215088068098775,0.025118317885203825,0.3981158310720556,-455.481548093533,-455.481548093533
270,13,130,True,0.44531744685471814,0.029578871797713888,0.3380791555671466,-455.7583147028945,-455.7583147028945
271,17,142,True,0.5374974601427368,0.03217824021013329,0.31076901454825023,-494.6994064706031,-494.6994064706031
272,8,129,True,0.34688272232264405,0.023249041955570936,0.430125250713989,-431.075741203056,-431.075741203056
273,17,133,True,0.5171381486073949,0.033445071556575945,0.29899771579450574,-478.17193908843063,-478.17193908843063
274,13,126,True,0.43729377589735,0.030121598787385795,0.3319876899823711,-448.08311879760356,-448.08311879760356
275,13,125,True,0.43527834262444354,0.030261068332466324,0.3304575995180995,-446.1417696707275,-446.1417696707275
276,13,135,True,0.4552672869086034,0.028932427276386542,0.34563294342613243,-465.15376881116424,-465.15376881116424
277,15,137,True,0.49379141797585846,0.030842179892034596,0.32423129736632633,-477.36252314978196,-477.36252314978196
278,18,138,True,0.5440850781532148,0.033693245637281405,0.296795390614879,-491.46614965425994,-491.46614965425994
279,22,115,True,0.5422344034906946,0.04149254053326402,0.24100717554238776,-462.56690610254844,-462.56690610254844
280,14,140,True,0.48294261771577235,0.029402535083797476,0.3401067279232867,-478.62679579326345,-478.62679579326345
281,14,142,True,0.48702047267511617,0.02915634569292822,0.34297850990377954,-482.2408301714114,-482.2408301714114
282,9,119,True,0.3513234146155111,0.02585078288554983,0.38683547977147875,-416.28196911718385,-416.28196911718385
283,16,124,True,0.4813970843865228,0.03378000486542888,0.2960331130749539,-456.85364591371683,-456.85364591371683
284,14,120,True,0.44141426708145437,0.03216873200482372,0.3108608694461595,-440.58830200203454,-440.58830200203454
285,14,137,True,0.47680345115020867,0.029781112587575646,0.3357832911914745,-473.1433244680105,-473.1433244680105
286,20,131,True,0.5568255904221503,0.03665599715820034,0.2728066558070129,-486.3223670668925,-486.3223670668925
287,14,138,True,0.4788529176277306,0.0296536509189407,0.33722660414851957,-474.97953784766423,-474.97953784766423
288,14,161,True,0.5252680920377273,0.027033313989742774,0.36991395149681944,-514.9877042229775,-514.9877042229775
289,9,134,True,0.37638744892772685,0.02412935218671302,0.4144330076754635,-445.27456923873905,-445.27456923873905
290,19,128,True,0.5351685426877496,0.036194978989109186,0.2762814146959149,-476.6883830961493,-476.6883830961493
291,9,137,True,0.3813200431717309,0.02381722512746446,0.4198641926791319,-450.8341680037786,-450.8341680037786
292,23,127,True,0.5873508029449177,0.04008814434043331,0.2494503091756706,-490.13923172389116,-490.13923172389116
293,12,118,True,0.4043293500824417,0.03004072368737435,0.3328814613145569,-427.92299370698635,-427.92299370698635
294,15,138,True,0.4959139046222706,0.030710176908539014,0.32562495585036777,-479.1987365294357,-479.1987365294357
295,9,143,True,0.3911182322767268,0.023220562388433556,0.4306527909496767,-461.726354881766,-461.726354881766
296,16,126,True,0.48588022052308816,0.0334683223681613,0.2987899987933989,-460.745487110196,-460.745487110196
297,13,114,True,0.412827133987809,0.03190678757610431,0.31341293686015625,-424.16904604335366,-424.16904604335366
298,16,143,True,0.523358455899536,0.03107162150428997,0.3218370820660044,-492.40617734355624,-492.40617734355624
299,17,117,True,0.48013406943776016,0.036022693421991325,0.2776027845240231,-447.02666350601953,-447.02666350601953
300,18,135,True,0.5370882104080918,0.034132181326167355,0.2929786380905437,-485.93208293279406,-485.93208293279406
301,10,118,True,0.36872469642955324,0.027395381314496897,0.365025034154508,-418.92263425204607,-418.92263425204607
302,18,117,True,0.4943084136224714,0.03708614233662791,0.26964249635971327,-451.0546990134235,-451.0546990134235
303,16,130,True,0.494795378316429,0.03286529455491495,0.304272337595846,-468.42068301548693,-468.42068301548693
304,11,124,True,0.39813377827754665,0.027937354428405066,0.3579436995592033,-435.3674061933263,-435.3674061933263
305,11,118,True,0.38691858419920894,0.028747144561898762,0.34786063633095304,-423.4688369036914,-423.4688369036914
306,22,136,True,0.5975910848756277,0.03764896019165073,0.2656115852627893,-503.35922998953265,-503.35922998953265
307,16,128,True,0.4903460781051527,0.03316350752843747,0.30153625913739895,-464.60100427867906,-464.60100427867906
308,7,127,True,0.32137996522986545,0.021934977137447645,0.4558928845623407,-422.3521372958167,-422.3521372958167
309,15,114,True,0.44390177191247876,0.034308499551015524,0.29147296241068066,-432.6799470401592,-432.6799470401592
310,7,131,True,0.3272390074912181,0.021542242912284838,0.4642042168365545,-429.991612329054,-429.991612329054
311,11,130,True,0.40921467917578236,0.027180854059445758,0.36790602598908584,-446.9344432950964,-446.9344432950964
312,10,127,True,0.38470744844967175,0.026257234424410174,0.38084742049998416,-436.6453131087706,-436.6453131087706
313,15,144,True,0.5085839020427001,0.02994511560665877,0.33394427763626144,-490.0412312769581,-490.0412312769581
314,14,130,True,0.4623642073860845,0.030711151585727934,0.3256146215190183,-460.05001701792867,-460.05001701792867
315,15,121,True,0.45933077099778946,0.03315607118868064,0.3016038885636717,-446.7952073107572,-446.7952073107572
316,20,120,True,0.5292225290790576,0.038567891838706056,0.259283033716771,-464.96410455244165,-464.96410455244165
317,14,114,True,0.4286301647103766,0.033128180025415815,0.3018578138710922,-428.46074835838783,-428.46074835838783
318,15,127,True,0.4723730460422159,0.03224062818561668,0.31016765375747984,-458.5262881650196,-458.5262881650196
319,17,123,True,0.4941492952527668,0.03500100587204609,0.285706074749886,-458.9818579894419,-458.9818579894419
320,13,142,True,0.46906466805412156,0.028081389554331485,0.3561077339371735,-477.94912785637723,-477.94912785637723
321,19,144,True,0.5735717605499049,0.03377156180012093,0.29610712288598356,-506.2800774102153,-506.2800774102153
322,10,105,True,0.34504453742701385,0.029275506675414127,0.34158247407543935,-391.9337487144489,-391.9337487144489
323,14,120,True,0.44141426708145437,0.03216873200482372,0.3108608694461595,-440.58830200203454,-440.58830200203454
324,9,125,True,0.36143632613925636,0.025127483479168666,0.39797061286659524,-428.1243155215297,-428.1243155215297
325,17,132,True,0.5148579452479902,0.033593193121412825,0.297679353190925,-476.2929039040688,-476.2929039040688
326,17,134,True,0.5194145226534576,0.033298495961286145,0.30031386437472457,-480.0423020021627,-480.0423020021627
327,22,133,True,0.5898149432343122,0.038145325450715084,0.26215531999904684,-497.77393977411674,-497.77393977411674
328,11,130,True,0.40921467917578236,0.027180854059445758,0.36790602598908584,-446.9344432950964,-446.9344432950964
329,22,128,True,0.5767660282754508,0.03900833589772906,0.25635546274564786,-488.2909152659986,-488.2909152659986
330,11,135,True,0.4183578659838873,0.026586818076197578,0.37612624313823834,-456.32989740336615,-456.32989740336615
331,22,127,True,0.5741420487248028,0.039186614210435455,0.2551891813438933,-486.367666468126,-486.367666468126
332,14,125,True,0.4519408060505165,0.03141946261710607,0.31827406222268045,-450.4334719857617,-450.4334719857617
333,21,136,True,0.5835487924857001,0.036764278809066304,0.27200315969570815,-499.5411720279054,-499.5411720279054
334,13,109,True,0.4024300473552697,0.03273112372290779,0.3055196052740841,-413.79108335696003,-413.79108335696003
335,14,134,True,0.4706357240643141,0.030171396973912128,0.3314397410450221,-467.58372570297104,-467.58372570297104
336,6,136,True,0.3095356194898986,0.019501117923301253,0.5127911148135423,-434.31328102546405,-434.31328102546405
337,18,122,True,0.5063453900469402,0.03620452076021916,0.2762086001974595,-461.04092484896796,-461.04092484896796
338,16,118,True,0.46783641200776005,0.03475914964162791,0.2876940346096356,-444.9550766240819,-444.9550766240819
339,7,127,True,0.32137996522986545,0.021934977137447645,0.4558928845623407,-422.3521372958167,-422.3521372958167
340,16,136,True,0.5080508046833585,0.032007814381703456,0.31242370630955274,-479.6693190022131,-479.6693190022131
341,21,120,True,0.5425725581542024,0.03954079538895694,0.25290335972333094,-468.83082102528516,-468.83082102528516
342,12,131,True,0.4295462216178861,0.028277157784727017,0.353642331245935,-453.2851475969482,-453.2851475969482
343,23,131,True,0.5980587298507916,0.039370387207289255,0.2539980099090451,-497.7787067571285,-497.7787067571285
344,20,139,True,0.5765620953940647,0.035401212502839265,0.2824762004747147,-501.18314724442666,-501.18314724442666
345,15,121,True,0.45933077099778946,0.03315607118868064,0.3016038885636717,-446.7952073107572,-446.7952073107572
346,17,129,True,0.5079935016023118,0.03404713314295439,0.2937104853443253,-470.6032040094681,-470.6032040094681
347,10,103,True,0.3413281126753414,0.02959426218832363,0.3379033387068351,-387.6266192825918,-387.6266192825918
348,16,128,True,0.4903460781051527,0.03316350752843747,0.30153625913739895,-464.60100427867906,-464.60100427867906
349,21,133,True,0.5759553758838915,0.03724898039663958,0.26846372420175424,-493.9558818124895,-493.9558818124895
350,12,141,True,0.4485482667434525,0.02707924026260789,0.36928657905548423,-471.77652426412766,-471.77652426412766
351,16,115,True,0.46098851203207375,0.0352754904479021,0.283482947310651,-438.87699511522885,-438.87699511522885
352,13,121,True,0.4271760505178047,0.03083503312939583,0.32430644578963475,-438.28430631395156,-438.28430631395156
353,5,121,True,0.26384965338380545,0.01904557334945946,0.5250563906118277,-400.3917638468276,-400.3917638468276
354,10,142,True,0.41076823484288905,0.02459137002797526,0.40664672153783843,-464.5790537969338,-464.5790537969338
355,14,139,True,0.48089928296930057,0.02952746606976219,0.33866773316659804,-476.80734469401966,-476.80734469401966
356,17,125,True,0.4987819794365401,0.03467591672888426,0.2883845891713722,-462.8920482849534,-462.8920482849534
357,6,118,True,0.2850345522058709,0.02117739961846734,0.47220150633034735,-399.59903864733286,-399.59903864733286
358,13,133,True,0.45129745162002055,0.029186931196968975,0.3426190966263177,-461.4216604742047,-461.4216604742047
359,14,155,True,0.513274136441395,0.027665016124322674,0.3614673476083083,-504.94824647216694,-504.94824647216694
360,20,128,True,0.5493551959846587,0.03715446292183166,0.26914667077919413,-480.6061408315278,-480.6061408315278
361,13,120,True,0.42513990330964346,0.030982713142801325,0.32276062957783436,-436.29659968700037,-436.29659968700037
362,12,115,True,0.39841102719107835,0.030486973139668853,0.3280089484183086,-421.84491219813333,-421.84491219813333
363,14,137,True,0.47680345115020867,0.029781112587575646,0.3357832911914745,-473.1433244680105,-473.1433244680105
364,12,122,True,0.4121590666257165,0.029470045106523,0.339327610930143,-435.892896122835,-435.892896122835
365,14,133,True,0.4685731268501721,0.030304207491159443,0.3299871809192592,-465.7133627892389,-465.7133627892389
366,10,122,True,0.3758649395381968,0.026874955858268306,0.3720936344132977,-426.8925366678947,-426.8925366678947
367,17,134,True,0.5194145226534576,0.033298495961286145,0.30031386437472457,-480.0423020021627,-480.0423020021627
368,17,127,True,0.5033964627736625,0.034358053073142165,0.29105258027024367,-466.7656657824399,-466.7656657824399
369,14,140,True,0.48294261771577235,0.029402535083797476,0.3401067279232867,-478.62679579326345,-478.62679579326345
370,17,99,True,0.4368205334429792,0.03959457273788445,0.2525598663786542,-409.0020637422168,-409.0020637422168
371,15,131,True,0.48098482630022193,0.031663376700470446,0.31582228562032744,-466.1657631982569,-466.1657631982569
372,10,122,True,0.3758649395381968,0.026874955858268306,0.3720936344132977,-426.8925366678947,-426.8925366678947
373,13,150,True,0.48467091741138835,0.02717717774392599,0.36795579343167695,-492.08069622028165,-492.08069622028165
374,13,140,True,0.4651371582466366,0.02831850226598451,0.3531260200865833,-474.3350934782293,-474.3350934782293
375,13,125,True,0.43527834262444354,0.030261068332466324,0.3304575995180995,-446.1417696707275,-446.1417696707275
376,17,130,True,0.5102857088652896,0.033894193163413536,0.2950357883365791,-472.50859331712036,-472.50859331712036
377,15,108,True,0.43046876141862456,0.035379114833245025,0.28265263410726166,-420.1958256024493,-420.1958256024493
378,12,143,True,0.4523144819486594,0.026853763850747035,0.3723872770900908,-475.37409442646066,-475.37409442646066
379,10,128,True,0.38646566225748463,0.02613777793285461,0.38258799296899,-438.5685619066432,-438.5685619066432
380,15,134,True,0.48740394176090013,0.031246369668929096,0.3200371789092621,-471.8029243847424,-471.8029243847424
381,13,139,True,0.46316915856622765,0.028438827210723137,0.3516319405826061,-472.5156423789855,-472.5156423789855
382,16,123,True,0.4791488047609341,0.03393850864533317,0.2946505429717839,-454.89394768780846,-454.89394768780846
383,22,112,True,0.5341220866693084,0.04212273472094315,0.23740149034122573,-456.4003853342422,-456.4003853342422
384,19,121,True,0.5180249668496735,0.03739281964731328,0.2674310227022024,-463.0340534440144,-463.0340534440144
385,21,143,True,0.6011312100326223,0.035688964651284696,0.28019865798040267,-512.2780303692485,-512.2780303692485
386,15,115,True,0.44612116011129277,0.034137819731650886,0.29293024799496786,-434.72552779944203,-434.72552779944203
387,8,124,True,0.3390125212647849,0.023788770204870715,0.4203664129704576,-421.4140934089382,-421.4140934089382
388,14,130,True,0.4623642073860845,0.030711151585727934,0.3256146215190183,-460.05001701792867,-460.05001701792867
389,20,127,True,0.5468559211840673,0.037324268549443734,0.2679221961644855,-478.6828920336552,-478.6828920336552
390,17,140,True,0.5329969579945655,0.032449945774335694,0.3081669248245368,-491.0853720924552,-491.0853720924552
391,9,144,True,0.3927432280583928,0.02312448608912813,0.4324420426666889,-463.51287613095474,-463.51287613095474
392,20,116,True,0.5190279391706838,0.039325430713307616,0.25428837824822675,-456.91788672185396,-456.91788672185396
393,11,121,True,0.3925440417816165,0.02833517590326283,0.3529182255349432,-429.4604349061535,-429.4604349061535
394,11,131,True,0.411049595787752,0.027059519307745982,0.3695557148030131,-448.83099079365326,-448.83099079365326
395,18,135,True,0.5370882104080918,0.034132181326167355,0.2929786380905437,-485.93208293279406,-485.93208293279406
396,13,129,True,0.44331707751597854,0.029712339853016863,0.3365605014438014,-453.8529253952422,-453.8529253952422
397,13,130,True,0.44531744685471814,0.029578871797713888,0.3380791555671466,-455.7583147028945,-455.7583147028945
398,14,117,True,0.43504414213028686,0.03263976200510811,0.3063747829544531,-434.56808720682784,-434.56808720682784
399,9,135,True,0.37803428169548425,0.02402423736043955,0.41624630367942045,-447.1363146619664,-447.1363146619664
400,18,113,True,0.48457982757148466,0.03783069608503545,0.26433560665979033,-442.8918786949662,-442.8918786949662
401,18,111,True,0.47967995431705773,0.03821713211238067,0.2616627529924057,-438.7509068005274,-438.7509068005274
402,18,137,True,0.541756421299417,0.03383807088400716,0.29552512122451663,-489.6299362746062,-489.6299362746062
403,15,121,True,0.45933077099778946,0.03315607118868064,0.3016038885636717,-446.7952073107572,-446.7952073107572
404,15,118,True,0.45274820829523255,0.03363813144551022,0.2972816732165642,-440.80360930829505,-440.80360930829505
405,12,132,True,0.4314603539929707,0.02815170889309605,0.355218222736468,-455.1729106853398,-455.1729106853398
406,12,128,True,0.4237834122933595,0.028661684087139556,0.34889785155670533,-447.5689213615835,-447.5689213615835
407,17,120,True,0.4871644227270939,0.035502843758560894,0.28166757761731903,-453.0468783012263,-453.0468783012263
408,12,138,True,0.4428787195155865,0.02742589731520123,0.36461888138322984,-466.318120928127,-466.318120928127
409,16,133,True,0.5014398040874839,0.03242980656945002,0.3083582992881721,-474.08402878679715,-474.08402878679715
410,8,109,True,0.314889810140452,0.025611152553157174,0.39045489964750785,-391.0138991647739,-391.0138991647739
411,8,127,True,0.34374364015235054,0.02346135323803363,0.4262328732082179,-427.2382029760278,-427.2382029760278
412,6,137,True,0.310873931971633,0.019417165597807106,0.5150082255635373,-436.1579524888198,-436.1579524888198
413,13,133,True,0.45129745162002055,0.029186931196968975,0.3426190966263177,-461.4216604742047,-461.4216604742047
414,8,128,True,0.34531463862638395,0.02335461652312827,0.4281808690841451,-429.1614517739004,-429.1614517739004
415,15,109,True,0.4327220678694591,0.035194885755049234,0.28413219095519726,-422.30198435376565,-422.30198435376565
416,16,132,True,0.4992288190172497,0.032573431727742734,0.3069986633150174,-472.20499360243537,-472.20499360243537
417,11,116,True,0.3831473054909595,0.02903009968817934,0.34447005375155026,-419.42651044861464,-419.42651044861464
418,8,137,True,0.359329688501835,0.02244370900318923,0.4455591541745177,-446.0744379607902,-446.0744379607902
419,15,137,True,0.49379141797585846,0.030842179892034596,0.32423129736632633,-477.36252314978196,-477.36252314978196
420,14,116,True,0.4329111569806207,0.03280058051607258,0.30487265294283156,-432.54208417144685,-432.54208417144685
421,13,123,True,0.43123547985764243,0.03054476796331613,0.3273883112161752,-442.23157937521603,-442.23157937521603
422,16,131,True,0.49701403836310004,0.03271858458231294,0.3056366932634921,-470.3172305140438,-470.3172305140438
423,19,120,True,0.5155557856099241,0.03757190724821227,0.2661563048672706,-461.0463468170632,-461.0463468170632
424,16,143,True,0.523358455899536,0.03107162150428997,0.3218370820660044,-492.40617734355624,-492.40617734355624
425,18,113,True,0.48457982757148466,0.03783069608503545,0.26433560665979033,-442.8918786949662,-442.8918786949662
426,15,137,True,0.49379141797585846,0.030842179892034596,0.32423129736632633,-477.36252314978196,-477.36252314978196
427,16,156,True,0.5514204895920155,0.029490372881884806,0.33909371170219244,-515.0110131391048,-515.0110131391048
428,12,126,True,0.41992377835429157,0.02892512144019231,0.345720242546837,-443.7134041931005,-443.7134041931005
429,17,148,True,0.5509264660841889,0.03139388548120051,0.3185333655494241,-505.3460286349877,-505.3460286349877
430,13,126,True,0.43729377589735,0.030121598787385795,0.3319876899823711,-448.08311879760356,-448.08311879760356
431,16,139,True,0.5146305420008509,0.03159858291650543,0.3164698881093344,-485.1780106915779,-485.1780106915779
432,18,129,True,0.5229903018579979,0.03505226028220541,0.285288307215857,-474.63123951687203,-474.63123951687203
433,14,136,True,0.4747508119792068,0.029909874617488615,0.33433774390190507,-471.29865300465485,-471.29865300465485
434,17,137,True,0.5262215006544284,0.03286776074960816,0.3042495068703217,-485.60190076720227,-485.60190076720227
435,18,104,True,0.4623261033801688,0.039651648591257235,0.25219632361527816,-423.93393798181717,-423.93393798181717
436,14,151,True,0.5052385198146989,0.02810501714330269,0.35580835795301985,-498.1030851740745,-498.1030851740745
437,10,138,True,0.40387946453849416,0.025010812744100174,0.3998270708879266,-457.3177614731867,-457.3177614731867
438,18,127,True,0.5182575509132222,0.03537235907801612,0.28270661784090584,-470.79370128984385,-470.79370128984385
439,16,135,True,0.5058507162746031,0.03214702545553448,0.31107077119256094,-477.8161371237567,-477.8161371237567
440,11,120,True,0.3906729690616334,0.02847088320539807,0.3512360304335063,-427.47272827920233,-427.47272827920233
441,12,119,True,0.40629317470891196,0.029895521363912922,0.33449826408015304,-429.9297086618785,-429.9297086618785
442,13,140,True,0.4651371582466366,0.02831850226598451,0.3531260200865833,-474.3350934782293,-474.3350934782293
443,19,129,True,0.5375987584176073,0.03603135955006861,0.2775360165387087,-478.6026725253049,-478.6026725253049
444,11,122,True,0.3944111464853436,0.028201039886364326,0.3545968531761542,-431.43873931954005,-431.43873931954005
445,13,128,True,0.44131306221976585,0.029847264442042654,0.3350390793574391,-451.9386359660866,-451.9386359660866
446,17,129,True,0.5079935016023118,0.03404713314295439,0.2937104853443253,-470.6032040094681,-470.6032040094681
447,17,137,True,0.5262215006544284,0.03286776074960816,0.3042495068703217,-485.60190076720227,-485.60190076720227
448,19,135,True,0.5520904576056992,0.035085580435895804,0.28501737396851134,-489.90351594122694,-489.90351594122694
449,16,112,True,0.45409170718798975,0.03581125925747829,0.27924178616845907,-432.71047434692264,-432.71047434692264
450,12,156,True,0.47656719839751,0.025487163878179633,0.3923543650363278,-497.9789302220092,-497.9789302220092
451,14,140,True,0.48294261771577235,0.029402535083797476,0.3401067279232867,-478.62679579326345,-478.62679579326345
452,16,125,True,0.48364085829782,0.0336232879703607,0.29741291240806406,-458.80413798331995,-458.80413798331995
453,10,131,True,0.3917210069865631,0.025787112456560755,0.38779060729832904,-444.2847881420079,-444.2847881420079
454,12,122,True,0.4121590666257165,0.029470045106523,0.339327610930143,-435.892896122835,-435.892896122835
455,17,130,True,0.5102857088652896,0.033894193163413536,0.2950357883365791,-472.50859331712036,-472.50859331712036
456,13,141,True,0.4671023060546138,0.028199363392269146,0.354617934486475,-476.1462388686308,-476.1462388686308
457,11,125,True,0.3999894650149181,0.02780774356955881,0.35961206183399286,-437.3178982629294,-437.3178982629294
458,15,108,True,0.43046876141862456,0.035379114833245025,0.28265263410726166,-420.1958256024493,-420.1958256024493
459,22,129,True,0.5793851393826227,0.038831998675944425,0.2575195802680839,-490.2052046951542,-490.2052046951542
460,12,128,True,0.4237834122933595,0.028661684087139556,0.34889785155670533,-447.5689213615835,-447.5689213615835
461,11,117,True,0.38503510047976686,0.02888776753028611,0.3461672830728764,-421.4525134839956,-421.4525134839956
462,10,124,True,0.37941252379378365,0.02662366955564693,0.3756056233757973,-430.821203541681,-430.821203541681
463,15,122,True,0.46151554149947416,0.032999113513865544,0.3030384436175296,-448.7735117241437,-448.7735117241437
464,17,143,True,0.5397429975357364,0.03204436641841635,0.3120673340650874,-496.49408764518967,-496.49408764518967
465,19,136,True,0.5544916557799514,0.034933644097797534,0.28625699546273425,-491.7566978196834,-491.7566978196834
466,16,117,True,0.4655590278205866,0.03492918165265776,0.2862935667786852,-442.9387532043861,-442.9387532043861
467,14,133,True,0.4685731268501721,0.030304207491159443,0.3299871809192592,-465.7133627892389,-465.7133627892389
468,14,128,True,0.45820653482938195,0.03098981830570446,0.32268662892286937,-456.2303382811208,-456.2303382811208
469,31,146,True,0.7433329731479454,0.043052933401336826,0.23227221027614095,-553.9087394382263,-553.9087394382263
470,14,129,True,0.46028726387013125,0.030849728800785164,0.3241519581768735,-458.1446277102764,-458.1446277102764
471,15,139,True,0.49803317964276983,0.030579496236130675,0.32701650552976325,-481.02654337579105,-481.02654337579105
472,21,140,True,0.5936179029015862,0.03614067298302995,0.27669656303012274,-506.8693148165141,-506.8693148165141
473,7,135,True,0.3330571644970112,0.021165922673956103,0.4724575514161089,-437.4905189387669,-437.4905189387669
474,18,126,True,0.5158844886794052,0.03553507148998247,0.2814121255621802,-468.86143291923344,-468.86143291923344
475,15,131,True,0.48098482630022193,0.031663376700470446,0.31582228562032744,-466.1657631982569,-466.1657631982569
476,12,128,True,0.4237834122933595,0.028661684087139556,0.34889785155670533,-447.5689213615835,-447.5689213615835
477,13,138,True,0.46119824002477794,0.028560359790387117,0.3501356451176716,-470.68783553263006,-470.68783553263006
478,10,128,True,0.38646566225748463,0.02613777793285461,0.38258799296899,-438.5685619066432,-438.5685619066432
479,15,115,True,0.44612116011129277,0.034137819731650886,0.29293024799496786,-434.72552779944203,-434.72552779944203
480,15,130,True,0.4788377203136749,0.03180535512611189,0.31441246168605413,-464.26921569970006,-464.26921569970006
481,13,114,True,0.412827133987809,0.03190678757610431,0.31341293686015625,-424.16904604335366,-424.16904604335366
482,14,126,True,0.4540333901483297,0.031274654175125816,0.3197477402628952,-452.37482111263773,-452.37482111263773
483,11,146,True,0.43822532996911506,0.02538147321252234,0.393988162793732,-476.255209723774,-476.255209723774
484,14,135,True,0.47269492751085396,0.030039961155544526,0.33288991114937855,-469.4454711261984,-469.4454711261984
485,19,139,True,0.5616728459407412,0.03448700484313415,0.28996429366613596,-497.2653895090482,-497.2653895090482
486,14,130,True,0.4623642073860845,0.030711151585727934,0.3256146215190183,-460.05001701792867,-460.05001701792867
487,15,148,True,0.5169738609118366,0.02945913690005981,0.33945325804775006,-497.1066510175674,-497.1066510175674
488,15,131,True,0.48098482630022193,0.031663376700470446,0.31582228562032744,-466.1657631982569,-466.1657631982569
489,15,135,True,0.489536512293506,0.03111025094124793,0.3214374586333334,-473.6646698079698,-473.6646698079698
490,21,151,True,0.6210233257442919,0.03454580466832883,0.2894707503851511,-526.3456041973252,-526.3456041973252
491,17,109,True,0.46114138000609567,0.03750633349056834,0.26662163611686235,-430.54136197118595,-430.54136197118595
492,19,123,True,0.5229477281951398,0.037040822846804954,0.2699724042675411,-466.98132650527873,-466.98132650527873
493,9,140,True,0.38622979635026167,0.02351446056119235,0.4252702278232884,-456.3176393290315,-456.3176393290315
494,12,135,True,0.4371833531988,0.027783185694627732,0.3599299270397793,-460.7840542066611,-460.7840542066611
495,16,143,True,0.523358455899536,0.03107162150428997,0.3218370820660044,-492.40617734355624,-492.40617734355624
496,19,142,True,0.5688221725552043,0.03405354976090595,0.293655142274776,-502.69887498643993,-502.69887498643993
497,15,117,True,0.4505442720818931,0.03380267974994046,0.2958345336516587,-438.78728588859923,-438.78728588859923
498,19,125,True,0.5278503997007433,0.03669678789520106,0.27250341442848,-470.8915168007902,-470.8915168007902
499,15,134,True,0.48740394176090013,0.031246369668929096,0.3200371789092621,-471.8029243847424,-471.8029243847424
500,10,135,True,0.39868562388412654,0.02533663882923345,0.39468534352165074,-451.7836947517208,-451.7836947517208
501,12,129,True,0.4257078249455601,0.028532118915304338,0.3504822067258419,-449.48321079073907,-449.48321079073907
502,12,129,True,0.4257078249455601,0.028532118915304338,0.3504822067258419,-449.48321079073907,-449.48321079073907
503,14,130,True,0.4623642073860845,0.030711151585727934,0.3256146215190183,-460.05001701792867,-460.05001701792867
504,15,132,True,0.4831281780086318,0.0315229051742086,0.31722964443587504,-468.0535262866485,-468.0535262866485
505,18,124,True,0.5111245081413986,0.035866001128484946,0.27881558259523814,-464.9695917227542,-464.9695917227542
506,10,136,True,0.4004196208749872,0.025226919791508946,0.3964019421572772,-453.63687663017726,-453.63687663017726
507,18,124,True,0.5111245081413986,0.035866001128484946,0.27881558259523814,-464.9695917227542,-464.9695917227542
508,10,130,True,0.38997237278197366,0.025902741742187988,0.38605951831396,-442.38824064345107,-442.38824064345107
509,22,147,True,0.6258071756143687,0.035951462114956464,0.2781528041342113,-523.1936824294633,-523.1936824294633
510,15,139,True,0.49803317964276983,0.030579496236130675,0.32701650552976325,-481.02654337579105,-481.02654337579105
511,12,138,True,0.4428787195155865,0.02742589731520123,0.36461888138322984,-466.318120928127,-466.318120928127
512,12,127,True,0.4218554225137143,0.028792675490919906,0.3473105513641347,-445.6456725637109,-445.6456725637109
513,10,134,True,0.3969488275636937,0.025447495891996002,0.392965973644004,-449.92194932849344,-449.92194932849344
514,16,116,True,0.4632764307310781,0.0351012803028167,0.2848898932953608,-440.9127501690051,-440.9127501690051
515,7,132,True,0.32869724119717464,0.021446672822915718,0.46627279124223997,-431.8793754174456,-431.8793754174456
516,17,126,True,0.5010914483414747,0.03451609969009719,0.28971987245908437,-464.8333974118295,-464.8333974118295
517,15,114,True,0.44390177191247876,0.034308499551015524,0.29147296241068066,-432.6799470401592,-432.6799470401592
518,12,141,True,0.4485482667434525,0.02707924026260789,0.36928657905548423,-471.77652426412766,-471.77652426412766
519,19,122,True,0.5204889116540915,0.03721580560987732,0.2687030372209902,-465.01235785740084,-465.01235785740084
520,14,137,True,0.47680345115020867,0.029781112587575646,0.3357832911914745,-473.1433244680105,-473.1433244680105
521,19,126,True,0.5302944617054358,0.03652765690955871,0.27376516442759175,-472.8328659276664,-472.8328659276664
522,11,120,True,0.3906729690616334,0.02847088320539807,0.3512360304335063,-427.47272827920233,-427.47272827920233
523,19,136,True,0.5544916557799514,0.034933644097797534,0.28625699546273425,-491.7566978196834,-491.7566978196834
524,10,127,True,0.38470744844967175,0.026257234424410174,0.38084742049998416,-436.6453131087706,-436.6453131087706
525,18,123,True,0.5087373918603397,0.03603429289669409,0.2775134239117381,-463.00989349684585,-463.00989349684585
526,11,129,True,0.4073764837424639,0.02730350159507856,0.3662533893382559,-445.0290539874441,-445.0290539874441
527,12,124,True,0.41604921136056533,0.029194494191687726,0.3425303392599008,-439.82156299662125,-439.82156299662125
528,6,127,True,0.29738966866317695,0.02029758008833626,0.49266956733164313,-417.3217175040574,-417.3217175040574
529,10,149,True,0.42273395245350875,0.023895297740180087,0.4184923790752747,-476.97209233516963,-476.97209233516963
530,14,119,True,0.4392955984301899,0.03232387784350979,0.3093688216622149,-438.5911255814158,-438.5911255814158
531,11,143,True,0.4328374354537708,0.025697417927816525,0.3891441555758551,-470.9199376231657,-470.9199376231657
532,10,130,True,0.38997237278197366,0.025902741742187988,0.38605951831396,-442.38824064345107,-442.38824064345107
533,15,107,True,0.4282093840611013,0.03556578699401215,0.2811690910054541,-418.0792863830958,-418.0792863830958
534,21,128,True,0.5632130864485044,0.038091711683975245,0.2625243014271499,-484.47285730437136,-484.47285730437136
535,14,142,True,0.48702047267511617,0.02915634569292822,0.34297850990377954,-482.2408301714114,-482.2408301714114
536,19,129,True,0.5375987584176073,0.03603135955006861,0.2775360165387087,-478.6026725253049,-478.6026725253049
537,15,130,True,0.4788377203136749,0.03180535512611189,0.31441246168605413,-464.26921569970006,-464.26921569970006
538,11,122,True,0.3944111464853436,0.028201039886364326,0.3545968531761542,-431.43873931954005,-431.43873931954005
539,16,131,True,0.49701403836310004,0.03271858458231294,0.3056366932634921,-470.3172305140438,-470.3172305140438
540,9,140,True,0.38622979635026167,0.02351446056119235,0.4252702278232884,-456.3176393290315,-456.3176393290315
541,13,127,True,0.4393053218295057,0.029983674258590064,0.33351482922861214,-450.01538716821403,-450.01538716821403
542,17,144,True,0.5419854910371869,0.03191178116541653,0.31336389367188355,-498.2806088943784,-498.2806088943784
543,15,131,True,0.48098482630022193,0.031663376700470446,0.31582228562032744,-466.1657631982569,-466.1657631982569
544,17,135,True,0.5216871511866131,0.033153437544837405,0.3016278473831195,-481.9040474253901,-481.9040474253901
545,9,115,True,0.34450768855156116,0.026362213720162925,0.37933081440545274,-408.19717265343866,-408.19717265343866
546,12,108,True,0.38443256394222786,0.03159551875617806,0.31650057962870576,-407.3152100011406,-407.3152100011406
547,12,135,True,0.4371833531988,0.027783185694627732,0.3599299270397793,-460.7840542066611,-460.7840542066611
548,15,119,True,0.4549472029535704,0.03347554099350849,0.29872556807787454,-442.8103242631872,-442.8103242631872
549,13,137,True,0.4592243346821823,0.028683122114852598,0.3486370821125443,-468.85162215297635,-468.85162215297635
550,16,122,True,0.47689592374960277,0.03409883591564995,0.29326514326579733,-452.9249790399306,-452.9249790399306
551,13,129,True,0.44331707751597854,0.029712339853016863,0.3365605014438014,-453.8529253952422,-453.8529253952422
552,20,122,True,0.53428642616688,0.03820235038827723,0.2617639987687406,-468.9301155927793,-468.9301155927793
553,10,132,True,0.3934665836526774,0.0256727104116075,0.38951866942255775,-446.1725512303995,-446.1725512303995
554,19,135,True,0.5520904576056992,0.035085580435895804,0.28501737396851134,-489.90351594122694,-489.90351594122694
555,21,141,True,0.5961258661979619,0.03598862542648649,0.27786557228830194,-508.68046020691554,-508.68046020691554
556,17,130,True,0.5102857088652896,0.033894193163413536,0.2950357883365791,-472.50859331712036,-472.50859331712036
557,13,142,True,0.46906466805412156,0.028081389554331485,0.3561077339371735,-477.94912785637723,-477.94912785637723
558,17,120,True,0.4871644227270939,0.035502843758560894,0.28166757761731903,-453.0468783012263,-453.0468783012263
559,26,135,True,0.6481858957661947,0.0411924858870867,0.2427627220025308,-516.3323196426228,-516.3323196426228
560,20,125,True,0.5418430581174368,0.03766957415869259,0.26546623431081207,-474.8092745361687,-474.8092745361687
561,20,132,True,0.5593069017136062,0.036493376351323915,0.2740223295243882,-488.2101301552841,-488.2101301552841
562,15,119,True,0.4549472029535704,0.03347554099350849,0.29872556807787454,-442.8103242631872,-442.8103242631872
563,9,135,True,0.37803428169548425,0.02402423736043955,0.41624630367942045,-447.1363146619664,-447.1363146619664
564,14,135,True,0.47269492751085396,0.030039961155544526,0.33288991114937855,-469.4454711261984,-469.4454711261984
565,17,148,True,0.5509264660841889,0.03139388548120051,0.3185333655494241,-505.3460286349877,-505.3460286349877
566,11,135,True,0.4183578659838873,0.026586818076197578,0.37612624313823834,-456.32989740336615,-456.32989740336615
567,15,144,True,0.5085839020427001,0.02994511560665877,0.33394427763626144,-490.0412312769581,-490.0412312769581
568,14,135,True,0.47269492751085396,0.030039961155544526,0.33288991114937855,-469.4454711261984,-469.4454711261984
569,15,141,True,0.5022623859994898,0.030322007315056524,0.32979346967687256,-484.65713986543636,-484.65713986543636
570,15,128,True,0.47453191459372696,0.03209395042563824,0.3115852011789581,-460.4495369628922,-460.4495369628922
571,12,128,True,0.4237834122933595,0.028661684087139556,0.34889785155670533,-447.5689213615835,-447.5689213615835
572,9,137,True,0.3813200431717309,0.02381722512746446,0.4198641926791319,-450.8341680037786,-450.8341680037786
573,18,127,True,0.5182575509132222,0.03537235907801612,0.28270661784090584,-470.79370128984385,-470.79370128984385
574,16,132,True,0.4992288190172497,0.032573431727742734,0.3069986633150174,-472.20499360243537,-472.20499360243537
575,14,145,True,0.4931162338349456,0.02879592332707887,0.34727137888286724,-487.6004411195487,-487.6004411195487
576,12,128,True,0.4237834122933595,0.028661684087139556,0.34889785155670533,-447.5689213615835,-447.5689213615835
577,20,143,True,0.586340341951838,0.0348108356184097,0.287266876027288,-508.411313896405,-508.411313896405
578,12,130,True,0.427628736463461,0.028403952421378338,0.352063679436157,-451.38860009839135,-451.38860009839135
579,13,135,True,0.4552672869086034,0.028932427276386542,0.34563294342613243,-465.15376881116424,-465.15376881116424
580,17,133,True,0.5171381486073949,0.033445071556575945,0.29899771579450574,-478.17193908843063,-478.17193908843063
581,10,124,True,0.37941252379378365,0.02662366955564693,0.3756056233757973,-430.821203541681,-430.821203541681
582,15,141,True,0.5022623859994898,0.030322007315056524,0.32979346967687256,-484.65713986543636,-484.65713986543636
583,17,138,True,0.5284833830353987,0.03272708838160581,0.30555727669377647,-487.438114146856,-487.438114146856
584,22,104,True,0.5121794283670569,0.04392734600274505,0.22764862687982776,-439.5079031600993,-439.5079031600993
585,21,113,True,0.5242182209239558,0.040925228558109164,0.24434805503410048,-454.6477859116211,-454.6477859116211
586,8,139,True,0.36241639848298096,0.02225255534434801,0.4493865915736248,-449.7384581867993,-449.7384581867993
587,19,119,True,0.5130812577969202,0.0377531119366714,0.26487882685735703,-459.0491703964444,-459.0491703964444
588,12,119,True,0.40629317470891196,0.029895521363912922,0.33449826408015304,-429.9297086618785,-429.9297086618785
589,12,134,True,0.43527884901379116,0.02790474729484833,0.35836196236925477,-458.9223087834337,-458.9223087834337
590,14,124,True,0.4498440994289218,0.03156590756414409,0.31679748094298615,-448.48297991615857,-448.48297991615857
591,17,143,True,0.5397429975357364,0.03204436641841635,0.3120673340650874,-496.49408764518967,-496.49408764518967
592,21,120,True,0.5425725581542024,0.03954079538895694,0.25290335972333094,-468.83082102528516,-468.83082102528516
593,16,140,True,0.5168172004245714,0.03146488901573115,0.31781456451349355,-486.9974617908217,-486.9974617908217
594,17,129,True,0.5079935016023118,0.03404713314295439,0.2937104853443253,-470.6032040094681,-470.6032040094681
595,16,134,True,0.503647076087744,0.03228768045095723,0.30971565192455736,-475.9543917005293,-475.9543917005293
596,10,119,True,0.37051558951977415,0.02726296529614882,0.3667979580127553,-420.92934920693824,-420.92934920693824
597,12,140,True,0.44666117770163605,0.027193646752608276,0.3677329521477604,-469.9653788737262,-469.9653788737262
598,10,140,True,0.40732884496592103,0.024799013827770652,0.40324184136716396,-460.9650194187859,-460.9650194187859
599,14,123,True,0.44774318241832917,0.03171402227534553,0.3153179345457544,-446.5232816902502,-446.5232816902502
600,22,140,True,0.6079024944692125,0.0370103481562656,0.2701947022432175,-510.6873727781413,-510.6873727781413
601,21,139,True,0.5911062999851495,0.03629423422855964,0.27552585727600454,-505.0498637172702,-505.0498637172702
602,18,133,True,0.5324049138215134,0.03443242485162607,0.2904239257935315,-482.1999745958346,-482.1999745958346
603,15,142,True,0.5043724604035161,0.03019515326068763,0.33117897808518265,-486.4600288531828,-486.4600288531828
604,18,125,True,0.5135068404695095,0.035699606589533285,0.28011513165895463,-466.92008379235733,-466.92008379235733
605,20,134,True,0.5642568596866595,0.0361732372584041,0.2764474721619422,-491.95952825337804,-491.95952825337804
606,11,111,True,0.373640452637851,0.02976873728509417,0.3359228812505665,-409.1487212710995,-409.1487212710995
607,9,129,True,0.3681113442173111,0.0246718430619028,0.40532034736559946,-435.8354712460444,-435.8354712460444
608,11,128,True,0.40553493793666795,0.02742748758035959,0.364597740522207,-443.1147645582885,-443.1147645582885
609,24,130,True,0.6085111552207997,0.040418522954540535,0.2474113171143633,-499.60920900321184,-499.60920900321184
610,14,124,True,0.4498440994289218,0.03156590756414409,0.31679748094298615,-448.48297991615857,-448.48297991615857
611,9,121,True,0.35470853289626175,0.025604079043939167,0.39056276864475375,-420.2668521647538,-420.2668521647538
612,17,116,True,0.47778001213464444,0.03620017988516308,0.27624172122135165,-445.0006604706386,-445.0006604706386
613,15,114,True,0.44390177191247876,0.034308499551015524,0.29147296241068066,-432.6799470401592,-432.6799470401592
614,8,115,True,0.3246402664387849,0.024841930587999057,0.40254520334385446,-403.43744261045026,-403.43744261045026
615,20,137,True,0.5716515008899177,0.035705315613363695,0.28007034325884034,-497.51912701841763,-497.51912701841763
616,14,122,True,0.44563796561803554,0.031863840956988486,0.3138353600715788,-444.5543130423723,-444.5543130423723
617,17,128,True,0.5056971164657591,0.03420174215286558,0.2923827667989759,-468.6889145803125,-468.6889145803125
618,16,126,True,0.48588022052308816,0.0334683223681613,0.2987899987933989,-460.745487110196,-460.745487110196
619,21,143,True,0.6011312100326223,0.035688964651284696,0.28019865798040267,-512.2780303692485,-512.2780303692485
620,14,140,True,0.48294261771577235,0.029402535083797476,0.3401067279232867,-478.62679579326345,-478.62679579326345
621,11,118,True,0.38691858419920894,0.028747144561898762,0.34786063633095304,-423.4688369036914,-423.4688369036914
622,17,116,True,0.47778001213464444,0.03620017988516308,0.27624172122135165,-445.0006604706386,-445.0006604706386
623,11,128,True,0.40553493793666795,0.02742748758035959,0.364597740522207,-443.1147645582885,-443.1147645582885
624,14,143,True,0.48905512914076327,0.029035044138678117,0.3444113930820176,-484.035511345998,-484.035511345998
625,16,127,True,0.488115263496436,0.03331507344453028,0.30016442907292507,-462.67775548080647,-462.67775548080647
626,13,156,True,0.49628023083808503,0.02654143133518939,0.3767694316749871,-502.3486448265123,-502.3486448265123
627,15,128,True,0.47453191459372696,0.03209395042563824,0.3115852011789581,-460.4495369628922,-460.4495369628922
628,10,128,True,0.38646566225748463,0.02613777793285461,0.38258799296899,-438.5685619066432,-438.5685619066432
629,12,127,True,0.4218554225137143,0.028792675490919906,0.3473105513641347,-445.6456725637109,-445.6456725637109
630,9,118,True,0.3496252872128741,0.02597633994450147,0.384965704227964,-414.2752541622917,-414.2752541622917
631,13,139,True,0.46316915856622765,0.028438827210723137,0.3516319405826061,-472.5156423789855,-472.5156423789855
632,15,121,True,0.45933077099778946,0.03315607118868064,0.3016038885636717,-446.7952073107572,-446.7952073107572
633,10,147,True,0.4193259878575743,0.02408950065406079,0.4151186088747045,-473.4713290701079,-473.4713290701079
634,17,127,True,0.5033964627736625,0.034358053073142165,0.29105258027024367,-466.7656657824399,-466.7656657824399
635,10,131,True,0.3917210069865631,0.025787112456560755,0.38779060729832904,-444.2847881420079,-444.2847881420079
636,15,127,True,0.4723730460422159,0.03224062818561668,0.31016765375747984,-458.5262881650196,-458.5262881650196
637,15,127,True,0.4723730460422159,0.03224062818561668,0.31016765375747984,-458.5262881650196,-458.5262881650196
638,13,142,True,0.46906466805412156,0.028081389554331485,0.3561077339371735,-477.94912785637723,-477.94912785637723
639,18,128,True,0.5206261236707578,0.035211433603337214,0.2839986611352352,-472.71695008771644,-472.71695008771644
640,8,114,True,0.3230252281025304,0.024966133488440807,0.4005425992226609,-401.39186185116745,-401.39186185116745
641,14,127,True,0.4561219380979125,0.031131449892683807,0.32121857589260877,-454.3070894832482,-454.3070894832482
642,18,145,True,0.5602914271753164,0.03271867334864575,0.30563586406579973,-504.0870529261444,-504.0870529261444
643,15,132,True,0.4831281780086318,0.0315229051742086,0.31722964443587504,-468.0535262866485,-468.0535262866485
644,14,158,True,0.5192794403627901,0.027345078886482518,0.3656965131281189,-510.00180250116216,-510.00180250116216
645,17,130,True,0.5102857088652896,0.033894193163413536,0.2950357883365791,-472.50859331712036,-472.50859331712036
646,15,129,True,0.47668677765307904,0.03194886969035673,0.31300011853058907,-462.36382639204777,-462.36382639204777
647,15,135,True,0.489536512293506,0.03111025094124793,0.3214374586333334,-473.6646698079698,-473.6646698079698
648,8,119,True,0.33106293623369515,0.0243599934703926,0.410509141234135,-411.52223907419545,-411.52223907419545
649,13,140,True,0.4651371582466366,0.02831850226598451,0.3531260200865833,-474.3350934782293,-474.3350934782293
650,22,130,True,0.5819994854724158,0.03865756504424645,0.25868157988104673,-492.11059400280647,-492.11059400280647
651,17,140,True,0.5329969579945655,0.032449945774335694,0.3081669248245368,-491.0853720924552,-491.0853720924552
652,13,122,True,0.42920787963338985,0.03068906302710914,0.32584898376227756,-440.26261072733814,-440.26261072733814
653,7,137,True,0.3359519982554314,0.020983539988921163,0.47656401185308944,-441.1883722805791,-441.1883722805791
654,17,135,True,0.5216871511866131,0.033153437544837405,0.3016278473831195,-481.9040474253901,-481.9040474253901
655,17,134,True,0.5194145226534576,0.033298495961286145,0.30031386437472457,-480.0423020021627,-480.0423020021627
656,14,133,True,0.4685731268501721,0.030304207491159443,0.3299871809192592,-465.7133627892389,-465.7133627892389
657,14,147,True,0.4971668290988134,0.028561312681676814,0.3501239635395115,-491.13310544458545,-491.13310544458545
658,15,139,True,0.49803317964276983,0.030579496236130675,0.32701650552976325,-481.02654337579105,-481.02654337579105
659,12,109,True,0.3864448920224053,0.03143099193511416,0.31815731494074084,-409.42136875245694,-409.42136875245694
660,8,123,True,0.3374292234653178,0.023900392746423558,0.4184031662616253,-419.4543951830298,-419.4543951830298
661,11,140,True,0.42742756729836817,0.026022665182696376,0.3842803928726502,-465.51122207043124,-465.51122207043124
662,13,135,True,0.4552672869086034,0.028932427276386542,0.34563294342613243,-465.15376881116424,-465.15376881116424
663,12,135,True,0.4371833531988,0.027783185694627732,0.3599299270397793,-460.7840542066611,-460.7840542066611
664,14,121,True,0.44352835804436697,0.03201539879763125,0.3123496934462637,-442.57600862898573,-442.57600862898573
665,9,122,True,0.3563956759929112,0.02548287177877047,0.392420449579427,-422.2451565781403,-422.2451565781403
666,7,126,True,0.3199083906105501,0.022035877759557385,0.4538053854316199,-420.4198689252063,-420.4198689252063
667,17,131,True,0.5125738274780762,0.03374289020940949,0.29635872736270286,-474.4051408156772,-474.4051408156772
668,28,125,True,0.6437946608663565,0.04475737089764358,0.22342688588364978,-504.48987201812133,-504.48987201812133
669,17,132,True,0.5148579452479902,0.033593193121412825,0.297679353190925,-476.2929039040688,-476.2929039040688
670,18,130,True,0.5253501788339919,0.034894805263954304,0.2865756070096146,-476.5366288245243,-476.5366288245243
671,14,103,True,0.40468995572657007,0.03508794092839577,0.28499819982047614,-405.2883956570694,-405.2883956570694
672,15,110,True,0.43496942693727675,0.03501304413413498,0.28560784265686806,-424.39784632976244,-424.39784632976244
673,17,123,True,0.4941492952527668,0.03500100587204609,0.285706074749886,-458.9818579894419,-458.9818579894419
674,19,157,True,0.6041637274700055,0.03206153113383814,0.3119002632237322,-528.782897491242,-528.782897491242
675,20,136,True,0.5691905408023638,0.03585969160934236,0.2788646402467874,-495.67445555506185,-495.67445555506185
676,9,140,True,0.38622979635026167,0.02351446056119235,0.4252702278232884,-456.3176393290315,-456.3176393290315
677,15,120,True,0.457141357368781,0.03331486748434442,0.3001662847585775,-444.807500683806,-444.807500683806
678,16,147,True,0.5320391270791311,0.030564661554227008,0.32717522431119567,-499.5037714421437,-499.5037714421437
679,11,119,True,0.38879784486612445,0.028608194774047156,0.349550192837467,-425.4755518585836,-425.4755518585836
680,15,117,True,0.4505442720818931,0.03380267974994046,0.2958345336516587,-438.78728588859923,-438.78728588859923
681,24,126,True,0.597547081574315,0.04116014093916557,0.24295349267097843,-491.9340130979209,-491.9340130979209
682,13,117,True,0.4190046364916592,0.03143637688616169,0.3181028156079273,-430.27638489179367,-430.27638489179367
683,16,110,True,0.44946513824458995,0.0361798824182239,0.2763966970484949,-428.5493136455493,-428.5493136455493
684,23,136,True,0.6113393093468813,0.038515114940147074,0.2596383268111782,-507.1307952452978,-507.1307952452978
685,20,133,True,0.5617839606538374,0.036332467086408166,0.2752359198789713,-490.089165339646,-490.089165339646
686,16,119,True,0.4701086899585767,0.03459114073005733,0.28909136238200683,-446.96179157897404,-446.96179157897404
687,13,153,True,0.49048482988473063,0.02685503580793016,0.3723696394047275,-497.2493970530952,-497.2493970530952
688,19,125,True,0.5278503997007433,0.03669678789520106,0.27250341442848,-470.8915168007902,-470.8915168007902
689,12,130,True,0.427628736463461,0.028403952421378338,0.352063679436157,-451.38860009839135,-451.38860009839135
690,10,131,True,0.3917210069865631,0.025787112456560755,0.38779060729832904,-444.2847881420079,-444.2847881420079
691,18,129,True,0.5229903018579979,0.03505226028220541,0.285288307215857,-474.63123951687203,-474.63123951687203
692,15,118,True,0.45274820829523255,0.03363813144551022,0.2972816732165642,-440.80360930829505,-440.80360930829505
693,11,142,True,0.43103666610458224,0.025804775668344503,0.3875251669894307,-469.12525644857914,-469.12525644857914
694,11,121,True,0.3925440417816165,0.02833517590326283,0.3529182255349432,-429.4604349061535,-429.4604349061535
695,15,124,True,0.4658715350931938,0.03269056509174297,0.3058986582806369,-452.70217859792996,-452.70217859792996
696,12,129,True,0.4257078249455601,0.028532118915304338,0.3504822067258419,-449.48321079073907,-449.48321079073907
697,20,140,True,0.5790119001759373,0.03525142964060933,0.2836764381459324,-503.00259834367057,-503.00259834367057
698,14,160,True,0.5232736329539927,0.02713635155031299,0.3685093768577988,-513.333190130668,-513.333190130668
699,9,117,True,0.3479233437982573,0.02610340891383751,0.3830917269467807,-412.25893074259585,-412.25893074259585
700,15,119,True,0.4549472029535704,0.03347554099350849,0.29872556807787454,-442.8103242631872,-442.8103242631872
701,10,112,True,0.3578918241218297,0.028224600222555324,0.35430085532296146,-406.6780319748868,-406.6780319748868
702,15,121,True,0.45933077099778946,0.03315607118868064,0.3016038885636717,-446.7952073107572,-446.7952073107572
703,13,126,True,0.43729377589735,0.030121598787385795,0.3319876899823711,-448.08311879760356,-448.08311879760356
704,16,122,True,0.47689592374960277,0.03409883591564995,0.29326514326579733,-452.9249790399306,-452.9249790399306
705,10,140,True,0.40732884496592103,0.024799013827770652,0.40324184136716396,-460.9650194187859,-460.9650194187859
706,8,126,True,0.34216966395244186,0.02356927517122829,0.42428118503225326,-425.3059346054174,-425.3059346054174
707,15,122,True,0.46151554149947416,0.032999113513865544,0.3030384436175296,-448.7735117241437,-448.7735117241437
708,15,107,True,0.4282093840611013,0.03556578699401215,0.2811690910054541,-418.0792863830958,-418.0792863830958
709,15,121,True,0.45933077099778946,0.03315607118868064,0.3016038885636717,-446.7952073107572,-446.7952073107572
710,21,113,True,0.5242182209239558,0.040925228558109164,0.24434805503410048,-454.6477859116211,-454.6477859116211
711,14,136,True,0.4747508119792068,0.029909874617488615,0.33433774390190507,-471.29865300465485,-471.29865300465485
712,15,128,True,0.47453191459372696,0.03209395042563824,0.3115852011789581,-460.4495369628922,-460.4495369628922
713,17,141,True,0.5352488051864989,0.032313425489633944,0.30946889252604837,-492.89651748285667,-492.89651748285667
714,14,113,True,0.426481948455136,0.033295048740715316,0.30034495753031776,-426.40526688837053,-426.40526688837053
715,14,119,True,0.4392955984301899,0.03232387784350979,0.3093688216622149,-438.5911255814158,-438.5911255814158
716,10,121,True,0.37408563080711366,0.02700278446131547,0.3703321786805404,-424.9142322545082,-424.9142322545082
717,18,135,True,0.5370882104080918,0.034132181326167355,0.2929786380905437,-485.93208293279406,-485.93208293279406
718,9,115,True,0.34450768855156116,0.026362213720162925,0.37933081440545274,-408.19717265343866,-408.19717265343866
719,10,122,True,0.3758649395381968,0.026874955858268306,0.3720936344132977,-426.8925366678947,-426.8925366678947
720,19,134,True,0.5496853829858168,0.035239092684251135,0.28377575125449095,-488.04177051799957,-488.04177051799957
721,13,120,True,0.42513990330964346,0.030982713142801325,0.32276062957783436,-436.29659968700037,-436.29659968700037
722,8,151,True,0.3807589888583895,0.021180566187345366,0.4721309105501932,-471.0341986668542,-471.0341986668542
723,24,138,True,0.6302117193149983,0.03902676091475936,0.25623443415766906,-514.5387298329474,-514.5387298329474
724,16,130,True,0.494795378316429,0.03286529455491495,0.304272337595846,-468.42068301548693,-468.42068301548693
725,23,122,True,0.5738505322063805,0.04103124846185072,0.24371668849651543,-480.38645528301527,-480.38645528301527
726,17,116,True,0.47778001213464444,0.03620017988516308,0.27624172122135165,-445.0006604706386,-445.0006604706386
727,12,119,True,0.40629317470891196,0.029895521363912922,0.33449826408015304,-429.9297086618785,-429.9297086618785
728,19,136,True,0.5544916557799514,0.034933644097797534,0.28625699546273425,-491.7566978196834,-491.7566978196834
729,15,131,True,0.48098482630022193,0.031663376700470446,0.31582228562032744,-466.1657631982569,-466.1657631982569
730,15,124,True,0.4658715350931938,0.03269056509174297,0.3058986582806369,-452.70217859792996,-452.70217859792996
731,8,131,True,0.3500103920741242,0.023041290051850512,0.4340034771272223,-434.87767800926514,-434.87767800926514
732,7,137,True,0.3359519982554314,0.020983539988921163,0.47656401185308944,-441.1883722805791,-441.1883722805791
733,20,127,True,0.5468559211840673,0.037324268549443734,0.2679221961644855,-478.6828920336552,-478.6828920336552
734,17,122,True,0.49182588433537305,0.03516635243421975,0.2843627305022735,-457.012889341564,-457.012889341564
735,16,123,True,0.4791488047609341,0.03393850864533317,0.2946505429717839,-454.89394768780846,-454.89394768780846
736,14,129,True,0.46028726387013125,0.030849728800785164,0.3241519581768735,-458.1446277102764,-458.1446277102764
737,20,132,True,0.5593069017136062,0.036493376351323915,0.2740223295243882,-488.2101301552841,-488.2101301552841
738,17,142,True,0.5374974601427368,0.03217824021013329,0.31076901454825023,-494.6994064706031,-494.6994064706031
739,13,113,True,0.4107581196419889,0.032067504061225854,0.3118421683492172,-422.11356457333636,-422.11356457333636
740,15,147,True,0.5148803200124591,0.02957891989731856,0.33807860580151,-495.3523041263569,-495.3523041263569
741,22,120,True,0.5556288142932964,0.04049228979239302,0.24696059549288873,-472.6488789869124,-472.6488789869124
742,20,132,True,0.5593069017136062,0.036493376351323915,0.2740223295243882,-488.2101301552841,-488.2101301552841
743,15,140,True,0.5001493160915008,0.030450114100662017,0.32840599437302564,-482.8459944750349,-482.8459944750349
744,18,126,True,0.5158844886794052,0.03553507148998247,0.2814121255621802,-468.86143291923344,-468.86143291923344
745,15,118,True,0.45274820829523255,0.03363813144551022,0.2972816732165642,-440.80360930829505,-440.80360930829505
746,13,128,True,0.44131306221976585,0.029847264442042654,0.3350390793574391,-451.9386359660866,-451.9386359660866
747,18,117,True,0.4943084136224714,0.03708614233662791,0.26964249635971327,-451.0546990134235,-451.0546990134235
748,9,141,True,0.3878615701705565,0.02341553278877799,0.42706694270875395,-458.128784719433,-458.128784719433
749,15,128,True,0.47453191459372696,0.03209395042563824,0.3115852011789581,-460.4495369628922,-460.4495369628922
750,17,120,True,0.4871644227270939,0.035502843758560894,0.28166757761731903,-453.0468783012263,-453.0468783012263
751,13,133,True,0.45129745162002055,0.029186931196968975,0.3426190966263177,-461.4216604742047,-461.4216604742047
752,20,138,True,0.5741086571564521,0.035552498652820876,0.28127418265738574,-499.35534039807135,-499.35534039807135
753,14,133,True,0.4685731268501721,0.030304207491159443,0.3299871809192592,-465.7133627892389,-465.7133627892389
754,15,124,True,0.4658715350931938,0.03269056509174297,0.3058986582806369,-452.70217859792996,-452.70217859792996
755,14,133,True,0.4685731268501721,0.030304207491159443,0.3299871809192592,-465.7133627892389,-465.7133627892389
756,12,130,True,0.427628736463461,0.028403952421378338,0.352063679436157,-451.38860009839135,-451.38860009839135
757,13,111,True,0.4066047013402838,0.03239506977263762,0.30868894773754935,-417.9725926788975,-417.9725926788975
758,18,125,True,0.5135068404695095,0.035699606589533285,0.28011513165895463,-466.92008379235733,-466.92008379235733
759,17,135,True,0.5216871511866131,0.033153437544837405,0.3016278473831195,-481.9040474253901,-481.9040474253901
760,16,146,True,0.5298731422993941,0.030689602009666934,0.3258432610774846,-497.74144944416446,-497.74144944416446
761,8,132,True,0.3515700990145361,0.0229390695839818,0.43593747180500003,-436.7654410976567,-436.7654410976567
762,11,136,True,0.42017742314185946,0.026471685200241228,0.3777621229761705,-458.1830792818226,-458.1830792818226
763,15,133,True,0.48526785654459714,0.03138391207445375,0.3186345913879844,-469.93256147101033,-469.93256147101033
764,12,124,True,0.41604921136056533,0.029194494191687726,0.3425303392599008,-439.82156299662125,-439.82156299662125
765,13,134,True,0.4532840035862379,0.029059017228908204,0.34412726078196126,-463.29202338793687,-463.29202338793687
766,12,115,True,0.39841102719107835,0.030486973139668853,0.3280089484183086,-421.84491219813333,-421.84491219813333
767,13,141,True,0.4671023060546138,0.028199363392269146,0.354617934486475,-476.1462388686308,-476.1462388686308
768,10,122,True,0.3758649395381968,0.026874955858268306,0.3720936344132977,-426.8925366678947,-426.8925366678947
769,15,119,True,0.4549472029535704,0.03347554099350849,0.29872556807787454,-442.8103242631872,-442.8103242631872
770,16,130,True,0.494795378316429,0.03286529455491495,0.304272337595846,-468.42068301548693,-468.42068301548693
771,8,131,True,0.3500103920741242,0.023041290051850512,0.4340034771272223,-434.87767800926514,-434.87767800926514
772,17,133,True,0.5171381486073949,0.033445071556575945,0.29899771579450574,-478.17193908843063,-478.17193908843063
773,17,132,True,0.5148579452479902,0.033593193121412825,0.297679353190925,-476.2929039040688,-476.2929039040688
774,16,123,True,0.4791488047609341,0.03393850864533317,0.2946505429717839,-454.89394768780846,-454.89394768780846
775,12,130,True,0.427628736463461,0.028403952421378338,0.352063679436157,-451.38860009839135,-451.38860009839135
776,11,131,True,0.411049595787752,0.027059519307745982,0.3695557148030131,-448.83099079365326,-448.83099079365326
777,14,121,True,0.44352835804436697,0.03201539879763125,0.3123496934462637,-442.57600862898573,-442.57600862898573
778,15,143,True,0.5064796093741076,0.03006952986947404,0.3325625656073789,-488.25471002776936,-488.25471002776936
779,22,120,True,0.5556288142932964,0.04049228979239302,0.24696059549288873,-472.6488789869124,-472.6488789869124
780,9,126,True,0.3631098548366551,0.025011673995796978,0.39981330324713266,-430.0656646484058,-430.0656646484058
781,22,111,True,0.5314045713729108,0.04233814343606678,0.23619363506339427,-454.32487197880954,-454.32487197880954
782,19,138,True,0.5592827657598409,0.0346343841507411,0.28873041184957876,-495.4375826626929,-495.4375826626929
783,19,146,True,0.5783087701436344,0.03349493412213731,0.298552609882306,-509.82882826163484,-509.82882826163484
784,9,122,True,0.3563956759929112,0.02548287177877047,0.392420449579427,-422.2451565781403,-422.2451565781403
785,15,133,True,0.48526785654459714,0.03138391207445375,0.3186345913879844,-469.93256147101033,-469.93256147101033
786,13,126,True,0.43729377589735,0.030121598787385795,0.3319876899823711,-448.08311879760356,-448.08311879760356
787,15,131,True,0.48098482630022193,0.031663376700470446,0.31582228562032744,-466.1657631982569,-466.1657631982569
788,14,136,True,0.4747508119792068,0.029909874617488615,0.33433774390190507,-471.29865300465485,-471.29865300465485
789,13,154,True,0.4924186119429146,0.02674957312809286,0.3738377413394245,-498.95680839786405,-498.95680839786405
790,14,127,True,0.4561219380979125,0.031131449892683807,0.32121857589260877,-454.3070894832482,-454.3070894832482
791,17,121,True,0.48949762756514653,0.035333618409637065,0.28301658449089245,-455.0345849281775,-455.0345849281775
792,25,121,True,0.5960690017018287,0.04302630588162086,0.23241595566008388,-485.8195470371919,-485.8195470371919
793,18,110,True,0.4772206877919417,0.03841407687209923,0.2603212367511859,-436.6652594545867,-436.6652594545867
794,7,132,True,0.32869724119717464,0.021446672822915718,0.46627279124223997,-431.8793754174456,-431.8793754174456
795,19,120,True,0.5155557856099241,0.03757190724821227,0.2661563048672706,-461.0463468170632,-461.0463468170632
796,15,141,True,0.5022623859994898,0.030322007315056524,0.32979346967687256,-484.65713986543636,-484.65713986543636
797,12,132,True,0.4314603539929707,0.02815170889309605,0.355218222736468,-455.1729106853398,-455.1729106853398
798,22,120,True,0.5556288142932964,0.04049228979239302,0.24696059549288873,-472.6488789869124,-472.6488789869124
799,8,146,True,0.3731506395605432,0.021612427019928316,0.4626967619499296,-462.30189693938587,-462.30189693938587
800,10,141,True,0.4090497596953055,0.02469468180664391,0.40494548900442107,-462.7761648091874,-462.7761648091874
801,15,132,True,0.4831281780086318,0.0315229051742086,0.31722964443587504,-468.0535262866485,-468.0535262866485
802,12,151,True,0.46728208280321887,0.025993605857208384,0.38470999579409504,-489.44166825453726,-489.44166825453726
803,17,114,True,0.4730553186130194,0.036561733277875284,0.27351000905778533,-440.9193246575795,-440.9193246575795
804,15,111,True,0.43721095958345185,0.03483353609631405,0.2870796686374359,-426.48349367570313,-426.48349367570313
805,15,138,True,0.4959139046222706,0.030710176908539014,0.32562495585036777,-479.1987365294357,-479.1987365294357
806,12,134,True,0.43527884901379116,0.02790474729484833,0.35836196236925477,-458.9223087834337,-458.9223087834337
807,21,141,True,0.5961258661979619,0.03598862542648649,0.27786557228830194,-508.68046020691554,-508.68046020691554
808,10,116,True,0.36513075275861656,0.02766503117703045,0.36146715093177767,-414.8803077969693,-414.8803077969693
809,17,143,True,0.5397429975357364,0.03204436641841635,0.3120673340650874,-496.49408764518967,-496.49408764518967
810,19,132,True,0.5448632536710001,0.035550964444211804,0.28128632109805224,-484.29237241990563,-484.29237241990563
811,13,139,True,0.46316915856622765,0.028438827210723137,0.3516319405826061,-472.5156423789855,-472.5156423789855
812,16,135,True,0.5058507162746031,0.03214702545553448,0.31107077119256094,-477.8161371237567,-477.8161371237567
813,14,141,True,0.48498299142008017,0.029278835571677875,0.3415436374004314,-480.437941183665,-480.437941183665
814,22,107,True,0.5204636782473291,0.043228151945458725,0.231330731247014,-445.9206646862022,-445.9206646862022
815,12,142,True,0.4504326806334998,0.026965952531329117,0.37083800352989466,-473.5794132518741,-473.5794132518741
816,4,117,True,0.2313634037235404,0.017358345287100854,0.5760917780239738,-386.9826094609005,-386.9826094609005
817,15,130,True,0.4788377203136749,0.03180535512611189,0.31441246168605413,-464.26921569970006,-464.26921569970006
818,17,127,True,0.5033964627736625,0.034358053073142165,0.29105258027024367,-466.7656657824399,-466.7656657824399
819,15,130,True,0.4788377203136749,0.03180535512611189,0.31441246168605413,-464.26921569970006,-464.26921569970006
820,18,120,True,0.5015463144565562,0.03655094585962436,0.27359073109641197,-457.07491380863024,-457.07491380863024
821,19,125,True,0.5278503997007433,0.03669678789520106,0.27250341442848,-470.8915168007902,-470.8915168007902
822,13,132,True,0.4493075578787719,0.029316194305716355,0.34110839543897087,-459.54262528984293,-459.54262528984293
823,25,122,True,0.5989041567885606,0.04282262345831348,0.23352142378046253,-487.7978514505784,-487.7978514505784
824,14,137,True,0.47680345115020867,0.029781112587575646,0.3357832911914745,-473.1433244680105,-473.1433244680105
825,17,145,True,0.5442250133460921,0.03178046205276228,0.31465873540157746,-500.05901741874044,-500.05901741874044
826,15,150,True,0.5211534352286915,0.029222878931367397,0.34219763300823003,-500.5915972170872,-500.5915972170872
827,19,137,True,0.5568890635651064,0.03478325473696552,0.2874946601639498,-493.60136928303916,-493.60136928303916
828,22,145,True,0.6207085016215104,0.036246777523738366,0.2758865941517395,-519.6610181044266,-519.6610181044266
829,16,151,True,0.5406769826865071,0.030076360513776008,0.3324870373002629,-506.4737511716328,-506.4737511716328
830,19,144,True,0.5735717605499049,0.03377156180012093,0.29610712288598356,-506.2800774102153,-506.2800774102153
831,19,142,True,0.5688221725552043,0.03405354976090595,0.293655142274776,-502.69887498643993,-502.69887498643993
832,8,152,True,0.3822753796906358,0.021096548178091753,0.4740111944182772,-472.7570848840739,-472.7570848840739
833,11,119,True,0.38879784486612445,0.028608194774047156,0.349550192837467,-425.4755518585836,-425.4755518585836
834,22,125,True,0.5688790619680343,0.03954914931749079,0.2528499391914216,-482.4940489706395,-482.4940489706395
835,11,135,True,0.4183578659838873,0.026586818076197578,0.37612624313823834,-456.32989740336615,-456.32989740336615
836,13,141,True,0.4671023060546138,0.028199363392269146,0.354617934486475,-476.1462388686308,-476.1462388686308
837,15,136,True,0.49166564559649184,0.030975529567207453,0.32283548141777696,-475.51785168642624,-475.51785168642624
838,17,126,True,0.5010914483414747,0.03451609969009719,0.28971987245908437,-464.8333974118295,-464.8333974118295
839,12,135,True,0.4371833531988,0.027783185694627732,0.3599299270397793,-460.7840542066611,-460.7840542066611
840,16,141,True,0.5190006901125759,0.031332512966895536,0.3191572923169466,-488.80860718122324,-488.80860718122324
841,21,144,True,0.6036287557871236,0.03554129968123016,0.28136281142473624,-514.0645516184372,-514.0645516184372
842,17,150,True,0.5553805367485349,0.031142111111899986,0.32110860962726495,-508.8309748345075,-508.8309748345075
843,18,131,True,0.5277058464561439,0.0347390355989153,0.2878606106242121,-478.43317632308117,-478.43317632308117
844,14,136,True,0.4747508119792068,0.029909874617488615,0.33433774390190507,-471.29865300465485,-471.29865300465485
845,11,147,True,0.44001668212312184,0.02527814268311665,0.39559868481472854,-478.01753172175324,-478.01753172175324
846,12,123,True,0.4141061273754676,0.029331481669937383,0.3409306121159663,-437.8618647707129,-437.8618647707129
847,16,154,True,0.5471298174082843,0.029721640706423316,0.33645518088235427,-511.6191767104565,-511.6191767104565
848,14,117,True,0.43504414213028686,0.03263976200510811,0.3063747829544531,-434.56808720682784,-434.56808720682784
849,16,144,True,0.5255328758394744,0.030943061034581536,0.3231742324660168,-494.19269859274493,-494.19269859274493
850,10,130,True,0.38997237278197366,0.025902741742187988,0.38605951831396,-442.38824064345107,-442.38824064345107
851,13,128,True,0.44131306221976585,0.029847264442042654,0.3350390793574391,-451.9386359660866,-451.9386359660866
852,12,121,True,0.41020794496285745,0.029610217046435027,0.33772126642360994,-433.9145917094485,-433.9145917094485
853,15,149,True,0.5190648779758493,0.0293404627986848,0.34082625310355547,-498.8530673914186,-498.8530673914186
854,19,133,True,0.547276344568992,0.035394210530825095,0.28253208222545106,-486.17140760426753,-486.17140760426753
855,13,124,True,0.4332589388197881,0.030402114046814387,0.3289244946782846,-444.1912776011244,-444.1912776011244
856,12,120,True,0.4082526767288606,0.029752030977103012,0.33611150807472406,-431.9268850824973,-431.9268850824973
857,11,122,True,0.3944111464853436,0.028201039886364326,0.3545968531761542,-431.43873931954005,-431.43873931954005
858,17,127,True,0.5033964627736625,0.034358053073142165,0.29105258027024367,-466.7656657824399,-466.7656657824399
859,14,122,True,0.44563796561803554,0.031863840956988486,0.3138353600715788,-444.5543130423723,-444.5543130423723
860,16,139,True,0.5146305420008509,0.03159858291650543,0.3164698881093344,-485.1780106915779,-485.1780106915779
861,13,130,True,0.44531744685471814,0.029578871797713888,0.3380791555671466,-455.7583147028945,-455.7583147028945
862,14,141,True,0.48498299142008017,0.029278835571677875,0.3415436374004314,-480.437941183665,-480.437941183665
863,21,126,True,0.5580835880294417,0.03844182299176743,0.2601333449285578,-480.61734013588836,-480.61734013588836
864,18,155,True,0.5831953578214304,0.03143370731597768,0.318129831122943,-521.4348582787626,-521.4348582787626
865,8,120,True,0.33265961206450334,0.024243072114741887,0.4124889763421994,-413.5194154948142,-413.5194154948142
866,22,144,True,0.6181542446457757,0.03639655176720565,0.27475130237503137,-517.8826095800646,-517.8826095800646
867,18,137,True,0.541756421299417,0.03383807088400716,0.29552512122451663,-489.6299362746062,-489.6299362746062
868,16,136,True,0.5080508046833585,0.032007814381703456,0.31242370630955274,-479.6693190022131,-479.6693190022131
869,18,153,True,0.5786350723854943,0.031681439754800596,0.3156422207259293,-518.027711174725,-518.027711174725
870,16,134,True,0.503647076087744,0.03228768045095723,0.30971565192455736,-475.9543917005293,-475.9543917005293
871,11,134,True,0.4165353713697446,0.026703145130468436,0.3744877223690757,-454.46815198013877,-454.46815198013877
872,21,151,True,0.6210233257442919,0.03454580466832883,0.2894707503851511,-526.3456041973252,-526.3456041973252
873,15,128,True,0.47453191459372696,0.03209395042563824,0.3115852011789581,-460.4495369628922,-460.4495369628922
874,12,122,True,0.4121590666257165,0.029470045106523,0.339327610930143,-435.892896122835,-435.892896122835
875,9,144,True,0.3927432280583928,0.02312448608912813,0.4324420426666889,-463.51287613095474,-463.51287613095474
876,14,124,True,0.4498440994289218,0.03156590756414409,0.31679748094298615,-448.48297991615857,-448.48297991615857
877,15,126,True,0.4702100854951662,0.03238893467441552,0.3087474194666595,-456.5940197944092,-456.5940197944092
878,7,143,True,0.3445844351494594,0.020457865970333795,0.48880953734378374,-452.0805591585665,-452.0805591585665
879,17,124,True,0.4964679607309581,0.034837539887457684,0.2870466752906462,-460.94155621535026,-460.94155621535026
880,12,127,True,0.4218554225137143,0.028792675490919906,0.3473105513641347,-445.6456725637109,-445.6456725637109
881,4,138,True,0.2546616082745019,0.015770283851750267,0.6341039954642382,-427.39406010173695,-427.39406010173695
882,14,117,True,0.43504414213028686,0.03263976200510811,0.3063747829544531,-434.56808720682784,-434.56808720682784
883,14,129,True,0.46028726387013125,0.030849728800785164,0.3241519581768735,-458.1446277102764,-458.1446277102764
884,17,118,True,0.4824827506406133,0.03584733829726606,0.2789607394857169,-449.04298692571535,-449.04298692571535
885,18,128,True,0.5206261236707578,0.035211433603337214,0.2839986611352352,-472.71695008771644,-472.71695008771644
886,13,137,True,0.4592243346821823,0.028683122114852598,0.3486370821125443,-468.85162215297635,-468.85162215297635
887,9,124,True,0.35975950048387095,0.025244601745389495,0.3961242922687951,-426.1738234519266,-426.1738234519266
888,18,130,True,0.5253501788339919,0.034894805263954304,0.2865756070096146,-476.5366288245243,-476.5366288245243
889,9,124,True,0.35975950048387095,0.025244601745389495,0.3961242922687951,-426.1738234519266,-426.1738234519266
890,7,124,True,0.3169566489965519,0.022241092629129565,0.44961819847388323,-416.52802772872707,-416.52802772872707
891,16,126,True,0.48588022052308816,0.0334683223681613,0.2987899987933989,-460.745487110196,-460.745487110196
892,15,111,True,0.43721095958345185,0.03483353609631405,0.2870796686374359,-426.48349367570313,-426.48349367570313
893,19,131,True,0.5424460202353121,0.03570938570037334,0.28003842138050133,-482.40460933151405,-482.40460933151405
894,8,142,True,0.36702946322684005,0.02197287077184179,0.4551066678467426,-455.171943664191,-455.171943664191
895,19,130,True,0.5400245527923893,0.035869506410502364,0.27878833585153723,-480.5080618329572,-480.5080618329572
896,20,152,True,0.6081554114399293,0.03356214032824349,0.297954775893262,-524.2017739417013,-524.2017739417013
897,11,124,True,0.39813377827754665,0.027937354428405066,0.3579436995592033,-435.3674061933263,-435.3674061933263
898,14,127,True,0.4561219380979125,0.031131449892683807,0.32121857589260877,-454.3070894832482,-454.3070894832482
899,10,130,True,0.38997237278197366,0.025902741742187988,0.38605951831396,-442.38824064345107,-442.38824064345107
900,14,127,True,0.4561219380979125,0.031131449892683807,0.32121857589260877,-454.3070894832482,-454.3070894832482
901,13,126,True,0.43729377589735,0.030121598787385795,0.3319876899823711,-448.08311879760356,-448.08311879760356
902,12,120,True,0.4082526767288606,0.029752030977103012,0.33611150807472406,-431.9268850824973,-431.9268850824973
903,14,144,True,0.49108702757012,0.02891491011503348,0.3458423339452398,-485.82203259518667,-485.82203259518667
904,15,130,True,0.4788377203136749,0.03180535512611189,0.31441246168605413,-464.26921569970006,-464.26921569970006
905,16,133,True,0.5014398040874839,0.03242980656945002,0.3083582992881721,-474.08402878679715,-474.08402878679715
906,13,137,True,0.4592243346821823,0.028683122114852598,0.3486370821125443,-468.85162215297635,-468.85162215297635
907,15,129,True,0.47668677765307904,0.03194886969035673,0.31300011853058907,-462.36382639204777,-462.36382639204777
908,12,126,True,0.41992377835429157,0.02892512144019231,0.345720242546837,-443.7134041931005,-443.7134041931005
909,13,136,True,0.45724737361914475,0.028807136857985156,0.34713619924460015,-467.0069506896207,-467.0069506896207
910,9,125,True,0.36143632613925636,0.025127483479168666,0.39797061286659524,-428.1243155215297,-428.1243155215297
911,24,132,True,0.6139635063151828,0.04005958308987795,0.24962815957330192,-503.3935195901603,-503.3935195901603
912,15,116,True,0.448335291087661,0.03396922804227003,0.29438408160339635,-436.7612828532183,-436.7612828532183
913,14,141,True,0.48498299142008017,0.029278835571677875,0.3415436374004314,-480.437941183665,-480.437941183665
914,21,116,True,0.5321208021876813,0.04031744374103875,0.24803159804055463,-460.78460319469747,-460.78460319469747
915,13,110,True,0.40452008362390535,0.03256201163561356,0.3071063333526621,-415.8869453329569,-415.8869453329569
916,12,120,True,0.4082526767288606,0.029752030977103012,0.33611150807472406,-431.9268850824973,-431.9268850824973
917,12,123,True,0.4141061273754676,0.029331481669937383,0.3409306121159663,-437.8618647707129,-437.8618647707129
918,13,130,True,0.44531744685471814,0.029578871797713888,0.3380791555671466,-455.7583147028945,-455.7583147028945
919,15,139,True,0.49803317964276983,0.030579496236130675,0.32701650552976325,-481.02654337579105,-481.02654337579105
920,18,143,True,0.555677094916741,0.03299036860344669,0.3031187714269808,-500.5221231525936,-500.5221231525936
921,8,112,True,0.3197833545988561,0.025219233111924654,0.39652276322675345,-397.270921842144,-397.270921842144
922,17,139,True,0.5307418428647697,0.03258782516835853,0.30686306767441474,-489.26592099321135,-489.26592099321135
923,9,141,True,0.3878615701705565,0.02341553278877799,0.42706694270875395,-458.128784719433,-458.128784719433
924,16,115,True,0.46098851203207375,0.0352754904479021,0.283482947310651,-438.87699511522885,-438.87699511522885
925,14,137,True,0.47680345115020867,0.029781112587575646,0.3357832911914745,-473.1433244680105,-473.1433244680105
926,22,151,True,0.6359673908051073,0.03537710154743236,0.28266871966863527,-530.1636621589523,-530.1636621589523
927,16,119,True,0.4701086899585767,0.03459114073005733,0.28909136238200683,-446.96179157897404,-446.96179157897404
928,15,120,True,0.457141357368781,0.03331486748434442,0.3001662847585775,-444.807500683806,-444.807500683806
929,14,122,True,0.44563796561803554,0.031863840956988486,0.3138353600715788,-444.5543130423723,-444.5543130423723
930,18,122,True,0.5063453900469402,0.03620452076021916,0.2762086001974595,-461.04092484896796,-461.04092484896796
931,13,123,True,0.43123547985764243,0.03054476796331613,0.3273883112161752,-442.23157937521603,-442.23157937521603
932,18,143,True,0.555677094916741,0.03299036860344669,0.3031187714269808,-500.5221231525936,-500.5221231525936
933,16,127,True,0.488115263496436,0.03331507344453028,0.30016442907292507,-462.67775548080647,-462.67775548080647
934,12,133,True,0.4333712060206127,0.028027580318625414,0.3567914135404195,-457.0519458697016,-457.0519458697016
935,10,119,True,0.37051558951977415,0.02726296529614882,0.3667979580127553,-420.92934920693824,-420.92934920693824
936,12,134,True,0.43527884901379116,0.02790474729484833,0.35836196236925477,-458.9223087834337,-458.9223087834337
937,9,132,True,0.37308558024541855,0.024342900917964674,0.410797383339804,-441.5251711406451,-441.5251711406451
938,22,139,True,0.6053304533118365,0.03716760464020082,0.26905150592308846,-508.86792167889746,-508.86792167889746
939,10,149,True,0.42273395245350875,0.023895297740180087,0.4184923790752747,-476.97209233516963,-476.97209233516963
940,20,130,True,0.5543399328851873,0.036820362469457905,0.27158885272503475,-484.42581956833567,-484.42581956833567
941,12,137,True,0.44098322080222024,0.027543783326780785,0.3630583308530827,-464.48190754847326,-464.48190754847326
942,15,124,True,0.4658715350931938,0.03269056509174297,0.3058986582806369,-452.70217859792996,-452.70217859792996
943,19,124,True,0.5254015227384354,0.03686783025914182,0.27123917870161024,-468.9410247311871,-468.9410247311871
944,10,99,True,0.33382855319512045,0.03025910624504176,0.3304790273387072,-378.88171106854753,-378.88171106854753
945,22,122,True,0.5609453814838623,0.040108509149059,0.24932365256549588,-476.6148900272501,-476.6148900272501
946,18,121,True,0.5039483993231948,0.036376724701210825,0.27490105506027435,-459.06262043558144,-459.06262043558144
947,13,134,True,0.4532840035862379,0.029059017228908204,0.34412726078196126,-463.29202338793687,-463.29202338793687
948,14,142,True,0.48702047267511617,0.02915634569292822,0.34297850990377954,-482.2408301714114,-482.2408301714114
949,15,131,True,0.48098482630022193,0.031663376700470446,0.31582228562032744,-466.1657631982569,-466.1657631982569
950,13,130,True,0.44531744685471814,0.029578871797713888,0.3380791555671466,-455.7583147028945,-455.7583147028945
951,21,128,True,0.5632130864485044,0.038091711683975245,0.2625243014271499,-484.47285730437136,-484.47285730437136
952,17,133,True,0.5171381486073949,0.033445071556575945,0.29899771579450574,-478.17193908843063,-478.17193908843063
953,10,130,True,0.38997237278197366,0.025902741742187988,0.38605951831396,-442.38824064345107,-442.38824064345107
954,19,142,True,0.5688221725552043,0.03405354976090595,0.293655142274776,-502.69887498643993,-502.69887498643993
955,14,131,True,0.46443744622155764,0.030574057661308975,0.32707467588297434,-461.9465645164855,-461.9465645164855
956,15,145,True,0.510685406627989,0.02982188945424153,0.33532415896531037,-491.81963980132014,-491.81963980132014
957,14,140,True,0.48294261771577235,0.029402535083797476,0.3401067279232867,-478.62679579326345,-478.62679579326345
958,10,121,True,0.37408563080711366,0.02700278446131547,0.3703321786805404,-424.9142322545082,-424.9142322545082
959,16,127,True,0.488115263496436,0.03331507344453028,0.30016442907292507,-462.67775548080647,-462.67775548080647
960,20,128,True,0.5493551959846587,0.03715446292183166,0.26914667077919413,-480.6061408315278,-480.6061408315278
961,18,106,True,0.46731835664970134,0.039228059255410876,0.25491957006821997,-428.21969453705685,-428.21969453705685
962,11,132,True,0.41288130399391265,0.02693947235214082,0.37120251908739865,-450.71875388204484,-450.71875388204484
963,11,147,True,0.44001668212312184,0.02527814268311665,0.39559868481472854,-478.01753172175324,-478.01753172175324
964,15,147,True,0.5148803200124591,0.02957891989731856,0.33807860580151,-495.3523041263569,-495.3523041263569
965,13,136,True,0.45724737361914475,0.028807136857985156,0.34713619924460015,-467.0069506896207,-467.0069506896207
966,18,126,True,0.5158844886794052,0.03553507148998247,0.2814121255621802,-468.86143291923344,-468.86143291923344
967,6,105,True,0.2667291238393655,0.02263078935755776,0.4418758816585603,-372.6101531097357,-372.6101531097357
968,8,138,True,0.36087421203493103,0.02234765105399437,0.4474743218353868,-447.9106513404439,-447.9106513404439
969,16,145,True,0.5277044147809566,0.03081572827002025,0.32450961120814126,-495.97110711710695,-495.97110711710695
970,20,141,True,0.5814581548908102,0.03510312322296085,0.2848749365258483,-504.813743734072,-504.813743734072
971,10,118,True,0.36872469642955324,0.027395381314496897,0.365025034154508,-418.92263425204607,-418.92263425204607
972,15,139,True,0.49803317964276983,0.030579496236130675,0.32701650552976325,-481.02654337579105,-481.02654337579105
973,9,124,True,0.35975950048387095,0.025244601745389495,0.3961242922687951,-426.1738234519266,-426.1738234519266
974,14,147,True,0.4971668290988134,0.028561312681676814,0.3501239635395115,-491.13310544458545,-491.13310544458545
975,15,157,True,0.5357096829431918,0.02842883790840358,0.3517554967325624,-512.5440513579849,-512.5440513579849
976,14,141,True,0.48498299142008017,0.029278835571677875,0.3415436374004314,-480.437941183665,-480.437941183665
977,10,134,True,0.3969488275636937,0.025447495891996002,0.392965973644004,-449.92194932849344,-449.92194932849344
978,9,132,True,0.37308558024541855,0.024342900917964674,0.410797383339804,-441.5251711406451,-441.5251711406451
979,17,134,True,0.5194145226534576,0.033298495961286145,0.30031386437472457,-480.0423020021627,-480.0423020021627
980,21,134,True,0.5784906556208108,0.03708573387864845,0.26964546617095125,-495.8262447262216,-495.8262447262216
981,15,129,True,0.47668677765307904,0.03194886969035673,0.31300011853058907,-462.36382639204777,-462.36382639204777
982,12,123,True,0.4141061273754676,0.029331481669937383,0.3409306121159663,-437.8618647707129,-437.8618647707129
983,20,128,True,0.5493551959846587,0.03715446292183166,0.26914667077919413,-480.6061408315278,-480.6061408315278
984,16,133,True,0.5014398040874839,0.03242980656945002,0.3083582992881721,-474.08402878679715,-474.08402878679715
985,12,144,True,0.4541937324271515,0.026742654989125033,0.3739344505647074,-477.1606156756494,-477.1606156756494
986,13,141,True,0.4671023060546138,0.028199363392269146,0.354617934486475,-476.1462388686308,-476.1462388686308
987,14,152,True,0.5072506563156435,0.02799353156876551,0.35722538170774265,-499.8259713912943,-499.8259713912943
988,13,152,True,0.48854899141715197,0.02696144685836421,0.3708999762710329,-495.5342690762601,-495.5342690762601
989,19,122,True,0.5204889116540915,0.03721580560987732,0.2687030372209902,-465.01235785740084,-465.01235785740084
990,16,113,True,0.45639626437342123,0.03563043153980519,0.280658963920443,-434.7759328859288,-434.7759328859288
991,16,139,True,0.5146305420008509,0.03159858291650543,0.3164698881093344,-485.1780106915779,-485.1780106915779
992,15,127,True,0.4723730460422159,0.03224062818561668,0.31016765375747984,-458.5262881650196,-458.5262881650196
993,11,130,True,0.40921467917578236,0.027180854059445758,0.36790602598908584,-446.9344432950964,-446.9344432950964
994,13,125,True,0.43527834262444354,0.030261068332466324,0.3304575995180995,-446.1417696707275,-446.1417696707275
995,14,140,True,0.48294261771577235,0.029402535083797476,0.3401067279232867,-478.62679579326345,-478.62679579326345
996,12,125,True,0.4179884012654155,0.029059051035269186,0.34412686043542595,-441.77205506622437,-441.77205506622437
997,12,127,True,0.4218554225137143,0.028792675490919906,0.3473105513641347,-445.6456725637109,-445.6456725637109
998,12,118,True,0.4043293500824417,0.03004072368737435,0.3328814613145569,-427.92299370698635,-427.92299370698635
999,18,122,True,0.5063453900469402,0.03620452076021916,0.2762086001974595,-461.04092484896796,-461.04092484896796
1000,22,139,True,0.6053304533118365,0.03716760464020082,0.26905150592308846,-508.86792167889746,-508.86792167889746
1001,9,119,True,0.3513234146155111,0.02585078288554983,0.38683547977147875,-416.28196911718385,-416.28196911718385
1002,17,128,True,0.5056971164657591,0.03420174215286558,0.2923827667989759,-468.6889145803125,-468.6889145803125
1003,20,142,True,0.5839009417764057,0.03495626706480564,0.28607173590535107,-506.6166327218184,-506.6166327218184
1004,18,144,True,0.5579857904995367,0.03285386921660497,0.3043781520547908,-502.3086444017824,-502.3086444017824
1005,19,136,True,0.5544916557799514,0.034933644097797534,0.28625699546273425,-491.7566978196834,-491.7566978196834
1006,13,120,True,0.42513990330964346,0.030982713142801325,0.32276062957783436,-436.29659968700037,-436.29659968700037
1007,24,138,True,0.6302117193149983,0.03902676091475936,0.25623443415766906,-514.5387298329474,-514.5387298329474
1008,23,135,True,0.6086919352734382,0.03868262811194953,0.2585139761202233,-505.27761336684136,-505.27761336684136
1009,21,131,True,0.5708719271018382,0.03758067175338805,0.2660942323123444,-490.1890835397361,-490.1890835397361
1010,16,131,True,0.49701403836310004,0.03271858458231294,0.3056366932634921,-470.3172305140438,-470.3172305140438
1011,17,125,True,0.4987819794365401,0.03467591672888426,0.2883845891713722,-462.8920482849534,-462.8920482849534
1012,9,136,True,0.3796784601349172,0.02392020161114311,0.41805667705332167,-448.98949654042286,-448.98949654042286
1013,8,142,True,0.36702946322684005,0.02197287077184179,0.4551066678467426,-455.171943664191,-455.171943664191
1014,16,120,True,0.4723759663612119,0.03442511264500967,0.29048561447335214,-448.9589679995928,-448.9589679995928
1015,14,118,True,0.4371722560552772,0.03248087467621352,0.3078734824626883,-436.58441062652366,-436.58441062652366
1016,8,151,True,0.3807589888583895,0.021180566187345366,0.4721309105501932,-471.0341986668542,-471.0341986668542
1017,17,145,True,0.5442250133460921,0.03178046205276228,0.31465873540157746,-500.05901741874044,-500.05901741874044
1018,15,140,True,0.5001493160915008,0.030450114100662017,0.32840599437302564,-482.8459944750349,-482.8459944750349
1019,13,139,True,0.46316915856622765,0.028438827210723137,0.3516319405826061,-472.5156423789855,-472.5156423789855
1020,21,126,True,0.5580835880294417,0.03844182299176743,0.2601333449285578,-480.61734013588836,-480.61734013588836
1021,15,112,True,0.4394467842910774,0.0346563094480778,0.2885477466947839,-428.55900703113576,-428.55900703113576
1022,16,132,True,0.4992288190172497,0.032573431727742734,0.3069986633150174,-472.20499360243537,-472.20499360243537
1023,15,127,True,0.4723730460422159,0.03224062818561668,0.31016765375747984,-458.5262881650196,-458.5262881650196
1024,23,116,True,0.5574621486454316,0.0422374932973276,0.2367564743865306,-468.3742264120898,-468.3742264120898
1025,20,135,True,0.5667256898472058,0.03601565559103302,0.27765703097432287,-493.8212736766054,-493.8212736766054
1026,15,126,True,0.4702100854951662,0.03238893467441552,0.3087474194666595,-456.5940197944092,-456.5940197944092
1027,15,142,True,0.5043724604035161,0.03019515326068763,0.33117897808518265,-486.4600288531828,-486.4600288531828
1028,9,111,True,0.33762697348390647,0.02689946605900695,0.371754590892767,-399.95513852969975,-399.95513852969975
1029,15,120,True,0.457141357368781,0.03331486748434442,0.3001662847585775,-444.807500683806,-444.807500683806
1030,13,138,True,0.46119824002477794,0.028560359790387117,0.3501356451176716,-470.68783553263006,-470.68783553263006
1031,15,111,True,0.43721095958345185,0.03483353609631405,0.2870796686374359,-426.48349367570313,-426.48349367570313
1032,10,127,True,0.38470744844967175,0.026257234424410174,0.38084742049998416,-436.6453131087706,-436.6453131087706
1033,10,123,True,0.3776405449542653,0.026748594116087463,0.37385142398888466,-428.8615053157726,-428.8615053157726
1034,14,142,True,0.48702047267511617,0.02915634569292822,0.34297850990377954,-482.2408301714114,-482.2408301714114
1035,12,139,True,0.44477135006825264,0.027309192201022747,0.3661770705771918,-468.14592777448235,-468.14592777448235
1036,11,142,True,0.43103666610458224,0.025804775668344503,0.3875251669894307,-469.12525644857914,-469.12525644857914
1037,11,144,True,0.43463576380748936,0.025591093508325318,0.39076094957594487,-472.70645887235446,-472.70645887235446
1038,19,119,True,0.5130812577969202,0.0377531119366714,0.26487882685735703,-459.0491703964444,-459.0491703964444
1039,14,128,True,0.45820653482938195,0.03098981830570446,0.32268662892286937,-456.2303382811208,-456.2303382811208
1040,18,120,True,0.5015463144565562,0.03655094585962436,0.27359073109641197,-457.07491380863024,-457.07491380863024
1041,13,117,True,0.4190046364916592,0.03143637688616169,0.3181028156079273,-430.27638489179367,-430.27638489179367
1042,15,125,True,0.46804294499649685,0.032538902477139704,0.3073244405531357,-454.6526706675331,-454.6526706675331
1043,13,123,True,0.43123547985764243,0.03054476796331613,0.3273883112161752,-442.23157937521603,-442.23157937521603
1044,21,128,True,0.5632130864485044,0.038091711683975245,0.2625243014271499,-484.47285730437136,-484.47285730437136
1045,15,146,True,0.5127841904615074,0.029699830895035167,0.33670225380548113,-493.58998212837764,-493.58998212837764
1046,17,120,True,0.4871644227270939,0.035502843758560894,0.28166757761731903,-453.0468783012263,-453.0468783012263
1047,15,138,True,0.4959139046222706,0.030710176908539014,0.32562495585036777,-479.1987365294357,-479.1987365294357
1048,15,147,True,0.5148803200124591,0.02957891989731856,0.33807860580151,-495.3523041263569,-495.3523041263569
1049,20,147,True,0.5960656605178045,0.03424286720761007,0.29203162046481956,-515.5089079949926,-515.5089079949926
1050,16,135,True,0.5058507162746031,0.03214702545553448,0.31107077119256094,-477.8161371237567,-477.8161371237567
1051,17,134,True,0.5194145226534576,0.033298495961286145,0.30031386437472457,-480.0423020021627,-480.0423020021627
1052,15,130,True,0.4788377203136749,0.03180535512611189,0.31441246168605413,-464.26921569970006,-464.26921569970006
1053,12,139,True,0.44477135006825264,0.027309192201022747,0.3661770705771918,-468.14592777448235,-468.14592777448235
1054,17,131,True,0.5125738274780762,0.03374289020940949,0.29635872736270286,-474.4051408156772,-474.4051408156772
1055,25,132,True,0.6269506615767626,0.040906962486130405,0.2444571630902813,-507.07786601308317,-507.07786601308317
1056,9,138,True,0.38295908887033564,0.023715288598126494,0.42166891449046084,-452.6703813834323,-452.6703813834323
1057,13,134,True,0.4532840035862379,0.029059017228908204,0.34412726078196126,-463.29202338793687,-463.29202338793687
1058,19,121,True,0.5180249668496735,0.03739281964731328,0.2674310227022024,-463.0340534440144,-463.0340534440144
1059,13,127,True,0.4393053218295057,0.029983674258590064,0.33351482922861214,-450.01538716821403,-450.01538716821403
1060,13,118,True,0.4210542896537201,0.03128334752422014,0.3196588853625021,-432.2927083114895,-432.2927083114895
1061,16,133,True,0.5014398040874839,0.03242980656945002,0.3083582992881721,-474.08402878679715,-474.08402878679715
1062,16,148,True,0.5342024369383666,0.03044088669078122,0.32850554261379056,-501.2581183333542,-501.2581183333542
1063,12,157,True,0.47841856459881754,0.025388534608199658,0.39387858158502503,-499.66343575667617,-499.66343575667617
1064,17,143,True,0.5397429975357364,0.03204436641841635,0.3120673340650874,-496.49408764518967,-496.49408764518967
1065,10,137,True,0.40215088068098775,0.025118317885203825,0.3981158310720556,-455.481548093533,-455.481548093533
1066,25,148,True,0.6708718697645045,0.03822883079413955,0.2615826796757015,-536.1309907440021,-536.1309907440021
1067,13,132,True,0.4493075578787719,0.029316194305716355,0.34110839543897087,-459.54262528984293,-459.54262528984293
1068,15,128,True,0.47453191459372696,0.03209395042563824,0.3115852011789581,-460.4495369628922,-460.4495369628922
1069,17,155,True,0.5664721714445133,0.030532342552159537,0.3275215448312434,-517.4068227713586,-517.4068227713586
1070,19,150,True,0.5877474535866345,0.03295703629171073,0.3034253417536569,-516.8304433503444,-516.8304433503444
1071,11,142,True,0.43103666610458224,0.025804775668344503,0.3875251669894307,-469.12525644857914,-469.12525644857914
1072,12,120,True,0.4082526767288606,0.029752030977103012,0.33611150807472406,-431.9268850824973,-431.9268850824973
1073,15,135,True,0.489536512293506,0.03111025094124793,0.3214374586333334,-473.6646698079698,-473.6646698079698
1074,13,124,True,0.4332589388197881,0.030402114046814387,0.3289244946782846,-444.1912776011244,-444.1912776011244
1075,16,133,True,0.5014398040874839,0.03242980656945002,0.3083582992881721,-474.08402878679715,-474.08402878679715
1076,14,139,True,0.48089928296930057,0.02952746606976219,0.33866773316659804,-476.80734469401966,-476.80734469401966
1077,15,120,True,0.457141357368781,0.03331486748434442,0.3001662847585775,-444.807500683806,-444.807500683806
1078,16,140,True,0.5168172004245714,0.03146488901573115,0.31781456451349355,-486.9974617908217,-486.9974617908217
1079,12,126,True,0.41992377835429157,0.02892512144019231,0.345720242546837,-443.7134041931005,-443.7134041931005
1080,17,126,True,0.5010914483414747,0.03451609969009719,0.28971987245908437,-464.8333974118295,-464.8333974118295
1081,14,126,True,0.4540333901483297,0.031274654175125816,0.3197477402628952,-452.37482111263773,-452.37482111263773
1082,7,132,True,0.32869724119717464,0.021446672822915718,0.46627279124223997,-431.8793754174456,-431.8793754174456
1083,13,137,True,0.4592243346821823,0.028683122114852598,0.3486370821125443,-468.85162215297635,-468.85162215297635
1084,17,124,True,0.4964679607309581,0.034837539887457684,0.2870466752906462,-460.94155621535026,-460.94155621535026
1085,8,137,True,0.359329688501835,0.02244370900318923,0.4455591541745177,-446.0744379607902,-446.0744379607902
1086,21,140,True,0.5936179029015862,0.03614067298302995,0.27669656303012274,-506.8693148165141,-506.8693148165141
1087,13,143,True,0.47102430941051193,0.027964560228931176,0.35759546791135804,-479.7438090309638,-479.7438090309638
1088,15,144,True,0.5085839020427001,0.02994511560665877,0.33394427763626144,-490.0412312769581,-490.0412312769581
1089,12,122,True,0.4121590666257165,0.029470045106523,0.339327610930143,-435.892896122835,-435.892896122835
1090,18,115,True,0.4894556575295815,0.03745383652999818,0.2669953448424603,-446.9929409242663,-446.9929409242663
1091,12,140,True,0.44666117770163605,0.027193646752608276,0.3677329521477604,-469.9653788737262,-469.9653788737262
1092,8,126,True,0.34216966395244186,0.02356927517122829,0.42428118503225326,-425.3059346054174,-425.3059346054174
1093,12,136,True,0.43908478774644105,0.027662872008985318,0.3614953644998194,-462.63723608511754,-462.63723608511754
1094,12,127,True,0.4218554225137143,0.028792675490919906,0.3473105513641347,-445.6456725637109,-445.6456725637109
1095,11,130,True,0.40921467917578236,0.027180854059445758,0.36790602598908584,-446.9344432950964,-446.9344432950964
1096,9,126,True,0.3631098548366551,0.025011673995796978,0.39981330324713266,-430.0656646484058,-430.0656646484058
1097,9,136,True,0.3796784601349172,0.02392020161114311,0.41805667705332167,-448.98949654042286,-448.98949654042286
1098,12,138,True,0.4428787195155865,0.02742589731520123,0.36461888138322984,-466.318120928127,-466.318120928127
1099,20,121,True,0.5317571652463325,0.03838405684796428,0.26052483299535223,-466.95181117939285,-466.95181117939285
1100,12,132,True,0.4314603539929707,0.02815170889309605,0.355218222736468,-455.1729106853398,-455.1729106853398
1101,16,118,True,0.46783641200776005,0.03475914964162791,0.2876940346096356,-444.9550766240819,-444.9550766240819
1102,25,133,True,0.6297273012652495,0.040726592514324804,0.24553981520753765,-508.95690119744506,-508.95690119744506
1103,11,132,True,0.41288130399391265,0.02693947235214082,0.37120251908739865,-450.71875388204484,-450.71875388204484
1104,13,125,True,0.43527834262444354,0.030261068332466324,0.3304575995180995,-446.1417696707275,-446.1417696707275
1105,12,125,True,0.4179884012654155,0.029059051035269186,0.34412686043542595,-441.77205506622437,-441.77205506622437
1106,19,133,True,0.547276344568992,0.035394210530825095,0.28253208222545106,-486.17140760426753,-486.17140760426753
1107,14,117,True,0.43504414213028686,0.03263976200510811,0.3063747829544531,-434.56808720682784,-434.56808720682784
1108,15,130,True,0.4788377203136749,0.03180535512611189,0.31441246168605413,-464.26921569970006,-464.26921569970006
1109,16,112,True,0.45409170718798975,0.03581125925747829,0.27924178616845907,-432.71047434692264,-432.71047434692264
1110,15,137,True,0.49379141797585846,0.030842179892034596,0.32423129736632633,-477.36252314978196,-477.36252314978196
1111,13,115,True,0.4148911574436635,0.03174805592618481,0.31497991635299827,-426.2146268026364,-426.2146268026364
1112,18,125,True,0.5135068404695095,0.035699606589533285,0.28011513165895463,-466.92008379235733,-466.92008379235733
1113,14,149,True,0.5012074252004249,0.028331059251907008,0.3529695064023025,-494.63386870964723,-494.63386870964723
1114,14,122,True,0.44563796561803554,0.031863840956988486,0.3138353600715788,-444.5543130423723,-444.5543130423723
1115,12,140,True,0.44666117770163605,0.027193646752608276,0.3677329521477604,-469.9653788737262,-469.9653788737262
1116,20,125,True,0.5418430581174368,0.03766957415869259,0.26546623431081207,-474.8092745361687,-474.8092745361687
1117,18,111,True,0.47967995431705773,0.03821713211238067,0.2616627529924057,-438.7509068005274,-438.7509068005274
1118,16,131,True,0.49701403836310004,0.03271858458231294,0.3056366932634921,-470.3172305140438,-470.3172305140438
1119,20,129,True,0.5518498337147764,0.036986506134705104,0.2703688735448526,-482.5204302606834,-482.5204302606834
1120,18,120,True,0.5015463144565562,0.03655094585962436,0.27359073109641197,-457.07491380863024,-457.07491380863024
1121,17,103,True,0.44663383892983105,0.03872461259597214,0.25823370021370157,-417.74697195626106,-417.74697195626106
1122,13,108,True,0.4003344800407115,0.03290245613733163,0.3039286780981024,-411.6849246056437,-411.6849246056437
1123,21,150,True,0.6185473004901919,0.03468409043032989,0.28831662805420977,-524.6149175585664,-524.6149175585664
1124,19,120,True,0.5155557856099241,0.03757190724821227,0.2661563048672706,-461.0463468170632,-461.0463468170632
1125,17,120,True,0.4871644227270939,0.035502843758560894,0.28166757761731903,-453.0468783012263,-453.0468783012263
1126,20,136,True,0.5691905408023638,0.03585969160934236,0.2788646402467874,-495.67445555506185,-495.67445555506185
1127,19,133,True,0.547276344568992,0.035394210530825095,0.28253208222545106,-486.17140760426753,-486.17140760426753
1128,15,114,True,0.44390177191247876,0.034308499551015524,0.29147296241068066,-432.6799470401592,-432.6799470401592
1129,14,125,True,0.4519408060505165,0.03141946261710607,0.31827406222268045,-450.4334719857617,-450.4334719857617
1130,6,130,True,0.3014596031264417,0.02002354728305937,0.49941201020162657,-423.06464503873786,-423.06464503873786
1131,10,148,True,0.42103099787957404,0.02399194764668842,0.41680651138717734,-475.2256759613184,-475.2256759613184
1132,13,143,True,0.47102430941051193,0.027964560228931176,0.35759546791135804,-479.7438090309638,-479.7438090309638
1133,19,115,True,0.5031274057158746,0.03850001796394712,0.2597401385465425,-450.96437393269923,-450.96437393269923
1134,12,130,True,0.427628736463461,0.028403952421378338,0.352063679436157,-451.38860009839135,-451.38860009839135
1135,12,136,True,0.43908478774644105,0.027662872008985318,0.3614953644998194,-462.63723608511754,-462.63723608511754
1136,12,112,True,0.39245043808625324,0.030950013315701137,0.3231016380508934,-415.67839142982706,-415.67839142982706
1137,12,126,True,0.41992377835429157,0.02892512144019231,0.345720242546837,-443.7134041931005,-443.7134041931005
1138,13,131,True,0.44731424809967696,0.029446832346073187,0.3395951008405672,-457.65486220145135,-457.65486220145135
1139,15,120,True,0.457141357368781,0.03331486748434442,0.3001662847585775,-444.807500683806,-444.807500683806
1140,14,131,True,0.46443744622155764,0.030574057661308975,0.32707467588297434,-461.9465645164855,-461.9465645164855
1141,12,131,True,0.4295462216178861,0.028277157784727017,0.353642331245935,-453.2851475969482,-453.2851475969482
1142,16,133,True,0.5014398040874839,0.03242980656945002,0.3083582992881721,-474.08402878679715,-474.08402878679715
1143,13,132,True,0.4493075578787719,0.029316194305716355,0.34110839543897087,-459.54262528984293,-459.54262528984293
1144,19,137,True,0.5568890635651064,0.03478325473696552,0.2874946601639498,-493.60136928303916,-493.60136928303916
1145,14,134,True,0.4706357240643141,0.030171396973912128,0.3314397410450221,-467.58372570297104,-467.58372570297104
1146,21,139,True,0.5911062999851495,0.03629423422855964,0.27552585727600454,-505.0498637172702,-505.0498637172702
1147,9,130,True,0.36977236447473166,0.024561016956301498,0.40714926494256387,-437.7408605536967,-437.7408605536967
1148,15,111,True,0.43721095958345185,0.03483353609631405,0.2870796686374359,-426.48349367570313,-426.48349367570313
1149,12,128,True,0.4237834122933595,0.028661684087139556,0.34889785155670533,-447.5689213615835,-447.5689213615835
1150,17,127,True,0.5033964627736625,0.034358053073142165,0.29105258027024367,-466.7656657824399,-466.7656657824399
1151,16,130,True,0.494795378316429,0.03286529455491495,0.304272337595846,-468.42068301548693,-468.42068301548693
1152,21,130,True,0.5683235670180901,0.03774918330098982,0.2649063933454103,-488.29253604117923,-488.29253604117923
1153,17,124,True,0.4964679607309581,0.034837539887457684,0.2870466752906462,-460.94155621535026,-460.94155621535026
1154,18,145,True,0.5602914271753164,0.03271867334864575,0.30563586406579973,-504.0870529261444,-504.0870529261444
1155,19,140,True,0.5640593864969551,0.034341090002089424,0.29119634814711964,-499.0848406082921,-499.0848406082921
1156,19,138,True,0.5592827657598409,0.0346343841507411,0.28873041184957876,-495.4375826626929,-495.4375826626929
1157,19,122,True,0.5204889116540915,0.03721580560987732,0.2687030372209902,-465.01235785740084,-465.01235785740084
1158,16,119,True,0.4701086899585767,0.03459114073005733,0.28909136238200683,-446.96179157897404,-446.96179157897404
1159,26,112,True,0.581863048749478,0.045887753863974125,0.21792306569729206,-471.22665686578875,-471.22665686578875
1160,13,135,True,0.4552672869086034,0.028932427276386542,0.34563294342613243,-465.15376881116424,-465.15376881116424
1161,16,139,True,0.5146305420008509,0.03159858291650543,0.3164698881093344,-485.1780106915779,-485.1780106915779
1162,19,145,True,0.5759417995541803,0.033632589565836944,0.297330658420597,-508.05848593457733,-508.05848593457733
1163,16,136,True,0.5080508046833585,0.032007814381703456,0.31242370630955274,-479.6693190022131,-479.6693190022131
1164,13,137,True,0.4592243346821823,0.028683122114852598,0.3486370821125443,-468.85162215297635,-468.85162215297635
1165,15,156,True,0.533636613722841,0.028539278135559475,0.35039428651631394,-510.8595458233179,-510.8595458233179
1166,22,107,True,0.5204636782473291,0.043228151945458725,0.231330731247014,-445.9206646862022,-445.9206646862022
1167,13,106,True,0.3961262903031156,0.03325199057028449,0.30073387573183247,-407.44138041542703,-407.44138041542703
1168,14,148,True,0.49918834565339243,0.028445650593590714,0.3515475930880333,-492.88745233579596,-492.88745233579596
1169,14,125,True,0.4519408060505165,0.03141946261710607,0.31827406222268045,-450.4334719857617,-450.4334719857617
1170,15,119,True,0.4549472029535704,0.03347554099350849,0.29872556807787454,-442.8103242631872,-442.8103242631872
1171,13,123,True,0.43123547985764243,0.03054476796331613,0.3273883112161752,-442.23157937521603,-442.23157937521603
1172,14,124,True,0.4498440994289218,0.03156590756414409,0.31679748094298615,-448.48297991615857,-448.48297991615857
1173,24,153,True,0.6702308489359664,0.0366964936550327,0.2725055994179041,-541.1002913534126,-541.1002913534126
1174,20,124,True,0.539329264468777,0.03784515064323791,0.2642346464483364,-472.8587824665656,-472.8587824665656
1175,12,126,True,0.41992377835429157,0.02892512144019231,0.345720242546837,-443.7134041931005,-443.7134041931005
1176,16,140,True,0.5168172004245714,0.03146488901573115,0.31781456451349355,-486.9974617908217,-486.9974617908217
1177,14,139,True,0.48089928296930057,0.02952746606976219,0.33866773316659804,-476.80734469401966,-476.80734469401966
1178,6,125,True,0.29466358738895165,0.02048536322598558,0.4881534142052726,-413.4481000065709,-413.4481000065709
1179,15,141,True,0.5022623859994898,0.030322007315056524,0.32979346967687256,-484.65713986543636,-484.65713986543636
1180,16,141,True,0.5190006901125759,0.031332512966895536,0.3191572923169466,-488.80860718122324,-488.80860718122324
1181,16,142,True,0.5211810844690022,0.03120143139758786,0.3204981166592596,-490.61149616896967,-490.61149616896967
1182,19,116,True,0.5056244627345943,0.038309883294517226,0.2610292472864611,-453.0001289864755,-453.0001289864755
1183,9,124,True,0.35975950048387095,0.025244601745389495,0.3961242922687951,-426.1738234519266,-426.1738234519266
1184,14,133,True,0.4685731268501721,0.030304207491159443,0.3299871809192592,-465.7133627892389,-465.7133627892389
1185,19,129,True,0.5375987584176073,0.03603135955006861,0.2775360165387087,-478.6026725253049,-478.6026725253049
1186,12,127,True,0.4218554225137143,0.028792675490919906,0.3473105513641347,-445.6456725637109,-445.6456725637109
1187,18,128,True,0.5206261236707578,0.035211433603337214,0.2839986611352352,-472.71695008771644,-472.71695008771644
1188,13,123,True,0.43123547985764243,0.03054476796331613,0.3273883112161752,-442.23157937521603,-442.23157937521603
1189,17,122,True,0.49182588433537305,0.03516635243421975,0.2843627305022735,-457.012889341564,-457.012889341564
1190,13,120,True,0.42513990330964346,0.030982713142801325,0.32276062957783436,-436.29659968700037,-436.29659968700037
1191,17,123,True,0.4941492952527668,0.03500100587204609,0.285706074749886,-458.9818579894419,-458.9818579894419
1192,13,111,True,0.4066047013402838,0.03239506977263762,0.30868894773754935,-417.9725926788975,-417.9725926788975
1193,17,129,True,0.5079935016023118,0.03404713314295439,0.2937104853443253,-470.6032040094681,-470.6032040094681
1194,11,132,True,0.41288130399391265,0.02693947235214082,0.37120251908739865,-450.71875388204484,-450.71875388204484
1195,17,133,True,0.5171381486073949,0.033445071556575945,0.29899771579450574,-478.17193908843063,-478.17193908843063
1196,18,142,True,0.5533652655817317,0.03312819456877908,0.3018576813547296,-498.72744197800705,-498.72744197800705
1197,14,119,True,0.4392955984301899,0.03232387784350979,0.3093688216622149,-438.5911255814158,-438.5911255814158
1198,16,121,True,0.47463834398707383,0.03426102433313496,0.29187685408251707,-450.946674626544,-450.946674626544
1199,16,138,True,0.5124406404098952,0.03173361862902317,0.31512321733311954,-483.3502038452225,-483.3502038452225
1200,10,126,True,0.3829459020614419,0.026378017376300345,0.37910354888857656,-434.7130447381602,-434.7130447381602
1201,12,127,True,0.4218554225137143,0.028792675490919906,0.3473105513641347,-445.6456725637109,-445.6456725637109
1202,16,137,True,0.5102474201629709,0.03187002071972482,0.31377450576336946,-481.5139904655688,-481.5139904655688
1203,15,125,True,0.46804294499649685,0.032538902477139704,0.3073244405531357,-454.6526706675331,-454.6526706675331
1204,17,124,True,0.4964679607309581,0.034837539887457684,0.2870466752906462,-460.94155621535026,-460.94155621535026
1205,24,135,True,0.622107273469064,0.039535178488166206,0.2529392905863124,-509.0046631114816,-509.0046631114816
1206,22,126,True,0.5715130955908361,0.03936687214858745,0.254020689331266,-484.4353980975156,-484.4353980975156
1207,15,141,True,0.5022623859994898,0.030322007315056524,0.32979346967687256,-484.65713986543636,-484.65713986543636
1208,24,112,True,0.5584528098409968,0.044041540595683666,0.22705836046480304,-463.89900033464755,-463.89900033464755
1209,15,116,True,0.448335291087661,0.03396922804227003,0.29438408160339635,-436.7612828532183,-436.7612828532183
1210,12,125,True,0.4179884012654155,0.029059051035269186,0.34412686043542595,-441.77205506622437,-441.77205506622437
1211,18,122,True,0.5063453900469402,0.03620452076021916,0.2762086001974595,-461.04092484896796,-461.04092484896796
1212,8,119,True,0.33106293623369515,0.0243599934703926,0.410509141234135,-411.52223907419545,-411.52223907419545
1213,11,134,True,0.4165353713697446,0.026703145130468436,0.3744877223690757,-454.46815198013877,-454.46815198013877
1214,16,124,True,0.4813970843865228,0.03378000486542888,0.2960331130749539,-456.85364591371683,-456.85364591371683
1215,13,135,True,0.4552672869086034,0.028932427276386542,0.34563294342613243,-465.15376881116424,-465.15376881116424
1216,13,119,True,0.4230993471864823,0.031132138958360013,0.3212114661756855,-434.2994232663816,-434.2994232663816
1217,10,136,True,0.4004196208749872,0.025226919791508946,0.3964019421572772,-453.63687663017726,-453.63687663017726
1218,11,139,True,0.4256191172510487,0.026133235145777402,0.3826544989251282,-463.6917709711874,-463.6917709711874
1219,12,138,True,0.4428787195155865,0.02742589731520123,0.36461888138322984,-466.318120928127,-466.318120928127
1220,15,143,True,0.5064796093741076,0.03006952986947404,0.3325625656073789,-488.25471002776936,-488.25471002776936
1221,24,122,True,0.5864979791613498,0.04193556153519085,0.2384610968332533,-484.1135050276555,-484.1135050276555
1222,12,139,True,0.44477135006825264,0.027309192201022747,0.3661770705771918,-468.14592777448235,-468.14592777448235
1223,18,138,True,0.5440850781532148,0.033693245637281405,0.296795390614879,-491.46614965425994,-491.46614965425994
1224,15,133,True,0.48526785654459714,0.03138391207445375,0.3186345913879844,-469.93256147101033,-469.93256147101033
1225,13,136,True,0.45724737361914475,0.028807136857985156,0.34713619924460015,-467.0069506896207,-467.0069506896207
1226,8,127,True,0.34374364015235054,0.02346135323803363,0.4262328732082179,-427.2382029760278,-427.2382029760278
1227,21,135,True,0.5810217638451467,0.036924177097359276,0.2708252637190167,-497.687990149449,-497.687990149449
1228,15,125,True,0.46804294499649685,0.032538902477139704,0.3073244405531357,-454.6526706675331,-454.6526706675331
1229,13,125,True,0.43527834262444354,0.030261068332466324,0.3304575995180995,-446.1417696707275,-446.1417696707275
1230,17,123,True,0.4941492952527668,0.03500100587204609,0.285706074749886,-458.9818579894419,-458.9818579894419
1231,20,158,True,0.6225770194166422,0.03278469430055862,0.3050203826310989,-534.3776050515692,-534.3776050515692
1232,17,131,True,0.5125738274780762,0.03374289020940949,0.29635872736270286,-474.4051408156772,-474.4051408156772
1233,20,123,True,0.5368104228801659,0.038022729049513974,0.26300058543872,-470.8990842406572,-470.8990842406572
1234,12,107,True,0.3824148142044694,0.03176222738596073,0.31483938070477113,-405.1986707817871,-405.1986707817871
1235,12,123,True,0.4141061273754676,0.029331481669937383,0.3409306121159663,-437.8618647707129,-437.8618647707129
1236,17,141,True,0.5352488051864989,0.032313425489633944,0.30946889252604837,-492.89651748285667,-492.89651748285667
1237,15,129,True,0.47668677765307904,0.03194886969035673,0.31300011853058907,-462.36382639204777,-462.36382639204777
1238,13,125,True,0.43527834262444354,0.030261068332466324,0.3304575995180995,-446.1417696707275,-446.1417696707275
1239,10,111,True,0.356070936106186,0.02836893617104245,0.3524982374985033,-404.60251861945414,-404.60251861945414
1240,10,118,True,0.36872469642955324,0.027395381314496897,0.365025034154508,-418.92263425204607,-418.92263425204607
1241,10,132,True,0.3934665836526774,0.0256727104116075,0.38951866942255775,-446.1725512303995,-446.1725512303995
1242,20,135,True,0.5667256898472058,0.03601565559103302,0.27765703097432287,-493.8212736766054,-493.8212736766054
1243,14,134,True,0.4706357240643141,0.030171396973912128,0.3314397410450221,-467.58372570297104,-467.58372570297104
1244,12,119,True,0.40629317470891196,0.029895521363912922,0.33449826408015304,-429.9297086618785,-429.9297086618785
1245,14,137,True,0.47680345115020867,0.029781112587575646,0.3357832911914745,-473.1433244680105,-473.1433244680105
1246,13,118,True,0.4210542896537201,0.03128334752422014,0.3196588853625021,-432.2927083114895,-432.2927083114895
1247,17,130,True,0.5102857088652896,0.033894193163413536,0.2950357883365791,-472.50859331712036,-472.50859331712036
1248,12,127,True,0.4218554225137143,0.028792675490919906,0.3473105513641347,-445.6456725637109,-445.6456725637109
1249,21,129,True,0.5657706532574105,0.03791951806287374,0.26371643182329385,-486.38714673352695,-486.38714673352695
1250,18,119,True,0.4991390283019375,0.036727226576853435,0.2722775698588221,-455.0777373880115,-455.0777373880115
1251,10,125,True,0.3811809514600892,0.02650015332630641,0.3773563072208005,-432.7716956112841,-432.7716956112841
1252,13,127,True,0.4393053218295057,0.029983674258590064,0.33351482922861214,-450.01538716821403,-450.01538716821403
1253,13,131,True,0.44731424809967696,0.029446832346073187,0.3395951008405672,-457.65486220145135,-457.65486220145135
1254,9,140,True,0.38622979635026167,0.02351446056119235,0.4252702278232884,-456.3176393290315,-456.3176393290315
1255,11,136,True,0.42017742314185946,0.026471685200241228,0.3777621229761705,-458.1830792818226,-458.1830792818226
1256,14,114,True,0.4286301647103766,0.033128180025415815,0.3018578138710922,-428.46074835838783,-428.46074835838783
1257,11,136,True,0.42017742314185946,0.026471685200241228,0.3777621229761705,-458.1830792818226,-458.1830792818226
1258,13,136,True,0.45724737361914475,0.028807136857985156,0.34713619924460015,-467.0069506896207,-467.0069506896207
1259,18,118,True,0.49672643174154957,0.03690561044139078,0.2709615118243564,-453.0710224331193,-453.0710224331193
1260,13,127,True,0.4393053218295057,0.029983674258590064,0.33351482922861214,-450.01538716821403,-450.01538716821403
1261,14,132,True,0.4665070599377857,0.030438418794225094,0.3285321772988169,-463.8343276048771,-463.8343276048771
1262,15,133,True,0.48526785654459714,0.03138391207445375,0.3186345913879844,-469.93256147101033,-469.93256147101033
1263,10,124,True,0.37941252379378365,0.02662366955564693,0.3756056233757973,-430.821203541681,-430.821203541681
1264,8,139,True,0.36241639848298096,0.02225255534434801,0.4493865915736248,-449.7384581867993,-449.7384581867993
1265,22,130,True,0.5819994854724158,0.03865756504424645,0.25868157988104673,-492.11059400280647,-492.11059400280647
1266,10,117,True,0.3669297788653875,0.027529391836211593,0.36324812620256314,-416.90631083235024,-416.90631083235024
1267,12,142,True,0.4504326806334998,0.026965952531329117,0.37083800352989466,-473.5794132518741,-473.5794132518741
1268,20,120,True,0.5292225290790576,0.038567891838706056,0.259283033716771,-464.96410455244165,-464.96410455244165
1269,8,115,True,0.3246402664387849,0.024841930587999057,0.40254520334385446,-403.43744261045026,-403.43744261045026
1270,22,114,True,0.5395368658177495,0.04169999195748697,0.23980819972807127,-460.52132534326563,-460.52132534326563
1271,8,122,True,0.3358426852486722,0.024013299438010314,0.41643590152260124,-417.48542653515193,-417.48542653515193
1272,14,136,True,0.4747508119792068,0.029909874617488615,0.33433774390190507,-471.29865300465485,-471.29865300465485
1273,14,121,True,0.44352835804436697,0.03201539879763125,0.3123496934462637,-442.57600862898573,-442.57600862898573
1274,15,140,True,0.5001493160915008,0.030450114100662017,0.32840599437302564,-482.8459944750349,-482.8459944750349
1275,14,114,True,0.4286301647103766,0.033128180025415815,0.3018578138710922,-428.46074835838783,-428.46074835838783
1276,13,129,True,0.44331707751597854,0.029712339853016863,0.3365605014438014,-453.8529253952422,-453.8529253952422
1277,16,125,True,0.48364085829782,0.0336232879703607,0.29741291240806406,-458.80413798331995,-458.80413798331995
1278,6,124,True,0.2932965431067139,0.020580844742306956,0.4858887050172206,-411.49760793696777,-411.49760793696777
1279,19,127,True,0.5327338096360101,0.036360399523826165,0.27502448078017466,-474.76513429827673,-474.76513429827673
1280,11,137,True,0.42199410805476356,0.026357724578032295,0.37939542051116376,-460.0277507451783,-460.0277507451783
1281,10,114,True,0.36152003054695037,0.027941338806254244,0.3578926575186745,-410.79897198391023,-410.79897198391023
1282,10,132,True,0.3934665836526774,0.0256727104116075,0.38951866942255775,-446.1725512303995,-446.1725512303995
1283,9,130,True,0.36977236447473166,0.024561016956301498,0.40714926494256387,-437.7408605536967,-437.7408605536967
1284,16,126,True,0.48588022052308816,0.0334683223681613,0.2987899987933989,-460.745487110196,-460.745487110196
1285,8,127,True,0.34374364015235054,0.02346135323803363,0.4262328732082179,-427.2382029760278,-427.2382029760278
1286,10,143,True,0.41248432747512437,0.02448906051919974,0.4083455954612825,-466.3737349715204,-466.3737349715204
1287,16,139,True,0.5146305420008509,0.03159858291650543,0.3164698881093344,-485.1780106915779,-485.1780106915779
1288,15,154,True,0.5294843201139924,0.02876308733576001,0.3476678245025316,-507.4677093946696,-507.4677093946696
1289,13,120,True,0.42513990330964346,0.030982713142801325,0.32276062957783436,-436.29659968700037,-436.29659968700037
1290,14,157,True,0.5172795968972993,0.02745079710473909,0.36428814660079967,-508.3248526762135,-508.3248526762135
1291,16,121,True,0.47463834398707383,0.03426102433313496,0.29187685408251707,-450.946674626544,-450.946674626544
1292,11,133,True,0.414709873107183,0.026820688859715516,0.37284650115828794,-452.5977890664067,-452.5977890664067
1293,14,130,True,0.4623642073860845,0.030711151585727934,0.3256146215190183,-460.05001701792867,-460.05001701792867
1294,13,124,True,0.4332589388197881,0.030402114046814387,0.3289244946782846,-444.1912776011244,-444.1912776011244
1295,19,118,True,0.5106012712449338,0.037936478518721416,0.2635985307667674,-457.0424554415522,-457.0424554415522
1296,16,144,True,0.5255328758394744,0.030943061034581536,0.3231742324660168,-494.19269859274493,-494.19269859274493
1297,13,138,True,0.46119824002477794,0.028560359790387117,0.3501356451176716,-470.68783553263006,-470.68783553263006
1298,11,128,True,0.40553493793666795,0.02742748758035959,0.364597740522207,-443.1147645582885,-443.1147645582885
1299,11,144,True,0.43463576380748936,0.025591093508325318,0.39076094957594487,-472.70645887235446,-472.70645887235446
1300,16,130,True,0.494795378316429,0.03286529455491495,0.304272337595846,-468.42068301548693,-468.42068301548693
1301,11,130,True,0.40921467917578236,0.027180854059445758,0.36790602598908584,-446.9344432950964,-446.9344432950964
1302,8,142,True,0.36702946322684005,0.02197287077184179,0.4551066678467426,-455.171943664191,-455.171943664191
1303,16,139,True,0.5146305420008509,0.03159858291650543,0.3164698881093344,-485.1780106915779,-485.1780106915779
1304,12,129,True,0.4257078249455601,0.028532118915304338,0.3504822067258419,-449.48321079073907,-449.48321079073907
1305,17,132,True,0.5148579452479902,0.033593193121412825,0.297679353190925,-476.2929039040688,-476.2929039040688
1306,18,132,True,0.5300573951239883,0.034584919207678616,0.2891433673720938,-480.32093941147275,-480.32093941147275
1307,15,136,True,0.49166564559649184,0.030975529567207453,0.32283548141777696,-475.51785168642624,-475.51785168642624
1308,12,140,True,0.44666117770163605,0.027193646752608276,0.3677329521477604,-469.9653788737262,-469.9653788737262
1309,11,122,True,0.3944111464853436,0.028201039886364326,0.3545968531761542,-431.43873931954005,-431.43873931954005
1310,15,147,True,0.5148803200124591,0.02957891989731856,0.33807860580151,-495.3523041263569,-495.3523041263569
1311,14,131,True,0.46443744622155764,0.030574057661308975,0.32707467588297434,-461.9465645164855,-461.9465645164855
1312,12,128,True,0.4237834122933595,0.028661684087139556,0.34889785155670533,-447.5689213615835,-447.5689213615835
1313,20,117,True,0.5215852280477696,0.039132621405946366,0.25554127581344344,-458.94388975723484,-458.94388975723484
1314,11,128,True,0.40553493793666795,0.02742748758035959,0.364597740522207,-443.1147645582885,-443.1147645582885
1315,10,121,True,0.37408563080711366,0.02700278446131547,0.3703321786805404,-424.9142322545082,-424.9142322545082
1316,12,128,True,0.4237834122933595,0.028661684087139556,0.34889785155670533,-447.5689213615835,-447.5689213615835
1317,16,123,True,0.4791488047609341,0.03393850864533317,0.2946505429717839,-454.89394768780846,-454.89394768780846
1318,18,118,True,0.49672643174154957,0.03690561044139078,0.2709615118243564,-453.0710224331193,-453.0710224331193
1319,15,134,True,0.48740394176090013,0.031246369668929096,0.3200371789092621,-471.8029243847424,-471.8029243847424
1320,12,130,True,0.427628736463461,0.028403952421378338,0.352063679436157,-451.38860009839135,-451.38860009839135
1321,18,135,True,0.5370882104080918,0.034132181326167355,0.2929786380905437,-485.93208293279406,-485.93208293279406
1322,17,120,True,0.4871644227270939,0.035502843758560894,0.28166757761731903,-453.0468783012263,-453.0468783012263
1323,17,130,True,0.5102857088652896,0.033894193163413536,0.2950357883365791,-472.50859331712036,-472.50859331712036
1324,15,130,True,0.4788377203136749,0.03180535512611189,0.31441246168605413,-464.26921569970006,-464.26921569970006
1325,10,121,True,0.37408563080711366,0.02700278446131547,0.3703321786805404,-424.9142322545082,-424.9142322545082
1326,14,107,True,0.4134776440064016,0.034342212854025896,0.29118682720026623,-413.86008770132435,-413.86008770132435
1327,13,129,True,0.44331707751597854,0.029712339853016863,0.3365605014438014,-453.8529253952422,-453.8529253952422
1328,18,121,True,0.5039483993231948,0.036376724701210825,0.27490105506027435,-459.06262043558144,-459.06262043558144
1329,21,137,True,0.5860718321086411,0.03660600856459748,0.27317919631563525,-501.38584349126114,-501.38584349126114
1330,10,143,True,0.41248432747512437,0.02448906051919974,0.4083455954612825,-466.3737349715204,-466.3737349715204
1331,20,152,True,0.6081554114399293,0.03356214032824349,0.297954775893262,-524.2017739417013,-524.2017739417013
1332,11,128,True,0.40553493793666795,0.02742748758035959,0.364597740522207,-443.1147645582885,-443.1147645582885
1333,16,127,True,0.488115263496436,0.03331507344453028,0.30016442907292507,-462.67775548080647,-462.67775548080647
1334,16,137,True,0.5102474201629709,0.03187002071972482,0.31377450576336946,-481.5139904655688,-481.5139904655688
1335,13,143,True,0.47102430941051193,0.027964560228931176,0.35759546791135804,-479.7438090309638,-479.7438090309638
1336,18,129,True,0.5229903018579979,0.03505226028220541,0.285288307215857,-474.63123951687203,-474.63123951687203
1337,11,147,True,0.44001668212312184,0.02527814268311665,0.39559868481472854,-478.01753172175324,-478.01753172175324
1338,13,119,True,0.4230993471864823,0.031132138958360013,0.3212114661756855,-434.2994232663816,-434.2994232663816
1339,18,131,True,0.5277058464561439,0.0347390355989153,0.2878606106242121,-478.43317632308117,-478.43317632308117
1340,10,122,True,0.3758649395381968,0.026874955858268306,0.3720936344132977,-426.8925366678947,-426.8925366678947
1341,12,134,True,0.43527884901379116,0.02790474729484833,0.35836196236925477,-458.9223087834337,-458.9223087834337
1342,21,128,True,0.5632130864485044,0.038091711683975245,0.2625243014271499,-484.47285730437136,-484.47285730437136
1343,17,135,True,0.5216871511866131,0.033153437544837405,0.3016278473831195,-481.9040474253901,-481.9040474253901
1344,13,132,True,0.4493075578787719,0.029316194305716355,0.34110839543897087,-459.54262528984293,-459.54262528984293
1345,15,133,True,0.48526785654459714,0.03138391207445375,0.3186345913879844,-469.93256147101033,-469.93256147101033
1346,19,130,True,0.5400245527923893,0.035869506410502364,0.27878833585153723,-480.5080618329572,-480.5080618329572
1347,16,139,True,0.5146305420008509,0.03159858291650543,0.3164698881093344,-485.1780106915779,-485.1780106915779
1348,20,127,True,0.5468559211840673,0.037324268549443734,0.2679221961644855,-478.6828920336552,-478.6828920336552
1349,18,132,True,0.5300573951239883,0.034584919207678616,0.2891433673720938,-480.32093941147275,-480.32093941147275
1350,16,116,True,0.4632764307310781,0.0351012803028167,0.2848898932953608,-440.9127501690051,-440.9127501690051
1351,17,153,True,0.5620426526586446,0.03077297123802817,0.32496049610062827,-513.9996756673211,-513.9996756673211
1352,13,122,True,0.42920787963338985,0.03068906302710914,0.32584898376227756,-440.26261072733814,-440.26261072733814
1353,13,142,True,0.46906466805412156,0.028081389554331485,0.3561077339371735,-477.94912785637723,-477.94912785637723
1354,21,134,True,0.5784906556208108,0.03708573387864845,0.26964546617095125,-495.8262447262216,-495.8262447262216
1355,15,118,True,0.45274820829523255,0.03363813144551022,0.2972816732165642,-440.80360930829505,-440.80360930829505
1356,11,115,True,0.38125510932781226,0.02917417813303639,0.3427688675375624,-417.3907553948384,-417.3907553948384
1357,7,129,True,0.3243148213287172,0.02173647865018683,0.4600561186075118,-426.1896755228449,-426.1896755228449
1358,17,118,True,0.4824827506406133,0.03584733829726606,0.2789607394857169,-449.04298692571535,-449.04298692571535
1359,13,114,True,0.412827133987809,0.03190678757610431,0.31341293686015625,-424.16904604335366,-424.16904604335366
1360,12,136,True,0.43908478774644105,0.027662872008985318,0.3614953644998194,-462.63723608511754,-462.63723608511754
1361,16,129,True,0.49257275373541376,0.03301359185919357,0.3029055439544733,-466.51529370783464,-466.51529370783464
1362,17,115,True,0.47542046662086046,0.03637984394685844,0.2748774847579725,-442.96490541686234,-442.96490541686234
1363,20,138,True,0.5741086571564521,0.035552498652820876,0.28127418265738574,-499.35534039807135,-499.35534039807135
1364,16,136,True,0.5080508046833585,0.032007814381703456,0.31242370630955274,-479.6693190022131,-479.6693190022131
1365,11,121,True,0.3925440417816165,0.02833517590326283,0.3529182255349432,-429.4604349061535,-429.4604349061535
1366,17,113,True,0.47068445158419236,0.03674589701571182,0.272139226747525,-438.8638431875622,-438.8638431875622
1367,23,129,True,0.5927145165322143,0.03972537049486207,0.25172830046464545,-493.97676995091933,-493.97676995091933
1368,16,110,True,0.44946513824458995,0.0361798824182239,0.2763966970484949,-428.5493136455493,-428.5493136455493
1369,14,123,True,0.44774318241832917,0.03171402227534553,0.3153179345457544,-446.5232816902502,-446.5232816902502
1370,12,144,True,0.4541937324271515,0.026742654989125033,0.3739344505647074,-477.1606156756494,-477.1606156756494
1371,13,125,True,0.43527834262444354,0.030261068332466324,0.3304575995180995,-446.1417696707275,-446.1417696707275
1372,22,124,True,0.5662398391314453,0.03973348643196598,0.25167688259933063,-480.54355690103637,-480.54355690103637
1373,14,135,True,0.47269492751085396,0.030039961155544526,0.33288991114937855,-469.4454711261984,-469.4454711261984
1374,17,146,True,0.5464616362160288,0.03165038721578642,0.3159519007404829,-501.82935974579794,-501.82935974579794
1375,7,110,True,0.29593233669108093,0.02382119598207221,0.4197942037639917,-388.22369546055955,-388.22369546055955
1376,14,135,True,0.47269492751085396,0.030039961155544526,0.33288991114937855,-469.4454711261984,-469.4454711261984
1377,19,126,True,0.5302944617054358,0.03652765690955871,0.27376516442759175,-472.8328659276664,-472.8328659276664
1378,18,130,True,0.5253501788339919,0.034894805263954304,0.2865756070096146,-476.5366288245243,-476.5366288245243
1379,17,120,True,0.4871644227270939,0.035502843758560894,0.28166757761731903,-453.0468783012263,-453.0468783012263
1380,6,127,True,0.29738966866317695,0.02029758008833626,0.49266956733164313,-417.3217175040574,-417.3217175040574
1381,10,153,True,0.42952624981278464,0.023517430339036433,0.4252165247578543,-483.8793229936518,-483.8793229936518
1382,9,145,True,0.39436607080133235,0.023029327283103834,0.43422892371401595,-465.29128465531676,-465.29128465531676
1383,10,146,True,0.4176188696002499,0.024187972321338996,0.4134286192802465,-471.70900707212866,-471.70900707212866
1384,24,129,True,0.605777718510017,0.040600902515662875,0.24629994360697358,-497.70381969555956,-497.70381969555956
1385,13,137,True,0.4592243346821823,0.028683122114852598,0.3486370821125443,-468.85162215297635,-468.85162215297635
1386,12,146,True,0.45794482377421586,0.02652360208903877,0.3770226972351027,-480.70936652706894,-480.70936652706894
1387,10,125,True,0.3811809514600892,0.02650015332630641,0.3773563072208005,-432.7716956112841,-432.7716956112841
1388,10,143,True,0.41248432747512437,0.02448906051919974,0.4083455954612825,-466.3737349715204,-466.3737349715204
1389,15,128,True,0.47453191459372696,0.03209395042563824,0.3115852011789581,-460.4495369628922,-460.4495369628922
1390,12,128,True,0.4237834122933595,0.028661684087139556,0.34889785155670533,-447.5689213615835,-447.5689213615835
1391,12,132,True,0.4314603539929707,0.02815170889309605,0.355218222736468,-455.1729106853398,-455.1729106853398
1392,14,124,True,0.4498440994289218,0.03156590756414409,0.31679748094298615,-448.48297991615857,-448.48297991615857
1393,9,135,True,0.37803428169548425,0.02402423736043955,0.41624630367942045,-447.1363146619664,-447.1363146619664
1394,15,129,True,0.47668677765307904,0.03194886969035673,0.31300011853058907,-462.36382639204777,-462.36382639204777
1395,14,129,True,0.46028726387013125,0.030849728800785164,0.3241519581768735,-458.1446277102764,-458.1446277102764
1396,13,141,True,0.4671023060546138,0.028199363392269146,0.354617934486475,-476.1462388686308,-476.1462388686308
1397,20,113,True,0.5113198013745717,0.03991826094991247,0.2505119151494982,-450.78106943877754,-450.78106943877754
1398,16,126,True,0.48588022052308816,0.0334683223681613,0.2987899987933989,-460.745487110196,-460.745487110196
1399,22,128,True,0.5767660282754508,0.03900833589772906,0.25635546274564786,-488.2909152659986,-488.2909152659986
1400,16,133,True,0.5014398040874839,0.03242980656945002,0.3083582992881721,-474.08402878679715,-474.08402878679715
1401,17,132,True,0.5148579452479902,0.033593193121412825,0.297679353190925,-476.2929039040688,-476.2929039040688
1402,18,116,True,0.49188486069184484,0.03726886849091359,0.26832046168608714,-449.02869597804255,-449.02869597804255
1403,20,124,True,0.539329264468777,0.03784515064323791,0.2642346464483364,-472.8587824665656,-472.8587824665656
1404,12,129,True,0.4257078249455601,0.028532118915304338,0.3504822067258419,-449.48321079073907,-449.48321079073907
1405,11,127,True,0.40368996903757925,0.027552838382824525,0.3629390141610111,-441.19151576041594,-441.19151576041594
1406,19,124,True,0.5254015227384354,0.03686783025914182,0.27123917870161024,-468.9410247311871,-468.9410247311871
1407,18,133,True,0.5324049138215134,0.03443242485162607,0.2904239257935315,-482.1999745958346,-482.1999745958346
1408,3,142,True,0.2241923385352353,0.01342167258007611,0.7450636230572758,-429.00044390626636,-429.00044390626636
1409,12,119,True,0.40629317470891196,0.029895521363912922,0.33449826408015304,-429.9297086618785,-429.9297086618785
1410,11,130,True,0.40921467917578236,0.027180854059445758,0.36790602598908584,-446.9344432950964,-446.9344432950964
1411,10,152,True,0.42783100179172395,0.023610616379963156,0.4235382862976152,-482.1641950168167,-482.1641950168167
1412,14,131,True,0.46443744622155764,0.030574057661308975,0.32707467588297434,-461.9465645164855,-461.9465645164855
1413,17,123,True,0.4941492952527668,0.03500100587204609,0.285706074749886,-458.9818579894419,-458.9818579894419
1414,16,139,True,0.5146305420008509,0.03159858291650543,0.3164698881093344,-485.1780106915779,-485.1780106915779
1415,29,131,True,0.6736604437294256,0.044347270915147036,0.22549301893083235,-519.5319529888134,-519.5319529888134
1416,17,119,True,0.48482616574852466,0.03567406960824115,0.28031564970905026,-451.04970188060753,-451.04970188060753
1417,11,118,True,0.38691858419920894,0.028747144561898762,0.34786063633095304,-423.4688369036914,-423.4688369036914
1418,9,125,True,0.36143632613925636,0.025127483479168666,0.39797061286659524,-428.1243155215297,-428.1243155215297
1419,12,143,True,0.4523144819486594,0.026853763850747035,0.3723872770900908,-475.37409442646066,-475.37409442646066
1420,15,128,True,0.47453191459372696,0.03209395042563824,0.3115852011789581,-460.4495369628922,-460.4495369628922
1421,19,147,True,0.5806727472810371,0.03335857287760791,0.2997730159707325,-511.5911502596141,-511.5911502596141
1422,21,114,True,0.52685874089804,0.04072011877238662,0.24557885147381409,-456.7032673816384,-456.7032673816384
1423,12,129,True,0.4257078249455601,0.028532118915304338,0.3504822067258419,-449.48321079073907,-449.48321079073907
1424,25,144,True,0.6599843030626655,0.03885948055849461,0.2573374593864461,-529.0655710033928,-529.0655710033928
1425,24,143,True,0.6436387091520782,0.03821262106467646,0.26169364260762384,-523.5947033312812,-523.5947033312812
1426,15,130,True,0.4788377203136749,0.03180535512611189,0.31441246168605413,-464.26921569970006,-464.26921569970006
1427,13,106,True,0.3961262903031156,0.03325199057028449,0.30073387573183247,-407.44138041542703,-407.44138041542703
1428,19,118,True,0.5106012712449338,0.037936478518721416,0.2635985307667674,-457.0424554415522,-457.0424554415522
1429,8,153,True,0.3837901170009448,0.021013284625361946,0.4758894279636092,-474.472212860909,-474.472212860909
1430,8,133,True,0.3531271330046653,0.022837924960117037,0.4378681520962819,-438.64447628201856,-438.64447628201856
1431,14,125,True,0.4519408060505165,0.03141946261710607,0.31827406222268045,-450.4334719857617,-450.4334719857617
1432,22,118,True,0.5502891963142994,0.040885198393968994,0.24458729302571047,-468.64498761140146,-468.64498761140146
1433,11,127,True,0.40368996903757925,0.027552838382824525,0.3629390141610111,-441.19151576041594,-441.19151576041594
1434,8,132,True,0.3515700990145361,0.0229390695839818,0.43593747180500003,-436.7654410976567,-436.7654410976567
1435,16,146,True,0.5298731422993941,0.030689602009666934,0.3258432610774846,-497.74144944416446,-497.74144944416446
1436,16,141,True,0.5190006901125759,0.031332512966895536,0.3191572923169466,-488.80860718122324,-488.80860718122324
1437,23,135,True,0.6086919352734382,0.03868262811194953,0.2585139761202233,-505.27761336684136,-505.27761336684136
1438,12,122,True,0.4121590666257165,0.029470045106523,0.339327610930143,-435.892896122835,-435.892896122835
1439,21,122,True,0.5477641957852583,0.03916603288552441,0.255323280487158,-472.7968320656229,-472.7968320656229
1440,22,120,True,0.5556288142932964,0.04049228979239302,0.24696059549288873,-472.6488789869124,-472.6488789869124
1441,11,127,True,0.40368996903757925,0.027552838382824525,0.3629390141610111,-441.19151576041594,-441.19151576041594
1442,16,136,True,0.5080508046833585,0.032007814381703456,0.31242370630955274,-479.6693190022131,-479.6693190022131
1443,15,136,True,0.49166564559649184,0.030975529567207453,0.32283548141777696,-475.51785168642624,-475.51785168642624
1444,15,131,True,0.48098482630022193,0.031663376700470446,0.31582228562032744,-466.1657631982569,-466.1657631982569
1445,21,133,True,0.5759553758838915,0.03724898039663958,0.26846372420175424,-493.9558818124895,-493.9558818124895
1446,15,145,True,0.510685406627989,0.02982188945424153,0.33532415896531037,-491.81963980132014,-491.81963980132014
1447,7,119,True,0.30952425734633504,0.02277515258477136,0.4390749946802338,-406.63617339398434,-406.63617339398434
1448,10,118,True,0.36872469642955324,0.027395381314496897,0.365025034154508,-418.92263425204607,-418.92263425204607
1449,15,134,True,0.48740394176090013,0.031246369668929096,0.3200371789092621,-471.8029243847424,-471.8029243847424
1450,16,127,True,0.488115263496436,0.03331507344453028,0.30016442907292507,-462.67775548080647,-462.67775548080647
1451,16,130,True,0.494795378316429,0.03286529455491495,0.304272337595846,-468.42068301548693,-468.42068301548693
1452,11,103,True,0.358170177865922,0.031054524248592206,0.3220142714133941,-392.1728219342371,-392.1728219342371
1453,17,119,True,0.48482616574852466,0.03567406960824115,0.28031564970905026,-451.04970188060753,-451.04970188060753
1454,12,137,True,0.44098322080222024,0.027543783326780785,0.3630583308530827,-464.48190754847326,-464.48190754847326
1455,18,121,True,0.5039483993231948,0.036376724701210825,0.27490105506027435,-459.06262043558144,-459.06262043558144
1456,22,117,True,0.5476104396337745,0.041085197317301564,0.24339666480776176,-466.62866419170564,-466.62866419170564
1457,14,128,True,0.45820653482938195,0.03098981830570446,0.32268662892286937,-456.2303382811208,-456.2303382811208
1458,17,125,True,0.4987819794365401,0.03467591672888426,0.2883845891713722,-462.8920482849534,-462.8920482849534
1459,16,133,True,0.5014398040874839,0.03242980656945002,0.3083582992881721,-474.08402878679715,-474.08402878679715
1460,16,136,True,0.5080508046833585,0.032007814381703456,0.31242370630955274,-479.6693190022131,-479.6693190022131
1461,14,117,True,0.43504414213028686,0.03263976200510811,0.3063747829544531,-434.56808720682784,-434.56808720682784
1462,16,126,True,0.48588022052308816,0.0334683223681613,0.2987899987933989,-460.745487110196,-460.745487110196
1463,9,149,True,0.4008369414155288,0.022657555667806365,0.4413538753524409,-472.32471224541524,-472.32471224541524
1464,17,138,True,0.5284833830353987,0.03272708838160581,0.30555727669377647,-487.438114146856,-487.438114146856
1465,12,132,True,0.4314603539929707,0.02815170889309605,0.355218222736468,-455.1729106853398,-455.1729106853398
1466,16,143,True,0.523358455899536,0.03107162150428997,0.3218370820660044,-492.40617734355624,-492.40617734355624
1467,12,121,True,0.41020794496285745,0.029610217046435027,0.33772126642360994,-433.9145917094485,-433.9145917094485
1468,22,137,True,0.6001748379479888,0.03748688139324765,0.2667599871831765,-505.2039014528884,-505.2039014528884
1469,13,130,True,0.44531744685471814,0.029578871797713888,0.3380791555671466,-455.7583147028945,-455.7583147028945
1470,11,133,True,0.414709873107183,0.026820688859715516,0.37284650115828794,-452.5977890664067,-452.5977890664067
1471,14,140,True,0.48294261771577235,0.029402535083797476,0.3401067279232867,-478.62679579326345,-478.62679579326345
1472,22,105,True,0.5149486406306585,0.04369112022087039,0.22887945993252873,-441.6561020738043,-441.6561020738043
1473,12,131,True,0.4295462216178861,0.028277157784727017,0.353642331245935,-453.2851475969482,-453.2851475969482
1474,19,138,True,0.5592827657598409,0.0346343841507411,0.28873041184957876,-495.4375826626929,-495.4375826626929
1475,16,139,True,0.5146305420008509,0.03159858291650543,0.3164698881093344,-485.1780106915779,-485.1780106915779
1476,10,131,True,0.3917210069865631,0.025787112456560755,0.38779060729832904,-444.2847881420079,-444.2847881420079
1477,10,133,True,0.3952091688339669,0.025559512418608512,0.39124377007753625,-448.05158641476135,-448.05158641476135
1478,10,131,True,0.3917210069865631,0.025787112456560755,0.38779060729832904,-444.2847881420079,-444.2847881420079
1479,14,139,True,0.48089928296930057,0.02952746606976219,0.33866773316659804,-476.80734469401966,-476.80734469401966
1480,13,124,True,0.4332589388197881,0.030402114046814387,0.3289244946782846,-444.1912776011244,-444.1912776011244
1481,19,134,True,0.5496853829858168,0.035239092684251135,0.28377575125449095,-488.04177051799957,-488.04177051799957
1482,11,145,True,0.43643170946542975,0.025485784447889452,0.39237560140426153,-474.4848673967165,-474.4848673967165
1483,17,144,True,0.5419854910371869,0.03191178116541653,0.31336389367188355,-498.2806088943784,-498.2806088943784
1484,12,127,True,0.4218554225137143,0.028792675490919906,0.3473105513641347,-445.6456725637109,-445.6456725637109
1485,15,106,True,0.4259438096233826,0.03575495968780533,0.2796814788022436,-415.9522814122326,-415.9522814122326
1486,13,137,True,0.4592243346821823,0.028683122114852598,0.3486370821125443,-468.85162215297635,-468.85162215297635
1487,13,146,True,0.4768875483205339,0.027620741443531233,0.36204676186714013,-485.079081131572,-485.079081131572
1488,15,120,True,0.457141357368781,0.03331486748434442,0.3001662847585775,-444.807500683806,-444.807500683806
1489,15,134,True,0.48740394176090013,0.031246369668929096,0.3200371789092621,-471.8029243847424,-471.8029243847424
1490,20,115,True,0.5164646882721644,0.03952060561664472,0.2530325596981324,-454.8821316680777,-454.8821316680777
1491,21,118,True,0.5373584113858866,0.03992447136038583,0.2504729470237214,-464.82692964977423,-464.82692964977423
1492,15,117,True,0.4505442720818931,0.03380267974994046,0.2958345336516587,-438.78728588859923,-438.78728588859923
1493,15,127,True,0.4723730460422159,0.03224062818561668,0.31016765375747984,-458.5262881650196,-458.5262881650196
1494,10,144,True,0.41419809389365375,0.024387735742099452,0.41004216651148345,-468.16025622070913,-468.16025622070913
1495,17,119,True,0.48482616574852466,0.03567406960824115,0.28031564970905026,-451.04970188060753,-451.04970188060753
1496,19,123,True,0.5229477281951398,0.037040822846804954,0.2699724042675411,-466.98132650527873,-466.98132650527873
1497,20,134,True,0.5642568596866595,0.0361732372584041,0.2764474721619422,-491.95952825337804,-491.95952825337804
1498,13,113,True,0.4107581196419889,0.032067504061225854,0.3118421683492172,-422.11356457333636,-422.11356457333636
1499,17,143,True,0.5397429975357364,0.03204436641841635,0.3120673340650874,-496.49408764518967,-496.49408764518967
1500,19,135,True,0.5520904576056992,0.035085580435895804,0.28501737396851134,-489.90351594122694,-489.90351594122694
1501,11,114,True,0.3793584203427648,0.029320041093617955,0.34106364203482253,-415.34517463555557,-415.34517463555557
1502,13,133,True,0.45129745162002055,0.029186931196968975,0.3426190966263177,-461.4216604742047,-461.4216604742047
1503,15,141,True,0.5022623859994898,0.030322007315056524,0.32979346967687256,-484.65713986543636,-484.65713986543636
1504,6,121,True,0.2891787051321855,0.020873911218239217,0.479066902960773,-405.590636649795,-405.590636649795
1505,13,149,True,0.4827285662890993,0.027286530339520984,0.3664811859760822,-490.34216639461306,-490.34216639461306
1506,17,126,True,0.5010914483414747,0.03451609969009719,0.28971987245908437,-464.8333974118295,-464.8333974118295
1507,13,134,True,0.4532840035862379,0.029059017228908204,0.34412726078196126,-463.29202338793687,-463.29202338793687
1508,20,124,True,0.539329264468777,0.03784515064323791,0.2642346464483364,-472.8587824665656,-472.8587824665656
1509,17,124,True,0.4964679607309581,0.034837539887457684,0.2870466752906462,-460.94155621535026,-460.94155621535026
1510,13,137,True,0.4592243346821823,0.028683122114852598,0.3486370821125443,-468.85162215297635,-468.85162215297635
1511,22,126,True,0.5715130955908361,0.03936687214858745,0.254020689331266,-484.4353980975156,-484.4353980975156
1512,14,133,True,0.4685731268501721,0.030304207491159443,0.3299871809192592,-465.7133627892389,-465.7133627892389
1513,13,120,True,0.42513990330964346,0.030982713142801325,0.32276062957783436,-436.29659968700037,-436.29659968700037
1514,16,128,True,0.4903460781051527,0.03316350752843747,0.30153625913739895,-464.60100427867906,-464.60100427867906
1515,16,123,True,0.4791488047609341,0.03393850864533317,0.2946505429717839,-454.89394768780846,-454.89394768780846
1516,13,128,True,0.44131306221976585,0.029847264442042654,0.3350390793574391,-451.9386359660866,-451.9386359660866
1517,20,145,True,0.591209301243345,0.03452414773786904,0.28965233482161085,-511.9762436699558,-511.9762436699558
1518,16,126,True,0.48588022052308816,0.0334683223681613,0.2987899987933989,-460.745487110196,-460.745487110196
1519,15,125,True,0.46804294499649685,0.032538902477139704,0.3073244405531357,-454.6526706675331,-454.6526706675331
1520,16,127,True,0.488115263496436,0.03331507344453028,0.30016442907292507,-462.67775548080647,-462.67775548080647
1521,18,134,True,0.5347484901580942,0.03428152210467393,0.29170233367895304,-484.0703375095667,-484.0703375095667
1522,8,156,True,0.3883248497274962,0.020767898244475332,0.48151237464100133,-479.5714606343261,-479.5714606343261
1523,13,130,True,0.44531744685471814,0.029578871797713888,0.3380791555671466,-455.7583147028945,-455.7583147028945
1524,16,128,True,0.4903460781051527,0.03316350752843747,0.30153625913739895,-464.60100427867906,-464.60100427867906
1525,21,133,True,0.5759553758838915,0.03724898039663958,0.26846372420175424,-493.9558818124895,-493.9558818124895
1526,14,140,True,0.48294261771577235,0.029402535083797476,0.3401067279232867,-478.62679579326345,-478.62679579326345
1527,21,110,True,0.5162571071027378,0.04155632960878319,0.24063722889247757,-448.4211666712416,-448.4211666712416
1528,10,131,True,0.3917210069865631,0.025787112456560755,0.38779060729832904,-444.2847881420079,-444.2847881420079
1529,16,134,True,0.503647076087744,0.03228768045095723,0.30971565192455736,-475.9543917005293,-475.9543917005293
1530,18,107,True,0.4698040002937266,0.03902051105212888,0.25627547488141933,-430.34669950792005,-430.34669950792005
1531,8,143,True,0.3685628256055006,0.021881455221894885,0.45700799597614794,-456.9666248387776,-456.9666248387776
1532,18,133,True,0.5324049138215134,0.03443242485162607,0.2904239257935315,-482.1999745958346,-482.1999745958346
1533,19,116,True,0.5056244627345943,0.038309883294517226,0.2610292472864611,-453.0001289864755,-453.0001289864755
1534,13,123,True,0.43123547985764243,0.03054476796331613,0.3273883112161752,-442.23157937521603,-442.23157937521603
1535,12,110,True,0.3884519087585159,0.03126859724628912,0.31980967746120353,-411.51723072845374,-411.51723072845374
1536,16,133,True,0.5014398040874839,0.03242980656945002,0.3083582992881721,-474.08402878679715,-474.08402878679715
1537,20,119,True,0.5266824046075127,0.038753900038369385,0.258038545542493,-462.9669281318229,-462.9669281318229
1538,14,157,True,0.5172795968972993,0.02745079710473909,0.36428814660079967,-508.3248526762135,-508.3248526762135
1539,12,141,True,0.4485482667434525,0.02707924026260789,0.36928657905548423,-471.77652426412766,-471.77652426412766
1540,18,113,True,0.48457982757148466,0.03783069608503545,0.26433560665979033,-442.8918786949662,-442.8918786949662
1541,15,113,True,0.44167701714563484,0.034481313609606705,0.29001215305248523,-430.6244655701419,-430.6244655701419
1542,11,128,True,0.40553493793666795,0.02742748758035959,0.364597740522207,-443.1147645582885,-443.1147645582885
1543,16,134,True,0.503647076087744,0.03228768045095723,0.30971565192455736,-475.9543917005293,-475.9543917005293
1544,16,113,True,0.45639626437342123,0.03563043153980519,0.280658963920443,-434.7759328859288,-434.7759328859288
1545,22,123,True,0.5635953164810055,0.039919925356807225,0.25050147039653164,-478.583858675128,-478.583858675128
1546,15,118,True,0.45274820829523255,0.03363813144551022,0.2972816732165642,-440.80360930829505,-440.80360930829505
1547,11,117,True,0.38503510047976686,0.02888776753028611,0.3461672830728764,-421.4525134839956,-421.4525134839956
1548,20,128,True,0.5493551959846587,0.03715446292183166,0.26914667077919413,-480.6061408315278,-480.6061408315278
1549,10,145,True,0.41590958965677044,0.02428737857931064,0.411736489689281,-469.93866474507115,-469.93866474507115
1550,14,127,True,0.4561219380979125,0.031131449892683807,0.32121857589260877,-454.3070894832482,-454.3070894832482
1551,20,117,True,0.5215852280477696,0.039132621405946366,0.25554127581344344,-458.94388975723484,-458.94388975723484
1552,12,130,True,0.427628736463461,0.028403952421378338,0.352063679436157,-451.38860009839135,-451.38860009839135
1553,15,134,True,0.48740394176090013,0.031246369668929096,0.3200371789092621,-471.8029243847424,-471.8029243847424
1554,19,136,True,0.5544916557799514,0.034933644097797534,0.28625699546273425,-491.7566978196834,-491.7566978196834
1555,11,136,True,0.42017742314185946,0.026471685200241228,0.3777621229761705,-458.1830792818226,-458.1830792818226
1556,23,112,True,0.5464101386975817,0.0430918134554546,0.2320626401656854,-460.1719505900073,-460.1719505900073
1557,16,135,True,0.5058507162746031,0.03214702545553448,0.31107077119256094,-477.8161371237567,-477.8161371237567
1558,10,130,True,0.38997237278197366,0.025902741742187988,0.38605951831396,-442.38824064345107,-442.38824064345107
1559,17,135,True,0.5216871511866131,0.033153437544837405,0.3016278473831195,-481.9040474253901,-481.9040474253901
1560,20,155,True,0.6153771113797262,0.033168275001916186,0.30149291753708274,-529.324049022574,-529.324049022574
1561,13,125,True,0.43527834262444354,0.030261068332466324,0.3304575995180995,-446.1417696707275,-446.1417696707275
1562,12,138,True,0.4428787195155865,0.02742589731520123,0.36461888138322984,-466.318120928127,-466.318120928127
1563,11,139,True,0.4256191172510487,0.026133235145777402,0.3826544989251282,-463.6917709711874,-463.6917709711874
1564,11,115,True,0.38125510932781226,0.02917417813303639,0.3427688675375624,-417.3907553948384,-417.3907553948384
1565,12,112,True,0.39245043808625324,0.030950013315701137,0.3231016380508934,-415.67839142982706,-415.67839142982706
1566,8,120,True,0.33265961206450334,0.024243072114741887,0.4124889763421994,-413.5194154948142,-413.5194154948142
1567,8,120,True,0.33265961206450334,0.024243072114741887,0.4124889763421994,-413.5194154948142,-413.5194154948142
1568,14,136,True,0.4747508119792068,0.029909874617488615,0.33433774390190507,-471.29865300465485,-471.29865300465485
1569,14,132,True,0.4665070599377857,0.030438418794225094,0.3285321772988169,-463.8343276048771,-463.8343276048771
1570,18,143,True,0.555677094916741,0.03299036860344669,0.3031187714269808,-500.5221231525936,-500.5221231525936
1571,19,138,True,0.5592827657598409,0.0346343841507411,0.28873041184957876,-495.4375826626929,-495.4375826626929
1572,10,141,True,0.4090497596953055,0.02469468180664391,0.40494548900442107,-462.7761648091874,-462.7761648091874
1573,17,122,True,0.49182588433537305,0.03516635243421975,0.2843627305022735,-457.012889341564,-457.012889341564
1574,17,133,True,0.5171381486073949,0.033445071556575945,0.29899771579450574,-478.17193908843063,-478.17193908843063
1575,19,118,True,0.5106012712449338,0.037936478518721416,0.2635985307667674,-457.0424554415522,-457.0424554415522
1576,15,138,True,0.4959139046222706,0.030710176908539014,0.32562495585036777,-479.1987365294357,-479.1987365294357
1577,13,137,True,0.4592243346821823,0.028683122114852598,0.3486370821125443,-468.85162215297635,-468.85162215297635
1578,12,134,True,0.43527884901379116,0.02790474729484833,0.35836196236925477,-458.9223087834337,-458.9223087834337
1579,9,111,True,0.33762697348390647,0.02689946605900695,0.371754590892767,-399.95513852969975,-399.95513852969975
1580,17,140,True,0.5329969579945655,0.032449945774335694,0.3081669248245368,-491.0853720924552,-491.0853720924552
1581,12,115,True,0.39841102719107835,0.030486973139668853,0.3280089484183086,-421.84491219813333,-421.84491219813333
1582,16,147,True,0.5320391270791311,0.030564661554227008,0.32717522431119567,-499.5037714421437,-499.5037714421437
1583,20,125,True,0.5418430581174368,0.03766957415869259,0.26546623431081207,-474.8092745361687,-474.8092745361687
1584,13,125,True,0.43527834262444354,0.030261068332466324,0.3304575995180995,-446.1417696707275,-446.1417696707275
1585,20,121,True,0.5317571652463325,0.03838405684796428,0.26052483299535223,-466.95181117939285,-466.95181117939285
1586,15,128,True,0.47453191459372696,0.03209395042563824,0.3115852011789581,-460.4495369628922,-460.4495369628922
1587,18,123,True,0.5087373918603397,0.03603429289669409,0.2775134239117381,-463.00989349684585,-463.00989349684585
1588,11,122,True,0.3944111464853436,0.028201039886364326,0.3545968531761542,-431.43873931954005,-431.43873931954005
1589,12,119,True,0.40629317470891196,0.029895521363912922,0.33449826408015304,-429.9297086618785,-429.9297086618785
1590,13,133,True,0.45129745162002055,0.029186931196968975,0.3426190966263177,-461.4216604742047,-461.4216604742047
1591,18,104,True,0.4623261033801688,0.039651648591257235,0.25219632361527816,-423.93393798181717,-423.93393798181717
1592,9,129,True,0.3681113442173111,0.0246718430619028,0.40532034736559946,-435.8354712460444,-435.8354712460444
1593,14,130,True,0.4623642073860845,0.030711151585727934,0.3256146215190183,-460.05001701792867,-460.05001701792867
1594,13,131,True,0.44731424809967696,0.029446832346073187,0.3395951008405672,-457.65486220145135,-457.65486220145135
1595,17,131,True,0.5125738274780762,0.03374289020940949,0.29635872736270286,-474.4051408156772,-474.4051408156772
1596,15,117,True,0.4505442720818931,0.03380267974994046,0.2958345336516587,-438.78728588859923,-438.78728588859923
1597,14,140,True,0.48294261771577235,0.029402535083797476,0.3401067279232867,-478.62679579326345,-478.62679579326345
1598,15,129,True,0.47668677765307904,0.03194886969035673,0.31300011853058907,-462.36382639204777,-462.36382639204777
1599,16,134,True,0.503647076087744,0.03228768045095723,0.30971565192455736,-475.9543917005293,-475.9543917005293
1600,18,138,True,0.5440850781532148,0.033693245637281405,0.296795390614879,-491.46614965425994,-491.46614965425994
1601,15,125,True,0.46804294499649685,0.032538902477139704,0.3073244405531357,-454.6526706675331,-454.6526706675331
1602,13,145,True,0.474935686513093,0.02773425548732239,0.36056493402431883,-483.3087388045145,-483.3087388045145
1603,18,151,True,0.5740650822411861,0.031933647861365246,0.31314931646435695,-514.5896969806702,-514.5896969806702
1604,12,134,True,0.43527884901379116,0.02790474729484833,0.35836196236925477,-458.9223087834337,-458.9223087834337
1605,18,138,True,0.5440850781532148,0.033693245637281405,0.296795390614879,-491.46614965425994,-491.46614965425994
1606,8,128,True,0.34531463862638395,0.02335461652312827,0.4281808690841451,-429.1614517739004,-429.1614517739004
1607,20,124,True,0.539329264468777,0.03784515064323791,0.2642346464483364,-472.8587824665656,-472.8587824665656
1608,4,135,True,0.2513866910521714,0.015975729788330974,0.6259494954217504,-421.8599933802711,-421.8599933802711
1609,16,141,True,0.5190006901125759,0.031332512966895536,0.3191572923169466,-488.80860718122324,-488.80860718122324
1610,20,109,True,0.5009528528862746,0.0407443477814892,0.24543281570316747,-442.4585882224013,-442.4585882224013
1611,13,134,True,0.4532840035862379,0.029059017228908204,0.34412726078196126,-463.29202338793687,-463.29202338793687
1612,15,125,True,0.46804294499649685,0.032538902477139704,0.3073244405531357,-454.6526706675331,-454.6526706675331
1613,8,144,True,0.37009410946665305,0.021790919548986973,0.45890674679971843,-458.75314608796634,-458.75314608796634
1614,11,107,True,0.36594770688456696,0.030394518846290762,0.32900668869184496,-400.74451397849214,-400.74451397849214
1615,10,132,True,0.3934665836526774,0.0256727104116075,0.38951866942255775,-446.1725512303995,-446.1725512303995
1616,15,136,True,0.49166564559649184,0.030975529567207453,0.32283548141777696,-475.51785168642624,-475.51785168642624
1617,10,135,True,0.39868562388412654,0.02533663882923345,0.39468534352165074,-451.7836947517208,-451.7836947517208
1618,10,111,True,0.356070936106186,0.02836893617104245,0.3524982374985033,-404.60251861945414,-404.60251861945414
1619,11,110,True,0.3717248390097816,0.02992214484049362,0.3342006414749723,-407.0630739251588,-407.0630739251588
1620,13,129,True,0.44331707751597854,0.029712339853016863,0.3365605014438014,-453.8529253952422,-453.8529253952422
1621,18,126,True,0.5158844886794052,0.03553507148998247,0.2814121255621802,-468.86143291923344,-468.86143291923344
1622,9,141,True,0.3878615701705565,0.02341553278877799,0.42706694270875395,-458.128784719433,-458.128784719433
1623,19,111,True,0.49307864211348795,0.03928463434390035,0.25455245204675503,-442.7223398089603,-442.7223398089603
1624,12,128,True,0.4237834122933595,0.028661684087139556,0.34889785155670533,-447.5689213615835,-447.5689213615835
1625,13,128,True,0.44131306221976585,0.029847264442042654,0.3350390793574391,-451.9386359660866,-451.9386359660866
1626,16,135,True,0.5058507162746031,0.03214702545553448,0.31107077119256094,-477.8161371237567,-477.8161371237567
1627,17,129,True,0.5079935016023118,0.03404713314295439,0.2937104853443253,-470.6032040094681,-470.6032040094681
1628,12,138,True,0.4428787195155865,0.02742589731520123,0.36461888138322984,-466.318120928127,-466.318120928127
1629,19,134,True,0.5496853829858168,0.035239092684251135,0.28377575125449095,-488.04177051799957,-488.04177051799957
1630,12,145,True,0.4560704929920681,0.026632607176218986,0.37547957411129035,-478.93902420001143,-478.93902420001143
1631,20,127,True,0.5468559211840673,0.037324268549443734,0.2679221961644855,-478.6828920336552,-478.6828920336552
1632,8,112,True,0.3197833545988561,0.025219233111924654,0.39652276322675345,-397.270921842144,-397.270921842144
1633,19,127,True,0.5327338096360101,0.036360399523826165,0.27502448078017466,-474.76513429827673,-474.76513429827673
1634,18,118,True,0.49672643174154957,0.03690561044139078,0.2709615118243564,-453.0710224331193,-453.0710224331193
1635,17,119,True,0.48482616574852466,0.03567406960824115,0.28031564970905026,-451.04970188060753,-451.04970188060753
1636,17,143,True,0.5397429975357364,0.03204436641841635,0.3120673340650874,-496.49408764518967,-496.49408764518967
1637,25,138,True,0.6435425726348198,0.03985229304841738,0.25092659004215373,-518.2230762558704,-518.2230762558704
1638,13,127,True,0.4393053218295057,0.029983674258590064,0.33351482922861214,-450.01538716821403,-450.01538716821403
1639,11,135,True,0.4183578659838873,0.026586818076197578,0.37612624313823834,-456.32989740336615,-456.32989740336615
1640,11,138,True,0.42380798498053596,0.026244914838427807,0.3810261935145622,-461.863964124832,-461.863964124832
1641,13,132,True,0.4493075578787719,0.029316194305716355,0.34110839543897087,-459.54262528984293,-459.54262528984293
1642,14,132,True,0.4665070599377857,0.030438418794225094,0.3285321772988169,-463.8343276048771,-463.8343276048771
1643,13,123,True,0.43123547985764243,0.03054476796331613,0.3273883112161752,-442.23157937521603,-442.23157937521603
1644,18,130,True,0.5253501788339919,0.034894805263954304,0.2865756070096146,-476.5366288245243,-476.5366288245243
1645,13,130,True,0.44531744685471814,0.029578871797713888,0.3380791555671466,-455.7583147028945,-455.7583147028945
1646,19,140,True,0.5640593864969551,0.034341090002089424,0.29119634814711964,-499.0848406082921,-499.0848406082921
1647,18,132,True,0.5300573951239883,0.034584919207678616,0.2891433673720938,-480.32093941147275,-480.32093941147275
1648,13,145,True,0.474935686513093,0.02773425548732239,0.36056493402431883,-483.3087388045145,-483.3087388045145
1649,14,124,True,0.4498440994289218,0.03156590756414409,0.31679748094298615,-448.48297991615857,-448.48297991615857
1650,8,127,True,0.34374364015235054,0.02346135323803363,0.4262328732082179,-427.2382029760278,-427.2382029760278
1651,12,148,True,0.4616864326844306,0.02630864895443979,0.38010313708307786,-484.2260354162587,-484.2260354162587
1652,12,136,True,0.43908478774644105,0.027662872008985318,0.3614953644998194,-462.63723608511754,-462.63723608511754
1653,17,122,True,0.49182588433537305,0.03516635243421975,0.2843627305022735,-457.012889341564,-457.012889341564
1654,10,111,True,0.356070936106186,0.02836893617104245,0.3524982374985033,-404.60251861945414,-404.60251861945414
1655,13,144,True,0.47298129441578435,0.027848855388817675,0.35908118521867016,-481.5303302801525,-481.5303302801525
1656,13,136,True,0.45724737361914475,0.028807136857985156,0.34713619924460015,-467.0069506896207,-467.0069506896207
1657,12,127,True,0.4218554225137143,0.028792675490919906,0.3473105513641347,-445.6456725637109,-445.6456725637109
1658,18,134,True,0.5347484901580942,0.03428152210467393,0.29170233367895304,-484.0703375095667,-484.0703375095667
1659,11,125,True,0.3999894650149181,0.02780774356955881,0.35961206183399286,-437.3178982629294,-437.3178982629294
1660,12,125,True,0.4179884012654155,0.029059051035269186,0.34412686043542595,-441.77205506622437,-441.77205506622437
1661,18,124,True,0.5111245081413986,0.035866001128484946,0.27881558259523814,-464.9695917227542,-464.9695917227542
1662,11,148,True,0.4418058220156911,0.025175776142816023,0.39720721789359925,-479.77187861296375,-479.77187861296375
1663,18,135,True,0.5370882104080918,0.034132181326167355,0.2929786380905437,-485.93208293279406,-485.93208293279406
1664,12,118,True,0.4043293500824417,0.03004072368737435,0.3328814613145569,-427.92299370698635,-427.92299370698635
1665,15,113,True,0.44167701714563484,0.034481313609606705,0.29001215305248523,-430.6244655701419,-430.6244655701419
1666,14,151,True,0.5052385198146989,0.02810501714330269,0.35580835795301985,-498.1030851740745,-498.1030851740745
1667,16,140,True,0.5168172004245714,0.03146488901573115,0.31781456451349355,-486.9974617908217,-486.9974617908217
1668,22,140,True,0.6079024944692125,0.0370103481562656,0.2701947022432175,-510.6873727781413,-510.6873727781413
1669,20,126,True,0.5443519091699357,0.037495959720710126,0.26669540063743735,-476.75062366304485,-476.75062366304485
1670,11,133,True,0.414709873107183,0.026820688859715516,0.37284650115828794,-452.5977890664067,-452.5977890664067
1671,13,130,True,0.44531744685471814,0.029578871797713888,0.3380791555671466,-455.7583147028945,-455.7583147028945
1672,12,132,True,0.4314603539929707,0.02815170889309605,0.355218222736468,-455.1729106853398,-455.1729106853398
1673,15,130,True,0.4788377203136749,0.03180535512611189,0.31441246168605413,-464.26921569970006,-464.26921569970006
1674,13,143,True,0.47102430941051193,0.027964560228931176,0.35759546791135804,-479.7438090309638,-479.7438090309638
1675,18,147,True,0.5648938183471749,0.03245210266140523,0.3081464429080843,-507.61971725118116,-507.61971725118116
1676,15,118,True,0.45274820829523255,0.03363813144551022,0.2972816732165642,-440.80360930829505,-440.80360930829505
1677,17,116,True,0.47778001213464444,0.03620017988516308,0.27624172122135165,-445.0006604706386,-445.0006604706386
1678,14,130,True,0.4623642073860845,0.030711151585727934,0.3256146215190183,-460.05001701792867,-460.05001701792867
1679,22,143,True,0.6155965989164419,0.036547770089973716,0.27361450439744717,-516.0960883308758,-516.0960883308758
1680,16,136,True,0.5080508046833585,0.032007814381703456,0.31242370630955274,-479.6693190022131,-479.6693190022131
1681,10,123,True,0.3776405449542653,0.026748594116087463,0.37385142398888466,-428.8615053157726,-428.8615053157726
1682,11,143,True,0.4328374354537708,0.025697417927816525,0.3891441555758551,-470.9199376231657,-470.9199376231657
1683,18,130,True,0.5253501788339919,0.034894805263954304,0.2865756070096146,-476.5366288245243,-476.5366288245243
1684,15,132,True,0.4831281780086318,0.0315229051742086,0.31722964443587504,-468.0535262866485,-468.0535262866485
1685,10,138,True,0.40387946453849416,0.025010812744100174,0.3998270708879266,-457.3177614731867,-457.3177614731867
1686,11,111,True,0.373640452637851,0.02976873728509417,0.3359228812505665,-409.1487212710995,-409.1487212710995
1687,22,121,True,0.5582899196146034,0.040299282102207915,0.24814337820306037,-474.6365856138636,-474.6365856138636
1688,16,126,True,0.48588022052308816,0.0334683223681613,0.2987899987933989,-460.745487110196,-460.745487110196
1689,21,135,True,0.5810217638451467,0.036924177097359276,0.2708252637190167,-497.687990149449,-497.687990149449
1690,9,145,True,0.39436607080133235,0.023029327283103834,0.43422892371401595,-465.29128465531676,-465.29128465531676
1691,16,122,True,0.47689592374960277,0.03409883591564995,0.29326514326579733,-452.9249790399306,-452.9249790399306
1692,12,130,True,0.427628736463461,0.028403952421378338,0.352063679436157,-451.38860009839135,-451.38860009839135
1693,15,147,True,0.5148803200124591,0.02957891989731856,0.33807860580151,-495.3523041263569,-495.3523041263569
1694,7,135,True,0.3330571644970112,0.021165922673956103,0.4724575514161089,-437.4905189387669,-437.4905189387669
1695,14,136,True,0.4747508119792068,0.029909874617488615,0.33433774390190507,-471.29865300465485,-471.29865300465485
1696,21,128,True,0.5632130864485044,0.038091711683975245,0.2625243014271499,-484.47285730437136,-484.47285730437136
1697,13,150,True,0.48467091741138835,0.02717717774392599,0.36795579343167695,-492.08069622028165,-492.08069622028165
1698,20,134,True,0.5642568596866595,0.0361732372584041,0.2764474721619422,-491.95952825337804,-491.95952825337804
1699,13,129,True,0.44331707751597854,0.029712339853016863,0.3365605014438014,-453.8529253952422,-453.8529253952422
1700,11,118,True,0.38691858419920894,0.028747144561898762,0.34786063633095304,-423.4688369036914,-423.4688369036914
1701,16,131,True,0.49701403836310004,0.03271858458231294,0.3056366932634921,-470.3172305140438,-470.3172305140438
1702,18,131,True,0.5277058464561439,0.0347390355989153,0.2878606106242121,-478.43317632308117,-478.43317632308117
1703,12,120,True,0.4082526767288606,0.029752030977103012,0.33611150807472406,-431.9268850824973,-431.9268850824973
1704,13,118,True,0.4210542896537201,0.03128334752422014,0.3196588853625021,-432.2927083114895,-432.2927083114895
1705,18,121,True,0.5039483993231948,0.036376724701210825,0.27490105506027435,-459.06262043558144,-459.06262043558144
1706,11,139,True,0.4256191172510487,0.026133235145777402,0.3826544989251282,-463.6917709711874,-463.6917709711874
1707,16,127,True,0.488115263496436,0.03331507344453028,0.30016442907292507,-462.67775548080647,-462.67775548080647
1708,15,123,True,0.4636957647895025,0.03284395696231525,0.3044700128999036,-450.7424803720216,-450.7424803720216
1709,14,142,True,0.48702047267511617,0.02915634569292822,0.34297850990377954,-482.2408301714114,-482.2408301714114
1710,12,113,True,0.3944421601606733,0.030793732291635744,0.32474140858580564,-417.7438499688332,-417.7438499688332
1711,14,146,True,0.49514281295035817,0.028678063963482433,0.3486985736810415,-489.3707834466062,-489.3707834466062
1712,15,109,True,0.4327220678694591,0.035194885755049234,0.28413219095519726,-422.30198435376565,-422.30198435376565
1713,11,137,True,0.42199410805476356,0.026357724578032295,0.37939542051116376,-460.0277507451783,-460.0277507451783
1714,17,122,True,0.49182588433537305,0.03516635243421975,0.2843627305022735,-457.012889341564,-457.012889341564
1715,13,125,True,0.43527834262444354,0.030261068332466324,0.3304575995180995,-446.1417696707275,-446.1417696707275
1716,11,141,True,0.429233396680204,0.02591318513351092,0.38590393070082324,-467.3223674608327,-467.3223674608327
1717,14,121,True,0.44352835804436697,0.03201539879763125,0.3123496934462637,-442.57600862898573,-442.57600862898573
1718,15,122,True,0.46151554149947416,0.032999113513865544,0.3030384436175296,-448.7735117241437,-448.7735117241437
1719,29,128,True,0.6646225882174706,0.04495032629422403,0.2224677955515746,-513.8157267534486,-513.8157267534486
1720,11,121,True,0.3925440417816165,0.02833517590326283,0.3529182255349432,-429.4604349061535,-429.4604349061535
1721,18,120,True,0.5015463144565562,0.03655094585962436,0.27359073109641197,-457.07491380863024,-457.07491380863024
1722,14,145,True,0.4931162338349456,0.02879592332707887,0.34727137888286724,-487.6004411195487,-487.6004411195487
1723,15,140,True,0.5001493160915008,0.030450114100662017,0.32840599437302564,-482.8459944750349,-482.8459944750349
1724,10,137,True,0.40215088068098775,0.025118317885203825,0.3981158310720556,-455.481548093533,-455.481548093533
1725,22,114,True,0.5395368658177495,0.04169999195748697,0.23980819972807127,-460.52132534326563,-460.52132534326563
1726,18,126,True,0.5158844886794052,0.03553507148998247,0.2814121255621802,-468.86143291923344,-468.86143291923344
1727,15,126,True,0.4702100854951662,0.03238893467441552,0.3087474194666595,-456.5940197944092,-456.5940197944092
1728,16,125,True,0.48364085829782,0.0336232879703607,0.29741291240806406,-458.80413798331995,-458.80413798331995
1729,15,142,True,0.5043724604035161,0.03019515326068763,0.33117897808518265,-486.4600288531828,-486.4600288531828
1730,18,118,True,0.49672643174154957,0.03690561044139078,0.2709615118243564,-453.0710224331193,-453.0710224331193
1731,8,138,True,0.36087421203493103,0.02234765105399437,0.4474743218353868,-447.9106513404439,-447.9106513404439
1732,8,138,True,0.36087421203493103,0.02234765105399437,0.4474743218353868,-447.9106513404439,-447.9106513404439
1733,12,122,True,0.4121590666257165,0.029470045106523,0.339327610930143,-435.892896122835,-435.892896122835
1734,15,145,True,0.510685406627989,0.02982188945424153,0.33532415896531037,-491.81963980132014,-491.81963980132014
1735,23,147,True,0.6402045415453853,0.0367785640977932,0.27189751001181756,-526.9652476852284,-526.9652476852284
1736,15,137,True,0.49379141797585846,0.030842179892034596,0.32423129736632633,-477.36252314978196,-477.36252314978196
1737,17,136,True,0.5239561167477872,0.03300986825416725,0.3029397125430083,-483.75722930384654,-483.75722930384654
1738,19,122,True,0.5204889116540915,0.03721580560987732,0.2687030372209902,-465.01235785740084,-465.01235785740084
1739,22,139,True,0.6053304533118365,0.03716760464020082,0.26905150592308846,-508.86792167889746,-508.86792167889746
1740,11,130,True,0.40921467917578236,0.027180854059445758,0.36790602598908584,-446.9344432950964,-446.9344432950964
1741,17,109,True,0.46114138000609567,0.03750633349056834,0.26662163611686235,-430.54136197118595,-430.54136197118595
1742,5,127,True,0.27134142177182996,0.01851972284193442,0.5399648842128937,-412.12284470109,-412.12284470109
1743,15,127,True,0.4723730460422159,0.03224062818561668,0.31016765375747984,-458.5262881650196,-458.5262881650196
1744,10,128,True,0.38646566225748463,0.02613777793285461,0.38258799296899,-438.5685619066432,-438.5685619066432
1745,18,121,True,0.5039483993231948,0.036376724701210825,0.27490105506027435,-459.06262043558144,-459.06262043558144
1746,13,128,True,0.44131306221976585,0.029847264442042654,0.3350390793574391,-451.9386359660866,-451.9386359660866
1747,16,120,True,0.4723759663612119,0.03442511264500967,0.29048561447335214,-448.9589679995928,-448.9589679995928
1748,16,135,True,0.5058507162746031,0.03214702545553448,0.31107077119256094,-477.8161371237567,-477.8161371237567
1749,10,134,True,0.3969488275636937,0.025447495891996002,0.392965973644004,-449.92194932849344,-449.92194932849344
1750,11,130,True,0.40921467917578236,0.027180854059445758,0.36790602598908584,-446.9344432950964,-446.9344432950964
1751,12,143,True,0.4523144819486594,0.026853763850747035,0.3723872770900908,-475.37409442646066,-475.37409442646066
1752,16,136,True,0.5080508046833585,0.032007814381703456,0.31242370630955274,-479.6693190022131,-479.6693190022131
1753,14,114,True,0.4286301647103766,0.033128180025415815,0.3018578138710922,-428.46074835838783,-428.46074835838783
1754,22,134,True,0.5924112309620191,0.037978150631668775,0.2633092932034799,-499.64430268784884,-499.64430268784884
1755,14,128,True,0.45820653482938195,0.03098981830570446,0.32268662892286937,-456.2303382811208,-456.2303382811208
1756,17,106,True,0.45391795510192284,0.0381031906546326,0.26244521333239573,-424.1916590296529,-424.1916590296529
1757,12,105,True,0.37836259658841603,0.03210239699706659,0.31150321893140154,-400.93410816938916,-400.93410816938916
1758,16,125,True,0.48364085829782,0.0336232879703607,0.29741291240806406,-458.80413798331995,-458.80413798331995
1759,23,122,True,0.5738505322063805,0.04103124846185072,0.24371668849651543,-480.38645528301527,-480.38645528301527
1760,22,108,True,0.5232098204240672,0.04300126275751563,0.2325513103275608,-448.0372039055557,-448.0372039055557
1761,11,155,True,0.4542724279211012,0.024484876893280622,0.4084153677221182,-491.8326727493347,-491.8326727493347
1762,9,112,True,0.3393535421179484,0.026762606505162028,0.37365568253119064,-402.0306518851324,-402.0306518851324
1763,21,134,True,0.5784906556208108,0.03708573387864845,0.26964546617095125,-495.8262447262216,-495.8262447262216
1764,21,117,True,0.5347426005649996,0.040119770676528485,0.24925366798894397,-462.8106062300784,-462.8106062300784
1765,20,125,True,0.5418430581174368,0.03766957415869259,0.26546623431081207,-474.8092745361687,-474.8092745361687
1766,19,128,True,0.5351685426877496,0.036194978989109186,0.2762814146959149,-476.6883830961493,-476.6883830961493
1767,10,125,True,0.3811809514600892,0.02650015332630641,0.3773563072208005,-432.7716956112841,-432.7716956112841
1768,14,151,True,0.5052385198146989,0.02810501714330269,0.35580835795301985,-498.1030851740745,-498.1030851740745
1769,10,113,True,0.35970815805136713,0.02808208107784208,0.35609896475551495,-408.74349051389294,-408.74349051389294
1770,17,137,True,0.5262215006544284,0.03286776074960816,0.3042495068703217,-485.60190076720227,-485.60190076720227
1771,18,147,True,0.5648938183471749,0.03245210266140523,0.3081464429080843,-507.61971725118116,-507.61971725118116
1772,17,112,True,0.46830774669056574,0.036932385823285716,0.27076506911435555,-436.79838464855607,-436.79838464855607
1773,15,121,True,0.45933077099778946,0.03315607118868064,0.3016038885636717,-446.7952073107572,-446.7952073107572
1774,22,122,True,0.5609453814838623,0.040108509149059,0.24932365256549588,-476.6148900272501,-476.6148900272501
1775,16,135,True,0.5058507162746031,0.03214702545553448,0.31107077119256094,-477.8161371237567,-477.8161371237567
1776,15,147,True,0.5148803200124591,0.02957891989731856,0.33807860580151,-495.3523041263569,-495.3523041263569
1777,15,147,True,0.5148803200124591,0.02957891989731856,0.33807860580151,-495.3523041263569,-495.3523041263569
1778,10,137,True,0.40215088068098775,0.025118317885203825,0.3981158310720556,-455.481548093533,-455.481548093533
1779,15,142,True,0.5043724604035161,0.03019515326068763,0.33117897808518265,-486.4600288531828,-486.4600288531828
1780,15,120,True,0.457141357368781,0.03331486748434442,0.3001662847585775,-444.807500683806,-444.807500683806
1781,16,127,True,0.488115263496436,0.03331507344453028,0.30016442907292507,-462.67775548080647,-462.67775548080647
1782,25,144,True,0.6599843030626655,0.03885948055849461,0.2573374593864461,-529.0655710033928,-529.0655710033928
1783,14,127,True,0.4561219380979125,0.031131449892683807,0.32121857589260877,-454.3070894832482,-454.3070894832482
1784,20,129,True,0.5518498337147764,0.036986506134705104,0.2703688735448526,-482.5204302606834,-482.5204302606834
1785,13,127,True,0.4393053218295057,0.029983674258590064,0.33351482922861214,-450.01538716821403,-450.01538716821403
1786,9,116,True,0.34621750465763595,0.026232022331789614,0.3812134601563437,-410.2329277072149,-410.2329277072149
1787,6,111,True,0.27525283988115684,0.02192998488132165,0.45599666639612085,-385.27892301474094,-385.27892301474094
1788,21,119,True,0.5399683571672289,0.03973149578280566,0.25168949225233145,-466.8336446046664,-466.8336446046664
1789,13,114,True,0.412827133987809,0.03190678757610431,0.31341293686015625,-424.16904604335366,-424.16904604335366
1790,17,124,True,0.4964679607309581,0.034837539887457684,0.2870466752906462,-460.94155621535026,-460.94155621535026
1791,18,131,True,0.5277058464561439,0.0347390355989153,0.2878606106242121,-478.43317632308117,-478.43317632308117
1792,15,140,True,0.5001493160915008,0.030450114100662017,0.32840599437302564,-482.8459944750349,-482.8459944750349
1793,11,141,True,0.429233396680204,0.02591318513351092,0.38590393070082324,-467.3223674608327,-467.3223674608327
1794,7,138,True,0.33739603637390575,0.020893731489893767,0.47861244913753054,-443.0245856602328,-443.0245856602328
1795,13,136,True,0.45724737361914475,0.028807136857985156,0.34713619924460015,-467.0069506896207,-467.0069506896207
1796,25,127,True,0.612993833122908,0.04183834454437815,0.23901519309381244,-497.55062789145427,-497.55062789145427
1797,25,122,True,0.5989041567885606,0.04282262345831348,0.23352142378046253,-487.7978514505784,-487.7978514505784
1798,22,123,True,0.5635953164810055,0.039919925356807225,0.25050147039653164,-478.583858675128,-478.583858675128
1799,15,137,True,0.49379141797585846,0.030842179892034596,0.32423129736632633,-477.36252314978196,-477.36252314978196
1800,13,140,True,0.4651371582466366,0.02831850226598451,0.3531260200865833,-474.3350934782293,-474.3350934782293
1801,16,104,True,0.43543683517016013,0.0373454759435437,0.2677700510529657,-415.8179921727798,-415.8179921727798
1802,18,143,True,0.555677094916741,0.03299036860344669,0.3031187714269808,-500.5221231525936,-500.5221231525936
1803,26,132,True,0.6397007433934949,0.04173887343309462,0.23958480853656755,-510.7211761213015,-510.7211761213015
1804,21,124,True,0.552934243406964,0.03879982251315935,0.2577331377381533,-476.72549893940914,-476.72549893940914
1805,21,137,True,0.5860718321086411,0.03660600856459748,0.27317919631563525,-501.38584349126114,-501.38584349126114
1806,13,121,True,0.4271760505178047,0.03083503312939583,0.32430644578963475,-438.28430631395156,-438.28430631395156
1807,14,149,True,0.5012074252004249,0.028331059251907008,0.3529695064023025,-494.63386870964723,-494.63386870964723
1808,14,133,True,0.4685731268501721,0.030304207491159443,0.3299871809192592,-465.7133627892389,-465.7133627892389
1809,8,139,True,0.36241639848298096,0.02225255534434801,0.4493865915736248,-449.7384581867993,-449.7384581867993
1810,7,131,True,0.3272390074912181,0.021542242912284838,0.4642042168365545,-429.991612329054,-429.991612329054
1811,21,119,True,0.5399683571672289,0.03973149578280566,0.25168949225233145,-466.8336446046664,-466.8336446046664
1812,11,120,True,0.3906729690616334,0.02847088320539807,0.3512360304335063,-427.47272827920233,-427.47272827920233
1813,19,147,True,0.5806727472810371,0.03335857287760791,0.2997730159707325,-511.5911502596141,-511.5911502596141
1814,16,123,True,0.4791488047609341,0.03393850864533317,0.2946505429717839,-454.89394768780846,-454.89394768780846
1815,15,138,True,0.4959139046222706,0.030710176908539014,0.32562495585036777,-479.1987365294357,-479.1987365294357
1816,18,150,True,0.5717762799012376,0.0320614772423966,0.31190078749011807,-512.8590103419115,-512.8590103419115
1817,18,115,True,0.4894556575295815,0.03745383652999818,0.2669953448424603,-446.9929409242663,-446.9929409242663
1818,18,118,True,0.49672643174154957,0.03690561044139078,0.2709615118243564,-453.0710224331193,-453.0710224331193
1819,27,142,True,0.6809077541886228,0.04076375220341581,0.24531598440935587,-532.7314910751237,-532.7314910751237
1820,17,134,True,0.5194145226534576,0.033298495961286145,0.30031386437472457,-480.0423020021627,-480.0423020021627
1821,22,122,True,0.5609453814838623,0.040108509149059,0.24932365256549588,-476.6148900272501,-476.6148900272501
1822,22,121,True,0.5582899196146034,0.040299282102207915,0.24814337820306037,-474.6365856138636,-474.6365856138636
1823,11,141,True,0.429233396680204,0.02591318513351092,0.38590393070082324,-467.3223674608327,-467.3223674608327
1824,23,141,True,0.6245153447630585,0.03770252238695361,0.26523424341126706,-516.2700834243079,-516.2700834243079
1825,10,125,True,0.3811809514600892,0.02650015332630641,0.3773563072208005,-432.7716956112841,-432.7716956112841
1826,11,132,True,0.41288130399391265,0.02693947235214082,0.37120251908739865,-450.71875388204484,-450.71875388204484
1827,6,133,True,0.3055077936385696,0.019758221370535116,0.5061184310300684,-428.72799081004814,-428.72799081004814
1828,21,108,True,0.5109153510693155,0.041990812099767266,0.23814733509417943,-444.2191459439285,-444.2191459439285
1829,15,125,True,0.46804294499649685,0.032538902477139704,0.3073244405531357,-454.6526706675331,-454.6526706675331
1830,14,139,True,0.48089928296930057,0.02952746606976219,0.33866773316659804,-476.80734469401966,-476.80734469401966
1831,17,111,True,0.4659250826951691,0.03712125195055282,0.26938746606177105,-434.72287129312343,-434.72287129312343
1832,12,127,True,0.4218554225137143,0.028792675490919906,0.3473105513641347,-445.6456725637109,-445.6456725637109
1833,17,142,True,0.5374974601427368,0.03217824021013329,0.31076901454825023,-494.6994064706031,-494.6994064706031
1834,22,127,True,0.5741420487248028,0.039186614210435455,0.2551891813438933,-486.367666468126,-486.367666468126
1835,13,137,True,0.4592243346821823,0.028683122114852598,0.3486370821125443,-468.85162215297635,-468.85162215297635
1836,15,123,True,0.4636957647895025,0.03284395696231525,0.3044700128999036,-450.7424803720216,-450.7424803720216
1837,20,135,True,0.5667256898472058,0.03601565559103302,0.27765703097432287,-493.8212736766054,-493.8212736766054
1838,16,128,True,0.4903460781051527,0.03316350752843747,0.30153625913739895,-464.60100427867906,-464.60100427867906
1839,9,103,True,0.32364780711330643,0.028061321950054348,0.35636239867098035,-382.9792391928374,-382.9792391928374
1840,19,127,True,0.5327338096360101,0.036360399523826165,0.27502448078017466,-474.76513429827673,-474.76513429827673
1841,17,124,True,0.4964679607309581,0.034837539887457684,0.2870466752906462,-460.94155621535026,-460.94155621535026
1842,9,136,True,0.3796784601349172,0.02392020161114311,0.41805667705332167,-448.98949654042286,-448.98949654042286
1843,13,128,True,0.44131306221976585,0.029847264442042654,0.3350390793574391,-451.9386359660866,-451.9386359660866
1844,16,136,True,0.5080508046833585,0.032007814381703456,0.31242370630955274,-479.6693190022131,-479.6693190022131
1845,12,124,True,0.41604921136056533,0.029194494191687726,0.3425303392599008,-439.82156299662125,-439.82156299662125
1846,11,122,True,0.3944111464853436,0.028201039886364326,0.3545968531761542,-431.43873931954005,-431.43873931954005
1847,16,144,True,0.5255328758394744,0.030943061034581536,0.3231742324660168,-494.19269859274493,-494.19269859274493
1848,17,134,True,0.5194145226534576,0.033298495961286145,0.30031386437472457,-480.0423020021627,-480.0423020021627
1849,14,125,True,0.4519408060505165,0.03141946261710607,0.31827406222268045,-450.4334719857617,-450.4334719857617
1850,21,127,True,0.560650765595598,0.03826580078392869,0.2613299550809326,-482.54960850649877,-482.54960850649877
1851,15,117,True,0.4505442720818931,0.03380267974994046,0.2958345336516587,-438.78728588859923,-438.78728588859923
1852,11,119,True,0.38879784486612445,0.028608194774047156,0.349550192837467,-425.4755518585836,-425.4755518585836
1853,14,121,True,0.44352835804436697,0.03201539879763125,0.3123496934462637,-442.57600862898573,-442.57600862898573
1854,13,126,True,0.43729377589735,0.030121598787385795,0.3319876899823711,-448.08311879760356,-448.08311879760356
1855,18,112,True,0.4821329584563788,0.03802269034767577,0.26300085313692895,-440.82642015596,-440.82642015596
1856,19,132,True,0.5448632536710001,0.035550964444211804,0.28128632109805224,-484.29237241990563,-484.29237241990563
1857,11,139,True,0.4256191172510487,0.026133235145777402,0.3826544989251282,-463.6917709711874,-463.6917709711874
1858,8,128,True,0.34531463862638395,0.02335461652312827,0.4281808690841451,-429.1614517739004,-429.1614517739004
1859,15,144,True,0.5085839020427001,0.02994511560665877,0.33394427763626144,-490.0412312769581,-490.0412312769581
1860,16,134,True,0.503647076087744,0.03228768045095723,0.30971565192455736,-475.9543917005293,-475.9543917005293
1861,12,142,True,0.4504326806334998,0.026965952531329117,0.37083800352989466,-473.5794132518741,-473.5794132518741
1862,19,134,True,0.5496853829858168,0.035239092684251135,0.28377575125449095,-488.04177051799957,-488.04177051799957
1863,14,136,True,0.4747508119792068,0.029909874617488615,0.33433774390190507,-471.29865300465485,-471.29865300465485
1864,8,114,True,0.3230252281025304,0.024966133488440807,0.4005425992226609,-401.39186185116745,-401.39186185116745
1865,16,135,True,0.5058507162746031,0.03214702545553448,0.31107077119256094,-477.8161371237567,-477.8161371237567
1866,12,127,True,0.4218554225137143,0.028792675490919906,0.3473105513641347,-445.6456725637109,-445.6456725637109
1867,18,118,True,0.49672643174154957,0.03690561044139078,0.2709615118243564,-453.0710224331193,-453.0710224331193
1868,14,138,True,0.4788529176277306,0.0296536509189407,0.33722660414851957,-474.97953784766423,-474.97953784766423
1869,10,137,True,0.40215088068098775,0.025118317885203825,0.3981158310720556,-455.481548093533,-455.481548093533
1870,18,130,True,0.5253501788339919,0.034894805263954304,0.2865756070096146,-476.5366288245243,-476.5366288245243
1871,14,118,True,0.4371722560552772,0.03248087467621352,0.3078734824626883,-436.58441062652366,-436.58441062652366
1872,15,118,True,0.45274820829523255,0.03363813144551022,0.2972816732165642,-440.80360930829505,-440.80360930829505
1873,13,142,True,0.46906466805412156,0.028081389554331485,0.3561077339371735,-477.94912785637723,-477.94912785637723
1874,14,141,True,0.48498299142008017,0.029278835571677875,0.3415436374004314,-480.437941183665,-480.437941183665
1875,17,128,True,0.5056971164657591,0.03420174215286558,0.2923827667989759,-468.6889145803125,-468.6889145803125
1876,18,115,True,0.4894556575295815,0.03745383652999818,0.2669953448424603,-446.9929409242663,-446.9929409242663
1877,19,129,True,0.5375987584176073,0.03603135955006861,0.2775360165387087,-478.6026725253049,-478.6026725253049
1878,17,116,True,0.47778001213464444,0.03620017988516308,0.27624172122135165,-445.0006604706386,-445.0006604706386
1879,19,138,True,0.5592827657598409,0.0346343841507411,0.28873041184957876,-495.4375826626929,-495.4375826626929
1880,16,133,True,0.5014398040874839,0.03242980656945002,0.3083582992881721,-474.08402878679715,-474.08402878679715
1881,18,132,True,0.5300573951239883,0.034584919207678616,0.2891433673720938,-480.32093941147275,-480.32093941147275
1882,17,125,True,0.4987819794365401,0.03467591672888426,0.2883845891713722,-462.8920482849534,-462.8920482849534
1883,17,131,True,0.5125738274780762,0.03374289020940949,0.29635872736270286,-474.4051408156772,-474.4051408156772
1884,4,126,True,0.24146218826087854,0.016632359201073355,0.6012376163301391,-404.78934336671045,-404.78934336671045
1885,12,125,True,0.4179884012654155,0.029059051035269186,0.34412686043542595,-441.77205506622437,-441.77205506622437
1886,10,130,True,0.38997237278197366,0.025902741742187988,0.38605951831396,-442.38824064345107,-442.38824064345107
1887,13,142,True,0.46906466805412156,0.028081389554331485,0.3561077339371735,-477.94912785637723,-477.94912785637723
1888,16,115,True,0.46098851203207375,0.0352754904479021,0.283482947310651,-438.87699511522885,-438.87699511522885
1889,14,140,True,0.48294261771577235,0.029402535083797476,0.3401067279232867,-478.62679579326345,-478.62679579326345
1890,16,119,True,0.4701086899585767,0.03459114073005733,0.28909136238200683,-446.96179157897404,-446.96179157897404
1891,13,111,True,0.4066047013402838,0.03239506977263762,0.30868894773754935,-417.9725926788975,-417.9725926788975
1892,14,114,True,0.4286301647103766,0.033128180025415815,0.3018578138710922,-428.46074835838783,-428.46074835838783
1893,13,127,True,0.4393053218295057,0.029983674258590064,0.33351482922861214,-450.01538716821403,-450.01538716821403
1894,25,118,True,0.5875268751418564,0.04365187071243842,0.2290852565260288,-479.8279490347297,-479.8279490347297
1895,16,136,True,0.5080508046833585,0.032007814381703456,0.31242370630955274,-479.6693190022131,-479.6693190022131
1896,14,139,True,0.48089928296930057,0.02952746606976219,0.33866773316659804,-476.80734469401966,-476.80734469401966
1897,15,117,True,0.4505442720818931,0.03380267974994046,0.2958345336516587,-438.78728588859923,-438.78728588859923
1898,17,139,True,0.5307418428647697,0.03258782516835853,0.30686306767441474,-489.26592099321135,-489.26592099321135
1899,12,130,True,0.427628736463461,0.028403952421378338,0.352063679436157,-451.38860009839135,-451.38860009839135
1900,16,129,True,0.49257275373541376,0.03301359185919357,0.3029055439544733,-466.51529370783464,-466.51529370783464
1901,16,131,True,0.49701403836310004,0.03271858458231294,0.3056366932634921,-470.3172305140438,-470.3172305140438
1902,12,140,True,0.44666117770163605,0.027193646752608276,0.3677329521477604,-469.9653788737262,-469.9653788737262
1903,10,132,True,0.3934665836526774,0.0256727104116075,0.38951866942255775,-446.1725512303995,-446.1725512303995
1904,10,125,True,0.3811809514600892,0.02650015332630641,0.3773563072208005,-432.7716956112841,-432.7716956112841
1905,17,119,True,0.48482616574852466,0.03567406960824115,0.28031564970905026,-451.04970188060753,-451.04970188060753
1906,17,132,True,0.5148579452479902,0.033593193121412825,0.297679353190925,-476.2929039040688,-476.2929039040688
1907,19,130,True,0.5400245527923893,0.035869506410502364,0.27878833585153723,-480.5080618329572,-480.5080618329572
1908,20,144,True,0.5887764354490551,0.0346668039534569,0.28846039610186847,-510.1978351455938,-510.1978351455938
1909,23,133,True,0.603384269218773,0.039022899614885566,0.2562597884495859,-501.54550502988184,-501.54550502988184
1910,9,135,True,0.37803428169548425,0.02402423736043955,0.41624630367942045,-447.1363146619664,-447.1363146619664
1911,14,143,True,0.48905512914076327,0.029035044138678117,0.3444113930820176,-484.035511345998,-484.035511345998
1912,13,117,True,0.4190046364916592,0.03143637688616169,0.3181028156079273,-430.27638489179367,-430.27638489179367
1913,18,152,True,0.5763513238094634,0.031806975066229065,0.3143964485518606,-516.3125831978899,-516.3125831978899
1914,16,120,True,0.4723759663612119,0.03442511264500967,0.29048561447335214,-448.9589679995928,-448.9589679995928
1915,14,124,True,0.4498440994289218,0.03156590756414409,0.31679748094298615,-448.48297991615857,-448.48297991615857
1916,14,114,True,0.4286301647103766,0.033128180025415815,0.3018578138710922,-428.46074835838783,-428.46074835838783
1917,19,108,True,0.4854749125108714,0.039899928212627285,0.250627017339727,-436.4346717357065,-436.4346717357065
1918,30,119,True,0.6484264508794814,0.04771196766739227,0.20959102063682625,-499.66998303185767,-499.66998303185767
1919,14,137,True,0.47680345115020867,0.029781112587575646,0.3357832911914745,-473.1433244680105,-473.1433244680105
1920,16,122,True,0.47689592374960277,0.03409883591564995,0.29326514326579733,-452.9249790399306,-452.9249790399306
1921,7,113,True,0.30049585936876066,0.023459432035301032,0.4262677794139393,-394.45031470093903,-394.45031470093903
1922,8,139,True,0.36241639848298096,0.02225255534434801,0.4493865915736248,-449.7384581867993,-449.7384581867993
1923,13,131,True,0.44731424809967696,0.029446832346073187,0.3395951008405672,-457.65486220145135,-457.65486220145135
1924,16,128,True,0.4903460781051527,0.03316350752843747,0.30153625913739895,-464.60100427867906,-464.60100427867906
1925,17,138,True,0.5284833830353987,0.03272708838160581,0.30555727669377647,-487.438114146856,-487.438114146856
1926,7,120,True,0.31101705477747027,0.022665838035134892,0.4411925993867398,-408.6333498146031,-408.6333498146031
1927,10,116,True,0.36513075275861656,0.02766503117703045,0.36146715093177767,-414.8803077969693,-414.8803077969693
1928,7,137,True,0.3359519982554314,0.020983539988921163,0.47656401185308944,-441.1883722805791,-441.1883722805791
1929,20,163,True,0.6345333767629827,0.03216694031802158,0.31087818428280806,-542.6503625306759,-542.6503625306759
1930,16,117,True,0.4655590278205866,0.03492918165265776,0.2862935667786852,-442.9387532043861,-442.9387532043861
1931,16,136,True,0.5080508046833585,0.032007814381703456,0.31242370630955274,-479.6693190022131,-479.6693190022131
1932,14,142,True,0.48702047267511617,0.02915634569292822,0.34297850990377954,-482.2408301714114,-482.2408301714114
1933,14,133,True,0.4685731268501721,0.030304207491159443,0.3299871809192592,-465.7133627892389,-465.7133627892389
1934,13,123,True,0.43123547985764243,0.03054476796331613,0.3273883112161752,-442.23157937521603,-442.23157937521603
1935,19,133,True,0.547276344568992,0.035394210530825095,0.28253208222545106,-486.17140760426753,-486.17140760426753
1936,16,124,True,0.4813970843865228,0.03378000486542888,0.2960331130749539,-456.85364591371683,-456.85364591371683
1937,15,142,True,0.5043724604035161,0.03019515326068763,0.33117897808518265,-486.4600288531828,-486.4600288531828
1938,16,141,True,0.5190006901125759,0.031332512966895536,0.3191572923169466,-488.80860718122324,-488.80860718122324
1939,19,127,True,0.5327338096360101,0.036360399523826165,0.27502448078017466,-474.76513429827673,-474.76513429827673
1940,20,126,True,0.5443519091699357,0.037495959720710126,0.26669540063743735,-476.75062366304485,-476.75062366304485
1941,17,135,True,0.5216871511866131,0.033153437544837405,0.3016278473831195,-481.9040474253901,-481.9040474253901
1942,15,139,True,0.49803317964276983,0.030579496236130675,0.32701650552976325,-481.02654337579105,-481.02654337579105
1943,15,116,True,0.448335291087661,0.03396922804227003,0.29438408160339635,-436.7612828532183,-436.7612828532183
1944,20,127,True,0.5468559211840673,0.037324268549443734,0.2679221961644855,-478.6828920336552,-478.6828920336552
1945,14,139,True,0.48089928296930057,0.02952746606976219,0.33866773316659804,-476.80734469401966,-476.80734469401966
1946,15,114,True,0.44390177191247876,0.034308499551015524,0.29147296241068066,-432.6799470401592,-432.6799470401592
1947,6,124,True,0.2932965431067139,0.020580844742306956,0.4858887050172206,-411.49760793696777,-411.49760793696777
1948,16,139,True,0.5146305420008509,0.03159858291650543,0.3164698881093344,-485.1780106915779,-485.1780106915779
1949,14,118,True,0.4371722560552772,0.03248087467621352,0.3078734824626883,-436.58441062652366,-436.58441062652366
1950,12,111,True,0.3904537221757995,0.031108286577054226,0.321457756126501,-413.6028780743944,-413.6028780743944
1951,12,118,True,0.4043293500824417,0.03004072368737435,0.3328814613145569,-427.92299370698635,-427.92299370698635
1952,8,128,True,0.34531463862638395,0.02335461652312827,0.4281808690841451,-429.1614517739004,-429.1614517739004
1953,19,125,True,0.5278503997007433,0.03669678789520106,0.27250341442848,-470.8915168007902,-470.8915168007902
1954,13,126,True,0.43729377589735,0.030121598787385795,0.3319876899823711,-448.08311879760356,-448.08311879760356
1955,14,128,True,0.45820653482938195,0.03098981830570446,0.32268662892286937,-456.2303382811208,-456.2303382811208
1956,7,143,True,0.3445844351494594,0.020457865970333795,0.48880953734378374,-452.0805591585665,-452.0805591585665
1957,9,110,True,0.335895997014299,0.02703808736800446,0.3698486458710651,-397.86949118375907,-397.86949118375907
1958,15,128,True,0.47453191459372696,0.03209395042563824,0.3115852011789581,-460.4495369628922,-460.4495369628922
1959,19,127,True,0.5327338096360101,0.036360399523826165,0.27502448078017466,-474.76513429827673,-474.76513429827673
1960,20,132,True,0.5593069017136062,0.036493376351323915,0.2740223295243882,-488.2101301552841,-488.2101301552841
1961,14,118,True,0.4371722560552772,0.03248087467621352,0.3078734824626883,-436.58441062652366,-436.58441062652366
1962,21,131,True,0.5708719271018382,0.03758067175338805,0.2660942323123444,-490.1890835397361,-490.1890835397361
1963,15,123,True,0.4636957647895025,0.03284395696231525,0.3044700128999036,-450.7424803720216,-450.7424803720216
1964,21,130,True,0.5683235670180901,0.03774918330098982,0.2649063933454103,-488.29253604117923,-488.29253604117923
1965,15,122,True,0.46151554149947416,0.032999113513865544,0.3030384436175296,-448.7735117241437,-448.7735117241437
1966,13,124,True,0.4332589388197881,0.030402114046814387,0.3289244946782846,-444.1912776011244,-444.1912776011244
1967,11,134,True,0.4165353713697446,0.026703145130468436,0.3744877223690757,-454.46815198013877,-454.46815198013877
1968,14,127,True,0.4561219380979125,0.031131449892683807,0.32121857589260877,-454.3070894832482,-454.3070894832482
1969,18,119,True,0.4991390283019375,0.036727226576853435,0.2722775698588221,-455.0777373880115,-455.0777373880115
1970,19,131,True,0.5424460202353121,0.03570938570037334,0.28003842138050133,-482.40460933151405,-482.40460933151405
1971,15,121,True,0.45933077099778946,0.03315607118868064,0.3016038885636717,-446.7952073107572,-446.7952073107572
1972,13,118,True,0.4210542896537201,0.03128334752422014,0.3196588853625021,-432.2927083114895,-432.2927083114895
1973,18,123,True,0.5087373918603397,0.03603429289669409,0.2775134239117381,-463.00989349684585,-463.00989349684585
1974,16,130,True,0.494795378316429,0.03286529455491495,0.304272337595846,-468.42068301548693,-468.42068301548693
1975,17,122,True,0.49182588433537305,0.03516635243421975,0.2843627305022735,-457.012889341564,-457.012889341564
1976,7,130,True,0.32577821955447445,0.02163883822372003,0.4621320191320722,-428.09506483049717,-428.09506483049717
1977,19,129,True,0.5375987584176073,0.03603135955006861,0.2775360165387087,-478.6026725253049,-478.6026725253049
1978,13,150,True,0.48467091741138835,0.02717717774392599,0.36795579343167695,-492.08069622028165,-492.08069622028165
1979,13,113,True,0.4107581196419889,0.032067504061225854,0.3118421683492172,-422.11356457333636,-422.11356457333636
1980,16,126,True,0.48588022052308816,0.0334683223681613,0.2987899987933989,-460.745487110196,-460.745487110196
1981,22,117,True,0.5476104396337745,0.041085197317301564,0.24339666480776176,-466.62866419170564,-466.62866419170564
1982,9,151,True,0.4040607796000809,0.022476780158728782,0.44490358180224204,-475.7939287098426,-475.7939287098426
1983,13,113,True,0.4107581196419889,0.032067504061225854,0.3118421683492172,-422.11356457333636,-422.11356457333636
1984,12,144,True,0.4541937324271515,0.026742654989125033,0.3739344505647074,-477.1606156756494,-477.1606156756494
1985,16,132,True,0.4992288190172497,0.032573431727742734,0.3069986633150174,-472.20499360243537,-472.20499360243537
1986,22,143,True,0.6155965989164419,0.036547770089973716,0.27361450439744717,-516.0960883308758,-516.0960883308758
1987,13,128,True,0.44131306221976585,0.029847264442042654,0.3350390793574391,-451.9386359660866,-451.9386359660866
1988,21,128,True,0.5632130864485044,0.038091711683975245,0.2625243014271499,-484.47285730437136,-484.47285730437136
1989,11,119,True,0.38879784486612445,0.028608194774047156,0.349550192837467,-425.4755518585836,-425.4755518585836
1990,14,116,True,0.4329111569806207,0.03280058051607258,0.30487265294283156,-432.54208417144685,-432.54208417144685
1991,24,129,True,0.605777718510017,0.040600902515662875,0.24629994360697358,-497.70381969555956,-497.70381969555956
1992,11,132,True,0.41288130399391265,0.02693947235214082,0.37120251908739865,-450.71875388204484,-450.71875388204484
1993,9,128,True,0.36644729651435676,0.0247838786101667,0.40348809632636984,-433.9211818168888,-433.9211818168888
1994,18,124,True,0.5111245081413986,0.035866001128484946,0.27881558259523814,-464.9695917227542,-464.9695917227542
1995,9,133,True,0.374737902019362,0.02423556641827581,0.4126167231832921,-443.40420632500695,-443.40420632500695
1996,13,124,True,0.4332589388197881,0.030402114046814387,0.3289244946782846,-444.1912776011244,-444.1912776011244
1997,15,143,True,0.5064796093741076,0.03006952986947404,0.3325625656073789,-488.25471002776936,-488.25471002776936
1998,14,111,True,0.42216953722001715,0.033635153673934264,0.2973079920175763,-422.2642949939317,-422.2642949939317
1999,10,129,True,0.38822061393448554,0.026019622081336426,0.38432533603833097,-440.4828513357988,-440.4828513357988
2000,11,134,True,0.4165353713697446,0.026703145130468436,0.3744877223690757,-454.46815198013877,-454.46815198013877
2001,15,137,True,0.49379141797585846,0.030842179892034596,0.32423129736632633,-477.36252314978196,-477.36252314978196
2002,14,121,True,0.44352835804436697,0.03201539879763125,0.3123496934462637,-442.57600862898573,-442.57600862898573
2003,20,149,True,0.6009100315482662,0.03396681065140134,0.2944050326840868,-519.0096712600542,-519.0096712600542
2004,15,130,True,0.4788377203136749,0.03180535512611189,0.31441246168605413,-464.26921569970006,-464.26921569970006
2005,13,122,True,0.42920787963338985,0.03068906302710914,0.32584898376227756,-440.26261072733814,-440.26261072733814
2006,15,114,True,0.44390177191247876,0.034308499551015524,0.29147296241068066,-432.6799470401592,-432.6799470401592
2007,8,115,True,0.3246402664387849,0.024841930587999057,0.40254520334385446,-403.43744261045026,-403.43744261045026
2008,12,125,True,0.4179884012654155,0.029059051035269186,0.34412686043542595,-441.77205506622437,-441.77205506622437
2009,16,130,True,0.494795378316429,0.03286529455491495,0.304272337595846,-468.42068301548693,-468.42068301548693
2010,17,133,True,0.5171381486073949,0.033445071556575945,0.29899771579450574,-478.17193908843063,-478.17193908843063
2011,11,136,True,0.42017742314185946,0.026471685200241228,0.3777621229761705,-458.1830792818226,-458.1830792818226
2012,13,115,True,0.4148911574436635,0.03174805592618481,0.31497991635299827,-426.2146268026364,-426.2146268026364
2013,21,128,True,0.5632130864485044,0.038091711683975245,0.2625243014271499,-484.47285730437136,-484.47285730437136
2014,16,143,True,0.523358455899536,0.03107162150428997,0.3218370820660044,-492.40617734355624,-492.40617734355624
2015,18,122,True,0.5063453900469402,0.03620452076021916,0.2762086001974595,-461.04092484896796,-461.04092484896796
2016,17,134,True,0.5194145226534576,0.033298495961286145,0.30031386437472457,-480.0423020021627,-480.0423020021627
2017,13,141,True,0.4671023060546138,0.028199363392269146,0.354617934486475,-476.1462388686308,-476.1462388686308
2018,16,106,True,0.4401387348642503,0.03694652291349793,0.27066146450134904,-420.10374872801947,-420.10374872801947
2019,15,122,True,0.46151554149947416,0.032999113513865544,0.3030384436175296,-448.7735117241437,-448.7735117241437
2020,8,133,True,0.3531271330046653,0.022837924960117037,0.4378681520962819,-438.64447628201856,-438.64447628201856
2021,17,131,True,0.5125738274780762,0.03374289020940949,0.29635872736270286,-474.4051408156772,-474.4051408156772
2022,10,124,True,0.37941252379378365,0.02662366955564693,0.3756056233757973,-430.821203541681,-430.821203541681
2023,10,146,True,0.4176188696002499,0.024187972321338996,0.4134286192802465,-471.70900707212866,-471.70900707212866
2024,17,128,True,0.5056971164657591,0.03420174215286558,0.2923827667989759,-468.6889145803125,-468.6889145803125
2025,9,129,True,0.3681113442173111,0.0246718430619028,0.40532034736559946,-435.8354712460444,-435.8354712460444
2026,20,135,True,0.5667256898472058,0.03601565559103302,0.27765703097432287,-493.8212736766054,-493.8212736766054
2027,9,137,True,0.3813200431717309,0.02381722512746446,0.4198641926791319,-450.8341680037786,-450.8341680037786
2028,17,115,True,0.47542046662086046,0.03637984394685844,0.2748774847579725,-442.96490541686234,-442.96490541686234
2029,11,131,True,0.411049595787752,0.027059519307745982,0.3695557148030131,-448.83099079365326,-448.83099079365326
2030,8,126,True,0.34216966395244186,0.02356927517122829,0.42428118503225326,-425.3059346054174,-425.3059346054174
2031,14,136,True,0.4747508119792068,0.029909874617488615,0.33433774390190507,-471.29865300465485,-471.29865300465485
2032,11,131,True,0.411049595787752,0.027059519307745982,0.3695557148030131,-448.83099079365326,-448.83099079365326
2033,13,147,True,0.4788369416542402,0.027508294628011885,0.36352671567713,-486.8414031295513,-486.8414031295513
2034,12,131,True,0.4295462216178861,0.028277157784727017,0.353642331245935,-453.2851475969482,-453.2851475969482
2035,15,135,True,0.489536512293506,0.03111025094124793,0.3214374586333334,-473.6646698079698,-473.6646698079698
2036,18,127,True,0.5182575509132222,0.03537235907801612,0.28270661784090584,-470.79370128984385,-470.79370128984385
2037,11,114,True,0.3793584203427648,0.029320041093617955,0.34106364203482253,-415.34517463555557,-415.34517463555557
2038,6,144,True,0.3201867663346466,0.01885240507043856,0.5304363004421361,-448.8366606159959,-448.8366606159959
2039,16,148,True,0.5342024369383666,0.03044088669078122,0.32850554261379056,-501.2581183333542,-501.2581183333542
2040,10,119,True,0.37051558951977415,0.02726296529614882,0.3667979580127553,-420.92934920693824,-420.92934920693824
2041,13,128,True,0.44131306221976585,0.029847264442042654,0.3350390793574391,-451.9386359660866,-451.9386359660866
2042,24,130,True,0.6085111552207997,0.040418522954540535,0.2474113171143633,-499.60920900321184,-499.60920900321184
2043,21,128,True,0.5632130864485044,0.038091711683975245,0.2625243014271499,-484.47285730437136,-484.47285730437136
2044,18,142,True,0.5533652655817317,0.03312819456877908,0.3018576813547296,-498.72744197800705,-498.72744197800705
2045,18,125,True,0.5135068404695095,0.035699606589533285,0.28011513165895463,-466.92008379235733,-466.92008379235733
2046,10,112,True,0.3578918241218297,0.028224600222555324,0.35430085532296146,-406.6780319748868,-406.6780319748868
2047,13,138,True,0.46119824002477794,0.028560359790387117,0.3501356451176716,-470.68783553263006,-470.68783553263006
2048,17,145,True,0.5442250133460921,0.03178046205276228,0.31465873540157746,-500.05901741874044,-500.05901741874044
2049,18,118,True,0.49672643174154957,0.03690561044139078,0.2709615118243564,-453.0710224331193,-453.0710224331193
2050,15,108,True,0.43046876141862456,0.035379114833245025,0.28265263410726166,-420.1958256024493,-420.1958256024493
2051,15,127,True,0.4723730460422159,0.03224062818561668,0.31016765375747984,-458.5262881650196,-458.5262881650196
2052,10,122,True,0.3758649395381968,0.026874955858268306,0.3720936344132977,-426.8925366678947,-426.8925366678947
2053,10,126,True,0.3829459020614419,0.026378017376300345,0.37910354888857656,-434.7130447381602,-434.7130447381602
2054,7,129,True,0.3243148213287172,0.02173647865018683,0.4600561186075118,-426.1896755228449,-426.1896755228449
2055,15,108,True,0.43046876141862456,0.035379114833245025,0.28265263410726166,-420.1958256024493,-420.1958256024493
2056,16,118,True,0.46783641200776005,0.03475914964162791,0.2876940346096356,-444.9550766240819,-444.9550766240819
2057,16,112,True,0.45409170718798975,0.03581125925747829,0.27924178616845907,-432.71047434692264,-432.71047434692264
2058,17,126,True,0.5010914483414747,0.03451609969009719,0.28971987245908437,-464.8333974118295,-464.8333974118295
2059,18,128,True,0.5206261236707578,0.035211433603337214,0.2839986611352352,-472.71695008771644,-472.71695008771644
2060,17,123,True,0.4941492952527668,0.03500100587204609,0.285706074749886,-458.9818579894419,-458.9818579894419
2061,27,124,True,0.6289311284897057,0.04413258257988053,0.22658995724757042,-498.97364081987087,-498.97364081987087
2062,13,128,True,0.44131306221976585,0.029847264442042654,0.3350390793574391,-451.9386359660866,-451.9386359660866
2063,10,117,True,0.3669297788653875,0.027529391836211593,0.36324812620256314,-416.90631083235024,-416.90631083235024
2064,17,125,True,0.4987819794365401,0.03467591672888426,0.2883845891713722,-462.8920482849534,-462.8920482849534
2065,13,130,True,0.44531744685471814,0.029578871797713888,0.3380791555671466,-455.7583147028945,-455.7583147028945
2066,14,119,True,0.4392955984301899,0.03232387784350979,0.3093688216622149,-438.5911255814158,-438.5911255814158
2067,18,132,True,0.5300573951239883,0.034584919207678616,0.2891433673720938,-480.32093941147275,-480.32093941147275
2068,15,132,True,0.4831281780086318,0.0315229051742086,0.31722964443587504,-468.0535262866485,-468.0535262866485
2069,17,106,True,0.45391795510192284,0.0381031906546326,0.26244521333239573,-424.1916590296529,-424.1916590296529
2070,12,129,True,0.4257078249455601,0.028532118915304338,0.3504822067258419,-449.48321079073907,-449.48321079073907
2071,12,124,True,0.41604921136056533,0.029194494191687726,0.3425303392599008,-439.82156299662125,-439.82156299662125
2072,22,140,True,0.6079024944692125,0.0370103481562656,0.2701947022432175,-510.6873727781413,-510.6873727781413
2073,19,140,True,0.5640593864969551,0.034341090002089424,0.29119634814711964,-499.0848406082921,-499.0848406082921
2074,13,122,True,0.42920787963338985,0.03068906302710914,0.32584898376227756,-440.26261072733814,-440.26261072733814
2075,16,134,True,0.503647076087744,0.03228768045095723,0.30971565192455736,-475.9543917005293,-475.9543917005293
2076,10,125,True,0.3811809514600892,0.02650015332630641,0.3773563072208005,-432.7716956112841,-432.7716956112841
2077,18,127,True,0.5182575509132222,0.03537235907801612,0.28270661784090584,-470.79370128984385,-470.79370128984385
2078,10,126,True,0.3829459020614419,0.026378017376300345,0.37910354888857656,-434.7130447381602,-434.7130447381602
2079,16,122,True,0.47689592374960277,0.03409883591564995,0.29326514326579733,-452.9249790399306,-452.9249790399306
2080,17,142,True,0.5374974601427368,0.03217824021013329,0.31076901454825023,-494.6994064706031,-494.6994064706031
2081,9,141,True,0.3878615701705565,0.02341553278877799,0.42706694270875395,-458.128784719433,-458.128784719433
2082,15,137,True,0.49379141797585846,0.030842179892034596,0.32423129736632633,-477.36252314978196,-477.36252314978196
2083,16,139,True,0.5146305420008509,0.03159858291650543,0.3164698881093344,-485.1780106915779,-485.1780106915779
2084,8,127,True,0.34374364015235054,0.02346135323803363,0.4262328732082179,-427.2382029760278,-427.2382029760278
2085,19,97,True,0.4570364856151661,0.04238264289150333,0.2359456446734414,-412.5622038761245,-412.5622038761245
2086,16,129,True,0.49257275373541376,0.03301359185919357,0.3029055439544733,-466.51529370783464,-466.51529370783464
2087,20,122,True,0.53428642616688,0.03820235038827723,0.2617639987687406,-468.9301155927793,-468.9301155927793
2088,16,130,True,0.494795378316429,0.03286529455491495,0.304272337595846,-468.42068301548693,-468.42068301548693
2089,13,147,True,0.4788369416542402,0.027508294628011885,0.36352671567713,-486.8414031295513,-486.8414031295513
2090,26,138,True,0.6566300784889623,0.040662755542665026,0.2459252912535057,-521.8663863640887,-521.8663863640887
2091,18,111,True,0.47967995431705773,0.03821713211238067,0.2616627529924057,-438.7509068005274,-438.7509068005274
2092,17,140,True,0.5329969579945655,0.032449945774335694,0.3081669248245368,-491.0853720924552,-491.0853720924552
2093,24,138,True,0.6302117193149983,0.03902676091475936,0.25623443415766906,-514.5387298329474,-514.5387298329474
2094,14,116,True,0.4329111569806207,0.03280058051607258,0.30487265294283156,-432.54208417144685,-432.54208417144685
2095,10,136,True,0.4004196208749872,0.025226919791508946,0.3964019421572772,-453.63687663017726,-453.63687663017726
2096,14,117,True,0.43504414213028686,0.03263976200510811,0.3063747829544531,-434.56808720682784,-434.56808720682784
2097,13,128,True,0.44131306221976585,0.029847264442042654,0.3350390793574391,-451.9386359660866,-451.9386359660866
2098,9,118,True,0.3496252872128741,0.02597633994450147,0.384965704227964,-414.2752541622917,-414.2752541622917
2099,14,129,True,0.46028726387013125,0.030849728800785164,0.3241519581768735,-458.1446277102764,-458.1446277102764
2100,17,131,True,0.5125738274780762,0.03374289020940949,0.29635872736270286,-474.4051408156772,-474.4051408156772
2101,8,128,True,0.34531463862638395,0.02335461652312827,0.4281808690841451,-429.1614517739004,-429.1614517739004
2102,16,131,True,0.49701403836310004,0.03271858458231294,0.3056366932634921,-470.3172305140438,-470.3172305140438
2103,17,137,True,0.5262215006544284,0.03286776074960816,0.3042495068703217,-485.60190076720227,-485.60190076720227
2104,14,100,True,0.39803139324144726,0.03567491786316306,0.280308984546415,-398.7462841207731,-398.7462841207731
2105,13,133,True,0.45129745162002055,0.029186931196968975,0.3426190966263177,-461.4216604742047,-461.4216604742047
2106,19,131,True,0.5424460202353121,0.03570938570037334,0.28003842138050133,-482.40460933151405,-482.40460933151405
2107,9,128,True,0.36644729651435676,0.0247838786101667,0.40348809632636984,-433.9211818168888,-433.9211818168888
2108,20,133,True,0.5617839606538374,0.036332467086408166,0.2752359198789713,-490.089165339646,-490.089165339646
2109,15,108,True,0.43046876141862456,0.035379114833245025,0.28265263410726166,-420.1958256024493,-420.1958256024493
2110,19,134,True,0.5496853829858168,0.035239092684251135,0.28377575125449095,-488.04177051799957,-488.04177051799957
2111,12,125,True,0.4179884012654155,0.029059051035269186,0.34412686043542595,-441.77205506622437,-441.77205506622437
2112,8,117,True,0.32785894418154443,0.02459805080222602,0.4065362772197805,-407.49920069960746,-407.49920069960746
2113,13,124,True,0.4332589388197881,0.030402114046814387,0.3289244946782846,-444.1912776011244,-444.1912776011244
2114,16,134,True,0.503647076087744,0.03228768045095723,0.30971565192455736,-475.9543917005293,-475.9543917005293
2115,17,132,True,0.5148579452479902,0.033593193121412825,0.297679353190925,-476.2929039040688,-476.2929039040688
2116,13,123,True,0.43123547985764243,0.03054476796331613,0.3273883112161752,-442.23157937521603,-442.23157937521603
2117,7,135,True,0.3330571644970112,0.021165922673956103,0.4724575514161089,-437.4905189387669,-437.4905189387669
2118,12,128,True,0.4237834122933595,0.028661684087139556,0.34889785155670533,-447.5689213615835,-447.5689213615835
2119,18,141,True,0.5510502266479108,0.03326737073916276,0.30059484046413903,-496.9245529902606,-496.9245529902606
2120,15,124,True,0.4658715350931938,0.03269056509174297,0.3058986582806369,-452.70217859792996,-452.70217859792996
2121,16,122,True,0.47689592374960277,0.03409883591564995,0.29326514326579733,-452.9249790399306,-452.9249790399306
2122,18,111,True,0.47967995431705773,0.03821713211238067,0.2616627529924057,-438.7509068005274,-438.7509068005274
2123,16,119,True,0.4701086899585767,0.03459114073005733,0.28909136238200683,-446.96179157897404,-446.96179157897404
2124,17,148,True,0.5509264660841889,0.03139388548120051,0.3185333655494241,-505.3460286349877,-505.3460286349877
2125,13,126,True,0.43729377589735,0.030121598787385795,0.3319876899823711,-448.08311879760356,-448.08311879760356
2126,17,130,True,0.5102857088652896,0.033894193163413536,0.2950357883365791,-472.50859331712036,-472.50859331712036
2127,14,132,True,0.4665070599377857,0.030438418794225094,0.3285321772988169,-463.8343276048771,-463.8343276048771
2128,19,125,True,0.5278503997007433,0.03669678789520106,0.27250341442848,-470.8915168007902,-470.8915168007902
2129,18,130,True,0.5253501788339919,0.034894805263954304,0.2865756070096146,-476.5366288245243,-476.5366288245243
2130,22,126,True,0.5715130955908361,0.03936687214858745,0.254020689331266,-484.4353980975156,-484.4353980975156
2131,18,136,True,0.5394241595491752,0.033984373634871515,0.29425288538315014,-487.7852648112505,-487.7852648112505
2132,11,143,True,0.4328374354537708,0.025697417927816525,0.3891441555758551,-470.9199376231657,-470.9199376231657
2133,19,122,True,0.5204889116540915,0.03721580560987732,0.2687030372209902,-465.01235785740084,-465.01235785740084
2134,19,125,True,0.5278503997007433,0.03669678789520106,0.27250341442848,-470.8915168007902,-470.8915168007902
2135,16,135,True,0.5058507162746031,0.03214702545553448,0.31107077119256094,-477.8161371237567,-477.8161371237567
2136,11,115,True,0.38125510932781226,0.02917417813303639,0.3427688675375624,-417.3907553948384,-417.3907553948384
2137,22,115,True,0.5422344034906946,0.04149254053326402,0.24100717554238776,-462.56690610254844,-462.56690610254844
2138,12,133,True,0.4333712060206127,0.028027580318625414,0.3567914135404195,-457.0519458697016,-457.0519458697016
2139,16,145,True,0.5277044147809566,0.03081572827002025,0.32450961120814126,-495.97110711710695,-495.97110711710695
2140,24,131,True,0.611239716252707,0.04023809553176584,0.24852070824538725,-501.5057565017687,-501.5057565017687
2141,14,131,True,0.46443744622155764,0.030574057661308975,0.32707467588297434,-461.9465645164855,-461.9465645164855
2142,15,126,True,0.4702100854951662,0.03238893467441552,0.3087474194666595,-456.5940197944092,-456.5940197944092
2143,8,128,True,0.34531463862638395,0.02335461652312827,0.4281808690841451,-429.1614517739004,-429.1614517739004
2144,17,115,True,0.47542046662086046,0.03637984394685844,0.2748774847579725,-442.96490541686234,-442.96490541686234
2145,21,135,True,0.5810217638451467,0.036924177097359276,0.2708252637190167,-497.687990149449,-497.687990149449
2146,9,117,True,0.3479233437982573,0.02610340891383751,0.3830917269467807,-412.25893074259585,-412.25893074259585
2147,12,139,True,0.44477135006825264,0.027309192201022747,0.3661770705771918,-468.14592777448235,-468.14592777448235
2148,21,142,True,0.598630274186506,0.035838064713302885,0.2790329243500712,-510.48334919466197,-510.48334919466197
2149,13,105,True,0.3940134306490227,0.03343030121613862,0.2991298204388436,-405.3038227738923,-405.3038227738923
2150,14,133,True,0.4685731268501721,0.030304207491159443,0.3299871809192592,-465.7133627892389,-465.7133627892389
2151,22,119,True,0.552961946821237,0.04068757912674471,0.24577525167691314,-470.65170256629364,-470.65170256629364
2152,14,116,True,0.4329111569806207,0.03280058051607258,0.30487265294283156,-432.54208417144685,-432.54208417144685
2153,17,141,True,0.5352488051864989,0.032313425489633944,0.30946889252604837,-492.89651748285667,-492.89651748285667
2154,18,129,True,0.5229903018579979,0.03505226028220541,0.285288307215857,-474.63123951687203,-474.63123951687203
2155,16,134,True,0.503647076087744,0.03228768045095723,0.30971565192455736,-475.9543917005293,-475.9543917005293
2156,15,118,True,0.45274820829523255,0.03363813144551022,0.2972816732165642,-440.80360930829505,-440.80360930829505
2157,21,115,True,0.5294928913925364,0.04051754207543014,0.24680667897828895,-458.7488481409212,-458.7488481409212
2158,19,114,True,0.5006244196964104,0.03869250758874672,0.25844796895273825,-448.91879317341636,-448.91879317341636
2159,10,139,True,0.40560543280135425,0.024904384512292453,0.40153572135316734,-459.14556831954206,-459.14556831954206
2160,9,124,True,0.35975950048387095,0.025244601745389495,0.3961242922687951,-426.1738234519266,-426.1738234519266
2161,9,122,True,0.3563956759929112,0.02548287177877047,0.392420449579427,-422.2451565781403,-422.2451565781403
2162,15,125,True,0.46804294499649685,0.032538902477139704,0.3073244405531357,-454.6526706675331,-454.6526706675331
2163,16,131,True,0.49701403836310004,0.03271858458231294,0.3056366932634921,-470.3172305140438,-470.3172305140438
2164,18,118,True,0.49672643174154957,0.03690561044139078,0.2709615118243564,-453.0710224331193,-453.0710224331193
2165,14,141,True,0.48498299142008017,0.029278835571677875,0.3415436374004314,-480.437941183665,-480.437941183665
2166,20,129,True,0.5518498337147764,0.036986506134705104,0.2703688735448526,-482.5204302606834,-482.5204302606834
2167,15,122,True,0.46151554149947416,0.032999113513865544,0.3030384436175296,-448.7735117241437,-448.7735117241437
2168,13,143,True,0.47102430941051193,0.027964560228931176,0.35759546791135804,-479.7438090309638,-479.7438090309638
2169,7,122,True,0.3139930398714749,0.022451014177372646,0.44541417688286633,-412.5993608549408,-412.5993608549408
2170,13,129,True,0.44331707751597854,0.029712339853016863,0.3365605014438014,-453.8529253952422,-453.8529253952422
2171,11,135,True,0.4183578659838873,0.026586818076197578,0.37612624313823834,-456.32989740336615,-456.32989740336615
2172,16,120,True,0.4723759663612119,0.03442511264500967,0.29048561447335214,-448.9589679995928,-448.9589679995928
2173,21,125,True,0.5555114493566021,0.038619816982145304,0.25893442231026614,-478.67599100901225,-478.67599100901225
2174,23,133,True,0.603384269218773,0.039022899614885566,0.2562597884495859,-501.54550502988184,-501.54550502988184
2175,10,134,True,0.3969488275636937,0.025447495891996002,0.392965973644004,-449.92194932849344,-449.92194932849344
2176,14,131,True,0.46443744622155764,0.030574057661308975,0.32707467588297434,-461.9465645164855,-461.9465645164855
2177,22,133,True,0.5898149432343122,0.038145325450715084,0.26215531999904684,-497.77393977411674,-497.77393977411674
2178,9,115,True,0.34450768855156116,0.026362213720162925,0.37933081440545274,-408.19717265343866,-408.19717265343866
2179,12,146,True,0.45794482377421586,0.02652360208903877,0.3770226972351027,-480.70936652706894,-480.70936652706894
2180,16,134,True,0.503647076087744,0.03228768045095723,0.30971565192455736,-475.9543917005293,-475.9543917005293
2181,12,132,True,0.4314603539929707,0.02815170889309605,0.355218222736468,-455.1729106853398,-455.1729106853398
2182,16,109,True,0.4471428841008578,0.036367784059629676,0.27496863662640836,-426.45345166955246,-426.45345166955246
2183,24,121,True,0.583721553734795,0.042135024718584047,0.23733224477234982,-482.1352006142689,-482.1352006142689
2184,14,112,True,0.4243284425755065,0.033464024175853445,0.2988283760330199,-424.3398083493644,-424.3398083493644
2185,12,134,True,0.43527884901379116,0.02790474729484833,0.35836196236925477,-458.9223087834337,-458.9223087834337
2186,18,127,True,0.5182575509132222,0.03537235907801612,0.28270661784090584,-470.79370128984385,-470.79370128984385
2187,15,132,True,0.4831281780086318,0.0315229051742086,0.31722964443587504,-468.0535262866485,-468.0535262866485
2188,17,131,True,0.5125738274780762,0.03374289020940949,0.29635872736270286,-474.4051408156772,-474.4051408156772
2189,20,128,True,0.5493551959846587,0.03715446292183166,0.26914667077919413,-480.6061408315278,-480.6061408315278
2190,16,138,True,0.5124406404098952,0.03173361862902317,0.31512321733311954,-483.3502038452225,-483.3502038452225
2191,16,122,True,0.47689592374960277,0.03409883591564995,0.29326514326579733,-452.9249790399306,-452.9249790399306
2192,15,147,True,0.5148803200124591,0.02957891989731856,0.33807860580151,-495.3523041263569,-495.3523041263569
2193,12,131,True,0.4295462216178861,0.028277157784727017,0.353642331245935,-453.2851475969482,-453.2851475969482
2194,13,127,True,0.4393053218295057,0.029983674258590064,0.33351482922861214,-450.01538716821403,-450.01538716821403
2195,14,123,True,0.44774318241832917,0.03171402227534553,0.3153179345457544,-446.5232816902502,-446.5232816902502
2196,16,123,True,0.4791488047609341,0.03393850864533317,0.2946505429717839,-454.89394768780846,-454.89394768780846
2197,8,140,True,0.36395630100714155,0.02215840457391496,0.45129602930763685,-451.5579092860431,-451.5579092860431
2198,12,107,True,0.3824148142044694,0.03176222738596073,0.31483938070477113,-405.1986707817871,-405.1986707817871
2199,17,118,True,0.4824827506406133,0.03584733829726606,0.2789607394857169,-449.04298692571535,-449.04298692571535
2200,20,151,True,0.6057430110095516,0.0336958031527428,0.2967728638094805,-522.4788877244816,-522.4788877244816
2201,11,118,True,0.38691858419920894,0.028747144561898762,0.34786063633095304,-423.4688369036914,-423.4688369036914
2202,19,134,True,0.5496853829858168,0.035239092684251135,0.28377575125449095,-488.04177051799957,-488.04177051799957
2203,17,125,True,0.4987819794365401,0.03467591672888426,0.2883845891713722,-462.8920482849534,-462.8920482849534
2204,16,124,True,0.4813970843865228,0.03378000486542888,0.2960331130749539,-456.85364591371683,-456.85364591371683
2205,18,133,True,0.5324049138215134,0.03443242485162607,0.2904239257935315,-482.1999745958346,-482.1999745958346
2206,14,128,True,0.45820653482938195,0.03098981830570446,0.32268662892286937,-456.2303382811208,-456.2303382811208
2207,17,123,True,0.4941492952527668,0.03500100587204609,0.285706074749886,-458.9818579894419,-458.9818579894419
2208,24,137,True,0.6275144447554609,0.03919451145856963,0.2551377636271969,-512.7025164532937,-512.7025164532937
2209,11,122,True,0.3944111464853436,0.028201039886364326,0.3545968531761542,-431.43873931954005,-431.43873931954005
2210,16,133,True,0.5014398040874839,0.03242980656945002,0.3083582992881721,-474.08402878679715,-474.08402878679715
2211,12,133,True,0.4333712060206127,0.028027580318625414,0.3567914135404195,-457.0519458697016,-457.0519458697016
2212,18,124,True,0.5111245081413986,0.035866001128484946,0.27881558259523814,-464.9695917227542,-464.9695917227542
2213,9,123,True,0.35807930760094026,0.02536305539318389,0.39427426408126737,-424.2141252260182,-424.2141252260182
2214,10,137,True,0.40215088068098775,0.025118317885203825,0.3981158310720556,-455.481548093533,-455.481548093533
2215,8,144,True,0.37009410946665305,0.021790919548986973,0.45890674679971843,-458.75314608796634,-458.75314608796634
2216,12,121,True,0.41020794496285745,0.029610217046435027,0.33772126642360994,-433.9145917094485,-433.9145917094485
2217,9,124,True,0.35975950048387095,0.025244601745389495,0.3961242922687951,-426.1738234519266,-426.1738234519266
2218,14,133,True,0.4685731268501721,0.030304207491159443,0.3299871809192592,-465.7133627892389,-465.7133627892389
2219,24,132,True,0.6139635063151828,0.04005958308987795,0.24962815957330192,-503.3935195901603,-503.3935195901603
2220,15,128,True,0.47453191459372696,0.03209395042563824,0.3115852011789581,-460.4495369628922,-460.4495369628922
2221,14,117,True,0.43504414213028686,0.03263976200510811,0.3063747829544531,-434.56808720682784,-434.56808720682784
2222,10,123,True,0.3776405449542653,0.026748594116087463,0.37385142398888466,-428.8615053157726,-428.8615053157726
2223,16,137,True,0.5102474201629709,0.03187002071972482,0.31377450576336946,-481.5139904655688,-481.5139904655688
2224,20,122,True,0.53428642616688,0.03820235038827723,0.2617639987687406,-468.9301155927793,-468.9301155927793
2225,15,119,True,0.4549472029535704,0.03347554099350849,0.29872556807787454,-442.8103242631872,-442.8103242631872
2226,14,126,True,0.4540333901483297,0.031274654175125816,0.3197477402628952,-452.37482111263773,-452.37482111263773
2227,17,136,True,0.5239561167477872,0.03300986825416725,0.3029397125430083,-483.75722930384654,-483.75722930384654
2228,20,141,True,0.5814581548908102,0.03510312322296085,0.2848749365258483,-504.813743734072,-504.813743734072
2229,21,107,True,0.5082337381875518,0.042212369808714366,0.23689738447083322,-442.10260672457497,-442.10260672457497
2230,15,111,True,0.43721095958345185,0.03483353609631405,0.2870796686374359,-426.48349367570313,-426.48349367570313
2231,20,141,True,0.5814581548908102,0.03510312322296085,0.2848749365258483,-504.813743734072,-504.813743734072
2232,18,116,True,0.49188486069184484,0.03726886849091359,0.26832046168608714,-449.02869597804255,-449.02869597804255
2233,14,135,True,0.47269492751085396,0.030039961155544526,0.33288991114937855,-469.4454711261984,-469.4454711261984
2234,17,115,True,0.47542046662086046,0.03637984394685844,0.2748774847579725,-442.96490541686234,-442.96490541686234
2235,10,142,True,0.41076823484288905,0.02459137002797526,0.40664672153783843,-464.5790537969338,-464.5790537969338
2236,11,138,True,0.42380798498053596,0.026244914838427807,0.3810261935145622,-461.863964124832,-461.863964124832
2237,16,147,True,0.5320391270791311,0.030564661554227008,0.32717522431119567,-499.5037714421437,-499.5037714421437
2238,22,118,True,0.5502891963142994,0.040885198393968994,0.24458729302571047,-468.64498761140146,-468.64498761140146
2239,20,112,True,0.5087379096846192,0.04012084979627508,0.24924696387982342,-448.7156108997714,-448.7156108997714
2240,19,126,True,0.5302944617054358,0.03652765690955871,0.27376516442759175,-472.8328659276664,-472.8328659276664
2241,17,119,True,0.48482616574852466,0.03567406960824115,0.28031564970905026,-451.04970188060753,-451.04970188060753
2242,19,140,True,0.5640593864969551,0.034341090002089424,0.29119634814711964,-499.0848406082921,-499.0848406082921
2243,17,114,True,0.4730553186130194,0.036561733277875284,0.27351000905778533,-440.9193246575795,-440.9193246575795
2244,19,115,True,0.5031274057158746,0.03850001796394712,0.2597401385465425,-450.96437393269923,-450.96437393269923
2245,10,126,True,0.3829459020614419,0.026378017376300345,0.37910354888857656,-434.7130447381602,-434.7130447381602
2246,17,132,True,0.5148579452479902,0.033593193121412825,0.297679353190925,-476.2929039040688,-476.2929039040688
2247,19,124,True,0.5254015227384354,0.03686783025914182,0.27123917870161024,-468.9410247311871,-468.9410247311871
2248,16,127,True,0.488115263496436,0.03331507344453028,0.30016442907292507,-462.67775548080647,-462.67775548080647
2249,18,153,True,0.5786350723854943,0.031681439754800596,0.3156422207259293,-518.027711174725,-518.027711174725
2250,11,140,True,0.42742756729836817,0.026022665182696376,0.3842803928726502,-465.51122207043124,-465.51122207043124
2251,18,120,True,0.5015463144565562,0.03655094585962436,0.27359073109641197,-457.07491380863024,-457.07491380863024
2252,19,95,True,0.4517606472696821,0.042877604048260444,0.23322198667501579,-408.07720577600605,-408.07720577600605
2253,17,150,True,0.5553805367485349,0.031142111111899986,0.32110860962726495,-508.8309748345075,-508.8309748345075
2254,13,119,True,0.4230993471864823,0.031132138958360013,0.3212114661756855,-434.2994232663816,-434.2994232663816
2255,12,137,True,0.44098322080222024,0.027543783326780785,0.3630583308530827,-464.48190754847326,-464.48190754847326
2256,12,126,True,0.41992377835429157,0.02892512144019231,0.345720242546837,-443.7134041931005,-443.7134041931005
2257,14,105,True,0.4090962724416716,0.03471001379723783,0.2881012971765452,-409.5955250889265,-409.5955250889265
2258,17,122,True,0.49182588433537305,0.03516635243421975,0.2843627305022735,-457.012889341564,-457.012889341564
2259,16,150,True,0.5385212989819732,0.030196755232376367,0.3311614086694386,-504.7430645328741,-504.7430645328741
2260,13,133,True,0.45129745162002055,0.029186931196968975,0.3426190966263177,-461.4216604742047,-461.4216604742047
2261,10,140,True,0.40732884496592103,0.024799013827770652,0.40324184136716396,-460.9650194187859,-460.9650194187859
2262,15,131,True,0.48098482630022193,0.031663376700470446,0.31582228562032744,-466.1657631982569,-466.1657631982569
2263,19,130,True,0.5400245527923893,0.035869506410502364,0.27878833585153723,-480.5080618329572,-480.5080618329572
2264,18,119,True,0.4991390283019375,0.036727226576853435,0.2722775698588221,-455.0777373880115,-455.0777373880115
2265,12,142,True,0.4504326806334998,0.026965952531329117,0.37083800352989466,-473.5794132518741,-473.5794132518741
2266,14,120,True,0.44141426708145437,0.03216873200482372,0.3108608694461595,-440.58830200203454,-440.58830200203454
2267,7,147,True,0.35029987576462585,0.02012407847523048,0.4969171637999921,-459.178153257154,-459.178153257154
2268,14,116,True,0.4329111569806207,0.03280058051607258,0.30487265294283156,-432.54208417144685,-432.54208417144685
2269,16,129,True,0.49257275373541376,0.03301359185919357,0.3029055439544733,-466.51529370783464,-466.51529370783464
2270,22,147,True,0.6258071756143687,0.035951462114956464,0.2781528041342113,-523.1936824294633,-523.1936824294633
2271,14,119,True,0.4392955984301899,0.03232387784350979,0.3093688216622149,-438.5911255814158,-438.5911255814158
2272,11,131,True,0.411049595787752,0.027059519307745982,0.3695557148030131,-448.83099079365326,-448.83099079365326
2273,13,125,True,0.43527834262444354,0.030261068332466324,0.3304575995180995,-446.1417696707275,-446.1417696707275
2274,18,114,True,0.48702068647845964,0.03764109553199958,0.2656670816474713,-444.9473601649835,-444.9473601649835
2275,9,129,True,0.3681113442173111,0.0246718430619028,0.40532034736559946,-435.8354712460444,-435.8354712460444
2276,15,128,True,0.47453191459372696,0.03209395042563824,0.3115852011789581,-460.4495369628922,-460.4495369628922
2277,19,152,True,0.592450290170851,0.03269542521893142,0.30585318689202323,-520.2840162063228,-520.2840162063228
2278,11,130,True,0.40921467917578236,0.027180854059445758,0.36790602598908584,-446.9344432950964,-446.9344432950964
2279,13,129,True,0.44331707751597854,0.029712339853016863,0.3365605014438014,-453.8529253952422,-453.8529253952422
2280,11,114,True,0.3793584203427648,0.029320041093617955,0.34106364203482253,-415.34517463555557,-415.34517463555557
2281,13,129,True,0.44331707751597854,0.029712339853016863,0.3365605014438014,-453.8529253952422,-453.8529253952422
2282,15,129,True,0.47668677765307904,0.03194886969035673,0.31300011853058907,-462.36382639204777,-462.36382639204777
2283,13,128,True,0.44131306221976585,0.029847264442042654,0.3350390793574391,-451.9386359660866,-451.9386359660866
2284,21,133,True,0.5759553758838915,0.03724898039663958,0.26846372420175424,-493.9558818124895,-493.9558818124895
2285,13,127,True,0.4393053218295057,0.029983674258590064,0.33351482922861214,-450.01538716821403,-450.01538716821403
2286,20,126,True,0.5443519091699357,0.037495959720710126,0.26669540063743735,-476.75062366304485,-476.75062366304485
2287,10,131,True,0.3917210069865631,0.025787112456560755,0.38779060729832904,-444.2847881420079,-444.2847881420079
2288,11,142,True,0.43103666610458224,0.025804775668344503,0.3875251669894307,-469.12525644857914,-469.12525644857914
2289,12,118,True,0.4043293500824417,0.03004072368737435,0.3328814613145569,-427.92299370698635,-427.92299370698635
2290,16,130,True,0.494795378316429,0.03286529455491495,0.304272337595846,-468.42068301548693,-468.42068301548693
2291,17,123,True,0.4941492952527668,0.03500100587204609,0.285706074749886,-458.9818579894419,-458.9818579894419
2292,18,112,True,0.4821329584563788,0.03802269034767577,0.26300085313692895,-440.82642015596,-440.82642015596
2293,15,125,True,0.46804294499649685,0.032538902477139704,0.3073244405531357,-454.6526706675331,-454.6526706675331
2294,10,127,True,0.38470744844967175,0.026257234424410174,0.38084742049998416,-436.6453131087706,-436.6453131087706
2295,12,141,True,0.4485482667434525,0.02707924026260789,0.36928657905548423,-471.77652426412766,-471.77652426412766
2296,17,116,True,0.47778001213464444,0.03620017988516308,0.27624172122135165,-445.0006604706386,-445.0006604706386
2297,11,129,True,0.4073764837424639,0.02730350159507856,0.3662533893382559,-445.0290539874441,-445.0290539874441
2298,16,115,True,0.46098851203207375,0.0352754904479021,0.283482947310651,-438.87699511522885,-438.87699511522885
2299,9,108,True,0.33242045267027415,0.027320777770686536,0.36602179059226375,-393.6674704564459,-393.6674704564459
2300,26,149,True,0.6872838377575899,0.03884914339128552,0.257405932977229,-541.5207172260716,-541.5207172260716
2301,13,115,True,0.4148911574436635,0.03174805592618481,0.31497991635299827,-426.2146268026364,-426.2146268026364
2302,14,129,True,0.46028726387013125,0.030849728800785164,0.3241519581768735,-458.1446277102764,-458.1446277102764
2303,10,117,True,0.3669297788653875,0.027529391836211593,0.36324812620256314,-416.90631083235024,-416.90631083235024
2304,14,97,True,0.3913105641684002,0.0362876409713747,0.2755759187511926,-392.10415906109597,-392.10415906109597
2305,12,115,True,0.39841102719107835,0.030486973139668853,0.3280089484183086,-421.84491219813333,-421.84491219813333
2306,15,137,True,0.49379141797585846,0.030842179892034596,0.32423129736632633,-477.36252314978196,-477.36252314978196
2307,23,123,True,0.5765614318030583,0.04083832609699782,0.24486801873926803,-482.35542393089315,-482.35542393089315
2308,12,132,True,0.4314603539929707,0.02815170889309605,0.355218222736468,-455.1729106853398,-455.1729106853398
2309,14,132,True,0.4665070599377857,0.030438418794225094,0.3285321772988169,-463.8343276048771,-463.8343276048771
2310,9,146,True,0.39598681250090656,0.022935070126394144,0.43601349134275363,-467.06162698237426,-467.06162698237426
2311,13,115,True,0.4148911574436635,0.03174805592618481,0.31497991635299827,-426.2146268026364,-426.2146268026364
2312,13,141,True,0.4671023060546138,0.028199363392269146,0.354617934486475,-476.1462388686308,-476.1462388686308
2313,20,133,True,0.5617839606538374,0.036332467086408166,0.2752359198789713,-490.089165339646,-490.089165339646
2314,18,129,True,0.5229903018579979,0.03505226028220541,0.285288307215857,-474.63123951687203,-474.63123951687203
2315,17,126,True,0.5010914483414747,0.03451609969009719,0.28971987245908437,-464.8333974118295,-464.8333974118295
2316,13,157,True,0.49820817814297774,0.026438722300581797,0.37823310394163584,-504.0331503611793,-504.0331503611793
2317,17,126,True,0.5010914483414747,0.03451609969009719,0.28971987245908437,-464.8333974118295,-464.8333974118295
2318,15,132,True,0.4831281780086318,0.0315229051742086,0.31722964443587504,-468.0535262866485,-468.0535262866485
2319,18,134,True,0.5347484901580942,0.03428152210467393,0.29170233367895304,-484.0703375095667,-484.0703375095667
2320,13,128,True,0.44131306221976585,0.029847264442042654,0.3350390793574391,-451.9386359660866,-451.9386359660866
2321,17,158,True,0.5730998920152837,0.03017924558315617,0.3313535446883822,-522.4603788003539,-522.4603788003539
2322,11,133,True,0.414709873107183,0.026820688859715516,0.37284650115828794,-452.5977890664067,-452.5977890664067
2323,17,134,True,0.5194145226534576,0.033298495961286145,0.30031386437472457,-480.0423020021627,-480.0423020021627
2324,14,144,True,0.49108702757012,0.02891491011503348,0.3458423339452398,-485.82203259518667,-485.82203259518667
2325,15,121,True,0.45933077099778946,0.03315607118868064,0.3016038885636717,-446.7952073107572,-446.7952073107572
2326,13,138,True,0.46119824002477794,0.028560359790387117,0.3501356451176716,-470.68783553263006,-470.68783553263006
2327,11,125,True,0.3999894650149181,0.02780774356955881,0.35961206183399286,-437.3178982629294,-437.3178982629294
2328,21,126,True,0.5580835880294417,0.03844182299176743,0.2601333449285578,-480.61734013588836,-480.61734013588836
2329,16,126,True,0.48588022052308816,0.0334683223681613,0.2987899987933989,-460.745487110196,-460.745487110196
2330,15,139,True,0.49803317964276983,0.030579496236130675,0.32701650552976325,-481.02654337579105,-481.02654337579105
2331,18,143,True,0.555677094916741,0.03299036860344669,0.3031187714269808,-500.5221231525936,-500.5221231525936
2332,16,123,True,0.4791488047609341,0.03393850864533317,0.2946505429717839,-454.89394768780846,-454.89394768780846
2333,11,126,True,0.40184150311941597,0.027679581096814867,0.3612771437914108,-439.2592473898055,-439.2592473898055
2334,11,118,True,0.38691858419920894,0.028747144561898762,0.34786063633095304,-423.4688369036914,-423.4688369036914
2335,15,117,True,0.4505442720818931,0.03380267974994046,0.2958345336516587,-438.78728588859923,-438.78728588859923
2336,15,152,True,0.5253234225697295,0.028990909386555574,0.34493571300793563,-504.04517007306566,-504.04517007306566
2337,19,123,True,0.5229477281951398,0.037040822846804954,0.2699724042675411,-466.98132650527873,-466.98132650527873
2338,16,141,True,0.5190006901125759,0.031332512966895536,0.3191572923169466,-488.80860718122324,-488.80860718122324
2339,23,137,True,0.6139825044325457,0.03834930734498167,0.26076090266878277,-508.97546670865347,-508.97546670865347
2340,14,130,True,0.4623642073860845,0.030711151585727934,0.3256146215190183,-460.05001701792867,-460.05001701792867
2341,13,141,True,0.4671023060546138,0.028199363392269146,0.354617934486475,-476.1462388686308,-476.1462388686308
2342,24,118,True,0.575356375586711,0.04274763110134195,0.23393109143973298,-476.14360261180684,-476.14360261180684
2343,15,129,True,0.47668677765307904,0.03194886969035673,0.31300011853058907,-462.36382639204777,-462.36382639204777
2344,9,148,True,0.39922219744044996,0.022749199248096163,0.4395759117032166,-470.578295871564,-470.578295871564
2345,15,120,True,0.457141357368781,0.03331486748434442,0.3001662847585775,-444.807500683806,-444.807500683806
2346,16,132,True,0.4992288190172497,0.032573431727742734,0.3069986633150174,-472.20499360243537,-472.20499360243537
2347,10,114,True,0.36152003054695037,0.027941338806254244,0.3578926575186745,-410.79897198391023,-410.79897198391023
2348,18,123,True,0.5087373918603397,0.03603429289669409,0.2775134239117381,-463.00989349684585,-463.00989349684585
2349,9,126,True,0.3631098548366551,0.025011673995796978,0.39981330324713266,-430.0656646484058,-430.0656646484058
2350,21,114,True,0.52685874089804,0.04072011877238662,0.24557885147381409,-456.7032673816384,-456.7032673816384
2351,17,124,True,0.4964679607309581,0.034837539887457684,0.2870466752906462,-460.94155621535026,-460.94155621535026
2352,12,139,True,0.44477135006825264,0.027309192201022747,0.3661770705771918,-468.14592777448235,-468.14592777448235
2353,14,127,True,0.4561219380979125,0.031131449892683807,0.32121857589260877,-454.3070894832482,-454.3070894832482
2354,13,129,True,0.44331707751597854,0.029712339853016863,0.3365605014438014,-453.8529253952422,-453.8529253952422
2355,16,144,True,0.5255328758394744,0.030943061034581536,0.3231742324660168,-494.19269859274493,-494.19269859274493
2356,12,119,True,0.40629317470891196,0.029895521363912922,0.33449826408015304,-429.9297086618785,-429.9297086618785
2357,21,139,True,0.5911062999851495,0.03629423422855964,0.27552585727600454,-505.0498637172702,-505.0498637172702
2358,18,120,True,0.5015463144565562,0.03655094585962436,0.27359073109641197,-457.07491380863024,-457.07491380863024
2359,11,133,True,0.414709873107183,0.026820688859715516,0.37284650115828794,-452.5977890664067,-452.5977890664067
2360,11,125,True,0.3999894650149181,0.02780774356955881,0.35961206183399286,-437.3178982629294,-437.3178982629294
2361,19,137,True,0.5568890635651064,0.03478325473696552,0.2874946601639498,-493.60136928303916,-493.60136928303916
2362,9,124,True,0.35975950048387095,0.025244601745389495,0.3961242922687951,-426.1738234519266,-426.1738234519266
2363,12,123,True,0.4141061273754676,0.029331481669937383,0.3409306121159663,-437.8618647707129,-437.8618647707129
2364,14,131,True,0.46443744622155764,0.030574057661308975,0.32707467588297434,-461.9465645164855,-461.9465645164855
2365,17,130,True,0.5102857088652896,0.033894193163413536,0.2950357883365791,-472.50859331712036,-472.50859331712036
2366,13,118,True,0.4210542896537201,0.03128334752422014,0.3196588853625021,-432.2927083114895,-432.2927083114895
2367,19,133,True,0.547276344568992,0.035394210530825095,0.28253208222545106,-486.17140760426753,-486.17140760426753
2368,12,131,True,0.4295462216178861,0.028277157784727017,0.353642331245935,-453.2851475969482,-453.2851475969482
2369,25,120,True,0.5932278212746596,0.04323237426503145,0.23130813817201126,-483.8318404102407,-483.8318404102407
2370,10,122,True,0.3758649395381968,0.026874955858268306,0.3720936344132977,-426.8925366678947,-426.8925366678947
2371,20,120,True,0.5292225290790576,0.038567891838706056,0.259283033716771,-464.96410455244165,-464.96410455244165
2372,12,129,True,0.4257078249455601,0.028532118915304338,0.3504822067258419,-449.48321079073907,-449.48321079073907
2373,18,121,True,0.5039483993231948,0.036376724701210825,0.27490105506027435,-459.06262043558144,-459.06262043558144
2374,12,135,True,0.4371833531988,0.027783185694627732,0.3599299270397793,-460.7840542066611,-460.7840542066611
2375,9,138,True,0.38295908887033564,0.023715288598126494,0.42166891449046084,-452.6703813834323,-452.6703813834323
2376,16,129,True,0.49257275373541376,0.03301359185919357,0.3029055439544733,-466.51529370783464,-466.51529370783464
2377,13,125,True,0.43527834262444354,0.030261068332466324,0.3304575995180995,-446.1417696707275,-446.1417696707275
2378,17,119,True,0.48482616574852466,0.03567406960824115,0.28031564970905026,-451.04970188060753,-451.04970188060753
2379,14,121,True,0.44352835804436697,0.03201539879763125,0.3123496934462637,-442.57600862898573,-442.57600862898573
2380,14,136,True,0.4747508119792068,0.029909874617488615,0.33433774390190507,-471.29865300465485,-471.29865300465485
2381,16,147,True,0.5320391270791311,0.030564661554227008,0.32717522431119567,-499.5037714421437,-499.5037714421437
2382,9,140,True,0.38622979635026167,0.02351446056119235,0.4252702278232884,-456.3176393290315,-456.3176393290315
2383,9,131,True,0.3714304219412639,0.02445137710144744,0.40897492024725396,-439.63740805225353,-439.63740805225353
2384,18,122,True,0.5063453900469402,0.03620452076021916,0.2762086001974595,-461.04092484896796,-461.04092484896796
2385,22,126,True,0.5715130955908361,0.03936687214858745,0.254020689331266,-484.4353980975156,-484.4353980975156
2386,13,124,True,0.4332589388197881,0.030402114046814387,0.3289244946782846,-444.1912776011244,-444.1912776011244
2387,13,127,True,0.4393053218295057,0.029983674258590064,0.33351482922861214,-450.01538716821403,-450.01538716821403
2388,19,144,True,0.5735717605499049,0.03377156180012093,0.29610712288598356,-506.2800774102153,-506.2800774102153
2389,18,121,True,0.5039483993231948,0.036376724701210825,0.27490105506027435,-459.06262043558144,-459.06262043558144
2390,19,127,True,0.5327338096360101,0.036360399523826165,0.27502448078017466,-474.76513429827673,-474.76513429827673
2391,14,130,True,0.4623642073860845,0.030711151585727934,0.3256146215190183,-460.05001701792867,-460.05001701792867
2392,12,116,True,0.400388369392041,0.03033641137719754,0.32963688010627823,-423.8806672519096,-423.8806672519096
2393,9,123,True,0.35807930760094026,0.02536305539318389,0.39427426408126737,-424.2141252260182,-424.2141252260182
2394,22,105,True,0.5149486406306585,0.04369112022087039,0.22887945993252873,-441.6561020738043,-441.6561020738043
2395,12,130,True,0.427628736463461,0.028403952421378338,0.352063679436157,-451.38860009839135,-451.38860009839135
2396,17,119,True,0.48482616574852466,0.03567406960824115,0.28031564970905026,-451.04970188060753,-451.04970188060753
2397,12,124,True,0.41604921136056533,0.029194494191687726,0.3425303392599008,-439.82156299662125,-439.82156299662125
2398,27,121,True,0.6201010329937775,0.044761020363286365,0.22340866939222284,-493.0666695326981,-493.0666695326981
2399,17,134,True,0.5194145226534576,0.033298495961286145,0.30031386437472457,-480.0423020021627,-480.0423020021627
2400,13,135,True,0.4552672869086034,0.028932427276386542,0.34563294342613243,-465.15376881116424,-465.15376881116424
2401,11,141,True,0.429233396680204,0.02591318513351092,0.38590393070082324,-467.3223674608327,-467.3223674608327
2402,17,133,True,0.5171381486073949,0.033445071556575945,0.29899771579450574,-478.17193908843063,-478.17193908843063
2403,19,126,True,0.5302944617054358,0.03652765690955871,0.27376516442759175,-472.8328659276664,-472.8328659276664
2404,19,134,True,0.5496853829858168,0.035239092684251135,0.28377575125449095,-488.04177051799957,-488.04177051799957
2405,18,122,True,0.5063453900469402,0.03620452076021916,0.2762086001974595,-461.04092484896796,-461.04092484896796
2406,8,117,True,0.32785894418154443,0.02459805080222602,0.4065362772197805,-407.49920069960746,-407.49920069960746
2407,13,123,True,0.43123547985764243,0.03054476796331613,0.3273883112161752,-442.23157937521603,-442.23157937521603
2408,11,125,True,0.3999894650149181,0.02780774356955881,0.35961206183399286,-437.3178982629294,-437.3178982629294
2409,14,145,True,0.4931162338349456,0.02879592332707887,0.34727137888286724,-487.6004411195487,-487.6004411195487
2410,12,125,True,0.4179884012654155,0.029059051035269186,0.34412686043542595,-441.77205506622437,-441.77205506622437
2411,15,157,True,0.5357096829431918,0.02842883790840358,0.3517554967325624,-512.5440513579849,-512.5440513579849
2412,16,118,True,0.46783641200776005,0.03475914964162791,0.2876940346096356,-444.9550766240819,-444.9550766240819
2413,14,139,True,0.48089928296930057,0.02952746606976219,0.33866773316659804,-476.80734469401966,-476.80734469401966
2414,20,124,True,0.539329264468777,0.03784515064323791,0.2642346464483364,-472.8587824665656,-472.8587824665656
2415,18,131,True,0.5277058464561439,0.0347390355989153,0.2878606106242121,-478.43317632308117,-478.43317632308117
2416,19,126,True,0.5302944617054358,0.03652765690955871,0.27376516442759175,-472.8328659276664,-472.8328659276664
2417,11,111,True,0.373640452637851,0.02976873728509417,0.3359228812505665,-409.1487212710995,-409.1487212710995
2418,15,123,True,0.4636957647895025,0.03284395696231525,0.3044700128999036,-450.7424803720216,-450.7424803720216
2419,15,127,True,0.4723730460422159,0.03224062818561668,0.31016765375747984,-458.5262881650196,-458.5262881650196
2420,17,127,True,0.5033964627736625,0.034358053073142165,0.29105258027024367,-466.7656657824399,-466.7656657824399
2421,14,121,True,0.44352835804436697,0.03201539879763125,0.3123496934462637,-442.57600862898573,-442.57600862898573
2422,14,131,True,0.46443744622155764,0.030574057661308975,0.32707467588297434,-461.9465645164855,-461.9465645164855
2423,22,138,True,0.6027545974024543,0.03732643942049553,0.26790661405837474,-507.0401148325421,-507.0401148325421
2424,10,124,True,0.37941252379378365,0.02662366955564693,0.3756056233757973,-430.821203541681,-430.821203541681
2425,15,149,True,0.5190648779758493,0.0293404627986848,0.34082625310355547,-498.8530673914186,-498.8530673914186
2426,15,134,True,0.48740394176090013,0.031246369668929096,0.3200371789092621,-471.8029243847424,-471.8029243847424
2427,18,127,True,0.5182575509132222,0.03537235907801612,0.28270661784090584,-470.79370128984385,-470.79370128984385
2428,12,154,True,0.47285896908714137,0.02568703795123294,0.3893014063741054,-494.5870937933609,-494.5870937933609
2429,20,132,True,0.5593069017136062,0.036493376351323915,0.2740223295243882,-488.2101301552841,-488.2101301552841
2430,23,137,True,0.6139825044325457,0.03834930734498167,0.26076090266878277,-508.97546670865347,-508.97546670865347
2431,13,126,True,0.43729377589735,0.030121598787385795,0.3319876899823711,-448.08311879760356,-448.08311879760356
2432,17,130,True,0.5102857088652896,0.033894193163413536,0.2950357883365791,-472.50859331712036,-472.50859331712036
2433,16,133,True,0.5014398040874839,0.03242980656945002,0.3083582992881721,-474.08402878679715,-474.08402878679715
2434,8,127,True,0.34374364015235054,0.02346135323803363,0.4262328732082179,-427.2382029760278,-427.2382029760278
2435,16,128,True,0.4903460781051527,0.03316350752843747,0.30153625913739895,-464.60100427867906,-464.60100427867906
2436,13,133,True,0.45129745162002055,0.029186931196968975,0.3426190966263177,-461.4216604742047,-461.4216604742047
2437,11,143,True,0.4328374354537708,0.025697417927816525,0.3891441555758551,-470.9199376231657,-470.9199376231657
2438,14,121,True,0.44352835804436697,0.03201539879763125,0.3123496934462637,-442.57600862898573,-442.57600862898573
2439,11,132,True,0.41288130399391265,0.02693947235214082,0.37120251908739865,-450.71875388204484,-450.71875388204484
2440,17,122,True,0.49182588433537305,0.03516635243421975,0.2843627305022735,-457.012889341564,-457.012889341564
2441,19,134,True,0.5496853829858168,0.035239092684251135,0.28377575125449095,-488.04177051799957,-488.04177051799957
2442,18,127,True,0.5182575509132222,0.03537235907801612,0.28270661784090584,-470.79370128984385,-470.79370128984385
2443,17,118,True,0.4824827506406133,0.03584733829726606,0.2789607394857169,-449.04298692571535,-449.04298692571535
2444,14,123,True,0.44774318241832917,0.03171402227534553,0.3153179345457544,-446.5232816902502,-446.5232816902502
2445,13,123,True,0.43123547985764243,0.03054476796331613,0.3273883112161752,-442.23157937521603,-442.23157937521603
2446,16,122,True,0.47689592374960277,0.03409883591564995,0.29326514326579733,-452.9249790399306,-452.9249790399306
2447,13,125,True,0.43527834262444354,0.030261068332466324,0.3304575995180995,-446.1417696707275,-446.1417696707275
2448,18,117,True,0.4943084136224714,0.03708614233662791,0.26964249635971327,-451.0546990134235,-451.0546990134235
2449,16,121,True,0.47463834398707383,0.03426102433313496,0.29187685408251707,-450.946674626544,-450.946674626544
2450,17,127,True,0.5033964627736625,0.034358053073142165,0.29105258027024367,-466.7656657824399,-466.7656657824399
2451,12,138,True,0.4428787195155865,0.02742589731520123,0.36461888138322984,-466.318120928127,-466.318120928127
2452,15,145,True,0.510685406627989,0.02982188945424153,0.33532415896531037,-491.81963980132014,-491.81963980132014
2453,19,145,True,0.5759417995541803,0.033632589565836944,0.297330658420597,-508.05848593457733,-508.05848593457733
2454,13,145,True,0.474935686513093,0.02773425548732239,0.36056493402431883,-483.3087388045145,-483.3087388045145
2455,19,113,True,0.4981153813582222,0.03888740417008916,0.25715267484199045,-446.86331170339906,-446.86331170339906
2456,16,128,True,0.4903460781051527,0.03316350752843747,0.30153625913739895,-464.60100427867906,-464.60100427867906
2457,15,142,True,0.5043724604035161,0.03019515326068763,0.33117897808518265,-486.4600288531828,-486.4600288531828
2458,13,137,True,0.4592243346821823,0.028683122114852598,0.3486370821125443,-468.85162215297635,-468.85162215297635
2459,15,129,True,0.47668677765307904,0.03194886969035673,0.31300011853058907,-462.36382639204777,-462.36382639204777
2460,9,115,True,0.34450768855156116,0.026362213720162925,0.37933081440545274,-408.19717265343866,-408.19717265343866
2461,17,129,True,0.5079935016023118,0.03404713314295439,0.2937104853443253,-470.6032040094681,-470.6032040094681
2462,22,143,True,0.6155965989164419,0.036547770089973716,0.27361450439744717,-516.0960883308758,-516.0960883308758
2463,15,120,True,0.457141357368781,0.03331486748434442,0.3001662847585775,-444.807500683806,-444.807500683806
2464,15,139,True,0.49803317964276983,0.030579496236130675,0.32701650552976325,-481.02654337579105,-481.02654337579105
2465,19,135,True,0.5520904576056992,0.035085580435895804,0.28501737396851134,-489.90351594122694,-489.90351594122694
2466,11,130,True,0.40921467917578236,0.027180854059445758,0.36790602598908584,-446.9344432950964,-446.9344432950964
2467,19,134,True,0.5496853829858168,0.035239092684251135,0.28377575125449095,-488.04177051799957,-488.04177051799957
2468,11,115,True,0.38125510932781226,0.02917417813303639,0.3427688675375624,-417.3907553948384,-417.3907553948384
2469,18,128,True,0.5206261236707578,0.035211433603337214,0.2839986611352352,-472.71695008771644,-472.71695008771644
2470,12,130,True,0.427628736463461,0.028403952421378338,0.352063679436157,-451.38860009839135,-451.38860009839135
2471,11,127,True,0.40368996903757925,0.027552838382824525,0.3629390141610111,-441.19151576041594,-441.19151576041594
2472,13,119,True,0.4230993471864823,0.031132138958360013,0.3212114661756855,-434.2994232663816,-434.2994232663816
2473,10,134,True,0.3969488275636937,0.025447495891996002,0.392965973644004,-449.92194932849344,-449.92194932849344
2474,14,129,True,0.46028726387013125,0.030849728800785164,0.3241519581768735,-458.1446277102764,-458.1446277102764
2475,15,118,True,0.45274820829523255,0.03363813144551022,0.2972816732165642,-440.80360930829505,-440.80360930829505
2476,8,129,True,0.34688272232264405,0.023249041955570936,0.430125250713989,-431.075741203056,-431.075741203056
2477,18,121,True,0.5039483993231948,0.036376724701210825,0.27490105506027435,-459.06262043558144,-459.06262043558144
2478,13,144,True,0.47298129441578435,0.027848855388817675,0.35908118521867016,-481.5303302801525,-481.5303302801525
2479,9,96,True,0.31114447586583405,0.029188965314466155,0.34259522022330696,-367.5582650717902,-367.5582650717902
2480,21,138,True,0.5885909719563687,0.036449336683384584,0.27435341517637274,-503.22205687091486,-503.22205687091486
2481,14,137,True,0.47680345115020867,0.029781112587575646,0.3357832911914745,-473.1433244680105,-473.1433244680105
2482,15,139,True,0.49803317964276983,0.030579496236130675,0.32701650552976325,-481.02654337579105,-481.02654337579105
2483,13,118,True,0.4210542896537201,0.03128334752422014,0.3196588853625021,-432.2927083114895,-432.2927083114895
2484,19,129,True,0.5375987584176073,0.03603135955006861,0.2775360165387087,-478.6026725253049,-478.6026725253049
2485,20,135,True,0.5667256898472058,0.03601565559103302,0.27765703097432287,-493.8212736766054,-493.8212736766054
2486,15,125,True,0.46804294499649685,0.032538902477139704,0.3073244405531357,-454.6526706675331,-454.6526706675331
2487,16,118,True,0.46783641200776005,0.03475914964162791,0.2876940346096356,-444.9550766240819,-444.9550766240819
2488,10,123,True,0.3776405449542653,0.026748594116087463,0.37385142398888466,-428.8615053157726,-428.8615053157726
2489,15,118,True,0.45274820829523255,0.03363813144551022,0.2972816732165642,-440.80360930829505,-440.80360930829505
2490,6,131,True,0.30281134650653896,0.019934162595866497,0.5016513712030009,-424.9611925372947,-424.9611925372947
2491,11,140,True,0.42742756729836817,0.026022665182696376,0.3842803928726502,-465.51122207043124,-465.51122207043124
2492,21,148,True,0.6135866416205937,0.034964500610663564,0.28600437087181435,-521.1299713590465,-521.1299713590465
2493,15,128,True,0.47453191459372696,0.03209395042563824,0.3115852011789581,-460.4495369628922,-460.4495369628922
2494,13,142,True,0.46906466805412156,0.028081389554331485,0.3561077339371735,-477.94912785637723,-477.94912785637723
2495,12,150,True,0.4654190251854996,0.026097657438221778,0.3831761537859075,-487.7109816157785,-487.7109816157785
2496,12,133,True,0.4333712060206127,0.028027580318625414,0.3567914135404195,-457.0519458697016,-457.0519458697016
2497,16,123,True,0.4791488047609341,0.03393850864533317,0.2946505429717839,-454.89394768780846,-454.89394768780846
2498,12,143,True,0.4523144819486594,0.026853763850747035,0.3723872770900908,-475.37409442646066,-475.37409442646066
2499,24,116,True,0.5697484018746274,0.043168391546972704,0.23165097520760602,-472.10127615673,-472.10127615673
2500,9,148,True,0.39922219744044996,0.022749199248096163,0.4395759117032166,-470.578295871564,-470.578295871564
2501,13,132,True,0.4493075578787719,0.029316194305716355,0.34110839543897087,-459.54262528984293,-459.54262528984293
2502,20,151,True,0.6057430110095516,0.0336958031527428,0.2967728638094805,-522.4788877244816,-522.4788877244816
2503,21,123,True,0.5503518621793617,0.038981880465858036,0.2565294408708277,-474.76580071350077,-474.76580071350077
2504,13,134,True,0.4532840035862379,0.029059017228908204,0.34412726078196126,-463.29202338793687,-463.29202338793687
2505,10,134,True,0.3969488275636937,0.025447495891996002,0.392965973644004,-449.92194932849344,-449.92194932849344
2506,14,111,True,0.42216953722001715,0.033635153673934264,0.2973079920175763,-422.2642949939317,-422.2642949939317
2507,14,122,True,0.44563796561803554,0.031863840956988486,0.3138353600715788,-444.5543130423723,-444.5543130423723
2508,12,135,True,0.4371833531988,0.027783185694627732,0.3599299270397793,-460.7840542066611,-460.7840542066611
2509,17,144,True,0.5419854910371869,0.03191178116541653,0.31336389367188355,-498.2806088943784,-498.2806088943784
2510,9,143,True,0.3911182322767268,0.023220562388433556,0.4306527909496767,-461.726354881766,-461.726354881766
2511,6,129,True,0.3001054443095753,0.020113899069781126,0.4971686476752723,-421.1592557310856,-421.1592557310856
2512,9,136,True,0.3796784601349172,0.02392020161114311,0.41805667705332167,-448.98949654042286,-448.98949654042286
2513,14,106,True,0.41129001240443885,0.03452487741639052,0.28964621305947197,-411.7330827304612,-411.7330827304612
2514,16,118,True,0.46783641200776005,0.03475914964162791,0.2876940346096356,-444.9550766240819,-444.9550766240819
2515,22,125,True,0.5688790619680343,0.03954914931749079,0.2528499391914216,-482.4940489706395,-482.4940489706395
2516,16,119,True,0.4701086899585767,0.03459114073005733,0.28909136238200683,-446.96179157897404,-446.96179157897404
2517,19,122,True,0.5204889116540915,0.03721580560987732,0.2687030372209902,-465.01235785740084,-465.01235785740084
2518,19,121,True,0.5180249668496735,0.03739281964731328,0.2674310227022024,-463.0340534440144,-463.0340534440144
2519,11,121,True,0.3925440417816165,0.02833517590326283,0.3529182255349432,-429.4604349061535,-429.4604349061535
2520,16,126,True,0.48588022052308816,0.0334683223681613,0.2987899987933989,-460.745487110196,-460.745487110196
2521,14,129,True,0.46028726387013125,0.030849728800785164,0.3241519581768735,-458.1446277102764,-458.1446277102764
2522,13,148,True,0.4807839275508107,0.027396896849071393,0.3650048417924727,-488.5957500207618,-488.5957500207618
2523,12,139,True,0.44477135006825264,0.027309192201022747,0.3661770705771918,-468.14592777448235,-468.14592777448235
2524,16,130,True,0.494795378316429,0.03286529455491495,0.304272337595846,-468.42068301548693,-468.42068301548693
2525,16,141,True,0.5190006901125759,0.031332512966895536,0.3191572923169466,-488.80860718122324,-488.80860718122324
2526,14,123,True,0.44774318241832917,0.03171402227534553,0.3153179345457544,-446.5232816902502,-446.5232816902502
2527,11,147,True,0.44001668212312184,0.02527814268311665,0.39559868481472854,-478.01753172175324,-478.01753172175324
2528,16,130,True,0.494795378316429,0.03286529455491495,0.304272337595846,-468.42068301548693,-468.42068301548693
2529,20,134,True,0.5642568596866595,0.0361732372584041,0.2764474721619422,-491.95952825337804,-491.95952825337804
2530,15,140,True,0.5001493160915008,0.030450114100662017,0.32840599437302564,-482.8459944750349,-482.8459944750349
2531,20,133,True,0.5617839606538374,0.036332467086408166,0.2752359198789713,-490.089165339646,-490.089165339646
2532,11,128,True,0.40553493793666795,0.02742748758035959,0.364597740522207,-443.1147645582885,-443.1147645582885
2533,8,111,True,0.3181563554925754,0.025348200108892733,0.394505328072259,-395.19540848671136,-395.19540848671136
2534,19,132,True,0.5448632536710001,0.035550964444211804,0.28128632109805224,-484.29237241990563,-484.29237241990563
2535,15,137,True,0.49379141797585846,0.030842179892034596,0.32423129736632633,-477.36252314978196,-477.36252314978196
2536,12,138,True,0.4428787195155865,0.02742589731520123,0.36461888138322984,-466.318120928127,-466.318120928127
2537,14,103,True,0.40468995572657007,0.03508794092839577,0.28499819982047614,-405.2883956570694,-405.2883956570694
2538,16,125,True,0.48364085829782,0.0336232879703607,0.29741291240806406,-458.80413798331995,-458.80413798331995
2539,21,125,True,0.5555114493566021,0.038619816982145304,0.25893442231026614,-478.67599100901225,-478.67599100901225
2540,15,129,True,0.47668677765307904,0.03194886969035673,0.31300011853058907,-462.36382639204777,-462.36382639204777
2541,12,135,True,0.4371833531988,0.027783185694627732,0.3599299270397793,-460.7840542066611,-460.7840542066611
2542,15,127,True,0.4723730460422159,0.03224062818561668,0.31016765375747984,-458.5262881650196,-458.5262881650196
2543,10,128,True,0.38646566225748463,0.02613777793285461,0.38258799296899,-438.5685619066432,-438.5685619066432
2544,10,152,True,0.42783100179172395,0.023610616379963156,0.4235382862976152,-482.1641950168167,-482.1641950168167
2545,17,109,True,0.46114138000609567,0.03750633349056834,0.26662163611686235,-430.54136197118595,-430.54136197118595
2546,7,139,True,0.3388378894561405,0.020804822627911293,0.48065778684333593,-444.85239250658816,-444.85239250658816
2547,18,137,True,0.541756421299417,0.03383807088400716,0.29552512122451663,-489.6299362746062,-489.6299362746062
2548,14,130,True,0.4623642073860845,0.030711151585727934,0.3256146215190183,-460.05001701792867,-460.05001701792867
2549,15,135,True,0.489536512293506,0.03111025094124793,0.3214374586333334,-473.6646698079698,-473.6646698079698
2550,10,132,True,0.3934665836526774,0.0256727104116075,0.38951866942255775,-446.1725512303995,-446.1725512303995
2551,7,128,True,0.3228487558516709,0.02183518462431248,0.4579764344591553,-424.2753860936893,-424.2753860936893
2552,11,145,True,0.43643170946542975,0.025485784447889452,0.39237560140426153,-474.4848673967165,-474.4848673967165
2553,14,122,True,0.44563796561803554,0.031863840956988486,0.3138353600715788,-444.5543130423723,-444.5543130423723
2554,24,130,True,0.6085111552207997,0.040418522954540535,0.2474113171143633,-499.60920900321184,-499.60920900321184
2555,16,116,True,0.4632764307310781,0.0351012803028167,0.2848898932953608,-440.9127501690051,-440.9127501690051
2556,14,130,True,0.4623642073860845,0.030711151585727934,0.3256146215190183,-460.05001701792867,-460.05001701792867
2557,17,124,True,0.4964679607309581,0.034837539887457684,0.2870466752906462,-460.94155621535026,-460.94155621535026
2558,16,111,True,0.45178137179642097,0.03599439212847342,0.2778210551329046,-430.63496099148995,-430.63496099148995
2559,12,123,True,0.4141061273754676,0.029331481669937383,0.3409306121159663,-437.8618647707129,-437.8618647707129
2560,17,122,True,0.49182588433537305,0.03516635243421975,0.2843627305022735,-457.012889341564,-457.012889341564
2561,14,124,True,0.4498440994289218,0.03156590756414409,0.31679748094298615,-448.48297991615857,-448.48297991615857
2562,16,121,True,0.47463834398707383,0.03426102433313496,0.29187685408251707,-450.946674626544,-450.946674626544
2563,12,139,True,0.44477135006825264,0.027309192201022747,0.3661770705771918,-468.14592777448235,-468.14592777448235
2564,16,128,True,0.4903460781051527,0.03316350752843747,0.30153625913739895,-464.60100427867906,-464.60100427867906
2565,18,131,True,0.5277058464561439,0.0347390355989153,0.2878606106242121,-478.43317632308117,-478.43317632308117
2566,12,121,True,0.41020794496285745,0.029610217046435027,0.33772126642360994,-433.9145917094485,-433.9145917094485
2567,7,139,True,0.3388378894561405,0.020804822627911293,0.48065778684333593,-444.85239250658816,-444.85239250658816
2568,14,121,True,0.44352835804436697,0.03201539879763125,0.3123496934462637,-442.57600862898573,-442.57600862898573
2569,16,138,True,0.5124406404098952,0.03173361862902317,0.31512321733311954,-483.3502038452225,-483.3502038452225
2570,18,116,True,0.49188486069184484,0.03726886849091359,0.26832046168608714,-449.02869597804255,-449.02869597804255
2571,13,124,True,0.4332589388197881,0.030402114046814387,0.3289244946782846,-444.1912776011244,-444.1912776011244
2572,12,129,True,0.4257078249455601,0.028532118915304338,0.3504822067258419,-449.48321079073907,-449.48321079073907
2573,20,158,True,0.6225770194166422,0.03278469430055862,0.3050203826310989,-534.3776050515692,-534.3776050515692
2574,12,136,True,0.43908478774644105,0.027662872008985318,0.3614953644998194,-462.63723608511754,-462.63723608511754
2575,15,146,True,0.5127841904615074,0.029699830895035167,0.33670225380548113,-493.58998212837764,-493.58998212837764
2576,7,150,True,0.3545678024953469,0.01988184527793758,0.5029714224311345,-464.4174463478843,-464.4174463478843
2577,13,134,True,0.4532840035862379,0.029059017228908204,0.34412726078196126,-463.29202338793687,-463.29202338793687
2578,15,114,True,0.44390177191247876,0.034308499551015524,0.29147296241068066,-432.6799470401592,-432.6799470401592
2579,19,136,True,0.5544916557799514,0.034933644097797534,0.28625699546273425,-491.7566978196834,-491.7566978196834
2580,16,131,True,0.49701403836310004,0.03271858458231294,0.3056366932634921,-470.3172305140438,-470.3172305140438
2581,16,132,True,0.4992288190172497,0.032573431727742734,0.3069986633150174,-472.20499360243537,-472.20499360243537
2582,16,121,True,0.47463834398707383,0.03426102433313496,0.29187685408251707,-450.946674626544,-450.946674626544
2583,15,121,True,0.45933077099778946,0.03315607118868064,0.3016038885636717,-446.7952073107572,-446.7952073107572
2584,14,128,True,0.45820653482938195,0.03098981830570446,0.32268662892286937,-456.2303382811208,-456.2303382811208
2585,19,120,True,0.5155557856099241,0.03757190724821227,0.2661563048672706,-461.0463468170632,-461.0463468170632
2586,21,144,True,0.6036287557871236,0.03554129968123016,0.28136281142473624,-514.0645516184372,-514.0645516184372
2587,16,127,True,0.488115263496436,0.03331507344453028,0.30016442907292507,-462.67775548080647,-462.67775548080647
2588,14,153,True,0.509260598717432,0.02788304710125011,0.3586408602936248,-501.5410993681294,-501.5410993681294
2589,13,137,True,0.4592243346821823,0.028683122114852598,0.3486370821125443,-468.85162215297635,-468.85162215297635
2590,10,141,True,0.4090497596953055,0.02469468180664391,0.40494548900442107,-462.7761648091874,-462.7761648091874
2591,16,128,True,0.4903460781051527,0.03316350752843747,0.30153625913739895,-464.60100427867906,-464.60100427867906
2592,16,136,True,0.5080508046833585,0.032007814381703456,0.31242370630955274,-479.6693190022131,-479.6693190022131
2593,12,121,True,0.41020794496285745,0.029610217046435027,0.33772126642360994,-433.9145917094485,-433.9145917094485
2594,11,130,True,0.40921467917578236,0.027180854059445758,0.36790602598908584,-446.9344432950964,-446.9344432950964
2595,12,131,True,0.4295462216178861,0.028277157784727017,0.353642331245935,-453.2851475969482,-453.2851475969482
2596,18,126,True,0.5158844886794052,0.03553507148998247,0.2814121255621802,-468.86143291923344,-468.86143291923344
2597,17,139,True,0.5307418428647697,0.03258782516835853,0.30686306767441474,-489.26592099321135,-489.26592099321135
2598,19,123,True,0.5229477281951398,0.037040822846804954,0.2699724042675411,-466.98132650527873,-466.98132650527873
2599,14,119,True,0.4392955984301899,0.03232387784350979,0.3093688216622149,-438.5911255814158,-438.5911255814158
2600,17,126,True,0.5010914483414747,0.03451609969009719,0.28971987245908437,-464.8333974118295,-464.8333974118295
2601,16,115,True,0.46098851203207375,0.0352754904479021,0.283482947310651,-438.87699511522885,-438.87699511522885
2602,22,123,True,0.5635953164810055,0.039919925356807225,0.25050147039653164,-478.583858675128,-478.583858675128
2603,12,123,True,0.4141061273754676,0.029331481669937383,0.3409306121159663,-437.8618647707129,-437.8618647707129
2604,17,123,True,0.4941492952527668,0.03500100587204609,0.285706074749886,-458.9818579894419,-458.9818579894419
2605,12,137,True,0.44098322080222024,0.027543783326780785,0.3630583308530827,-464.48190754847326,-464.48190754847326
2606,16,142,True,0.5211810844690022,0.03120143139758786,0.3204981166592596,-490.61149616896967,-490.61149616896967
2607,11,139,True,0.4256191172510487,0.026133235145777402,0.3826544989251282,-463.6917709711874,-463.6917709711874
2608,17,139,True,0.5307418428647697,0.03258782516835853,0.30686306767441474,-489.26592099321135,-489.26592099321135
2609,21,126,True,0.5580835880294417,0.03844182299176743,0.2601333449285578,-480.61734013588836,-480.61734013588836
2610,13,121,True,0.4271760505178047,0.03083503312939583,0.32430644578963475,-438.28430631395156,-438.28430631395156
2611,17,133,True,0.5171381486073949,0.033445071556575945,0.29899771579450574,-478.17193908843063,-478.17193908843063
2612,14,110,True,0.4200051202968896,0.03380848607467357,0.2957837265446543,-420.17864764799106,-420.17864764799106
2613,18,134,True,0.5347484901580942,0.03428152210467393,0.29170233367895304,-484.0703375095667,-484.0703375095667
2614,20,115,True,0.5164646882721644,0.03952060561664472,0.2530325596981324,-454.8821316680777,-454.8821316680777
2615,20,128,True,0.5493551959846587,0.03715446292183166,0.26914667077919413,-480.6061408315278,-480.6061408315278
2616,17,135,True,0.5216871511866131,0.033153437544837405,0.3016278473831195,-481.9040474253901,-481.9040474253901
2617,12,134,True,0.43527884901379116,0.02790474729484833,0.35836196236925477,-458.9223087834337,-458.9223087834337
2618,13,131,True,0.44731424809967696,0.029446832346073187,0.3395951008405672,-457.65486220145135,-457.65486220145135
2619,11,112,True,0.37555118826207234,0.029617279405059392,0.33764073543810186,-411.2242346265321,-411.2242346265321
2620,13,118,True,0.4210542896537201,0.03128334752422014,0.3196588853625021,-432.2927083114895,-432.2927083114895
2621,9,136,True,0.3796784601349172,0.02392020161114311,0.41805667705332167,-448.98949654042286,-448.98949654042286
2622,19,114,True,0.5006244196964104,0.03869250758874672,0.25844796895273825,-448.91879317341636,-448.91879317341636
2623,16,137,True,0.5102474201629709,0.03187002071972482,0.31377450576336946,-481.5139904655688,-481.5139904655688
2624,12,125,True,0.4179884012654155,0.029059051035269186,0.34412686043542595,-441.77205506622437,-441.77205506622437
2625,14,128,True,0.45820653482938195,0.03098981830570446,0.32268662892286937,-456.2303382811208,-456.2303382811208
2626,12,134,True,0.43527884901379116,0.02790474729484833,0.35836196236925477,-458.9223087834337,-458.9223087834337
2627,12,120,True,0.4082526767288606,0.029752030977103012,0.33611150807472406,-431.9268850824973,-431.9268850824973
2628,16,145,True,0.5277044147809566,0.03081572827002025,0.32450961120814126,-495.97110711710695,-495.97110711710695
2629,14,138,True,0.4788529176277306,0.0296536509189407,0.33722660414851957,-474.97953784766423,-474.97953784766423
2630,8,126,True,0.34216966395244186,0.02356927517122829,0.42428118503225326,-425.3059346054174,-425.3059346054174
2631,19,149,True,0.5853920163505943,0.03308964525852747,0.30220934439975355,-515.0919135246758,-515.0919135246758
2632,13,119,True,0.4230993471864823,0.031132138958360013,0.3212114661756855,-434.2994232663816,-434.2994232663816
2633,19,124,True,0.5254015227384354,0.03686783025914182,0.27123917870161024,-468.9410247311871,-468.9410247311871
2634,12,143,True,0.4523144819486594,0.026853763850747035,0.3723872770900908,-475.37409442646066,-475.37409442646066
2635,11,131,True,0.411049595787752,0.027059519307745982,0.3695557148030131,-448.83099079365326,-448.83099079365326
2636,14,132,True,0.4665070599377857,0.030438418794225094,0.3285321772988169,-463.8343276048771,-463.8343276048771
2637,6,126,True,0.2960279438022687,0.020390948704378214,0.4904136705445619,-415.389449133447,-415.389449133447
2638,20,126,True,0.5443519091699357,0.037495959720710126,0.26669540063743735,-476.75062366304485,-476.75062366304485
2639,11,126,True,0.40184150311941597,0.027679581096814867,0.3612771437914108,-439.2592473898055,-439.2592473898055
2640,21,135,True,0.5810217638451467,0.036924177097359276,0.2708252637190167,-497.687990149449,-497.687990149449
2641,27,146,True,0.6922636720316498,0.040095062165648905,0.24940727011934685,-539.8614443503186,-539.8614443503186
2642,19,122,True,0.5204889116540915,0.03721580560987732,0.2687030372209902,-465.01235785740084,-465.01235785740084
2643,12,166,True,0.4950076351509542,0.02453769481922883,0.4075362446909054,-514.4885423575438,-514.4885423575438
2644,13,134,True,0.4532840035862379,0.029059017228908204,0.34412726078196126,-463.29202338793687,-463.29202338793687
2645,15,119,True,0.4549472029535704,0.03347554099350849,0.29872556807787454,-442.8103242631872,-442.8103242631872
2646,14,116,True,0.4329111569806207,0.03280058051607258,0.30487265294283156,-432.54208417144685,-432.54208417144685
2647,11,130,True,0.40921467917578236,0.027180854059445758,0.36790602598908584,-446.9344432950964,-446.9344432950964
2648,13,134,True,0.4532840035862379,0.029059017228908204,0.34412726078196126,-463.29202338793687,-463.29202338793687
2649,9,117,True,0.3479233437982573,0.02610340891383751,0.3830917269467807,-412.25893074259585,-412.25893074259585
2650,18,131,True,0.5277058464561439,0.0347390355989153,0.2878606106242121,-478.43317632308117,-478.43317632308117
2651,15,130,True,0.4788377203136749,0.03180535512611189,0.31441246168605413,-464.26921569970006,-464.26921569970006
2652,7,130,True,0.32577821955447445,0.02163883822372003,0.4621320191320722,-428.09506483049717,-428.09506483049717
2653,15,129,True,0.47668677765307904,0.03194886969035673,0.31300011853058907,-462.36382639204777,-462.36382639204777
2654,12,137,True,0.44098322080222024,0.027543783326780785,0.3630583308530827,-464.48190754847326,-464.48190754847326
2655,14,126,True,0.4540333901483297,0.031274654175125816,0.3197477402628952,-452.37482111263773,-452.37482111263773
2656,19,124,True,0.5254015227384354,0.03686783025914182,0.27123917870161024,-468.9410247311871,-468.9410247311871
2657,11,136,True,0.42017742314185946,0.026471685200241228,0.3777621229761705,-458.1830792818226,-458.1830792818226
2658,14,128,True,0.45820653482938195,0.03098981830570446,0.32268662892286937,-456.2303382811208,-456.2303382811208
2659,13,123,True,0.43123547985764243,0.03054476796331613,0.3273883112161752,-442.23157937521603,-442.23157937521603
2660,15,137,True,0.49379141797585846,0.030842179892034596,0.32423129736632633,-477.36252314978196,-477.36252314978196
2661,13,133,True,0.45129745162002055,0.029186931196968975,0.3426190966263177,-461.4216604742047,-461.4216604742047
2662,12,124,True,0.41604921136056533,0.029194494191687726,0.3425303392599008,-439.82156299662125,-439.82156299662125
2663,18,127,True,0.5182575509132222,0.03537235907801612,0.28270661784090584,-470.79370128984385,-470.79370128984385
2664,6,126,True,0.2960279438022687,0.020390948704378214,0.4904136705445619,-415.389449133447,-415.389449133447
2665,11,121,True,0.3925440417816165,0.02833517590326283,0.3529182255349432,-429.4604349061535,-429.4604349061535
2666,13,136,True,0.45724737361914475,0.028807136857985156,0.34713619924460015,-467.0069506896207,-467.0069506896207
2667,12,133,True,0.4333712060206127,0.028027580318625414,0.3567914135404195,-457.0519458697016,-457.0519458697016
2668,17,139,True,0.5307418428647697,0.03258782516835853,0.30686306767441474,-489.26592099321135,-489.26592099321135
2669,16,141,True,0.5190006901125759,0.031332512966895536,0.3191572923169466,-488.80860718122324,-488.80860718122324
2670,15,112,True,0.4394467842910774,0.0346563094480778,0.2885477466947839,-428.55900703113576,-428.55900703113576
2671,16,121,True,0.47463834398707383,0.03426102433313496,0.29187685408251707,-450.946674626544,-450.946674626544
2672,10,120,True,0.3723025406459077,0.02713211046380421,0.36856697945928574,-422.926525627557,-422.926525627557
2673,15,136,True,0.49166564559649184,0.030975529567207453,0.32283548141777696,-475.51785168642624,-475.51785168642624
2674,13,149,True,0.4827285662890993,0.027286530339520984,0.3664811859760822,-490.34216639461306,-490.34216639461306
2675,17,108,True,0.4587400861422755,0.03770266193708078,0.2652332616908661,-428.4352032198696,-428.4352032198696
2676,16,134,True,0.503647076087744,0.03228768045095723,0.30971565192455736,-475.9543917005293,-475.9543917005293
2677,13,154,True,0.4924186119429146,0.02674957312809286,0.3738377413394245,-498.95680839786405,-498.95680839786405
2678,21,126,True,0.5580835880294417,0.03844182299176743,0.2601333449285578,-480.61734013588836,-480.61734013588836
2679,16,128,True,0.4903460781051527,0.03316350752843747,0.30153625913739895,-464.60100427867906,-464.60100427867906
2680,16,148,True,0.5342024369383666,0.03044088669078122,0.32850554261379056,-501.2581183333542,-501.2581183333542
2681,21,116,True,0.5321208021876813,0.04031744374103875,0.24803159804055463,-460.78460319469747,-460.78460319469747
2682,8,137,True,0.359329688501835,0.02244370900318923,0.4455591541745177,-446.0744379607902,-446.0744379607902
2683,15,123,True,0.4636957647895025,0.03284395696231525,0.3044700128999036,-450.7424803720216,-450.7424803720216
2684,10,144,True,0.41419809389365375,0.024387735742099452,0.41004216651148345,-468.16025622070913,-468.16025622070913
2685,16,133,True,0.5014398040874839,0.03242980656945002,0.3083582992881721,-474.08402878679715,-474.08402878679715
2686,13,126,True,0.43729377589735,0.030121598787385795,0.3319876899823711,-448.08311879760356,-448.08311879760356
2687,13,123,True,0.43123547985764243,0.03054476796331613,0.3273883112161752,-442.23157937521603,-442.23157937521603
2688,13,110,True,0.40452008362390535,0.03256201163561356,0.3071063333526621,-415.8869453329569,-415.8869453329569
2689,12,120,True,0.4082526767288606,0.029752030977103012,0.33611150807472406,-431.9268850824973,-431.9268850824973
2690,12,141,True,0.4485482667434525,0.02707924026260789,0.36928657905548423,-471.77652426412766,-471.77652426412766
2691,17,125,True,0.4987819794365401,0.03467591672888426,0.2883845891713722,-462.8920482849534,-462.8920482849534
2692,22,129,True,0.5793851393826227,0.038831998675944425,0.2575195802680839,-490.2052046951542,-490.2052046951542
2693,16,120,True,0.4723759663612119,0.03442511264500967,0.29048561447335214,-448.9589679995928,-448.9589679995928
2694,16,131,True,0.49701403836310004,0.03271858458231294,0.3056366932634921,-470.3172305140438,-470.3172305140438
2695,16,146,True,0.5298731422993941,0.030689602009666934,0.3258432610774846,-497.74144944416446,-497.74144944416446
2696,19,121,True,0.5180249668496735,0.03739281964731328,0.2674310227022024,-463.0340534440144,-463.0340534440144
2697,9,136,True,0.3796784601349172,0.02392020161114311,0.41805667705332167,-448.98949654042286,-448.98949654042286
2698,11,120,True,0.3906729690616334,0.02847088320539807,0.3512360304335063,-427.47272827920233,-427.47272827920233
2699,18,131,True,0.5277058464561439,0.0347390355989153,0.2878606106242121,-478.43317632308117,-478.43317632308117
2700,14,135,True,0.47269492751085396,0.030039961155544526,0.33288991114937855,-469.4454711261984,-469.4454711261984
2701,11,130,True,0.40921467917578236,0.027180854059445758,0.36790602598908584,-446.9344432950964,-446.9344432950964
2702,13,117,True,0.4190046364916592,0.03143637688616169,0.3181028156079273,-430.27638489179367,-430.27638489179367
2703,17,133,True,0.5171381486073949,0.033445071556575945,0.29899771579450574,-478.17193908843063,-478.17193908843063
2704,19,105,True,0.4778095450409125,0.040540031816561316,0.2466697620082978,-430.053569903955,-430.053569903955
2705,14,122,True,0.44563796561803554,0.031863840956988486,0.3138353600715788,-444.5543130423723,-444.5543130423723
2706,25,135,True,0.6352666936411047,0.04037146516650911,0.2476997046987456,-512.6890095344045,-512.6890095344045
2707,16,134,True,0.503647076087744,0.03228768045095723,0.30971565192455736,-475.9543917005293,-475.9543917005293
2708,22,121,True,0.5582899196146034,0.040299282102207915,0.24814337820306037,-474.6365856138636,-474.6365856138636
2709,12,122,True,0.4121590666257165,0.029470045106523,0.339327610930143,-435.892896122835,-435.892896122835
2710,17,143,True,0.5397429975357364,0.03204436641841635,0.3120673340650874,-496.49408764518967,-496.49408764518967
2711,10,125,True,0.3811809514600892,0.02650015332630641,0.3773563072208005,-432.7716956112841,-432.7716956112841
2712,14,155,True,0.513274136441395,0.027665016124322674,0.3614673476083083,-504.94824647216694,-504.94824647216694
2713,14,125,True,0.4519408060505165,0.03141946261710607,0.31827406222268045,-450.4334719857617,-450.4334719857617
2714,11,126,True,0.40184150311941597,0.027679581096814867,0.3612771437914108,-439.2592473898055,-439.2592473898055
2715,12,121,True,0.41020794496285745,0.029610217046435027,0.33772126642360994,-433.9145917094485,-433.9145917094485
2716,24,116,True,0.5697484018746274,0.043168391546972704,0.23165097520760602,-472.10127615673,-472.10127615673
2717,18,134,True,0.5347484901580942,0.03428152210467393,0.29170233367895304,-484.0703375095667,-484.0703375095667
2718,19,139,True,0.5616728459407412,0.03448700484313415,0.28996429366613596,-497.2653895090482,-497.2653895090482
2719,16,136,True,0.5080508046833585,0.032007814381703456,0.31242370630955274,-479.6693190022131,-479.6693190022131
2720,13,137,True,0.4592243346821823,0.028683122114852598,0.3486370821125443,-468.85162215297635,-468.85162215297635
2721,14,129,True,0.46028726387013125,0.030849728800785164,0.3241519581768735,-458.1446277102764,-458.1446277102764
2722,7,119,True,0.30952425734633504,0.02277515258477136,0.4390749946802338,-406.63617339398434,-406.63617339398434
2723,14,120,True,0.44141426708145437,0.03216873200482372,0.3108608694461595,-440.58830200203454,-440.58830200203454
2724,18,124,True,0.5111245081413986,0.035866001128484946,0.27881558259523814,-464.9695917227542,-464.9695917227542
2725,11,127,True,0.40368996903757925,0.027552838382824525,0.3629390141610111,-441.19151576041594,-441.19151576041594
2726,13,149,True,0.4827285662890993,0.027286530339520984,0.3664811859760822,-490.34216639461306,-490.34216639461306
2727,11,104,True,0.36012289648251683,0.03088613521189938,0.32376987057115963,-394.33175245238925,-394.33175245238925
2728,18,129,True,0.5229903018579979,0.03505226028220541,0.285288307215857,-474.63123951687203,-474.63123951687203
2729,17,142,True,0.5374974601427368,0.03217824021013329,0.31076901454825023,-494.6994064706031,-494.6994064706031
2730,15,135,True,0.489536512293506,0.03111025094124793,0.3214374586333334,-473.6646698079698,-473.6646698079698
2731,15,141,True,0.5022623859994898,0.030322007315056524,0.32979346967687256,-484.65713986543636,-484.65713986543636
2732,9,113,True,0.3410757925609977,0.026627469647267234,0.3755520194922575,-404.09611042413854,-404.09611042413854
2733,14,134,True,0.4706357240643141,0.030171396973912128,0.3314397410450221,-467.58372570297104,-467.58372570297104
2734,13,128,True,0.44131306221976585,0.029847264442042654,0.3350390793574391,-451.9386359660866,-451.9386359660866
2735,11,114,True,0.3793584203427648,0.029320041093617955,0.34106364203482253,-415.34517463555557,-415.34517463555557
2736,17,136,True,0.5239561167477872,0.03300986825416725,0.3029397125430083,-483.75722930384654,-483.75722930384654
2737,12,139,True,0.44477135006825264,0.027309192201022747,0.3661770705771918,-468.14592777448235,-468.14592777448235
2738,19,144,True,0.5735717605499049,0.03377156180012093,0.29610712288598356,-506.2800774102153,-506.2800774102153
2739,12,145,True,0.4560704929920681,0.026632607176218986,0.37547957411129035,-478.93902420001143,-478.93902420001143
2740,16,128,True,0.4903460781051527,0.03316350752843747,0.30153625913739895,-464.60100427867906,-464.60100427867906
2741,12,130,True,0.427628736463461,0.028403952421378338,0.352063679436157,-451.38860009839135,-451.38860009839135
2742,14,129,True,0.46028726387013125,0.030849728800785164,0.3241519581768735,-458.1446277102764,-458.1446277102764
2743,9,133,True,0.374737902019362,0.02423556641827581,0.4126167231832921,-443.40420632500695,-443.40420632500695
2744,12,126,True,0.41992377835429157,0.02892512144019231,0.345720242546837,-443.7134041931005,-443.7134041931005
2745,11,109,True,0.3698042461222218,0.030077546675826232,0.3324739250770458,-404.967211949162,-404.967211949162
2746,13,140,True,0.4651371582466366,0.02831850226598451,0.3531260200865833,-474.3350934782293,-474.3350934782293
2747,5,122,True,0.2651046334025411,0.018955413423953207,0.5275537798275293,-402.3700682602141,-402.3700682602141
2748,18,140,True,0.5487319012383679,0.03340792132628779,0.2993302068192812,-495.11340759985916,-495.11340759985916
2749,12,121,True,0.41020794496285745,0.029610217046435027,0.33772126642360994,-433.9145917094485,-433.9145917094485
2750,16,127,True,0.488115263496436,0.03331507344453028,0.30016442907292507,-462.67775548080647,-462.67775548080647
2751,12,143,True,0.4523144819486594,0.026853763850747035,0.3723872770900908,-475.37409442646066,-475.37409442646066
2752,8,117,True,0.32785894418154443,0.02459805080222602,0.4065362772197805,-407.49920069960746,-407.49920069960746
2753,15,128,True,0.47453191459372696,0.03209395042563824,0.3115852011789581,-460.4495369628922,-460.4495369628922
2754,20,131,True,0.5568255904221503,0.03665599715820034,0.2728066558070129,-486.3223670668925,-486.3223670668925
2755,22,143,True,0.6155965989164419,0.036547770089973716,0.27361450439744717,-516.0960883308758,-516.0960883308758
2756,12,113,True,0.3944421601606733,0.030793732291635744,0.32474140858580564,-417.7438499688332,-417.7438499688332
2757,17,113,True,0.47068445158419236,0.03674589701571182,0.272139226747525,-438.8638431875622,-438.8638431875622
2758,23,138,True,0.6166216140228473,0.038185174232398596,0.2618817433996517,-510.8116800883072,-510.8116800883072
2759,16,116,True,0.4632764307310781,0.0351012803028167,0.2848898932953608,-440.9127501690051,-440.9127501690051
2760,10,133,True,0.3952091688339669,0.025559512418608512,0.39124377007753625,-448.05158641476135,-448.05158641476135
2761,16,121,True,0.47463834398707383,0.03426102433313496,0.29187685408251707,-450.946674626544,-450.946674626544
2762,15,124,True,0.4658715350931938,0.03269056509174297,0.3058986582806369,-452.70217859792996,-452.70217859792996
2763,19,139,True,0.5616728459407412,0.03448700484313415,0.28996429366613596,-497.2653895090482,-497.2653895090482
2764,8,148,True,0.3761994430087953,0.02143727513374672,0.466477196267259,-465.81856582857563,-465.81856582857563
2765,16,137,True,0.5102474201629709,0.03187002071972482,0.31377450576336946,-481.5139904655688,-481.5139904655688
2766,15,124,True,0.4658715350931938,0.03269056509174297,0.3058986582806369,-452.70217859792996,-452.70217859792996
2767,15,148,True,0.5169738609118366,0.02945913690005981,0.33945325804775006,-497.1066510175674,-497.1066510175674
2768,21,129,True,0.5657706532574105,0.03791951806287374,0.26371643182329385,-486.38714673352695,-486.38714673352695
2769,20,137,True,0.5716515008899177,0.035705315613363695,0.28007034325884034,-497.51912701841763,-497.51912701841763
2770,13,111,True,0.4066047013402838,0.03239506977263762,0.30868894773754935,-417.9725926788975,-417.9725926788975
2771,20,139,True,0.5765620953940647,0.035401212502839265,0.2824762004747147,-501.18314724442666,-501.18314724442666
2772,16,137,True,0.5102474201629709,0.03187002071972482,0.31377450576336946,-481.5139904655688,-481.5139904655688
2773,16,134,True,0.503647076087744,0.03228768045095723,0.30971565192455736,-475.9543917005293,-475.9543917005293
2774,19,107,True,0.4829268274387796,0.040110453711894596,0.2493115653048457,-434.318132516353,-434.318132516353
2775,12,131,True,0.4295462216178861,0.028277157784727017,0.353642331245935,-453.2851475969482,-453.2851475969482
2776,19,126,True,0.5302944617054358,0.03652765690955871,0.27376516442759175,-472.8328659276664,-472.8328659276664
2777,19,118,True,0.5106012712449338,0.037936478518721416,0.2635985307667674,-457.0424554415522,-457.0424554415522
2778,11,135,True,0.4183578659838873,0.026586818076197578,0.37612624313823834,-456.32989740336615,-456.32989740336615
2779,11,141,True,0.429233396680204,0.02591318513351092,0.38590393070082324,-467.3223674608327,-467.3223674608327
2780,21,116,True,0.5321208021876813,0.04031744374103875,0.24803159804055463,-460.78460319469747,-460.78460319469747
2781,11,132,True,0.41288130399391265,0.02693947235214082,0.37120251908739865,-450.71875388204484,-450.71875388204484
2782,11,126,True,0.40184150311941597,0.027679581096814867,0.3612771437914108,-439.2592473898055,-439.2592473898055
2783,11,121,True,0.3925440417816165,0.02833517590326283,0.3529182255349432,-429.4604349061535,-429.4604349061535
2784,9,125,True,0.36143632613925636,0.025127483479168666,0.39797061286659524,-428.1243155215297,-428.1243155215297
2785,17,129,True,0.5079935016023118,0.03404713314295439,0.2937104853443253,-470.6032040094681,-470.6032040094681
2786,13,132,True,0.4493075578787719,0.029316194305716355,0.34110839543897087,-459.54262528984293,-459.54262528984293
2787,20,122,True,0.53428642616688,0.03820235038827723,0.2617639987687406,-468.9301155927793,-468.9301155927793
2788,13,125,True,0.43527834262444354,0.030261068332466324,0.3304575995180995,-446.1417696707275,-446.1417696707275
2789,22,123,True,0.5635953164810055,0.039919925356807225,0.25050147039653164,-478.583858675128,-478.583858675128
2790,15,113,True,0.44167701714563484,0.034481313609606705,0.29001215305248523,-430.6244655701419,-430.6244655701419
2791,13,109,True,0.4024300473552697,0.03273112372290779,0.3055196052740841,-413.79108335696003,-413.79108335696003
2792,13,134,True,0.4532840035862379,0.029059017228908204,0.34412726078196126,-463.29202338793687,-463.29202338793687
2793,16,121,True,0.47463834398707383,0.03426102433313496,0.29187685408251707,-450.946674626544,-450.946674626544
2794,20,126,True,0.5443519091699357,0.037495959720710126,0.26669540063743735,-476.75062366304485,-476.75062366304485
2795,14,124,True,0.4498440994289218,0.03156590756414409,0.31679748094298615,-448.48297991615857,-448.48297991615857
2796,15,118,True,0.45274820829523255,0.03363813144551022,0.2972816732165642,-440.80360930829505,-440.80360930829505
2797,17,125,True,0.4987819794365401,0.03467591672888426,0.2883845891713722,-462.8920482849534,-462.8920482849534
2798,11,125,True,0.3999894650149181,0.02780774356955881,0.35961206183399286,-437.3178982629294,-437.3178982629294
2799,13,121,True,0.4271760505178047,0.03083503312939583,0.32430644578963475,-438.28430631395156,-438.28430631395156
2800,12,130,True,0.427628736463461,0.028403952421378338,0.352063679436157,-451.38860009839135,-451.38860009839135
2801,20,121,True,0.5317571652463325,0.03838405684796428,0.26052483299535223,-466.95181117939285,-466.95181117939285
2802,12,143,True,0.4523144819486594,0.026853763850747035,0.3723872770900908,-475.37409442646066,-475.37409442646066
2803,13,136,True,0.45724737361914475,0.028807136857985156,0.34713619924460015,-467.0069506896207,-467.0069506896207
2804,12,146,True,0.45794482377421586,0.02652360208903877,0.3770226972351027,-480.70936652706894,-480.70936652706894
2805,19,126,True,0.5302944617054358,0.03652765690955871,0.27376516442759175,-472.8328659276664,-472.8328659276664
2806,14,143,True,0.48905512914076327,0.029035044138678117,0.3444113930820176,-484.035511345998,-484.035511345998
2807,13,126,True,0.43729377589735,0.030121598787385795,0.3319876899823711,-448.08311879760356,-448.08311879760356
2808,9,123,True,0.35807930760094026,0.02536305539318389,0.39427426408126737,-424.2141252260182,-424.2141252260182
2809,13,141,True,0.4671023060546138,0.028199363392269146,0.354617934486475,-476.1462388686308,-476.1462388686308
2810,15,109,True,0.4327220678694591,0.035194885755049234,0.28413219095519726,-422.30198435376565,-422.30198435376565
2811,14,129,True,0.46028726387013125,0.030849728800785164,0.3241519581768735,-458.1446277102764,-458.1446277102764
2812,11,134,True,0.4165353713697446,0.026703145130468436,0.3744877223690757,-454.46815198013877,-454.46815198013877
2813,14,122,True,0.44563796561803554,0.031863840956988486,0.3138353600715788,-444.5543130423723,-444.5543130423723
2814,17,125,True,0.4987819794365401,0.03467591672888426,0.2883845891713722,-462.8920482849534,-462.8920482849534
2815,12,136,True,0.43908478774644105,0.027662872008985318,0.3614953644998194,-462.63723608511754,-462.63723608511754
2816,20,134,True,0.5642568596866595,0.0361732372584041,0.2764474721619422,-491.95952825337804,-491.95952825337804
2817,18,130,True,0.5253501788339919,0.034894805263954304,0.2865756070096146,-476.5366288245243,-476.5366288245243
2818,19,120,True,0.5155557856099241,0.03757190724821227,0.2661563048672706,-461.0463468170632,-461.0463468170632
2819,20,118,True,0.5241366766925954,0.03894212744073728,0.2567913120621915,-460.96021317693067,-460.96021317693067
2820,13,138,True,0.46119824002477794,0.028560359790387117,0.3501356451176716,-470.68783553263006,-470.68783553263006
2821,14,125,True,0.4519408060505165,0.03141946261710607,0.31827406222268045,-450.4334719857617,-450.4334719857617
2822,13,143,True,0.47102430941051193,0.027964560228931176,0.35759546791135804,-479.7438090309638,-479.7438090309638
2823,10,132,True,0.3934665836526774,0.0256727104116075,0.38951866942255775,-446.1725512303995,-446.1725512303995
2824,22,147,True,0.6258071756143687,0.035951462114956464,0.2781528041342113,-523.1936824294633,-523.1936824294633
2825,15,112,True,0.4394467842910774,0.0346563094480778,0.2885477466947839,-428.55900703113576,-428.55900703113576
2826,17,133,True,0.5171381486073949,0.033445071556575945,0.29899771579450574,-478.17193908843063,-478.17193908843063
2827,15,148,True,0.5169738609118366,0.02945913690005981,0.33945325804775006,-497.1066510175674,-497.1066510175674
2828,16,134,True,0.503647076087744,0.03228768045095723,0.30971565192455736,-475.9543917005293,-475.9543917005293
2829,15,123,True,0.4636957647895025,0.03284395696231525,0.3044700128999036,-450.7424803720216,-450.7424803720216
2830,14,131,True,0.46443744622155764,0.030574057661308975,0.32707467588297434,-461.9465645164855,-461.9465645164855
2831,10,100,True,0.3357120736953343,0.030089336816425952,0.3323436492139946,-381.08450774629557,-381.08450774629557
2832,9,127,True,0.36478015565427696,0.024897147427183783,0.4016524394711005,-431.9979330190162,-431.9979330190162
2833,14,129,True,0.46028726387013125,0.030849728800785164,0.3241519581768735,-458.1446277102764,-458.1446277102764
2834,12,135,True,0.4371833531988,0.027783185694627732,0.3599299270397793,-460.7840542066611,-460.7840542066611
2835,14,132,True,0.4665070599377857,0.030438418794225094,0.3285321772988169,-463.8343276048771,-463.8343276048771
2836,14,127,True,0.4561219380979125,0.031131449892683807,0.32121857589260877,-454.3070894832482,-454.3070894832482
2837,11,123,True,0.3962743651423367,0.028068443109270234,0.3562719870521524,-433.40770796741793,-433.40770796741793
2838,20,137,True,0.5716515008899177,0.035705315613363695,0.28007034325884034,-497.51912701841763,-497.51912701841763
2839,18,122,True,0.5063453900469402,0.03620452076021916,0.2762086001974595,-461.04092484896796,-461.04092484896796
2840,15,140,True,0.5001493160915008,0.030450114100662017,0.32840599437302564,-482.8459944750349,-482.8459944750349
2841,9,136,True,0.3796784601349172,0.02392020161114311,0.41805667705332167,-448.98949654042286,-448.98949654042286
2842,12,118,True,0.4043293500824417,0.03004072368737435,0.3328814613145569,-427.92299370698635,-427.92299370698635
2843,22,129,True,0.5793851393826227,0.038831998675944425,0.2575195802680839,-490.2052046951542,-490.2052046951542
2844,14,123,True,0.44774318241832917,0.03171402227534553,0.3153179345457544,-446.5232816902502,-446.5232816902502
2845,11,127,True,0.40368996903757925,0.027552838382824525,0.3629390141610111,-441.19151576041594,-441.19151576041594
2846,23,129,True,0.5927145165322143,0.03972537049486207,0.25172830046464545,-493.97676995091933,-493.97676995091933
2847,17,123,True,0.4941492952527668,0.03500100587204609,0.285706074749886,-458.9818579894419,-458.9818579894419
2848,13,133,True,0.45129745162002055,0.029186931196968975,0.3426190966263177,-461.4216604742047,-461.4216604742047
2849,12,136,True,0.43908478774644105,0.027662872008985318,0.3614953644998194,-462.63723608511754,-462.63723608511754
2850,14,128,True,0.45820653482938195,0.03098981830570446,0.32268662892286937,-456.2303382811208,-456.2303382811208
2851,9,126,True,0.3631098548366551,0.025011673995796978,0.39981330324713266,-430.0656646484058,-430.0656646484058
2852,12,130,True,0.427628736463461,0.028403952421378338,0.352063679436157,-451.38860009839135,-451.38860009839135
2853,18,144,True,0.5579857904995367,0.03285386921660497,0.3043781520547908,-502.3086444017824,-502.3086444017824
2854,18,135,True,0.5370882104080918,0.034132181326167355,0.2929786380905437,-485.93208293279406,-485.93208293279406
2855,15,122,True,0.46151554149947416,0.032999113513865544,0.3030384436175296,-448.7735117241437,-448.7735117241437
2856,17,132,True,0.5148579452479902,0.033593193121412825,0.297679353190925,-476.2929039040688,-476.2929039040688
2857,14,133,True,0.4685731268501721,0.030304207491159443,0.3299871809192592,-465.7133627892389,-465.7133627892389
2858,21,152,True,0.6234965807568479,0.03440877010038459,0.2906235814539686,-528.0684904145448,-528.0684904145448
2859,18,119,True,0.4991390283019375,0.036727226576853435,0.2722775698588221,-455.0777373880115,-455.0777373880115
2860,22,140,True,0.6079024944692125,0.0370103481562656,0.2701947022432175,-510.6873727781413,-510.6873727781413
2861,20,118,True,0.5241366766925954,0.03894212744073728,0.2567913120621915,-460.96021317693067,-460.96021317693067
2862,14,114,True,0.4286301647103766,0.033128180025415815,0.3018578138710922,-428.46074835838783,-428.46074835838783
2863,14,125,True,0.4519408060505165,0.03141946261710607,0.31827406222268045,-450.4334719857617,-450.4334719857617
2864,16,152,True,0.542830254555966,0.02995705511307944,0.3338111827832482,-508.19663738885254,-508.19663738885254
2865,16,126,True,0.48588022052308816,0.0334683223681613,0.2987899987933989,-460.745487110196,-460.745487110196
2866,12,128,True,0.4237834122933595,0.028661684087139556,0.34889785155670533,-447.5689213615835,-447.5689213615835
2867,16,151,True,0.5406769826865071,0.030076360513776008,0.3324870373002629,-506.4737511716328,-506.4737511716328
2868,18,139,True,0.5464102114160839,0.033549871145867285,0.2980637379059446,-493.2939565006153,-493.2939565006153
2869,10,130,True,0.38997237278197366,0.025902741742187988,0.38605951831396,-442.38824064345107,-442.38824064345107
2870,21,125,True,0.5555114493566021,0.038619816982145304,0.25893442231026614,-478.67599100901225,-478.67599100901225
2871,18,122,True,0.5063453900469402,0.03620452076021916,0.2762086001974595,-461.04092484896796,-461.04092484896796
2872,15,142,True,0.5043724604035161,0.03019515326068763,0.33117897808518265,-486.4600288531828,-486.4600288531828
2873,14,114,True,0.4286301647103766,0.033128180025415815,0.3018578138710922,-428.46074835838783,-428.46074835838783
2874,16,124,True,0.4813970843865228,0.03378000486542888,0.2960331130749539,-456.85364591371683,-456.85364591371683
2875,11,151,True,0.4471605186786819,0.024874299069440924,0.40202137845505775,-484.9875114512423,-484.9875114512423
2876,13,136,True,0.45724737361914475,0.028807136857985156,0.34713619924460015,-467.0069506896207,-467.0069506896207
2877,13,131,True,0.44731424809967696,0.029446832346073187,0.3395951008405672,-457.65486220145135,-457.65486220145135
2878,11,137,True,0.42199410805476356,0.026357724578032295,0.37939542051116376,-460.0277507451783,-460.0277507451783
2879,9,140,True,0.38622979635026167,0.02351446056119235,0.4252702278232884,-456.3176393290315,-456.3176393290315
2880,9,137,True,0.3813200431717309,0.02381722512746446,0.4198641926791319,-450.8341680037786,-450.8341680037786
2881,15,139,True,0.49803317964276983,0.030579496236130675,0.32701650552976325,-481.02654337579105,-481.02654337579105
2882,21,128,True,0.5632130864485044,0.038091711683975245,0.2625243014271499,-484.47285730437136,-484.47285730437136
2883,10,110,True,0.35424539946273925,0.028515130116240843,0.35069101768904365,-402.51687127351346,-402.51687127351346
2884,17,131,True,0.5125738274780762,0.03374289020940949,0.29635872736270286,-474.4051408156772,-474.4051408156772
2885,25,128,True,0.6157953755049027,0.04164800226495218,0.24010755513272836,-499.47387668932686,-499.47387668932686
2886,15,139,True,0.49803317964276983,0.030579496236130675,0.32701650552976325,-481.02654337579105,-481.02654337579105
2887,20,146,True,0.5936390172829481,0.034382843219348244,0.2908427303758493,-513.7465859970133,-513.7465859970133
2888,13,138,True,0.46119824002477794,0.028560359790387117,0.3501356451176716,-470.68783553263006,-470.68783553263006
2889,15,127,True,0.4723730460422159,0.03224062818561668,0.31016765375747984,-458.5262881650196,-458.5262881650196
2890,16,103,True,0.4330757367154575,0.03754908085156552,0.26631810348516355,-413.65906165462764,-413.65906165462764
2891,16,119,True,0.4701086899585767,0.03459114073005733,0.28909136238200683,-446.96179157897404,-446.96179157897404
2892,17,117,True,0.48013406943776016,0.036022693421991325,0.2776027845240231,-447.02666350601953,-447.02666350601953
2893,13,137,True,0.4592243346821823,0.028683122114852598,0.3486370821125443,-468.85162215297635,-468.85162215297635
2894,15,135,True,0.489536512293506,0.03111025094124793,0.3214374586333334,-473.6646698079698,-473.6646698079698
2895,15,132,True,0.4831281780086318,0.0315229051742086,0.31722964443587504,-468.0535262866485,-468.0535262866485
2896,12,114,True,0.3964289899978534,0.030639399718441512,0.3263771513767978,-419.7993314388505,-419.7993314388505
2897,7,131,True,0.3272390074912181,0.021542242912284838,0.4642042168365545,-429.991612329054,-429.991612329054
2898,9,140,True,0.38622979635026167,0.02351446056119235,0.4252702278232884,-456.3176393290315,-456.3176393290315
2899,9,137,True,0.3813200431717309,0.02381722512746446,0.4198641926791319,-450.8341680037786,-450.8341680037786
2900,14,147,True,0.4971668290988134,0.028561312681676814,0.3501239635395115,-491.13310544458545,-491.13310544458545
2901,14,140,True,0.48294261771577235,0.029402535083797476,0.3401067279232867,-478.62679579326345,-478.62679579326345
2902,19,124,True,0.5254015227384354,0.03686783025914182,0.27123917870161024,-468.9410247311871,-468.9410247311871
2903,18,118,True,0.49672643174154957,0.03690561044139078,0.2709615118243564,-453.0710224331193,-453.0710224331193
2904,11,125,True,0.3999894650149181,0.02780774356955881,0.35961206183399286,-437.3178982629294,-437.3178982629294
2905,16,128,True,0.4903460781051527,0.03316350752843747,0.30153625913739895,-464.60100427867906,-464.60100427867906
2906,21,128,True,0.5632130864485044,0.038091711683975245,0.2625243014271499,-484.47285730437136,-484.47285730437136
2907,18,142,True,0.5533652655817317,0.03312819456877908,0.3018576813547296,-498.72744197800705,-498.72744197800705
2908,16,115,True,0.46098851203207375,0.0352754904479021,0.283482947310651,-438.87699511522885,-438.87699511522885
2909,16,130,True,0.494795378316429,0.03286529455491495,0.304272337595846,-468.42068301548693,-468.42068301548693
2910,22,129,True,0.5793851393826227,0.038831998675944425,0.2575195802680839,-490.2052046951542,-490.2052046951542
2911,19,122,True,0.5204889116540915,0.03721580560987732,0.2687030372209902,-465.01235785740084,-465.01235785740084
2912,10,117,True,0.3669297788653875,0.027529391836211593,0.36324812620256314,-416.90631083235024,-416.90631083235024
2913,11,109,True,0.3698042461222218,0.030077546675826232,0.3324739250770458,-404.967211949162,-404.967211949162
2914,16,121,True,0.47463834398707383,0.03426102433313496,0.29187685408251707,-450.946674626544,-450.946674626544
2915,22,159,True,0.65615632332252,0.03428860191645081,0.29164210382116074,-543.7318125060737,-543.7318125060737
2916,18,132,True,0.5300573951239883,0.034584919207678616,0.2891433673720938,-480.32093941147275,-480.32093941147275
2917,13,114,True,0.412827133987809,0.03190678757610431,0.31341293686015625,-424.16904604335366,-424.16904604335366
2918,8,139,True,0.36241639848298096,0.02225255534434801,0.4493865915736248,-449.7384581867993,-449.7384581867993
2919,19,123,True,0.5229477281951398,0.037040822846804954,0.2699724042675411,-466.98132650527873,-466.98132650527873
2920,12,139,True,0.44477135006825264,0.027309192201022747,0.3661770705771918,-468.14592777448235,-468.14592777448235
2921,11,108,True,0.3678785706015904,0.030234988831969144,0.3307426391183727,-402.86105319784565,-402.86105319784565
2922,21,128,True,0.5632130864485044,0.038091711683975245,0.2625243014271499,-484.47285730437136,-484.47285730437136
2923,12,122,True,0.4121590666257165,0.029470045106523,0.339327610930143,-435.892896122835,-435.892896122835
2924,14,126,True,0.4540333901483297,0.031274654175125816,0.3197477402628952,-452.37482111263773,-452.37482111263773
2925,14,99,True,0.39579822873042253,0.03587620214066295,0.2787363043833941,-396.5434874430251,-396.5434874430251
2926,13,121,True,0.4271760505178047,0.03083503312939583,0.32430644578963475,-438.28430631395156,-438.28430631395156
2927,18,153,True,0.5786350723854943,0.031681439754800596,0.3156422207259293,-518.027711174725,-518.027711174725
2928,18,122,True,0.5063453900469402,0.03620452076021916,0.2762086001974595,-461.04092484896796,-461.04092484896796
2929,25,130,True,0.6213829770310015,0.041273494997105024,0.24228624207136842,-503.29355542613473,-503.29355542613473
2930,14,126,True,0.4540333901483297,0.031274654175125816,0.3197477402628952,-452.37482111263773,-452.37482111263773
2931,13,116,True,0.41695029170057285,0.03159126623002882,0.31654318403022985,-428.2503818564127,-428.2503818564127
2932,13,130,True,0.44531744685471814,0.029578871797713888,0.3380791555671466,-455.7583147028945,-455.7583147028945
2933,18,129,True,0.5229903018579979,0.03505226028220541,0.285288307215857,-474.63123951687203,-474.63123951687203
2934,16,127,True,0.488115263496436,0.03331507344453028,0.30016442907292507,-462.67775548080647,-462.67775548080647
2935,14,139,True,0.48089928296930057,0.02952746606976219,0.33866773316659804,-476.80734469401966,-476.80734469401966
2936,18,113,True,0.48457982757148466,0.03783069608503545,0.26433560665979033,-442.8918786949662,-442.8918786949662
2937,15,134,True,0.48740394176090013,0.031246369668929096,0.3200371789092621,-471.8029243847424,-471.8029243847424
2938,15,146,True,0.5127841904615074,0.029699830895035167,0.33670225380548113,-493.58998212837764,-493.58998212837764
2939,13,142,True,0.46906466805412156,0.028081389554331485,0.3561077339371735,-477.94912785637723,-477.94912785637723
2940,17,123,True,0.4941492952527668,0.03500100587204609,0.285706074749886,-458.9818579894419,-458.9818579894419
2941,11,131,True,0.411049595787752,0.027059519307745982,0.3695557148030131,-448.83099079365326,-448.83099079365326
2942,10,112,True,0.3578918241218297,0.028224600222555324,0.35430085532296146,-406.6780319748868,-406.6780319748868
2943,17,128,True,0.5056971164657591,0.03420174215286558,0.2923827667989759,-468.6889145803125,-468.6889145803125
2944,14,132,True,0.4665070599377857,0.030438418794225094,0.3285321772988169,-463.8343276048771,-463.8343276048771
2945,11,141,True,0.429233396680204,0.02591318513351092,0.38590393070082324,-467.3223674608327,-467.3223674608327
2946,23,125,True,0.5819667355275562,0.04045901995683801,0.24716367353109578,-486.26561422640464,-486.26561422640464
2947,13,124,True,0.4332589388197881,0.030402114046814387,0.3289244946782846,-444.1912776011244,-444.1912776011244
2948,12,121,True,0.41020794496285745,0.029610217046435027,0.33772126642360994,-433.9145917094485,-433.9145917094485
2949,16,118,True,0.46783641200776005,0.03475914964162791,0.2876940346096356,-444.9550766240819,-444.9550766240819
2950,12,150,True,0.4654190251854996,0.026097657438221778,0.3831761537859075,-487.7109816157785,-487.7109816157785
2951,18,144,True,0.5579857904995367,0.03285386921660497,0.3043781520547908,-502.3086444017824,-502.3086444017824
2952,23,142,True,0.6271390209144864,0.037544791476363665,0.2663485294969744,-518.0729724120544,-518.0729724120544
2953,11,113,True,0.3774571450890892,0.02946772797487938,0.3393542932296915,-413.28969316553827,-413.28969316553827
2954,16,131,True,0.49701403836310004,0.03271858458231294,0.3056366932634921,-470.3172305140438,-470.3172305140438
2955,20,131,True,0.5568255904221503,0.03665599715820034,0.2728066558070129,-486.3223670668925,-486.3223670668925
2956,13,132,True,0.4493075578787719,0.029316194305716355,0.34110839543897087,-459.54262528984293,-459.54262528984293
2957,16,110,True,0.44946513824458995,0.0361798824182239,0.2763966970484949,-428.5493136455493,-428.5493136455493
2958,11,108,True,0.3678785706015904,0.030234988831969144,0.3307426391183727,-402.86105319784565,-402.86105319784565
2959,11,136,True,0.42017742314185946,0.026471685200241228,0.3777621229761705,-458.1830792818226,-458.1830792818226
2960,12,133,True,0.4333712060206127,0.028027580318625414,0.3567914135404195,-457.0519458697016,-457.0519458697016
2961,19,138,True,0.5592827657598409,0.0346343841507411,0.28873041184957876,-495.4375826626929,-495.4375826626929
2962,10,116,True,0.36513075275861656,0.02766503117703045,0.36146715093177767,-414.8803077969693,-414.8803077969693
2963,18,133,True,0.5324049138215134,0.03443242485162607,0.2904239257935315,-482.1999745958346,-482.1999745958346
2964,16,149,True,0.5363631388533631,0.030318257678079913,0.32983425717204035,-503.0045347072055,-503.0045347072055
2965,10,134,True,0.3969488275636937,0.025447495891996002,0.392965973644004,-449.92194932849344,-449.92194932849344
2966,15,119,True,0.4549472029535704,0.03347554099350849,0.29872556807787454,-442.8103242631872,-442.8103242631872
2967,16,111,True,0.45178137179642097,0.03599439212847342,0.2778210551329046,-430.63496099148995,-430.63496099148995
2968,14,120,True,0.44141426708145437,0.03216873200482372,0.3108608694461595,-440.58830200203454,-440.58830200203454
2969,16,127,True,0.488115263496436,0.03331507344453028,0.30016442907292507,-462.67775548080647,-462.67775548080647
2970,16,149,True,0.5363631388533631,0.030318257678079913,0.32983425717204035,-503.0045347072055,-503.0045347072055
2971,23,136,True,0.6113393093468813,0.038515114940147074,0.2596383268111782,-507.1307952452978,-507.1307952452978
2972,15,118,True,0.45274820829523255,0.03363813144551022,0.2972816732165642,-440.80360930829505,-440.80360930829505
2973,15,150,True,0.5211534352286915,0.029222878931367397,0.34219763300823003,-500.5915972170872,-500.5915972170872
2974,14,119,True,0.4392955984301899,0.03232387784350979,0.3093688216622149,-438.5911255814158,-438.5911255814158
2975,10,134,True,0.3969488275636937,0.025447495891996002,0.392965973644004,-449.92194932849344,-449.92194932849344
2976,16,112,True,0.45409170718798975,0.03581125925747829,0.27924178616845907,-432.71047434692264,-432.71047434692264
2977,19,137,True,0.5568890635651064,0.03478325473696552,0.2874946601639498,-493.60136928303916,-493.60136928303916
2978,15,128,True,0.47453191459372696,0.03209395042563824,0.3115852011789581,-460.4495369628922,-460.4495369628922
2979,14,143,True,0.48905512914076327,0.029035044138678117,0.3444113930820176,-484.035511345998,-484.035511345998
2980,17,136,True,0.5239561167477872,0.03300986825416725,0.3029397125430083,-483.75722930384654,-483.75722930384654
2981,12,127,True,0.4218554225137143,0.028792675490919906,0.3473105513641347,-445.6456725637109,-445.6456725637109
2982,9,126,True,0.3631098548366551,0.025011673995796978,0.39981330324713266,-430.0656646484058,-430.0656646484058
2983,10,139,True,0.40560543280135425,0.024904384512292453,0.40153572135316734,-459.14556831954206,-459.14556831954206
2984,11,129,True,0.4073764837424639,0.02730350159507856,0.3662533893382559,-445.0290539874441,-445.0290539874441
2985,17,132,True,0.5148579452479902,0.033593193121412825,0.297679353190925,-476.2929039040688,-476.2929039040688
2986,11,118,True,0.38691858419920894,0.028747144561898762,0.34786063633095304,-423.4688369036914,-423.4688369036914
2987,17,123,True,0.4941492952527668,0.03500100587204609,0.285706074749886,-458.9818579894419,-458.9818579894419
2988,11,126,True,0.40184150311941597,0.027679581096814867,0.3612771437914108,-439.2592473898055,-439.2592473898055
2989,13,122,True,0.42920787963338985,0.03068906302710914,0.32584898376227756,-440.26261072733814,-440.26261072733814
2990,13,125,True,0.43527834262444354,0.030261068332466324,0.3304575995180995,-446.1417696707275,-446.1417696707275
2991,20,124,True,0.539329264468777,0.03784515064323791,0.2642346464483364,-472.8587824665656,-472.8587824665656
2992,13,139,True,0.46316915856622765,0.028438827210723137,0.3516319405826061,-472.5156423789855,-472.5156423789855
2993,16,125,True,0.48364085829782,0.0336232879703607,0.29741291240806406,-458.80413798331995,-458.80413798331995
2994,12,117,True,0.4023611123723068,0.030187674482028984,0.3312610252887514,-425.9066702872905,-425.9066702872905
2995,19,144,True,0.5735717605499049,0.03377156180012093,0.29610712288598356,-506.2800774102153,-506.2800774102153
2996,9,126,True,0.3631098548366551,0.025011673995796978,0.39981330324713266,-430.0656646484058,-430.0656646484058
2997,13,133,True,0.45129745162002055,0.029186931196968975,0.3426190966263177,-461.4216604742047,-461.4216604742047
2998,12,113,True,0.3944421601606733,0.030793732291635744,0.32474140858580564,-417.7438499688332,-417.7438499688332
2999,16,126,True,0.48588022052308816,0.0334683223681613,0.2987899987933989,-460.745487110196,-460.745487110196
3000,17,121,True,0.48949762756514653,0.035333618409637065,0.28301658449089245,-455.0345849281775,-455.0345849281775
3001,17,129,True,0.5079935016023118,0.03404713314295439,0.2937104853443253,-470.6032040094681,-470.6032040094681
3002,11,147,True,0.44001668212312184,0.02527814268311665,0.39559868481472854,-478.01753172175324,-478.01753172175324
3003,15,128,True,0.47453191459372696,0.03209395042563824,0.3115852011789581,-460.4495369628922,-460.4495369628922
3004,17,131,True,0.5125738274780762,0.03374289020940949,0.29635872736270286,-474.4051408156772,-474.4051408156772
3005,18,132,True,0.5300573951239883,0.034584919207678616,0.2891433673720938,-480.32093941147275,-480.32093941147275
3006,11,100,True,0.35227702812034456,0.03157402721661458,0.31671601254393983,-385.6307103979409,-385.6307103979409
3007,26,133,True,0.6425338506565031,0.04155483533867787,0.2406458819653252,-512.6002113056634,-512.6002113056634
3008,11,151,True,0.4471605186786819,0.024874299069440924,0.40202137845505775,-484.9875114512423,-484.9875114512423
3009,18,139,True,0.5464102114160839,0.033549871145867285,0.2980637379059446,-493.2939565006153,-493.2939565006153
3010,16,140,True,0.5168172004245714,0.03146488901573115,0.31781456451349355,-486.9974617908217,-486.9974617908217
3011,11,148,True,0.4418058220156911,0.025175776142816023,0.39720721789359925,-479.77187861296375,-479.77187861296375
3012,16,112,True,0.45409170718798975,0.03581125925747829,0.27924178616845907,-432.71047434692264,-432.71047434692264
3013,16,153,True,0.5449811784276678,0.029838821039098188,0.3351338843748844,-509.91176536568764,-509.91176536568764
3014,12,128,True,0.4237834122933595,0.028661684087139556,0.34889785155670533,-447.5689213615835,-447.5689213615835
3015,15,123,True,0.4636957647895025,0.03284395696231525,0.3044700128999036,-450.7424803720216,-450.7424803720216
3016,16,107,True,0.44247981141995846,0.03675104588522369,0.2721010996865439,-422.2307536988826,-422.2307536988826
3017,16,126,True,0.48588022052308816,0.0334683223681613,0.2987899987933989,-460.745487110196,-460.745487110196
3018,17,132,True,0.5148579452479902,0.033593193121412825,0.297679353190925,-476.2929039040688,-476.2929039040688
3019,10,127,True,0.38470744844967175,0.026257234424410174,0.38084742049998416,-436.6453131087706,-436.6453131087706
3020,11,129,True,0.4073764837424639,0.02730350159507856,0.3662533893382559,-445.0290539874441,-445.0290539874441
3021,17,106,True,0.45391795510192284,0.0381031906546326,0.26244521333239573,-424.1916590296529,-424.1916590296529
3022,17,141,True,0.5352488051864989,0.032313425489633944,0.30946889252604837,-492.89651748285667,-492.89651748285667
3023,14,139,True,0.48089928296930057,0.02952746606976219,0.33866773316659804,-476.80734469401966,-476.80734469401966
3024,15,139,True,0.49803317964276983,0.030579496236130675,0.32701650552976325,-481.02654337579105,-481.02654337579105
3025,17,122,True,0.49182588433537305,0.03516635243421975,0.2843627305022735,-457.012889341564,-457.012889341564
3026,19,142,True,0.5688221725552043,0.03405354976090595,0.293655142274776,-502.69887498643993,-502.69887498643993
3027,12,122,True,0.4121590666257165,0.029470045106523,0.339327610930143,-435.892896122835,-435.892896122835
3028,14,125,True,0.4519408060505165,0.03141946261710607,0.31827406222268045,-450.4334719857617,-450.4334719857617
3029,13,117,True,0.4190046364916592,0.03143637688616169,0.3181028156079273,-430.27638489179367,-430.27638489179367
3030,12,126,True,0.41992377835429157,0.02892512144019231,0.345720242546837,-443.7134041931005,-443.7134041931005
3031,15,125,True,0.46804294499649685,0.032538902477139704,0.3073244405531357,-454.6526706675331,-454.6526706675331
3032,9,119,True,0.3513234146155111,0.02585078288554983,0.38683547977147875,-416.28196911718385,-416.28196911718385
3033,16,123,True,0.4791488047609341,0.03393850864533317,0.2946505429717839,-454.89394768780846,-454.89394768780846
3034,18,136,True,0.5394241595491752,0.033984373634871515,0.29425288538315014,-487.7852648112505,-487.7852648112505
3035,18,126,True,0.5158844886794052,0.03553507148998247,0.2814121255621802,-468.86143291923344,-468.86143291923344
3036,16,136,True,0.5080508046833585,0.032007814381703456,0.31242370630955274,-479.6693190022131,-479.6693190022131
3037,17,130,True,0.5102857088652896,0.033894193163413536,0.2950357883365791,-472.50859331712036,-472.50859331712036
3038,15,126,True,0.4702100854951662,0.03238893467441552,0.3087474194666595,-456.5940197944092,-456.5940197944092
3039,13,138,True,0.46119824002477794,0.028560359790387117,0.3501356451176716,-470.68783553263006,-470.68783553263006
3040,14,121,True,0.44352835804436697,0.03201539879763125,0.3123496934462637,-442.57600862898573,-442.57600862898573
3041,14,133,True,0.4685731268501721,0.030304207491159443,0.3299871809192592,-465.7133627892389,-465.7133627892389
3042,14,138,True,0.4788529176277306,0.0296536509189407,0.33722660414851957,-474.97953784766423,-474.97953784766423
3043,14,119,True,0.4392955984301899,0.03232387784350979,0.3093688216622149,-438.5911255814158,-438.5911255814158
3044,10,122,True,0.3758649395381968,0.026874955858268306,0.3720936344132977,-426.8925366678947,-426.8925366678947
3045,13,131,True,0.44731424809967696,0.029446832346073187,0.3395951008405672,-457.65486220145135,-457.65486220145135
3046,16,122,True,0.47689592374960277,0.03409883591564995,0.29326514326579733,-452.9249790399306,-452.9249790399306
3047,11,146,True,0.43822532996911506,0.02538147321252234,0.393988162793732,-476.255209723774,-476.255209723774
3048,13,147,True,0.4788369416542402,0.027508294628011885,0.36352671567713,-486.8414031295513,-486.8414031295513
3049,20,118,True,0.5241366766925954,0.03894212744073728,0.2567913120621915,-460.96021317693067,-460.96021317693067
3050,13,152,True,0.48854899141715197,0.02696144685836421,0.3708999762710329,-495.5342690762601,-495.5342690762601
3051,14,138,True,0.4788529176277306,0.0296536509189407,0.33722660414851957,-474.97953784766423,-474.97953784766423
3052,15,130,True,0.4788377203136749,0.03180535512611189,0.31441246168605413,-464.26921569970006,-464.26921569970006
3053,13,113,True,0.4107581196419889,0.032067504061225854,0.3118421683492172,-422.11356457333636,-422.11356457333636
3054,12,152,True,0.4691430559835508,0.025890495723223834,0.38624212169989375,-491.16455447175696,-491.16455447175696
3055,12,141,True,0.4485482667434525,0.02707924026260789,0.36928657905548423,-471.77652426412766,-471.77652426412766
3056,17,145,True,0.5442250133460921,0.03178046205276228,0.31465873540157746,-500.05901741874044,-500.05901741874044
3057,19,136,True,0.5544916557799514,0.034933644097797534,0.28625699546273425,-491.7566978196834,-491.7566978196834
3058,16,150,True,0.5385212989819732,0.030196755232376367,0.3311614086694386,-504.7430645328741,-504.7430645328741
3059,12,129,True,0.4257078249455601,0.028532118915304338,0.3504822067258419,-449.48321079073907,-449.48321079073907
3060,12,122,True,0.4121590666257165,0.029470045106523,0.339327610930143,-435.892896122835,-435.892896122835
3061,12,128,True,0.4237834122933595,0.028661684087139556,0.34889785155670533,-447.5689213615835,-447.5689213615835
3062,15,144,True,0.5085839020427001,0.02994511560665877,0.33394427763626144,-490.0412312769581,-490.0412312769581
3063,16,128,True,0.4903460781051527,0.03316350752843747,0.30153625913739895,-464.60100427867906,-464.60100427867906
3064,15,138,True,0.4959139046222706,0.030710176908539014,0.32562495585036777,-479.1987365294357,-479.1987365294357
3065,15,123,True,0.4636957647895025,0.03284395696231525,0.3044700128999036,-450.7424803720216,-450.7424803720216
3066,14,125,True,0.4519408060505165,0.03141946261710607,0.31827406222268045,-450.4334719857617,-450.4334719857617
3067,17,129,True,0.5079935016023118,0.03404713314295439,0.2937104853443253,-470.6032040094681,-470.6032040094681
3068,20,126,True,0.5443519091699357,0.037495959720710126,0.26669540063743735,-476.75062366304485,-476.75062366304485
3069,17,114,True,0.4730553186130194,0.036561733277875284,0.27351000905778533,-440.9193246575795,-440.9193246575795
3070,19,140,True,0.5640593864969551,0.034341090002089424,0.29119634814711964,-499.0848406082921,-499.0848406082921
3071,23,127,True,0.5873508029449177,0.04008814434043331,0.2494503091756706,-490.13923172389116,-490.13923172389116
3072,17,141,True,0.5352488051864989,0.032313425489633944,0.30946889252604837,-492.89651748285667,-492.89651748285667
3073,14,136,True,0.4747508119792068,0.029909874617488615,0.33433774390190507,-471.29865300465485,-471.29865300465485
3074,11,120,True,0.3906729690616334,0.02847088320539807,0.3512360304335063,-427.47272827920233,-427.47272827920233
3075,12,127,True,0.4218554225137143,0.028792675490919906,0.3473105513641347,-445.6456725637109,-445.6456725637109
3076,11,123,True,0.3962743651423367,0.028068443109270234,0.3562719870521524,-433.40770796741793,-433.40770796741793
3077,7,133,True,0.3301529758527676,0.021352108584035724,0.4683378206252039,-433.75841060180744,-433.75841060180744
3078,14,115,True,0.4307731990242867,0.032963372124848504,0.30336702088988593,-430.5063291176706,-430.5063291176706
3079,18,132,True,0.5300573951239883,0.034584919207678616,0.2891433673720938,-480.32093941147275,-480.32093941147275
3080,11,126,True,0.40184150311941597,0.027679581096814867,0.3612771437914108,-439.2592473898055,-439.2592473898055
3081,13,131,True,0.44731424809967696,0.029446832346073187,0.3395951008405672,-457.65486220145135,-457.65486220145135
3082,13,141,True,0.4671023060546138,0.028199363392269146,0.354617934486475,-476.1462388686308,-476.1462388686308
3083,12,135,True,0.4371833531988,0.027783185694627732,0.3599299270397793,-460.7840542066611,-460.7840542066611
3084,14,120,True,0.44141426708145437,0.03216873200482372,0.3108608694461595,-440.58830200203454,-440.58830200203454
3085,15,124,True,0.4658715350931938,0.03269056509174297,0.3058986582806369,-452.70217859792996,-452.70217859792996
3086,14,123,True,0.44774318241832917,0.03171402227534553,0.3153179345457544,-446.5232816902502,-446.5232816902502
3087,8,124,True,0.3390125212647849,0.023788770204870715,0.4203664129704576,-421.4140934089382,-421.4140934089382
3088,17,132,True,0.5148579452479902,0.033593193121412825,0.297679353190925,-476.2929039040688,-476.2929039040688
3089,18,133,True,0.5324049138215134,0.03443242485162607,0.2904239257935315,-482.1999745958346,-482.1999745958346
3090,12,137,True,0.44098322080222024,0.027543783326780785,0.3630583308530827,-464.48190754847326,-464.48190754847326
3091,10,124,True,0.37941252379378365,0.02662366955564693,0.3756056233757973,-430.821203541681,-430.821203541681
3092,24,114,True,0.5641142470022493,0.0435995407421217,0.2293602141166354,-468.019940343671,-468.019940343671
3093,10,135,True,0.39868562388412654,0.02533663882923345,0.39468534352165074,-451.7836947517208,-451.7836947517208
3094,4,117,True,0.2313634037235404,0.017358345287100854,0.5760917780239738,-386.9826094609005,-386.9826094609005
3095,8,144,True,0.37009410946665305,0.021790919548986973,0.45890674679971843,-458.75314608796634,-458.75314608796634
3096,12,134,True,0.43527884901379116,0.02790474729484833,0.35836196236925477,-458.9223087834337,-458.9223087834337
3097,21,132,True,0.5734158313028269,0.037413948716578604,0.2672799943078147,-492.07684662812767,-492.07684662812767
3098,13,117,True,0.4190046364916592,0.03143637688616169,0.3181028156079273,-430.27638489179367,-430.27638489179367
3099,15,120,True,0.457141357368781,0.03331486748434442,0.3001662847585775,-444.807500683806,-444.807500683806
3100,9,131,True,0.3714304219412639,0.02445137710144744,0.40897492024725396,-439.63740805225353,-439.63740805225353
3101,20,108,True,0.4983442493996755,0.040957625747092365,0.24415477747046685,-440.352429471085,-440.352429471085
3102,9,143,True,0.3911182322767268,0.023220562388433556,0.4306527909496767,-461.726354881766,-461.726354881766
3103,10,127,True,0.38470744844967175,0.026257234424410174,0.38084742049998416,-436.6453131087706,-436.6453131087706
3104,18,131,True,0.5277058464561439,0.0347390355989153,0.2878606106242121,-478.43317632308117,-478.43317632308117
3105,15,140,True,0.5001493160915008,0.030450114100662017,0.32840599437302564,-482.8459944750349,-482.8459944750349
3106,17,118,True,0.4824827506406133,0.03584733829726606,0.2789607394857169,-449.04298692571535,-449.04298692571535
3107,18,126,True,0.5158844886794052,0.03553507148998247,0.2814121255621802,-468.86143291923344,-468.86143291923344
3108,17,141,True,0.5352488051864989,0.032313425489633944,0.30946889252604837,-492.89651748285667,-492.89651748285667
3109,22,135,True,0.5950032467954777,0.03781270621049472,0.2644613676771051,-501.5060481110762,-501.5060481110762
3110,9,133,True,0.374737902019362,0.02423556641827581,0.4126167231832921,-443.40420632500695,-443.40420632500695
3111,18,132,True,0.5300573951239883,0.034584919207678616,0.2891433673720938,-480.32093941147275,-480.32093941147275
3112,16,130,True,0.494795378316429,0.03286529455491495,0.304272337595846,-468.42068301548693,-468.42068301548693
3113,17,155,True,0.5664721714445133,0.030532342552159537,0.3275215448312434,-517.4068227713586,-517.4068227713586
3114,10,127,True,0.38470744844967175,0.026257234424410174,0.38084742049998416,-436.6453131087706,-436.6453131087706
3115,8,115,True,0.3246402664387849,0.024841930587999057,0.40254520334385446,-403.43744261045026,-403.43744261045026
3116,32,131,True,0.7087670560808726,0.046658349832358906,0.21432391063827794,-529.9103233959798,-529.9103233959798
3117,11,130,True,0.40921467917578236,0.027180854059445758,0.36790602598908584,-446.9344432950964,-446.9344432950964
3118,17,130,True,0.5102857088652896,0.033894193163413536,0.2950357883365791,-472.50859331712036,-472.50859331712036
3119,14,135,True,0.47269492751085396,0.030039961155544526,0.33288991114937855,-469.4454711261984,-469.4454711261984
3120,13,121,True,0.4271760505178047,0.03083503312939583,0.32430644578963475,-438.28430631395156,-438.28430631395156
3121,21,122,True,0.5477641957852583,0.03916603288552441,0.255323280487158,-472.7968320656229,-472.7968320656229
3122,19,145,True,0.5759417995541803,0.033632589565836944,0.297330658420597,-508.05848593457733,-508.05848593457733
3123,12,132,True,0.4314603539929707,0.02815170889309605,0.355218222736468,-455.1729106853398,-455.1729106853398
3124,15,122,True,0.46151554149947416,0.032999113513865544,0.3030384436175296,-448.7735117241437,-448.7735117241437
3125,19,138,True,0.5592827657598409,0.0346343841507411,0.28873041184957876,-495.4375826626929,-495.4375826626929
3126,15,127,True,0.4723730460422159,0.03224062818561668,0.31016765375747984,-458.5262881650196,-458.5262881650196
3127,15,133,True,0.48526785654459714,0.03138391207445375,0.3186345913879844,-469.93256147101033,-469.93256147101033
3128,6,142,True,0.3175353889028375,0.019009820095931607,0.5260439051782586,-445.2554581922206,-445.2554581922206
3129,10,124,True,0.37941252379378365,0.02662366955564693,0.3756056233757973,-430.821203541681,-430.821203541681
3130,17,167,True,0.5928792593176608,0.029172419363623907,0.3427895326525214,-537.2191754120756,-537.2191754120756
3131,22,134,True,0.5924112309620191,0.037978150631668775,0.2633092932034799,-499.64430268784884,-499.64430268784884
3132,18,130,True,0.5253501788339919,0.034894805263954304,0.2865756070096146,-476.5366288245243,-476.5366288245243
3133,23,131,True,0.5980587298507916,0.039370387207289255,0.2539980099090451,-497.7787067571285,-497.7787067571285
3134,13,141,True,0.4671023060546138,0.028199363392269146,0.354617934486475,-476.1462388686308,-476.1462388686308
3135,13,131,True,0.44731424809967696,0.029446832346073187,0.3395951008405672,-457.65486220145135,-457.65486220145135
3136,23,140,True,0.6218879439883216,0.03786181094928483,0.26411837546267425,-514.4589380339064,-514.4589380339064
3137,11,121,True,0.3925440417816165,0.02833517590326283,0.3529182255349432,-429.4604349061535,-429.4604349061535
3138,19,137,True,0.5568890635651064,0.03478325473696552,0.2874946601639498,-493.60136928303916,-493.60136928303916
3139,16,142,True,0.5211810844690022,0.03120143139758786,0.3204981166592596,-490.61149616896967,-490.61149616896967
3140,16,160,True,0.5599771155388862,0.02903975073540442,0.34435557285305113,-521.7038561282262,-521.7038561282262
3141,8,129,True,0.34688272232264405,0.023249041955570936,0.430125250713989,-431.075741203056,-431.075741203056
3142,15,134,True,0.48740394176090013,0.031246369668929096,0.3200371789092621,-471.8029243847424,-471.8029243847424
3143,17,134,True,0.5194145226534576,0.033298495961286145,0.30031386437472457,-480.0423020021627,-480.0423020021627
3144,14,112,True,0.4243284425755065,0.033464024175853445,0.2988283760330199,-424.3398083493644,-424.3398083493644
3145,19,144,True,0.5735717605499049,0.03377156180012093,0.29610712288598356,-506.2800774102153,-506.2800774102153
3146,13,131,True,0.44731424809967696,0.029446832346073187,0.3395951008405672,-457.65486220145135,-457.65486220145135
3147,15,124,True,0.4658715350931938,0.03269056509174297,0.3058986582806369,-452.70217859792996,-452.70217859792996
3148,13,128,True,0.44131306221976585,0.029847264442042654,0.3350390793574391,-451.9386359660866,-451.9386359660866
3149,16,126,True,0.48588022052308816,0.0334683223681613,0.2987899987933989,-460.745487110196,-460.745487110196
3150,15,116,True,0.448335291087661,0.03396922804227003,0.29438408160339635,-436.7612828532183,-436.7612828532183
3151,10,116,True,0.36513075275861656,0.02766503117703045,0.36146715093177767,-414.8803077969693,-414.8803077969693
3152,19,128,True,0.5351685426877496,0.036194978989109186,0.2762814146959149,-476.6883830961493,-476.6883830961493
3153,14,143,True,0.48905512914076327,0.029035044138678117,0.3444113930820176,-484.035511345998,-484.035511345998
3154,20,119,True,0.5266824046075127,0.038753900038369385,0.258038545542493,-462.9669281318229,-462.9669281318229
3155,12,127,True,0.4218554225137143,0.028792675490919906,0.3473105513641347,-445.6456725637109,-445.6456725637109
3156,16,135,True,0.5058507162746031,0.03214702545553448,0.31107077119256094,-477.8161371237567,-477.8161371237567
3157,16,126,True,0.48588022052308816,0.0334683223681613,0.2987899987933989,-460.745487110196,-460.745487110196
3158,18,129,True,0.5229903018579979,0.03505226028220541,0.285288307215857,-474.63123951687203,-474.63123951687203
3159,13,132,True,0.4493075578787719,0.029316194305716355,0.34110839543897087,-459.54262528984293,-459.54262528984293
3160,7,138,True,0.33739603637390575,0.020893731489893767,0.47861244913753054,-443.0245856602328,-443.0245856602328
3161,17,132,True,0.5148579452479902,0.033593193121412825,0.297679353190925,-476.2929039040688,-476.2929039040688
3162,13,134,True,0.4532840035862379,0.029059017228908204,0.34412726078196126,-463.29202338793687,-463.29202338793687
3163,13,132,True,0.4493075578787719,0.029316194305716355,0.34110839543897087,-459.54262528984293,-459.54262528984293
3164,11,137,True,0.42199410805476356,0.026357724578032295,0.37939542051116376,-460.0277507451783,-460.0277507451783
3165,16,125,True,0.48364085829782,0.0336232879703607,0.29741291240806406,-458.80413798331995,-458.80413798331995
3166,19,132,True,0.5448632536710001,0.035550964444211804,0.28128632109805224,-484.29237241990563,-484.29237241990563
3167,8,136,True,0.35778277395634783,0.022540746933573073,0.4436410217225591,-444.22976649743447,-444.22976649743447
3168,16,133,True,0.5014398040874839,0.03242980656945002,0.3083582992881721,-474.08402878679715,-474.08402878679715
3169,9,141,True,0.3878615701705565,0.02341553278877799,0.42706694270875395,-458.128784719433,-458.128784719433
3170,11,129,True,0.4073764837424639,0.02730350159507856,0.3662533893382559,-445.0290539874441,-445.0290539874441
3171,20,137,True,0.5716515008899177,0.035705315613363695,0.28007034325884034,-497.51912701841763,-497.51912701841763
3172,20,124,True,0.539329264468777,0.03784515064323791,0.2642346464483364,-472.8587824665656,-472.8587824665656
3173,14,129,True,0.46028726387013125,0.030849728800785164,0.3241519581768735,-458.1446277102764,-458.1446277102764
3174,18,134,True,0.5347484901580942,0.03428152210467393,0.29170233367895304,-484.0703375095667,-484.0703375095667
3175,14,158,True,0.5192794403627901,0.027345078886482518,0.3656965131281189,-510.00180250116216,-510.00180250116216
3176,19,132,True,0.5448632536710001,0.035550964444211804,0.28128632109805224,-484.29237241990563,-484.29237241990563
3177,18,128,True,0.5206261236707578,0.035211433603337214,0.2839986611352352,-472.71695008771644,-472.71695008771644
3178,15,119,True,0.4549472029535704,0.03347554099350849,0.29872556807787454,-442.8103242631872,-442.8103242631872
3179,16,138,True,0.5124406404098952,0.03173361862902317,0.31512321733311954,-483.3502038452225,-483.3502038452225
3180,21,131,True,0.5708719271018382,0.03758067175338805,0.2660942323123444,-490.1890835397361,-490.1890835397361
3181,12,130,True,0.427628736463461,0.028403952421378338,0.352063679436157,-451.38860009839135,-451.38860009839135
3182,14,115,True,0.4307731990242867,0.032963372124848504,0.30336702088988593,-430.5063291176706,-430.5063291176706
3183,16,126,True,0.48588022052308816,0.0334683223681613,0.2987899987933989,-460.745487110196,-460.745487110196
3184,15,141,True,0.5022623859994898,0.030322007315056524,0.32979346967687256,-484.65713986543636,-484.65713986543636
3185,12,148,True,0.4616864326844306,0.02630864895443979,0.38010313708307786,-484.2260354162587,-484.2260354162587
3186,14,154,True,0.5112684059904342,0.02777354730797636,0.36005483523986415,-503.2485107128982,-503.2485107128982
3187,22,137,True,0.6001748379479888,0.03748688139324765,0.2667599871831765,-505.2039014528884,-505.2039014528884
3188,19,130,True,0.5400245527923893,0.035869506410502364,0.27878833585153723,-480.5080618329572,-480.5080618329572
3189,21,127,True,0.560650765595598,0.03826580078392869,0.2613299550809326,-482.54960850649877,-482.54960850649877
3190,14,126,True,0.4540333901483297,0.031274654175125816,0.3197477402628952,-452.37482111263773,-452.37482111263773
3191,19,122,True,0.5204889116540915,0.03721580560987732,0.2687030372209902,-465.01235785740084,-465.01235785740084
3192,14,148,True,0.49918834565339243,0.028445650593590714,0.3515475930880333,-492.88745233579596,-492.88745233579596
3193,12,126,True,0.41992377835429157,0.02892512144019231,0.345720242546837,-443.7134041931005,-443.7134041931005
3194,22,135,True,0.5950032467954777,0.03781270621049472,0.2644613676771051,-501.5060481110762,-501.5060481110762
3195,20,136,True,0.5691905408023638,0.03585969160934236,0.2788646402467874,-495.67445555506185,-495.67445555506185
3196,17,124,True,0.4964679607309581,0.034837539887457684,0.2870466752906462,-460.94155621535026,-460.94155621535026
3197,15,123,True,0.4636957647895025,0.03284395696231525,0.3044700128999036,-450.7424803720216,-450.7424803720216
3198,19,133,True,0.547276344568992,0.035394210530825095,0.28253208222545106,-486.17140760426753,-486.17140760426753
3199,18,130,True,0.5253501788339919,0.034894805263954304,0.2865756070096146,-476.5366288245243,-476.5366288245243
3200,9,145,True,0.39436607080133235,0.023029327283103834,0.43422892371401595,-465.29128465531676,-465.29128465531676
3201,19,122,True,0.5204889116540915,0.03721580560987732,0.2687030372209902,-465.01235785740084,-465.01235785740084
3202,24,137,True,0.6275144447554609,0.03919451145856963,0.2551377636271969,-512.7025164532937,-512.7025164532937
3203,12,122,True,0.4121590666257165,0.029470045106523,0.339327610930143,-435.892896122835,-435.892896122835
3204,12,135,True,0.4371833531988,0.027783185694627732,0.3599299270397793,-460.7840542066611,-460.7840542066611
3205,21,113,True,0.5242182209239558,0.040925228558109164,0.24434805503410048,-454.6477859116211,-454.6477859116211
3206,18,133,True,0.5324049138215134,0.03443242485162607,0.2904239257935315,-482.1999745958346,-482.1999745958346
3207,11,129,True,0.4073764837424639,0.02730350159507856,0.3662533893382559,-445.0290539874441,-445.0290539874441
3208,14,129,True,0.46028726387013125,0.030849728800785164,0.3241519581768735,-458.1446277102764,-458.1446277102764
3209,17,128,True,0.5056971164657591,0.03420174215286558,0.2923827667989759,-468.6889145803125,-468.6889145803125
3210,21,130,True,0.5683235670180901,0.03774918330098982,0.2649063933454103,-488.29253604117923,-488.29253604117923
3211,17,140,True,0.5329969579945655,0.032449945774335694,0.3081669248245368,-491.0853720924552,-491.0853720924552
3212,18,134,True,0.5347484901580942,0.03428152210467393,0.29170233367895304,-484.0703375095667,-484.0703375095667
3213,17,124,True,0.4964679607309581,0.034837539887457684,0.2870466752906462,-460.94155621535026,-460.94155621535026
3214,18,144,True,0.5579857904995367,0.03285386921660497,0.3043781520547908,-502.3086444017824,-502.3086444017824
3215,17,137,True,0.5262215006544284,0.03286776074960816,0.3042495068703217,-485.60190076720227,-485.60190076720227
3216,22,151,True,0.6359673908051073,0.03537710154743236,0.28266871966863527,-530.1636621589523,-530.1636621589523
3217,20,130,True,0.5543399328851873,0.036820362469457905,0.27158885272503475,-484.42581956833567,-484.42581956833567
3218,12,131,True,0.4295462216178861,0.028277157784727017,0.353642331245935,-453.2851475969482,-453.2851475969482
3219,12,136,True,0.43908478774644105,0.027662872008985318,0.3614953644998194,-462.63723608511754,-462.63723608511754
3220,16,142,True,0.5211810844690022,0.03120143139758786,0.3204981166592596,-490.61149616896967,-490.61149616896967
3221,22,124,True,0.5662398391314453,0.03973348643196598,0.25167688259933063,-480.54355690103637,-480.54355690103637
3222,18,121,True,0.5039483993231948,0.036376724701210825,0.27490105506027435,-459.06262043558144,-459.06262043558144
3223,12,122,True,0.4121590666257165,0.029470045106523,0.339327610930143,-435.892896122835,-435.892896122835
3224,16,142,True,0.5211810844690022,0.03120143139758786,0.3204981166592596,-490.61149616896967,-490.61149616896967
3225,14,135,True,0.47269492751085396,0.030039961155544526,0.33288991114937855,-469.4454711261984,-469.4454711261984
3226,17,114,True,0.4730553186130194,0.036561733277875284,0.27351000905778533,-440.9193246575795,-440.9193246575795
3227,16,134,True,0.503647076087744,0.03228768045095723,0.30971565192455736,-475.9543917005293,-475.9543917005293
3228,18,158,True,0.5900187395595912,0.03107018634607996,0.32185194799327854,-526.4884143077578,-526.4884143077578
3229,9,125,True,0.36143632613925636,0.025127483479168666,0.39797061286659524,-428.1243155215297,-428.1243155215297
3230,10,142,True,0.41076823484288905,0.02459137002797526,0.40664672153783843,-464.5790537969338,-464.5790537969338
3231,8,121,True,0.33425283804752715,0.02412751679851138,0.41446453373175063,-415.5071221217654,-415.5071221217654
3232,19,122,True,0.5204889116540915,0.03721580560987732,0.2687030372209902,-465.01235785740084,-465.01235785740084
3233,18,123,True,0.5087373918603397,0.03603429289669409,0.2775134239117381,-463.00989349684585,-463.00989349684585
3234,18,117,True,0.4943084136224714,0.03708614233662791,0.26964249635971327,-451.0546990134235,-451.0546990134235
3235,15,117,True,0.4505442720818931,0.03380267974994046,0.2958345336516587,-438.78728588859923,-438.78728588859923
3236,15,120,True,0.457141357368781,0.03331486748434442,0.3001662847585775,-444.807500683806,-444.807500683806
3237,15,138,True,0.4959139046222706,0.030710176908539014,0.32562495585036777,-479.1987365294357,-479.1987365294357
3238,17,132,True,0.5148579452479902,0.033593193121412825,0.297679353190925,-476.2929039040688,-476.2929039040688
3239,14,129,True,0.46028726387013125,0.030849728800785164,0.3241519581768735,-458.1446277102764,-458.1446277102764
3240,14,148,True,0.49918834565339243,0.028445650593590714,0.3515475930880333,-492.88745233579596,-492.88745233579596
3241,20,134,True,0.5642568596866595,0.0361732372584041,0.2764474721619422,-491.95952825337804,-491.95952825337804
3242,16,132,True,0.4992288190172497,0.032573431727742734,0.3069986633150174,-472.20499360243537,-472.20499360243537
3243,17,149,True,0.5531548120968217,0.03126741737859484,0.31982174539448327,-507.0924450088389,-507.0924450088389
3244,20,125,True,0.5418430581174368,0.03766957415869259,0.26546623431081207,-474.8092745361687,-474.8092745361687
3245,15,126,True,0.4702100854951662,0.03238893467441552,0.3087474194666595,-456.5940197944092,-456.5940197944092
3246,15,111,True,0.43721095958345185,0.03483353609631405,0.2870796686374359,-426.48349367570313,-426.48349367570313
3247,17,114,True,0.4730553186130194,0.036561733277875284,0.27351000905778533,-440.9193246575795,-440.9193246575795
3248,18,117,True,0.4943084136224714,0.03708614233662791,0.26964249635971327,-451.0546990134235,-451.0546990134235
3249,17,137,True,0.5262215006544284,0.03286776074960816,0.3042495068703217,-485.60190076720227,-485.60190076720227
3250,19,147,True,0.5806727472810371,0.03335857287760791,0.2997730159707325,-511.5911502596141,-511.5911502596141
3251,16,135,True,0.5058507162746031,0.03214702545553448,0.31107077119256094,-477.8161371237567,-477.8161371237567
3252,10,117,True,0.3669297788653875,0.027529391836211593,0.36324812620256314,-416.90631083235024,-416.90631083235024
3253,16,136,True,0.5080508046833585,0.032007814381703456,0.31242370630955274,-479.6693190022131,-479.6693190022131
3254,16,135,True,0.5058507162746031,0.03214702545553448,0.31107077119256094,-477.8161371237567,-477.8161371237567
3255,10,146,True,0.4176188696002499,0.024187972321338996,0.4134286192802465,-471.70900707212866,-471.70900707212866
3256,17,137,True,0.5262215006544284,0.03286776074960816,0.3042495068703217,-485.60190076720227,-485.60190076720227
3257,22,118,True,0.5502891963142994,0.040885198393968994,0.24458729302571047,-468.64498761140146,-468.64498761140146
3258,16,147,True,0.5320391270791311,0.030564661554227008,0.32717522431119567,-499.5037714421437,-499.5037714421437
3259,16,133,True,0.5014398040874839,0.03242980656945002,0.3083582992881721,-474.08402878679715,-474.08402878679715
3260,19,135,True,0.5520904576056992,0.035085580435895804,0.28501737396851134,-489.90351594122694,-489.90351594122694
3261,13,117,True,0.4190046364916592,0.03143637688616169,0.3181028156079273,-430.27638489179367,-430.27638489179367
3262,10,124,True,0.37941252379378365,0.02662366955564693,0.3756056233757973,-430.821203541681,-430.821203541681
3263,11,133,True,0.414709873107183,0.026820688859715516,0.37284650115828794,-452.5977890664067,-452.5977890664067
3264,11,131,True,0.411049595787752,0.027059519307745982,0.3695557148030131,-448.83099079365326,-448.83099079365326
3265,11,128,True,0.40553493793666795,0.02742748758035959,0.364597740522207,-443.1147645582885,-443.1147645582885
3266,14,125,True,0.4519408060505165,0.03141946261710607,0.31827406222268045,-450.4334719857617,-450.4334719857617
3267,15,134,True,0.48740394176090013,0.031246369668929096,0.3200371789092621,-471.8029243847424,-471.8029243847424
3268,14,131,True,0.46443744622155764,0.030574057661308975,0.32707467588297434,-461.9465645164855,-461.9465645164855
3269,19,128,True,0.5351685426877496,0.036194978989109186,0.2762814146959149,-476.6883830961493,-476.6883830961493
3270,13,128,True,0.44131306221976585,0.029847264442042654,0.3350390793574391,-451.9386359660866,-451.9386359660866
3271,11,133,True,0.414709873107183,0.026820688859715516,0.37284650115828794,-452.5977890664067,-452.5977890664067
3272,12,112,True,0.39245043808625324,0.030950013315701137,0.3231016380508934,-415.67839142982706,-415.67839142982706
3273,18,119,True,0.4991390283019375,0.036727226576853435,0.2722775698588221,-455.0777373880115,-455.0777373880115
3274,16,129,True,0.49257275373541376,0.03301359185919357,0.3029055439544733,-466.51529370783464,-466.51529370783464
3275,13,139,True,0.46316915856622765,0.028438827210723137,0.3516319405826061,-472.5156423789855,-472.5156423789855
3276,22,117,True,0.5476104396337745,0.041085197317301564,0.24339666480776176,-466.62866419170564,-466.62866419170564
3277,16,122,True,0.47689592374960277,0.03409883591564995,0.29326514326579733,-452.9249790399306,-452.9249790399306
3278,8,117,True,0.32785894418154443,0.02459805080222602,0.4065362772197805,-407.49920069960746,-407.49920069960746
3279,19,122,True,0.5204889116540915,0.03721580560987732,0.2687030372209902,-465.01235785740084,-465.01235785740084
3280,8,115,True,0.3246402664387849,0.024841930587999057,0.40254520334385446,-403.43744261045026,-403.43744261045026
3281,19,141,True,0.5664424686637763,0.034196613477639845,0.2924266172303496,-500.8959859986935,-500.8959859986935
3282,13,118,True,0.4210542896537201,0.03128334752422014,0.3196588853625021,-432.2927083114895,-432.2927083114895
3283,10,127,True,0.38470744844967175,0.026257234424410174,0.38084742049998416,-436.6453131087706,-436.6453131087706
3284,11,129,True,0.4073764837424639,0.02730350159507856,0.3662533893382559,-445.0290539874441,-445.0290539874441
3285,14,121,True,0.44352835804436697,0.03201539879763125,0.3123496934462637,-442.57600862898573,-442.57600862898573
3286,16,134,True,0.503647076087744,0.03228768045095723,0.30971565192455736,-475.9543917005293,-475.9543917005293
3287,16,134,True,0.503647076087744,0.03228768045095723,0.30971565192455736,-475.9543917005293,-475.9543917005293
3288,7,132,True,0.32869724119717464,0.021446672822915718,0.46627279124223997,-431.8793754174456,-431.8793754174456
3289,18,153,True,0.5786350723854943,0.031681439754800596,0.3156422207259293,-518.027711174725,-518.027711174725
3290,20,127,True,0.5468559211840673,0.037324268549443734,0.2679221961644855,-478.6828920336552,-478.6828920336552
3291,12,145,True,0.4560704929920681,0.026632607176218986,0.37547957411129035,-478.93902420001143,-478.93902420001143
3292,9,163,True,0.4232653885181678,0.021456952446858895,0.46604940868310074,-495.96540351603693,-495.96540351603693
3293,13,124,True,0.4332589388197881,0.030402114046814387,0.3289244946782846,-444.1912776011244,-444.1912776011244
3294,12,131,True,0.4295462216178861,0.028277157784727017,0.353642331245935,-453.2851475969482,-453.2851475969482
3295,19,129,True,0.5375987584176073,0.03603135955006861,0.2775360165387087,-478.6026725253049,-478.6026725253049
3296,20,118,True,0.5241366766925954,0.03894212744073728,0.2567913120621915,-460.96021317693067,-460.96021317693067
3297,12,126,True,0.41992377835429157,0.02892512144019231,0.345720242546837,-443.7134041931005,-443.7134041931005
3298,15,132,True,0.4831281780086318,0.0315229051742086,0.31722964443587504,-468.0535262866485,-468.0535262866485
3299,11,150,True,0.4453776859073718,0.024973870100831998,0.40041851581773275,-483.25682481248356,-483.25682481248356
3300,14,137,True,0.47680345115020867,0.029781112587575646,0.3357832911914745,-473.1433244680105,-473.1433244680105
3301,15,124,True,0.4658715350931938,0.03269056509174297,0.3058986582806369,-452.70217859792996,-452.70217859792996
3302,16,126,True,0.48588022052308816,0.0334683223681613,0.2987899987933989,-460.745487110196,-460.745487110196
3303,16,127,True,0.488115263496436,0.03331507344453028,0.30016442907292507,-462.67775548080647,-462.67775548080647
3304,7,127,True,0.32137996522986545,0.021934977137447645,0.4558928845623407,-422.3521372958167,-422.3521372958167
3305,12,113,True,0.3944421601606733,0.030793732291635744,0.32474140858580564,-417.7438499688332,-417.7438499688332
3306,18,128,True,0.5206261236707578,0.035211433603337214,0.2839986611352352,-472.71695008771644,-472.71695008771644
3307,13,137,True,0.4592243346821823,0.028683122114852598,0.3486370821125443,-468.85162215297635,-468.85162215297635
3308,15,124,True,0.4658715350931938,0.03269056509174297,0.3058986582806369,-452.70217859792996,-452.70217859792996
3309,12,116,True,0.400388369392041,0.03033641137719754,0.32963688010627823,-423.8806672519096,-423.8806672519096
3310,18,147,True,0.5648938183471749,0.03245210266140523,0.3081464429080843,-507.61971725118116,-507.61971725118116
3311,11,127,True,0.40368996903757925,0.027552838382824525,0.3629390141610111,-441.19151576041594,-441.19151576041594
3312,18,141,True,0.5510502266479108,0.03326737073916276,0.30059484046413903,-496.9245529902606,-496.9245529902606
3313,15,127,True,0.4723730460422159,0.03224062818561668,0.31016765375747984,-458.5262881650196,-458.5262881650196
3314,21,137,True,0.5860718321086411,0.03660600856459748,0.27317919631563525,-501.38584349126114,-501.38584349126114
3315,12,134,True,0.43527884901379116,0.02790474729484833,0.35836196236925477,-458.9223087834337,-458.9223087834337
3316,22,115,True,0.5422344034906946,0.04149254053326402,0.24100717554238776,-462.56690610254844,-462.56690610254844
3317,19,135,True,0.5520904576056992,0.035085580435895804,0.28501737396851134,-489.90351594122694,-489.90351594122694
3318,13,111,True,0.4066047013402838,0.03239506977263762,0.30868894773754935,-417.9725926788975,-417.9725926788975
3319,12,130,True,0.427628736463461,0.028403952421378338,0.352063679436157,-451.38860009839135,-451.38860009839135
3320,18,121,True,0.5039483993231948,0.036376724701210825,0.27490105506027435,-459.06262043558144,-459.06262043558144
3321,17,127,True,0.5033964627736625,0.034358053073142165,0.29105258027024367,-466.7656657824399,-466.7656657824399
3322,11,141,True,0.429233396680204,0.02591318513351092,0.38590393070082324,-467.3223674608327,-467.3223674608327
3323,11,121,True,0.3925440417816165,0.02833517590326283,0.3529182255349432,-429.4604349061535,-429.4604349061535
3324,13,114,True,0.412827133987809,0.03190678757610431,0.31341293686015625,-424.16904604335366,-424.16904604335366
3325,12,128,True,0.4237834122933595,0.028661684087139556,0.34889785155670533,-447.5689213615835,-447.5689213615835
3326,14,121,True,0.44352835804436697,0.03201539879763125,0.3123496934462637,-442.57600862898573,-442.57600862898573
3327,14,107,True,0.4134776440064016,0.034342212854025896,0.29118682720026623,-413.86008770132435,-413.86008770132435
3328,10,124,True,0.37941252379378365,0.02662366955564693,0.3756056233757973,-430.821203541681,-430.821203541681
3329,19,119,True,0.5130812577969202,0.0377531119366714,0.26487882685735703,-459.0491703964444,-459.0491703964444
3330,19,118,True,0.5106012712449338,0.037936478518721416,0.2635985307667674,-457.0424554415522,-457.0424554415522
3331,11,141,True,0.429233396680204,0.02591318513351092,0.38590393070082324,-467.3223674608327,-467.3223674608327
3332,19,130,True,0.5400245527923893,0.035869506410502364,0.27878833585153723,-480.5080618329572,-480.5080618329572
3333,13,135,True,0.4552672869086034,0.028932427276386542,0.34563294342613243,-465.15376881116424,-465.15376881116424
3334,17,124,True,0.4964679607309581,0.034837539887457684,0.2870466752906462,-460.94155621535026,-460.94155621535026
3335,14,110,True,0.4200051202968896,0.03380848607467357,0.2957837265446543,-420.17864764799106,-420.17864764799106
3336,20,147,True,0.5960656605178045,0.03424286720761007,0.29203162046481956,-515.5089079949926,-515.5089079949926
3337,14,132,True,0.4665070599377857,0.030438418794225094,0.3285321772988169,-463.8343276048771,-463.8343276048771
3338,14,112,True,0.4243284425755065,0.033464024175853445,0.2988283760330199,-424.3398083493644,-424.3398083493644
3339,15,120,True,0.457141357368781,0.03331486748434442,0.3001662847585775,-444.807500683806,-444.807500683806
3340,15,135,True,0.489536512293506,0.03111025094124793,0.3214374586333334,-473.6646698079698,-473.6646698079698
3341,17,130,True,0.5102857088652896,0.033894193163413536,0.2950357883365791,-472.50859331712036,-472.50859331712036
3342,16,116,True,0.4632764307310781,0.0351012803028167,0.2848898932953608,-440.9127501690051,-440.9127501690051
3343,15,112,True,0.4394467842910774,0.0346563094480778,0.2885477466947839,-428.55900703113576,-428.55900703113576
3344,13,143,True,0.47102430941051193,0.027964560228931176,0.35759546791135804,-479.7438090309638,-479.7438090309638
3345,12,139,True,0.44477135006825264,0.027309192201022747,0.3661770705771918,-468.14592777448235,-468.14592777448235
3346,13,128,True,0.44131306221976585,0.029847264442042654,0.3350390793574391,-451.9386359660866,-451.9386359660866
3347,13,130,True,0.44531744685471814,0.029578871797713888,0.3380791555671466,-455.7583147028945,-455.7583147028945
3348,13,117,True,0.4190046364916592,0.03143637688616169,0.3181028156079273,-430.27638489179367,-430.27638489179367
3349,13,124,True,0.4332589388197881,0.030402114046814387,0.3289244946782846,-444.1912776011244,-444.1912776011244
3350,8,110,True,0.3165252027463036,0.02547882726231346,0.3924827425158346,-393.1097611407707,-393.1097611407707
3351,10,147,True,0.4193259878575743,0.02408950065406079,0.4151186088747045,-473.4713290701079,-473.4713290701079
3352,10,156,True,0.4346013850381509,0.023242801349731067,0.4302407377463434,-488.9785707670689,-488.9785707670689
3353,10,110,True,0.35424539946273925,0.028515130116240843,0.35069101768904365,-402.51687127351346,-402.51687127351346
3354,18,122,True,0.5063453900469402,0.03620452076021916,0.2762086001974595,-461.04092484896796,-461.04092484896796
3355,19,136,True,0.5544916557799514,0.034933644097797534,0.28625699546273425,-491.7566978196834,-491.7566978196834
3356,14,143,True,0.48905512914076327,0.029035044138678117,0.3444113930820176,-484.035511345998,-484.035511345998
3357,13,128,True,0.44131306221976585,0.029847264442042654,0.3350390793574391,-451.9386359660866,-451.9386359660866
3358,10,127,True,0.38470744844967175,0.026257234424410174,0.38084742049998416,-436.6453131087706,-436.6453131087706
3359,9,114,True,0.3427938126659581,0.026494017623024294,0.3774436985091165,-406.15159189415584,-406.15159189415584
3360,16,131,True,0.49701403836310004,0.03271858458231294,0.3056366932634921,-470.3172305140438,-470.3172305140438
3361,23,110,True,0.5408429721141795,0.04353537899343252,0.22969824154990218,-456.010789888634,-456.010789888634
3362,17,134,True,0.5194145226534576,0.033298495961286145,0.30031386437472457,-480.0423020021627,-480.0423020021627
3363,16,129,True,0.49257275373541376,0.03301359185919357,0.3029055439544733,-466.51529370783464,-466.51529370783464
3364,17,132,True,0.5148579452479902,0.033593193121412825,0.297679353190925,-476.2929039040688,-476.2929039040688
3365,11,120,True,0.3906729690616334,0.02847088320539807,0.3512360304335063,-427.47272827920233,-427.47272827920233
3366,20,125,True,0.5418430581174368,0.03766957415869259,0.26546623431081207,-474.8092745361687,-474.8092745361687
3367,17,136,True,0.5239561167477872,0.03300986825416725,0.3029397125430083,-483.75722930384654,-483.75722930384654
3368,18,123,True,0.5087373918603397,0.03603429289669409,0.2775134239117381,-463.00989349684585,-463.00989349684585
3369,14,126,True,0.4540333901483297,0.031274654175125816,0.3197477402628952,-452.37482111263773,-452.37482111263773
3370,7,141,True,0.3417152386259556,0.020629639515336976,0.48473944455333606,-448.4829889962335,-448.4829889962335
3371,12,121,True,0.41020794496285745,0.029610217046435027,0.33772126642360994,-433.9145917094485,-433.9145917094485
3372,14,131,True,0.46443744622155764,0.030574057661308975,0.32707467588297434,-461.9465645164855,-461.9465645164855
3373,19,123,True,0.5229477281951398,0.037040822846804954,0.2699724042675411,-466.98132650527873,-466.98132650527873
3374,18,132,True,0.5300573951239883,0.034584919207678616,0.2891433673720938,-480.32093941147275,-480.32093941147275
3375,16,112,True,0.45409170718798975,0.03581125925747829,0.27924178616845907,-432.71047434692264,-432.71047434692264
3376,6,149,True,0.32678522487528777,0.0184717366565097,0.5413676139907431,-457.64849673045643,-457.64849673045643
3377,16,135,True,0.5058507162746031,0.03214702545553448,0.31107077119256094,-477.8161371237567,-477.8161371237567
3378,22,145,True,0.6207085016215104,0.036246777523738366,0.2758865941517395,-519.6610181044266,-519.6610181044266
3379,16,121,True,0.47463834398707383,0.03426102433313496,0.29187685408251707,-450.946674626544,-450.946674626544
3380,15,125,True,0.46804294499649685,0.032538902477139704,0.3073244405531357,-454.6526706675331,-454.6526706675331
3381,21,114,True,0.52685874089804,0.04072011877238662,0.24557885147381409,-456.7032673816384,-456.7032673816384
3382,9,136,True,0.3796784601349172,0.02392020161114311,0.41805667705332167,-448.98949654042286,-448.98949654042286
3383,23,132,True,0.6007237831544794,0.03919572426995176,0.2551298690420221,-499.66646984552006,-499.66646984552006
3384,8,117,True,0.32785894418154443,0.02459805080222602,0.4065362772197805,-407.49920069960746,-407.49920069960746
3385,14,141,True,0.48498299142008017,0.029278835571677875,0.3415436374004314,-480.437941183665,-480.437941183665
3386,16,142,True,0.5211810844690022,0.03120143139758786,0.3204981166592596,-490.61149616896967,-490.61149616896967
3387,9,150,True,0.40244978585313573,0.02256675399785113,0.44312974745735384,-474.06324207108383,-474.06324207108383
3388,15,126,True,0.4702100854951662,0.03238893467441552,0.3087474194666595,-456.5940197944092,-456.5940197944092
3389,9,125,True,0.36143632613925636,0.025127483479168666,0.39797061286659524,-428.1243155215297,-428.1243155215297
3390,12,134,True,0.43527884901379116,0.02790474729484833,0.35836196236925477,-458.9223087834337,-458.9223087834337
3391,18,116,True,0.49188486069184484,0.03726886849091359,0.26832046168608714,-449.02869597804255,-449.02869597804255
3392,14,137,True,0.47680345115020867,0.029781112587575646,0.3357832911914745,-473.1433244680105,-473.1433244680105
3393,12,146,True,0.45794482377421586,0.02652360208903877,0.3770226972351027,-480.70936652706894,-480.70936652706894
3394,14,135,True,0.47269492751085396,0.030039961155544526,0.33288991114937855,-469.4454711261984,-469.4454711261984
3395,10,132,True,0.3934665836526774,0.0256727104116075,0.38951866942255775,-446.1725512303995,-446.1725512303995
3396,20,127,True,0.5468559211840673,0.037324268549443734,0.2679221961644855,-478.6828920336552,-478.6828920336552
3397,16,134,True,0.503647076087744,0.03228768045095723,0.30971565192455736,-475.9543917005293,-475.9543917005293
3398,16,113,True,0.45639626437342123,0.03563043153980519,0.280658963920443,-434.7759328859288,-434.7759328859288
3399,11,130,True,0.40921467917578236,0.027180854059445758,0.36790602598908584,-446.9344432950964,-446.9344432950964
3400,10,129,True,0.38822061393448554,0.026019622081336426,0.38432533603833097,-440.4828513357988,-440.4828513357988
3401,15,134,True,0.48740394176090013,0.031246369668929096,0.3200371789092621,-471.8029243847424,-471.8029243847424
3402,15,136,True,0.49166564559649184,0.030975529567207453,0.32283548141777696,-475.51785168642624,-475.51785168642624
3403,14,136,True,0.4747508119792068,0.029909874617488615,0.33433774390190507,-471.29865300465485,-471.29865300465485
3404,14,145,True,0.4931162338349456,0.02879592332707887,0.34727137888286724,-487.6004411195487,-487.6004411195487
3405,19,127,True,0.5327338096360101,0.036360399523826165,0.27502448078017466,-474.76513429827673,-474.76513429827673
3406,16,138,True,0.5124406404098952,0.03173361862902317,0.31512321733311954,-483.3502038452225,-483.3502038452225
3407,12,124,True,0.41604921136056533,0.029194494191687726,0.3425303392599008,-439.82156299662125,-439.82156299662125
3408,12,131,True,0.4295462216178861,0.028277157784727017,0.353642331245935,-453.2851475969482,-453.2851475969482
3409,14,140,True,0.48294261771577235,0.029402535083797476,0.3401067279232867,-478.62679579326345,-478.62679579326345
3410,13,132,True,0.4493075578787719,0.029316194305716355,0.34110839543897087,-459.54262528984293,-459.54262528984293
3411,14,116,True,0.4329111569806207,0.03280058051607258,0.30487265294283156,-432.54208417144685,-432.54208417144685
3412,13,117,True,0.4190046364916592,0.03143637688616169,0.3181028156079273,-430.27638489179367,-430.27638489179367
3413,16,121,True,0.47463834398707383,0.03426102433313496,0.29187685408251707,-450.946674626544,-450.946674626544
3414,18,125,True,0.5135068404695095,0.035699606589533285,0.28011513165895463,-466.92008379235733,-466.92008379235733
3415,23,116,True,0.5574621486454316,0.0422374932973276,0.2367564743865306,-468.3742264120898,-468.3742264120898
3416,10,138,True,0.40387946453849416,0.025010812744100174,0.3998270708879266,-457.3177614731867,-457.3177614731867
3417,13,132,True,0.4493075578787719,0.029316194305716355,0.34110839543897087,-459.54262528984293,-459.54262528984293
3418,12,119,True,0.40629317470891196,0.029895521363912922,0.33449826408015304,-429.9297086618785,-429.9297086618785
3419,10,130,True,0.38997237278197366,0.025902741742187988,0.38605951831396,-442.38824064345107,-442.38824064345107
3420,16,122,True,0.47689592374960277,0.03409883591564995,0.29326514326579733,-452.9249790399306,-452.9249790399306
3421,19,133,True,0.547276344568992,0.035394210530825095,0.28253208222545106,-486.17140760426753,-486.17140760426753
3422,19,126,True,0.5302944617054358,0.03652765690955871,0.27376516442759175,-472.8328659276664,-472.8328659276664
3423,13,123,True,0.43123547985764243,0.03054476796331613,0.3273883112161752,-442.23157937521603,-442.23157937521603
3424,14,120,True,0.44141426708145437,0.03216873200482372,0.3108608694461595,-440.58830200203454,-440.58830200203454
3425,11,116,True,0.3831473054909595,0.02903009968817934,0.34447005375155026,-419.42651044861464,-419.42651044861464
3426,18,121,True,0.5039483993231948,0.036376724701210825,0.27490105506027435,-459.06262043558144,-459.06262043558144
3427,9,133,True,0.374737902019362,0.02423556641827581,0.4126167231832921,-443.40420632500695,-443.40420632500695
3428,17,129,True,0.5079935016023118,0.03404713314295439,0.2937104853443253,-470.6032040094681,-470.6032040094681
3429,11,115,True,0.38125510932781226,0.02917417813303639,0.3427688675375624,-417.3907553948384,-417.3907553948384
3430,13,130,True,0.44531744685471814,0.029578871797713888,0.3380791555671466,-455.7583147028945,-455.7583147028945
3431,18,118,True,0.49672643174154957,0.03690561044139078,0.2709615118243564,-453.0710224331193,-453.0710224331193
3432,17,133,True,0.5171381486073949,0.033445071556575945,0.29899771579450574,-478.17193908843063,-478.17193908843063
3433,16,114,True,0.4586951609093932,0.03545185831160795,0.28207266067984127,-436.8314143559461,-436.8314143559461
3434,20,114,True,0.5138953512024558,0.03971819790229312,0.25177375933822643,-452.83655090879483,-452.83655090879483
3435,22,129,True,0.5793851393826227,0.038831998675944425,0.2575195802680839,-490.2052046951542,-490.2052046951542
3436,11,121,True,0.3925440417816165,0.02833517590326283,0.3529182255349432,-429.4604349061535,-429.4604349061535
3437,17,117,True,0.48013406943776016,0.036022693421991325,0.2776027845240231,-447.02666350601953,-447.02666350601953
3438,9,121,True,0.35470853289626175,0.025604079043939167,0.39056276864475375,-420.2668521647538,-420.2668521647538
3439,20,133,True,0.5617839606538374,0.036332467086408166,0.2752359198789713,-490.089165339646,-490.089165339646
3440,15,131,True,0.48098482630022193,0.031663376700470446,0.31582228562032744,-466.1657631982569,-466.1657631982569
3441,15,120,True,0.457141357368781,0.03331486748434442,0.3001662847585775,-444.807500683806,-444.807500683806
3442,14,151,True,0.5052385198146989,0.02810501714330269,0.35580835795301985,-498.1030851740745,-498.1030851740745
3443,16,136,True,0.5080508046833585,0.032007814381703456,0.31242370630955274,-479.6693190022131,-479.6693190022131
3444,13,117,True,0.4190046364916592,0.03143637688616169,0.3181028156079273,-430.27638489179367,-430.27638489179367
3445,21,141,True,0.5961258661979619,0.03598862542648649,0.27786557228830194,-508.68046020691554,-508.68046020691554
3446,26,129,True,0.6311718088715499,0.042302884869484775,0.2363904975004083,-505.03147622670076,-505.03147622670076
3447,18,131,True,0.5277058464561439,0.0347390355989153,0.2878606106242121,-478.43317632308117,-478.43317632308117
3448,13,132,True,0.4493075578787719,0.029316194305716355,0.34110839543897087,-459.54262528984293,-459.54262528984293
3449,12,115,True,0.39841102719107835,0.030486973139668853,0.3280089484183086,-421.84491219813333,-421.84491219813333
3450,14,113,True,0.426481948455136,0.033295048740715316,0.30034495753031776,-426.40526688837053,-426.40526688837053
3451,20,113,True,0.5113198013745717,0.03991826094991247,0.2505119151494982,-450.78106943877754,-450.78106943877754
3452,11,144,True,0.43463576380748936,0.025591093508325318,0.39076094957594487,-472.70645887235446,-472.70645887235446
3453,18,134,True,0.5347484901580942,0.03428152210467393,0.29170233367895304,-484.0703375095667,-484.0703375095667
3454,20,136,True,0.5691905408023638,0.03585969160934236,0.2788646402467874,-495.67445555506185,-495.67445555506185
3455,14,146,True,0.49514281295035817,0.028678063963482433,0.3486985736810415,-489.3707834466062,-489.3707834466062
3456,13,117,True,0.4190046364916592,0.03143637688616169,0.3181028156079273,-430.27638489179367,-430.27638489179367
3457,13,122,True,0.42920787963338985,0.03068906302710914,0.32584898376227756,-440.26261072733814,-440.26261072733814
3458,15,142,True,0.5043724604035161,0.03019515326068763,0.33117897808518265,-486.4600288531828,-486.4600288531828
3459,15,130,True,0.4788377203136749,0.03180535512611189,0.31441246168605413,-464.26921569970006,-464.26921569970006
3460,18,134,True,0.5347484901580942,0.03428152210467393,0.29170233367895304,-484.0703375095667,-484.0703375095667
3461,19,135,True,0.5520904576056992,0.035085580435895804,0.28501737396851134,-489.90351594122694,-489.90351594122694
3462,13,135,True,0.4552672869086034,0.028932427276386542,0.34563294342613243,-465.15376881116424,-465.15376881116424
3463,12,138,True,0.4428787195155865,0.02742589731520123,0.36461888138322984,-466.318120928127,-466.318120928127
3464,17,137,True,0.5262215006544284,0.03286776074960816,0.3042495068703217,-485.60190076720227,-485.60190076720227
3465,16,107,True,0.44247981141995846,0.03675104588522369,0.2721010996865439,-422.2307536988826,-422.2307536988826
3466,16,133,True,0.5014398040874839,0.03242980656945002,0.3083582992881721,-474.08402878679715,-474.08402878679715
3467,17,143,True,0.5397429975357364,0.03204436641841635,0.3120673340650874,-496.49408764518967,-496.49408764518967
3468,14,137,True,0.47680345115020867,0.029781112587575646,0.3357832911914745,-473.1433244680105,-473.1433244680105
3469,13,128,True,0.44131306221976585,0.029847264442042654,0.3350390793574391,-451.9386359660866,-451.9386359660866
3470,17,141,True,0.5352488051864989,0.032313425489633944,0.30946889252604837,-492.89651748285667,-492.89651748285667
3471,18,126,True,0.5158844886794052,0.03553507148998247,0.2814121255621802,-468.86143291923344,-468.86143291923344
3472,8,117,True,0.32785894418154443,0.02459805080222602,0.4065362772197805,-407.49920069960746,-407.49920069960746
3473,21,119,True,0.5399683571672289,0.03973149578280566,0.25168949225233145,-466.8336446046664,-466.8336446046664
3474,20,151,True,0.6057430110095516,0.0336958031527428,0.2967728638094805,-522.4788877244816,-522.4788877244816
3475,9,149,True,0.4008369414155288,0.022657555667806365,0.4413538753524409,-472.32471224541524,-472.32471224541524
3476,14,121,True,0.44352835804436697,0.03201539879763125,0.3123496934462637,-442.57600862898573,-442.57600862898573
3477,17,118,True,0.4824827506406133,0.03584733829726606,0.2789607394857169,-449.04298692571535,-449.04298692571535
3478,11,127,True,0.40368996903757925,0.027552838382824525,0.3629390141610111,-441.19151576041594,-441.19151576041594
3479,15,138,True,0.4959139046222706,0.030710176908539014,0.32562495585036777,-479.1987365294357,-479.1987365294357
3480,12,132,True,0.4314603539929707,0.02815170889309605,0.355218222736468,-455.1729106853398,-455.1729106853398
3481,22,117,True,0.5476104396337745,0.041085197317301564,0.24339666480776176,-466.62866419170564,-466.62866419170564
3482,16,113,True,0.45639626437342123,0.03563043153980519,0.280658963920443,-434.7759328859288,-434.7759328859288
3483,19,144,True,0.5735717605499049,0.03377156180012093,0.29610712288598356,-506.2800774102153,-506.2800774102153
3484,15,135,True,0.489536512293506,0.03111025094124793,0.3214374586333334,-473.6646698079698,-473.6646698079698
3485,11,113,True,0.3774571450890892,0.02946772797487938,0.3393542932296915,-413.28969316553827,-413.28969316553827
3486,12,127,True,0.4218554225137143,0.028792675490919906,0.3473105513641347,-445.6456725637109,-445.6456725637109
3487,11,123,True,0.3962743651423367,0.028068443109270234,0.3562719870521524,-433.40770796741793,-433.40770796741793
3488,10,104,True,0.34318900953716175,0.02943379122887067,0.3397455639418723,-389.7855498007439,-389.7855498007439
3489,18,147,True,0.5648938183471749,0.03245210266140523,0.3081464429080843,-507.61971725118116,-507.61971725118116
3490,17,109,True,0.46114138000609567,0.03750633349056834,0.26662163611686235,-430.54136197118595,-430.54136197118595
3491,9,144,True,0.3927432280583928,0.02312448608912813,0.4324420426666889,-463.51287613095474,-463.51287613095474
3492,13,128,True,0.44131306221976585,0.029847264442042654,0.3350390793574391,-451.9386359660866,-451.9386359660866
3493,13,127,True,0.4393053218295057,0.029983674258590064,0.33351482922861214,-450.01538716821403,-450.01538716821403
3494,14,124,True,0.4498440994289218,0.03156590756414409,0.31679748094298615,-448.48297991615857,-448.48297991615857
3495,12,138,True,0.4428787195155865,0.02742589731520123,0.36461888138322984,-466.318120928127,-466.318120928127
3496,10,111,True,0.356070936106186,0.02836893617104245,0.3524982374985033,-404.60251861945414,-404.60251861945414
3497,14,144,True,0.49108702757012,0.02891491011503348,0.3458423339452398,-485.82203259518667,-485.82203259518667
3498,16,140,True,0.5168172004245714,0.03146488901573115,0.31781456451349355,-486.9974617908217,-486.9974617908217
3499,17,121,True,0.48949762756514653,0.035333618409637065,0.28301658449089245,-455.0345849281775,-455.0345849281775
3500,13,130,True,0.44531744685471814,0.029578871797713888,0.3380791555671466,-455.7583147028945,-455.7583147028945
3501,15,127,True,0.4723730460422159,0.03224062818561668,0.31016765375747984,-458.5262881650196,-458.5262881650196
3502,19,122,True,0.5204889116540915,0.03721580560987732,0.2687030372209902,-465.01235785740084,-465.01235785740084
3503,16,129,True,0.49257275373541376,0.03301359185919357,0.3029055439544733,-466.51529370783464,-466.51529370783464
3504,19,130,True,0.5400245527923893,0.035869506410502364,0.27878833585153723,-480.5080618329572,-480.5080618329572
3505,15,139,True,0.49803317964276983,0.030579496236130675,0.32701650552976325,-481.02654337579105,-481.02654337579105
3506,15,123,True,0.4636957647895025,0.03284395696231525,0.3044700128999036,-450.7424803720216,-450.7424803720216
3507,22,146,True,0.6232594516812202,0.03609842242212049,0.2770204161019561,-521.4313604314841,-521.4313604314841
3508,12,149,True,0.46355382730910966,0.026202666376482716,0.38164054971806793,-485.9724517901099,-485.9724517901099
3509,10,124,True,0.37941252379378365,0.02662366955564693,0.3756056233757973,-430.821203541681,-430.821203541681
3510,12,139,True,0.44477135006825264,0.027309192201022747,0.3661770705771918,-468.14592777448235,-468.14592777448235
3511,18,128,True,0.5206261236707578,0.035211433603337214,0.2839986611352352,-472.71695008771644,-472.71695008771644
3512,22,119,True,0.552961946821237,0.04068757912674471,0.24577525167691314,-470.65170256629364,-470.65170256629364
3513,12,144,True,0.4541937324271515,0.026742654989125033,0.3739344505647074,-477.1606156756494,-477.1606156756494
3514,13,151,True,0.4866110397439689,0.027068822106320143,0.36942870881940437,-493.81138285904035,-493.81138285904035
3515,27,148,True,0.6979197681135846,0.03977012291850159,0.2514450362774178,-543.3781132395084,-543.3781132395084
3516,12,132,True,0.4314603539929707,0.02815170889309605,0.355218222736468,-455.1729106853398,-455.1729106853398
3517,19,123,True,0.5229477281951398,0.037040822846804954,0.2699724042675411,-466.98132650527873,-466.98132650527873
3518,20,119,True,0.5266824046075127,0.038753900038369385,0.258038545542493,-462.9669281318229,-462.9669281318229
3519,12,118,True,0.4043293500824417,0.03004072368737435,0.3328814613145569,-427.92299370698635,-427.92299370698635
3520,13,127,True,0.4393053218295057,0.029983674258590064,0.33351482922861214,-450.01538716821403,-450.01538716821403
3521,14,119,True,0.4392955984301899,0.03232387784350979,0.3093688216622149,-438.5911255814158,-438.5911255814158
3522,17,135,True,0.5216871511866131,0.033153437544837405,0.3016278473831195,-481.9040474253901,-481.9040474253901
3523,7,128,True,0.3228487558516709,0.02183518462431248,0.4579764344591553,-424.2753860936893,-424.2753860936893
3524,16,134,True,0.503647076087744,0.03228768045095723,0.30971565192455736,-475.9543917005293,-475.9543917005293
3525,11,130,True,0.40921467917578236,0.027180854059445758,0.36790602598908584,-446.9344432950964,-446.9344432950964
3526,9,129,True,0.3681113442173111,0.0246718430619028,0.40532034736559946,-435.8354712460444,-435.8354712460444
3527,12,132,True,0.4314603539929707,0.02815170889309605,0.355218222736468,-455.1729106853398,-455.1729106853398
3528,16,133,True,0.5014398040874839,0.03242980656945002,0.3083582992881721,-474.08402878679715,-474.08402878679715
3529,16,114,True,0.4586951609093932,0.03545185831160795,0.28207266067984127,-436.8314143559461,-436.8314143559461
3530,14,133,True,0.4685731268501721,0.030304207491159443,0.3299871809192592,-465.7133627892389,-465.7133627892389
3531,17,129,True,0.5079935016023118,0.03404713314295439,0.2937104853443253,-470.6032040094681,-470.6032040094681
3532,23,138,True,0.6166216140228473,0.038185174232398596,0.2618817433996517,-510.8116800883072,-510.8116800883072
3533,15,139,True,0.49803317964276983,0.030579496236130675,0.32701650552976325,-481.02654337579105,-481.02654337579105
3534,17,121,True,0.48949762756514653,0.035333618409637065,0.28301658449089245,-455.0345849281775,-455.0345849281775
3535,12,119,True,0.40629317470891196,0.029895521363912922,0.33449826408015304,-429.9297086618785,-429.9297086618785
3536,16,136,True,0.5080508046833585,0.032007814381703456,0.31242370630955274,-479.6693190022131,-479.6693190022131
3537,11,133,True,0.414709873107183,0.026820688859715516,0.37284650115828794,-452.5977890664067,-452.5977890664067
3538,15,128,True,0.47453191459372696,0.03209395042563824,0.3115852011789581,-460.4495369628922,-460.4495369628922
3539,16,138,True,0.5124406404098952,0.03173361862902317,0.31512321733311954,-483.3502038452225,-483.3502038452225
3540,12,152,True,0.4691430559835508,0.025890495723223834,0.38624212169989375,-491.16455447175696,-491.16455447175696
3541,18,113,True,0.48457982757148466,0.03783069608503545,0.26433560665979033,-442.8918786949662,-442.8918786949662
3542,22,129,True,0.5793851393826227,0.038831998675944425,0.2575195802680839,-490.2052046951542,-490.2052046951542
3543,22,143,True,0.6155965989164419,0.036547770089973716,0.27361450439744717,-516.0960883308758,-516.0960883308758
3544,13,138,True,0.46119824002477794,0.028560359790387117,0.3501356451176716,-470.68783553263006,-470.68783553263006
3545,11,121,True,0.3925440417816165,0.02833517590326283,0.3529182255349432,-429.4604349061535,-429.4604349061535
3546,13,118,True,0.4210542896537201,0.03128334752422014,0.3196588853625021,-432.2927083114895,-432.2927083114895
3547,18,109,True,0.4747550288889446,0.03861358189021725,0.25897623350330784,-434.5693974785899,-434.5693974785899
3548,15,132,True,0.4831281780086318,0.0315229051742086,0.31722964443587504,-468.0535262866485,-468.0535262866485
3549,12,139,True,0.44477135006825264,0.027309192201022747,0.3661770705771918,-468.14592777448235,-468.14592777448235
3550,18,114,True,0.48702068647845964,0.03764109553199958,0.2656670816474713,-444.9473601649835,-444.9473601649835
3551,26,117,True,0.5965570192374885,0.04475747917221009,0.22342634538294098,-481.4549357232522,-481.4549357232522
3552,15,116,True,0.448335291087661,0.03396922804227003,0.29438408160339635,-436.7612828532183,-436.7612828532183
3553,12,133,True,0.4333712060206127,0.028027580318625414,0.3567914135404195,-457.0519458697016,-457.0519458697016
3554,10,116,True,0.36513075275861656,0.02766503117703045,0.36146715093177767,-414.8803077969693,-414.8803077969693
3555,18,123,True,0.5087373918603397,0.03603429289669409,0.2775134239117381,-463.00989349684585,-463.00989349684585
3556,14,144,True,0.49108702757012,0.02891491011503348,0.3458423339452398,-485.82203259518667,-485.82203259518667
3557,14,128,True,0.45820653482938195,0.03098981830570446,0.32268662892286937,-456.2303382811208,-456.2303382811208
3558,9,122,True,0.3563956759929112,0.02548287177877047,0.392420449579427,-422.2451565781403,-422.2451565781403
3559,15,124,True,0.4658715350931938,0.03269056509174297,0.3058986582806369,-452.70217859792996,-452.70217859792996
3560,18,143,True,0.555677094916741,0.03299036860344669,0.3031187714269808,-500.5221231525936,-500.5221231525936
3561,14,141,True,0.48498299142008017,0.029278835571677875,0.3415436374004314,-480.437941183665,-480.437941183665
3562,14,135,True,0.47269492751085396,0.030039961155544526,0.33288991114937855,-469.4454711261984,-469.4454711261984
3563,14,154,True,0.5112684059904342,0.02777354730797636,0.36005483523986415,-503.2485107128982,-503.2485107128982
3564,12,131,True,0.4295462216178861,0.028277157784727017,0.353642331245935,-453.2851475969482,-453.2851475969482
3565,20,131,True,0.5568255904221503,0.03665599715820034,0.2728066558070129,-486.3223670668925,-486.3223670668925
3566,18,124,True,0.5111245081413986,0.035866001128484946,0.27881558259523814,-464.9695917227542,-464.9695917227542
3567,23,148,True,0.6428076598616186,0.03662962537191004,0.2730030651001046,-528.7195945764389,-528.7195945764389
3568,9,131,True,0.3714304219412639,0.02445137710144744,0.40897492024725396,-439.63740805225353,-439.63740805225353
3569,15,142,True,0.5043724604035161,0.03019515326068763,0.33117897808518265,-486.4600288531828,-486.4600288531828
3570,15,120,True,0.457141357368781,0.03331486748434442,0.3001662847585775,-444.807500683806,-444.807500683806
3571,17,131,True,0.5125738274780762,0.03374289020940949,0.29635872736270286,-474.4051408156772,-474.4051408156772
3572,16,137,True,0.5102474201629709,0.03187002071972482,0.31377450576336946,-481.5139904655688,-481.5139904655688
3573,19,132,True,0.5448632536710001,0.035550964444211804,0.28128632109805224,-484.29237241990563,-484.29237241990563
3574,10,118,True,0.36872469642955324,0.027395381314496897,0.365025034154508,-418.92263425204607,-418.92263425204607
3575,20,119,True,0.5266824046075127,0.038753900038369385,0.258038545542493,-462.9669281318229,-462.9669281318229
3576,19,120,True,0.5155557856099241,0.03757190724821227,0.2661563048672706,-461.0463468170632,-461.0463468170632
3577,13,141,True,0.4671023060546138,0.028199363392269146,0.354617934486475,-476.1462388686308,-476.1462388686308
3578,15,123,True,0.4636957647895025,0.03284395696231525,0.3044700128999036,-450.7424803720216,-450.7424803720216
3579,13,127,True,0.4393053218295057,0.029983674258590064,0.33351482922861214,-450.01538716821403,-450.01538716821403
3580,14,128,True,0.45820653482938195,0.03098981830570446,0.32268662892286937,-456.2303382811208,-456.2303382811208
3581,20,132,True,0.5593069017136062,0.036493376351323915,0.2740223295243882,-488.2101301552841,-488.2101301552841
3582,17,128,True,0.5056971164657591,0.03420174215286558,0.2923827667989759,-468.6889145803125,-468.6889145803125
3583,17,141,True,0.5352488051864989,0.032313425489633944,0.30946889252604837,-492.89651748285667,-492.89651748285667
3584,20,118,True,0.5241366766925954,0.03894212744073728,0.2567913120621915,-460.96021317693067,-460.96021317693067
3585,10,112,True,0.3578918241218297,0.028224600222555324,0.35430085532296146,-406.6780319748868,-406.6780319748868
3586,20,127,True,0.5468559211840673,0.037324268549443734,0.2679221961644855,-478.6828920336552,-478.6828920336552
3587,23,134,True,0.6060402873329865,0.03885187875965102,0.25738781030031765,-503.415867943614,-503.415867943614
3588,10,128,True,0.38646566225748463,0.02613777793285461,0.38258799296899,-438.5685619066432,-438.5685619066432
3589,10,132,True,0.3934665836526774,0.0256727104116075,0.38951866942255775,-446.1725512303995,-446.1725512303995
3590,14,141,True,0.48498299142008017,0.029278835571677875,0.3415436374004314,-480.437941183665,-480.437941183665
3591,11,116,True,0.3831473054909595,0.02903009968817934,0.34447005375155026,-419.42651044861464,-419.42651044861464
3592,14,132,True,0.4665070599377857,0.030438418794225094,0.3285321772988169,-463.8343276048771,-463.8343276048771
3593,11,134,True,0.4165353713697446,0.026703145130468436,0.3744877223690757,-454.46815198013877,-454.46815198013877
3594,19,122,True,0.5204889116540915,0.03721580560987732,0.2687030372209902,-465.01235785740084,-465.01235785740084
3595,10,127,True,0.38470744844967175,0.026257234424410174,0.38084742049998416,-436.6453131087706,-436.6453131087706
3596,14,126,True,0.4540333901483297,0.031274654175125816,0.3197477402628952,-452.37482111263773,-452.37482111263773
3597,15,129,True,0.47668677765307904,0.03194886969035673,0.31300011853058907,-462.36382639204777,-462.36382639204777
3598,18,143,True,0.555677094916741,0.03299036860344669,0.3031187714269808,-500.5221231525936,-500.5221231525936
3599,20,130,True,0.5543399328851873,0.036820362469457905,0.27158885272503475,-484.42581956833567,-484.42581956833567
3600,15,139,True,0.49803317964276983,0.030579496236130675,0.32701650552976325,-481.02654337579105,-481.02654337579105
3601,22,135,True,0.5950032467954777,0.03781270621049472,0.2644613676771051,-501.5060481110762,-501.5060481110762
3602,19,127,True,0.5327338096360101,0.036360399523826165,0.27502448078017466,-474.76513429827673,-474.76513429827673
3603,15,129,True,0.47668677765307904,0.03194886969035673,0.31300011853058907,-462.36382639204777,-462.36382639204777
3604,14,124,True,0.4498440994289218,0.03156590756414409,0.31679748094298615,-448.48297991615857,-448.48297991615857
3605,13,122,True,0.42920787963338985,0.03068906302710914,0.32584898376227756,-440.26261072733814,-440.26261072733814
3606,13,127,True,0.4393053218295057,0.029983674258590064,0.33351482922861214,-450.01538716821403,-450.01538716821403
3607,16,112,True,0.45409170718798975,0.03581125925747829,0.27924178616845907,-432.71047434692264,-432.71047434692264
3608,16,139,True,0.5146305420008509,0.03159858291650543,0.3164698881093344,-485.1780106915779,-485.1780106915779
3609,11,114,True,0.3793584203427648,0.029320041093617955,0.34106364203482253,-415.34517463555557,-415.34517463555557
3610,17,139,True,0.5307418428647697,0.03258782516835853,0.30686306767441474,-489.26592099321135,-489.26592099321135
3611,18,135,True,0.5370882104080918,0.034132181326167355,0.2929786380905437,-485.93208293279406,-485.93208293279406
3612,9,136,True,0.3796784601349172,0.02392020161114311,0.41805667705332167,-448.98949654042286,-448.98949654042286
3613,14,132,True,0.4665070599377857,0.030438418794225094,0.3285321772988169,-463.8343276048771,-463.8343276048771
3614,11,131,True,0.411049595787752,0.027059519307745982,0.3695557148030131,-448.83099079365326,-448.83099079365326
3615,14,123,True,0.44774318241832917,0.03171402227534553,0.3153179345457544,-446.5232816902502,-446.5232816902502
3616,18,121,True,0.5039483993231948,0.036376724701210825,0.27490105506027435,-459.06262043558144,-459.06262043558144
3617,17,122,True,0.49182588433537305,0.03516635243421975,0.2843627305022735,-457.012889341564,-457.012889341564
3618,11,99,True,0.35030056955299127,0.03175217353444031,0.31493906989244064,-383.42791372019286,-383.42791372019286
3619,15,152,True,0.5253234225697295,0.028990909386555574,0.34493571300793563,-504.04517007306566,-504.04517007306566
3620,8,119,True,0.33106293623369515,0.0243599934703926,0.410509141234135,-411.52223907419545,-411.52223907419545
3621,14,126,True,0.4540333901483297,0.031274654175125816,0.3197477402628952,-452.37482111263773,-452.37482111263773
3622,16,134,True,0.503647076087744,0.03228768045095723,0.30971565192455736,-475.9543917005293,-475.9543917005293
3623,17,132,True,0.5148579452479902,0.033593193121412825,0.297679353190925,-476.2929039040688,-476.2929039040688
3624,16,142,True,0.5211810844690022,0.03120143139758786,0.3204981166592596,-490.61149616896967,-490.61149616896967
3625,14,120,True,0.44141426708145437,0.03216873200482372,0.3108608694461595,-440.58830200203454,-440.58830200203454
3626,10,111,True,0.356070936106186,0.02836893617104245,0.3524982374985033,-404.60251861945414,-404.60251861945414
3627,21,124,True,0.552934243406964,0.03879982251315935,0.2577331377381533,-476.72549893940914,-476.72549893940914
3628,16,142,True,0.5211810844690022,0.03120143139758786,0.3204981166592596,-490.61149616896967,-490.61149616896967
3629,19,129,True,0.5375987584176073,0.03603135955006861,0.2775360165387087,-478.6026725253049,-478.6026725253049
3630,15,135,True,0.489536512293506,0.03111025094124793,0.3214374586333334,-473.6646698079698,-473.6646698079698
3631,19,129,True,0.5375987584176073,0.03603135955006861,0.2775360165387087,-478.6026725253049,-478.6026725253049
3632,18,119,True,0.4991390283019375,0.036727226576853435,0.2722775698588221,-455.0777373880115,-455.0777373880115
3633,12,114,True,0.3964289899978534,0.030639399718441512,0.3263771513767978,-419.7993314388505,-419.7993314388505
3634,14,128,True,0.45820653482938195,0.03098981830570446,0.32268662892286937,-456.2303382811208,-456.2303382811208
3635,13,137,True,0.4592243346821823,0.028683122114852598,0.3486370821125443,-468.85162215297635,-468.85162215297635
3636,19,122,True,0.5204889116540915,0.03721580560987732,0.2687030372209902,-465.01235785740084,-465.01235785740084
3637,17,140,True,0.5329969579945655,0.032449945774335694,0.3081669248245368,-491.0853720924552,-491.0853720924552
3638,14,122,True,0.44563796561803554,0.031863840956988486,0.3138353600715788,-444.5543130423723,-444.5543130423723
3639,19,150,True,0.5877474535866345,0.03295703629171073,0.3034253417536569,-516.8304433503444,-516.8304433503444
3640,13,111,True,0.4066047013402838,0.03239506977263762,0.30868894773754935,-417.9725926788975,-417.9725926788975
3641,9,114,True,0.3427938126659581,0.026494017623024294,0.3774436985091165,-406.15159189415584,-406.15159189415584
3642,18,116,True,0.49188486069184484,0.03726886849091359,0.26832046168608714,-449.02869597804255,-449.02869597804255
3643,14,137,True,0.47680345115020867,0.029781112587575646,0.3357832911914745,-473.1433244680105,-473.1433244680105
3644,9,124,True,0.35975950048387095,0.025244601745389495,0.3961242922687951,-426.1738234519266,-426.1738234519266
3645,17,113,True,0.47068445158419236,0.03674589701571182,0.272139226747525,-438.8638431875622,-438.8638431875622
3646,14,147,True,0.4971668290988134,0.028561312681676814,0.3501239635395115,-491.13310544458545,-491.13310544458545
3647,14,117,True,0.43504414213028686,0.03263976200510811,0.3063747829544531,-434.56808720682784,-434.56808720682784
3648,10,143,True,0.41248432747512437,0.02448906051919974,0.4083455954612825,-466.3737349715204,-466.3737349715204
3649,17,136,True,0.5239561167477872,0.03300986825416725,0.3029397125430083,-483.75722930384654,-483.75722930384654
3650,14,134,True,0.4706357240643141,0.030171396973912128,0.3314397410450221,-467.58372570297104,-467.58372570297104
3651,21,137,True,0.5860718321086411,0.03660600856459748,0.27317919631563525,-501.38584349126114,-501.38584349126114
3652,12,139,True,0.44477135006825264,0.027309192201022747,0.3661770705771918,-468.14592777448235,-468.14592777448235
3653,19,117,True,0.5081157116962586,0.03812205313146177,0.2623153576098212,-455.02613202185637,-455.02613202185637
3654,12,139,True,0.44477135006825264,0.027309192201022747,0.3661770705771918,-468.14592777448235,-468.14592777448235
3655,16,111,True,0.45178137179642097,0.03599439212847342,0.2778210551329046,-430.63496099148995,-430.63496099148995
3656,22,132,True,0.5872142880349004,0.03831426350448527,0.2609994055824497,-495.8949045897549,-495.8949045897549
3657,18,130,True,0.5253501788339919,0.034894805263954304,0.2865756070096146,-476.5366288245243,-476.5366288245243
3658,22,122,True,0.5609453814838623,0.040108509149059,0.24932365256549588,-476.6148900272501,-476.6148900272501
3659,20,129,True,0.5518498337147764,0.036986506134705104,0.2703688735448526,-482.5204302606834,-482.5204302606834
3660,10,132,True,0.3934665836526774,0.0256727104116075,0.38951866942255775,-446.1725512303995,-446.1725512303995
3661,9,118,True,0.3496252872128741,0.02597633994450147,0.384965704227964,-414.2752541622917,-414.2752541622917
3662,17,115,True,0.47542046662086046,0.03637984394685844,0.2748774847579725,-442.96490541686234,-442.96490541686234
3663,20,146,True,0.5936390172829481,0.034382843219348244,0.2908427303758493,-513.7465859970133,-513.7465859970133
3664,23,130,True,0.5953890084605208,0.039546923830197894,0.25286416822043783,-495.8821592585716,-495.8821592585716
3665,12,130,True,0.427628736463461,0.028403952421378338,0.352063679436157,-451.38860009839135,-451.38860009839135
3666,7,109,True,0.29440334136603924,0.02394491229970804,0.41762525060999817,-386.12783348456276,-386.12783348456276
3667,15,120,True,0.457141357368781,0.03331486748434442,0.3001662847585775,-444.807500683806,-444.807500683806
3668,18,135,True,0.5370882104080918,0.034132181326167355,0.2929786380905437,-485.93208293279406,-485.93208293279406
3669,13,119,True,0.4230993471864823,0.031132138958360013,0.3212114661756855,-434.2994232663816,-434.2994232663816
3670,9,140,True,0.38622979635026167,0.02351446056119235,0.4252702278232884,-456.3176393290315,-456.3176393290315
3671,12,100,True,0.36812897504953745,0.03299481189408632,0.3030779515306862,-390.08486720123585,-390.08486720123585
3672,10,135,True,0.39868562388412654,0.02533663882923345,0.39468534352165074,-451.7836947517208,-451.7836947517208
3673,19,113,True,0.4981153813582222,0.03888740417008916,0.25715267484199045,-446.86331170339906,-446.86331170339906
3674,16,142,True,0.5211810844690022,0.03120143139758786,0.3204981166592596,-490.61149616896967,-490.61149616896967
3675,11,117,True,0.38503510047976686,0.02888776753028611,0.3461672830728764,-421.4525134839956,-421.4525134839956
3676,13,138,True,0.46119824002477794,0.028560359790387117,0.3501356451176716,-470.68783553263006,-470.68783553263006
3677,17,124,True,0.4964679607309581,0.034837539887457684,0.2870466752906462,-460.94155621535026,-460.94155621535026
3678,11,113,True,0.3774571450890892,0.02946772797487938,0.3393542932296915,-413.28969316553827,-413.28969316553827
3679,9,103,True,0.32364780711330643,0.028061321950054348,0.35636239867098035,-382.9792391928374,-382.9792391928374
3680,15,148,True,0.5169738609118366,0.02945913690005981,0.33945325804775006,-497.1066510175674,-497.1066510175674
3681,14,138,True,0.4788529176277306,0.0296536509189407,0.33722660414851957,-474.97953784766423,-474.97953784766423
3682,17,127,True,0.5033964627736625,0.034358053073142165,0.29105258027024367,-466.7656657824399,-466.7656657824399
3683,17,123,True,0.4941492952527668,0.03500100587204609,0.285706074749886,-458.9818579894419,-458.9818579894419
3684,8,146,True,0.3731506395605432,0.021612427019928316,0.4626967619499296,-462.30189693938587,-462.30189693938587
3685,13,142,True,0.46906466805412156,0.028081389554331485,0.3561077339371735,-477.94912785637723,-477.94912785637723
3686,8,128,True,0.34531463862638395,0.02335461652312827,0.4281808690841451,-429.1614517739004,-429.1614517739004
3687,18,138,True,0.5440850781532148,0.033693245637281405,0.296795390614879,-491.46614965425994,-491.46614965425994
3688,19,122,True,0.5204889116540915,0.03721580560987732,0.2687030372209902,-465.01235785740084,-465.01235785740084
3689,13,125,True,0.43527834262444354,0.030261068332466324,0.3304575995180995,-446.1417696707275,-446.1417696707275
3690,11,133,True,0.414709873107183,0.026820688859715516,0.37284650115828794,-452.5977890664067,-452.5977890664067
3691,21,134,True,0.5784906556208108,0.03708573387864845,0.26964546617095125,-495.8262447262216,-495.8262447262216
3692,11,137,True,0.42199410805476356,0.026357724578032295,0.37939542051116376,-460.0277507451783,-460.0277507451783
3693,13,131,True,0.44731424809967696,0.029446832346073187,0.3395951008405672,-457.65486220145135,-457.65486220145135
3694,13,133,True,0.45129745162002055,0.029186931196968975,0.3426190966263177,-461.4216604742047,-461.4216604742047
3695,14,111,True,0.42216953722001715,0.033635153673934264,0.2973079920175763,-422.2642949939317,-422.2642949939317
3696,10,121,True,0.37408563080711366,0.02700278446131547,0.3703321786805404,-424.9142322545082,-424.9142322545082
3697,15,127,True,0.4723730460422159,0.03224062818561668,0.31016765375747984,-458.5262881650196,-458.5262881650196
3698,8,148,True,0.3761994430087953,0.02143727513374672,0.466477196267259,-465.81856582857563,-465.81856582857563
3699,7,128,True,0.3228487558516709,0.02183518462431248,0.4579764344591553,-424.2753860936893,-424.2753860936893
3700,16,145,True,0.5277044147809566,0.03081572827002025,0.32450961120814126,-495.97110711710695,-495.97110711710695
3701,12,122,True,0.4121590666257165,0.029470045106523,0.339327610930143,-435.892896122835,-435.892896122835
3702,15,131,True,0.48098482630022193,0.031663376700470446,0.31582228562032744,-466.1657631982569,-466.1657631982569
3703,13,125,True,0.43527834262444354,0.030261068332466324,0.3304575995180995,-446.1417696707275,-446.1417696707275
3704,16,114,True,0.4586951609093932,0.03545185831160795,0.28207266067984127,-436.8314143559461,-436.8314143559461
3705,7,132,True,0.32869724119717464,0.021446672822915718,0.46627279124223997,-431.8793754174456,-431.8793754174456
3706,10,131,True,0.3917210069865631,0.025787112456560755,0.38779060729832904,-444.2847881420079,-444.2847881420079
3707,10,130,True,0.38997237278197366,0.025902741742187988,0.38605951831396,-442.38824064345107,-442.38824064345107
3708,11,129,True,0.4073764837424639,0.02730350159507856,0.3662533893382559,-445.0290539874441,-445.0290539874441
3709,13,130,True,0.44531744685471814,0.029578871797713888,0.3380791555671466,-455.7583147028945,-455.7583147028945
3710,13,119,True,0.4230993471864823,0.031132138958360013,0.3212114661756855,-434.2994232663816,-434.2994232663816
3711,15,123,True,0.4636957647895025,0.03284395696231525,0.3044700128999036,-450.7424803720216,-450.7424803720216
3712,14,135,True,0.47269492751085396,0.030039961155544526,0.33288991114937855,-469.4454711261984,-469.4454711261984
3713,15,100,True,0.41221280087941903,0.03694597477289226,0.2706654801090032,-402.96548280254456,-402.96548280254456
3714,13,128,True,0.44131306221976585,0.029847264442042654,0.3350390793574391,-451.9386359660866,-451.9386359660866
3715,17,116,True,0.47778001213464444,0.03620017988516308,0.27624172122135165,-445.0006604706386,-445.0006604706386
3716,14,117,True,0.43504414213028686,0.03263976200510811,0.3063747829544531,-434.56808720682784,-434.56808720682784
3717,5,144,True,0.2921417304115153,0.017201130148959524,0.5813571499896412,-443.6377878130285,-443.6377878130285
3718,15,132,True,0.4831281780086318,0.0315229051742086,0.31722964443587504,-468.0535262866485,-468.0535262866485
3719,10,139,True,0.40560543280135425,0.024904384512292453,0.40153572135316734,-459.14556831954206,-459.14556831954206
3720,20,129,True,0.5518498337147764,0.036986506134705104,0.2703688735448526,-482.5204302606834,-482.5204302606834
3721,23,128,True,0.5900351499621884,0.03990576454374652,0.25059036242840416,-492.06248052176375,-492.06248052176375
3722,14,128,True,0.45820653482938195,0.03098981830570446,0.32268662892286937,-456.2303382811208,-456.2303382811208
3723,15,114,True,0.44390177191247876,0.034308499551015524,0.29147296241068066,-432.6799470401592,-432.6799470401592
3724,15,141,True,0.5022623859994898,0.030322007315056524,0.32979346967687256,-484.65713986543636,-484.65713986543636
3725,16,133,True,0.5014398040874839,0.03242980656945002,0.3083582992881721,-474.08402878679715,-474.08402878679715
3726,11,145,True,0.43643170946542975,0.025485784447889452,0.39237560140426153,-474.4848673967165,-474.4848673967165
3727,13,145,True,0.474935686513093,0.02773425548732239,0.36056493402431883,-483.3087388045145,-483.3087388045145
3728,13,116,True,0.41695029170057285,0.03159126623002882,0.31654318403022985,-428.2503818564127,-428.2503818564127
3729,18,130,True,0.5253501788339919,0.034894805263954304,0.2865756070096146,-476.5366288245243,-476.5366288245243
3730,10,133,True,0.3952091688339669,0.025559512418608512,0.39124377007753625,-448.05158641476135,-448.05158641476135
3731,11,132,True,0.41288130399391265,0.02693947235214082,0.37120251908739865,-450.71875388204484,-450.71875388204484
3732,13,148,True,0.4807839275508107,0.027396896849071393,0.3650048417924727,-488.5957500207618,-488.5957500207618
3733,14,120,True,0.44141426708145437,0.03216873200482372,0.3108608694461595,-440.58830200203454,-440.58830200203454
3734,16,124,True,0.4813970843865228,0.03378000486542888,0.2960331130749539,-456.85364591371683,-456.85364591371683
3735,20,135,True,0.5667256898472058,0.03601565559103302,0.27765703097432287,-493.8212736766054,-493.8212736766054
3736,10,120,True,0.3723025406459077,0.02713211046380421,0.36856697945928574,-422.926525627557,-422.926525627557
3737,18,124,True,0.5111245081413986,0.035866001128484946,0.27881558259523814,-464.9695917227542,-464.9695917227542
3738,6,130,True,0.3014596031264417,0.02002354728305937,0.49941201020162657,-423.06464503873786,-423.06464503873786
3739,12,122,True,0.4121590666257165,0.029470045106523,0.339327610930143,-435.892896122835,-435.892896122835
3740,5,140,True,0.28729671953879377,0.01749121234247915,0.5717156595094329,-436.4425510111053,-436.4425510111053
3741,11,135,True,0.4183578659838873,0.026586818076197578,0.37612624313823834,-456.32989740336615,-456.32989740336615
3742,14,141,True,0.48498299142008017,0.029278835571677875,0.3415436374004314,-480.437941183665,-480.437941183665
3743,12,124,True,0.41604921136056533,0.029194494191687726,0.3425303392599008,-439.82156299662125,-439.82156299662125
3744,20,121,True,0.5317571652463325,0.03838405684796428,0.26052483299535223,-466.95181117939285,-466.95181117939285
3745,14,127,True,0.4561219380979125,0.031131449892683807,0.32121857589260877,-454.3070894832482,-454.3070894832482
3746,17,131,True,0.5125738274780762,0.03374289020940949,0.29635872736270286,-474.4051408156772,-474.4051408156772
3747,16,143,True,0.523358455899536,0.03107162150428997,0.3218370820660044,-492.40617734355624,-492.40617734355624
3748,20,118,True,0.5241366766925954,0.03894212744073728,0.2567913120621915,-460.96021317693067,-460.96021317693067
3749,15,110,True,0.43496942693727675,0.03501304413413498,0.28560784265686806,-424.39784632976244,-424.39784632976244
3750,21,111,True,0.5189175404291416,0.04134327486385628,0.2418773073233815,-450.5068140171823,-450.5068140171823
3751,15,135,True,0.489536512293506,0.03111025094124793,0.3214374586333334,-473.6646698079698,-473.6646698079698
3752,15,131,True,0.48098482630022193,0.031663376700470446,0.31582228562032744,-466.1657631982569,-466.1657631982569
3753,15,135,True,0.489536512293506,0.03111025094124793,0.3214374586333334,-473.6646698079698,-473.6646698079698
3754,14,142,True,0.48702047267511617,0.02915634569292822,0.34297850990377954,-482.2408301714114,-482.2408301714114
3755,19,161,True,0.6134939988162291,0.031573926062180846,0.31671702721752965,-535.445749038006,-535.445749038006
3756,16,144,True,0.5255328758394744,0.030943061034581536,0.3231742324660168,-494.19269859274493,-494.19269859274493
3757,11,120,True,0.3906729690616334,0.02847088320539807,0.3512360304335063,-427.47272827920233,-427.47272827920233
3758,13,124,True,0.4332589388197881,0.030402114046814387,0.3289244946782846,-444.1912776011244,-444.1912776011244
3759,16,142,True,0.5211810844690022,0.03120143139758786,0.3204981166592596,-490.61149616896967,-490.61149616896967
3760,16,121,True,0.47463834398707383,0.03426102433313496,0.29187685408251707,-450.946674626544,-450.946674626544
3761,17,129,True,0.5079935016023118,0.03404713314295439,0.2937104853443253,-470.6032040094681,-470.6032040094681
3762,13,142,True,0.46906466805412156,0.028081389554331485,0.3561077339371735,-477.94912785637723,-477.94912785637723
3763,11,140,True,0.42742756729836817,0.026022665182696376,0.3842803928726502,-465.51122207043124,-465.51122207043124
3764,19,119,True,0.5130812577969202,0.0377531119366714,0.26487882685735703,-459.0491703964444,-459.0491703964444
3765,17,129,True,0.5079935016023118,0.03404713314295439,0.2937104853443253,-470.6032040094681,-470.6032040094681
3766,13,109,True,0.4024300473552697,0.03273112372290779,0.3055196052740841,-413.79108335696003,-413.79108335696003
3767,14,125,True,0.4519408060505165,0.03141946261710607,0.31827406222268045,-450.4334719857617,-450.4334719857617
3768,13,122,True,0.42920787963338985,0.03068906302710914,0.32584898376227756,-440.26261072733814,-440.26261072733814
3769,16,140,True,0.5168172004245714,0.03146488901573115,0.31781456451349355,-486.9974617908217,-486.9974617908217
3770,14,141,True,0.48498299142008017,0.029278835571677875,0.3415436374004314,-480.437941183665,-480.437941183665
3771,13,123,True,0.43123547985764243,0.03054476796331613,0.3273883112161752,-442.23157937521603,-442.23157937521603
3772,17,136,True,0.5239561167477872,0.03300986825416725,0.3029397125430083,-483.75722930384654,-483.75722930384654
3773,16,121,True,0.47463834398707383,0.03426102433313496,0.29187685408251707,-450.946674626544,-450.946674626544
3774,16,120,True,0.4723759663612119,0.03442511264500967,0.29048561447335214,-448.9589679995928,-448.9589679995928
3775,19,147,True,0.5806727472810371,0.03335857287760791,0.2997730159707325,-511.5911502596141,-511.5911502596141
3776,16,115,True,0.46098851203207375,0.0352754904479021,0.283482947310651,-438.87699511522885,-438.87699511522885
3777,15,147,True,0.5148803200124591,0.02957891989731856,0.33807860580151,-495.3523041263569,-495.3523041263569
3778,20,113,True,0.5113198013745717,0.03991826094991247,0.2505119151494982,-450.78106943877754,-450.78106943877754
3779,19,120,True,0.5155557856099241,0.03757190724821227,0.2661563048672706,-461.0463468170632,-461.0463468170632
3780,3,115,True,0.19829977646952748,0.015174178288818714,0.6590142681642689,-377.2659428525256,-377.2659428525256
3781,10,122,True,0.3758649395381968,0.026874955858268306,0.3720936344132977,-426.8925366678947,-426.8925366678947
3782,17,127,True,0.5033964627736625,0.034358053073142165,0.29105258027024367,-466.7656657824399,-466.7656657824399
3783,12,121,True,0.41020794496285745,0.029610217046435027,0.33772126642360994,-433.9145917094485,-433.9145917094485
3784,16,133,True,0.5014398040874839,0.03242980656945002,0.3083582992881721,-474.08402878679715,-474.08402878679715
3785,14,135,True,0.47269492751085396,0.030039961155544526,0.33288991114937855,-469.4454711261984,-469.4454711261984
3786,10,133,True,0.3952091688339669,0.025559512418608512,0.39124377007753625,-448.05158641476135,-448.05158641476135
3787,18,114,True,0.48702068647845964,0.03764109553199958,0.2656670816474713,-444.9473601649835,-444.9473601649835
3788,18,131,True,0.5277058464561439,0.0347390355989153,0.2878606106242121,-478.43317632308117,-478.43317632308117
3789,14,133,True,0.4685731268501721,0.030304207491159443,0.3299871809192592,-465.7133627892389,-465.7133627892389
3790,14,129,True,0.46028726387013125,0.030849728800785164,0.3241519581768735,-458.1446277102764,-458.1446277102764
3791,10,131,True,0.3917210069865631,0.025787112456560755,0.38779060729832904,-444.2847881420079,-444.2847881420079
3792,18,126,True,0.5158844886794052,0.03553507148998247,0.2814121255621802,-468.86143291923344,-468.86143291923344
3793,13,113,True,0.4107581196419889,0.032067504061225854,0.3118421683492172,-422.11356457333636,-422.11356457333636
3794,12,130,True,0.427628736463461,0.028403952421378338,0.352063679436157,-451.38860009839135,-451.38860009839135
3795,12,142,True,0.4504326806334998,0.026965952531329117,0.37083800352989466,-473.5794132518741,-473.5794132518741
3796,19,132,True,0.5448632536710001,0.035550964444211804,0.28128632109805224,-484.29237241990563,-484.29237241990563
3797,13,122,True,0.42920787963338985,0.03068906302710914,0.32584898376227756,-440.26261072733814,-440.26261072733814
3798,10,131,True,0.3917210069865631,0.025787112456560755,0.38779060729832904,-444.2847881420079,-444.2847881420079
3799,19,130,True,0.5400245527923893,0.035869506410502364,0.27878833585153723,-480.5080618329572,-480.5080618329572
3800,7,142,True,0.34315083205000924,0.020543334100741627,0.48677590263398346,-450.2858779839799,-450.2858779839799
3801,9,138,True,0.38295908887033564,0.023715288598126494,0.42166891449046084,-452.6703813834323,-452.6703813834323
3802,17,130,True,0.5102857088652896,0.033894193163413536,0.2950357883365791,-472.50859331712036,-472.50859331712036
3803,14,151,True,0.5052385198146989,0.02810501714330269,0.35580835795301985,-498.1030851740745,-498.1030851740745
3804,11,111,True,0.373640452637851,0.02976873728509417,0.3359228812505665,-409.1487212710995,-409.1487212710995
3805,17,119,True,0.48482616574852466,0.03567406960824115,0.28031564970905026,-451.04970188060753,-451.04970188060753
3806,11,126,True,0.40184150311941597,0.027679581096814867,0.3612771437914108,-439.2592473898055,-439.2592473898055
3807,16,134,True,0.503647076087744,0.03228768045095723,0.30971565192455736,-475.9543917005293,-475.9543917005293
3808,12,126,True,0.41992377835429157,0.02892512144019231,0.345720242546837,-443.7134041931005,-443.7134041931005
3809,17,124,True,0.4964679607309581,0.034837539887457684,0.2870466752906462,-460.94155621535026,-460.94155621535026
3810,11,130,True,0.40921467917578236,0.027180854059445758,0.36790602598908584,-446.9344432950964,-446.9344432950964
3811,15,136,True,0.49166564559649184,0.030975529567207453,0.32283548141777696,-475.51785168642624,-475.51785168642624
3812,17,122,True,0.49182588433537305,0.03516635243421975,0.2843627305022735,-457.012889341564,-457.012889341564
3813,11,118,True,0.38691858419920894,0.028747144561898762,0.34786063633095304,-423.4688369036914,-423.4688369036914
3814,17,132,True,0.5148579452479902,0.033593193121412825,0.297679353190925,-476.2929039040688,-476.2929039040688
3815,14,141,True,0.48498299142008017,0.029278835571677875,0.3415436374004314,-480.437941183665,-480.437941183665
3816,16,144,True,0.5255328758394744,0.030943061034581536,0.3231742324660168,-494.19269859274493,-494.19269859274493
3817,10,140,True,0.40732884496592103,0.024799013827770652,0.40324184136716396,-460.9650194187859,-460.9650194187859
3818,15,126,True,0.4702100854951662,0.03238893467441552,0.3087474194666595,-456.5940197944092,-456.5940197944092
3819,12,119,True,0.40629317470891196,0.029895521363912922,0.33449826408015304,-429.9297086618785,-429.9297086618785
3820,17,151,True,0.5576037074479063,0.03101794725140949,0.3223939972219015,-510.56166147326627,-510.56166147326627
3821,14,133,True,0.4685731268501721,0.030304207491159443,0.3299871809192592,-465.7133627892389,-465.7133627892389
3822,20,125,True,0.5418430581174368,0.03766957415869259,0.26546623431081207,-474.8092745361687,-474.8092745361687
3823,18,142,True,0.5533652655817317,0.03312819456877908,0.3018576813547296,-498.72744197800705,-498.72744197800705
3824,14,120,True,0.44141426708145437,0.03216873200482372,0.3108608694461595,-440.58830200203454,-440.58830200203454
3825,17,122,True,0.49182588433537305,0.03516635243421975,0.2843627305022735,-457.012889341564,-457.012889341564
3826,24,141,True,0.6382794248713166,0.038533471606647024,0.25951463968990013,-519.9971331689482,-519.9971331689482
3827,24,130,True,0.6085111552207997,0.040418522954540535,0.2474113171143633,-499.60920900321184,-499.60920900321184
3828,16,131,True,0.49701403836310004,0.03271858458231294,0.3056366932634921,-470.3172305140438,-470.3172305140438
3829,14,121,True,0.44352835804436697,0.03201539879763125,0.3123496934462637,-442.57600862898573,-442.57600862898573
3830,12,129,True,0.4257078249455601,0.028532118915304338,0.3504822067258419,-449.48321079073907,-449.48321079073907
3831,15,135,True,0.489536512293506,0.03111025094124793,0.3214374586333334,-473.6646698079698,-473.6646698079698
3832,11,124,True,0.39813377827754665,0.027937354428405066,0.3579436995592033,-435.3674061933263,-435.3674061933263
3833,12,118,True,0.4043293500824417,0.03004072368737435,0.3328814613145569,-427.92299370698635,-427.92299370698635
3834,14,117,True,0.43504414213028686,0.03263976200510811,0.3063747829544531,-434.56808720682784,-434.56808720682784
3835,13,138,True,0.46119824002477794,0.028560359790387117,0.3501356451176716,-470.68783553263006,-470.68783553263006
3836,17,139,True,0.5307418428647697,0.03258782516835853,0.30686306767441474,-489.26592099321135,-489.26592099321135
3837,20,145,True,0.591209301243345,0.03452414773786904,0.28965233482161085,-511.9762436699558,-511.9762436699558
3838,14,134,True,0.4706357240643141,0.030171396973912128,0.3314397410450221,-467.58372570297104,-467.58372570297104
3839,9,112,True,0.3393535421179484,0.026762606505162028,0.37365568253119064,-402.0306518851324,-402.0306518851324
3840,14,129,True,0.46028726387013125,0.030849728800785164,0.3241519581768735,-458.1446277102764,-458.1446277102764
3841,20,129,True,0.5518498337147764,0.036986506134705104,0.2703688735448526,-482.5204302606834,-482.5204302606834
3842,14,129,True,0.46028726387013125,0.030849728800785164,0.3241519581768735,-458.1446277102764,-458.1446277102764
3843,13,121,True,0.4271760505178047,0.03083503312939583,0.32430644578963475,-438.28430631395156,-438.28430631395156
3844,21,124,True,0.552934243406964,0.03879982251315935,0.2577331377381533,-476.72549893940914,-476.72549893940914
3845,18,117,True,0.4943084136224714,0.03708614233662791,0.26964249635971327,-451.0546990134235,-451.0546990134235
3846,17,122,True,0.49182588433537305,0.03516635243421975,0.2843627305022735,-457.012889341564,-457.012889341564
3847,12,129,True,0.4257078249455601,0.028532118915304338,0.3504822067258419,-449.48321079073907,-449.48321079073907
3848,12,127,True,0.4218554225137143,0.028792675490919906,0.3473105513641347,-445.6456725637109,-445.6456725637109
3849,15,122,True,0.46151554149947416,0.032999113513865544,0.3030384436175296,-448.7735117241437,-448.7735117241437
3850,13,136,True,0.45724737361914475,0.028807136857985156,0.34713619924460015,-467.0069506896207,-467.0069506896207
3851,23,111,True,0.543630104044312,0.0433121778793288,0.23088194797917574,-458.09643723457464,-458.09643723457464
3852,13,144,True,0.47298129441578435,0.027848855388817675,0.35908118521867016,-481.5303302801525,-481.5303302801525
3853,18,124,True,0.5111245081413986,0.035866001128484946,0.27881558259523814,-464.9695917227542,-464.9695917227542
3854,12,138,True,0.4428787195155865,0.02742589731520123,0.36461888138322984,-466.318120928127,-466.318120928127
3855,16,143,True,0.523358455899536,0.03107162150428997,0.3218370820660044,-492.40617734355624,-492.40617734355624
3856,15,140,True,0.5001493160915008,0.030450114100662017,0.32840599437302564,-482.8459944750349,-482.8459944750349
3857,12,130,True,0.427628736463461,0.028403952421378338,0.352063679436157,-451.38860009839135,-451.38860009839135
3858,13,140,True,0.4651371582466366,0.02831850226598451,0.3531260200865833,-474.3350934782293,-474.3350934782293
3859,14,117,True,0.43504414213028686,0.03263976200510811,0.3063747829544531,-434.56808720682784,-434.56808720682784
3860,14,133,True,0.4685731268501721,0.030304207491159443,0.3299871809192592,-465.7133627892389,-465.7133627892389
3861,20,136,True,0.5691905408023638,0.03585969160934236,0.2788646402467874,-495.67445555506185,-495.67445555506185
3862,12,139,True,0.44477135006825264,0.027309192201022747,0.3661770705771918,-468.14592777448235,-468.14592777448235
3863,12,126,True,0.41992377835429157,0.02892512144019231,0.345720242546837,-443.7134041931005,-443.7134041931005
3864,17,120,True,0.4871644227270939,0.035502843758560894,0.28166757761731903,-453.0468783012263,-453.0468783012263
3865,21,131,True,0.5708719271018382,0.03758067175338805,0.2660942323123444,-490.1890835397361,-490.1890835397361
3866,16,136,True,0.5080508046833585,0.032007814381703456,0.31242370630955274,-479.6693190022131,-479.6693190022131
3867,13,132,True,0.4493075578787719,0.029316194305716355,0.34110839543897087,-459.54262528984293,-459.54262528984293
3868,16,127,True,0.488115263496436,0.03331507344453028,0.30016442907292507,-462.67775548080647,-462.67775548080647
3869,19,116,True,0.5056244627345943,0.038309883294517226,0.2610292472864611,-453.0001289864755,-453.0001289864755
3870,21,132,True,0.5734158313028269,0.037413948716578604,0.2672799943078147,-492.07684662812767,-492.07684662812767
3871,8,133,True,0.3531271330046653,0.022837924960117037,0.4378681520962819,-438.64447628201856,-438.64447628201856
3872,19,130,True,0.5400245527923893,0.035869506410502364,0.27878833585153723,-480.5080618329572,-480.5080618329572
3873,17,128,True,0.5056971164657591,0.03420174215286558,0.2923827667989759,-468.6889145803125,-468.6889145803125
3874,11,124,True,0.39813377827754665,0.027937354428405066,0.3579436995592033,-435.3674061933263,-435.3674061933263
3875,18,117,True,0.4943084136224714,0.03708614233662791,0.26964249635971327,-451.0546990134235,-451.0546990134235
3876,19,115,True,0.5031274057158746,0.03850001796394712,0.2597401385465425,-450.96437393269923,-450.96437393269923
3877,12,152,True,0.4691430559835508,0.025890495723223834,0.38624212169989375,-491.16455447175696,-491.16455447175696
3878,13,122,True,0.42920787963338985,0.03068906302710914,0.32584898376227756,-440.26261072733814,-440.26261072733814
3879,12,140,True,0.44666117770163605,0.027193646752608276,0.3677329521477604,-469.9653788737262,-469.9653788737262
3880,12,114,True,0.3964289899978534,0.030639399718441512,0.3263771513767978,-419.7993314388505,-419.7993314388505
3881,18,129,True,0.5229903018579979,0.03505226028220541,0.285288307215857,-474.63123951687203,-474.63123951687203
3882,13,131,True,0.44731424809967696,0.029446832346073187,0.3395951008405672,-457.65486220145135,-457.65486220145135
3883,13,127,True,0.4393053218295057,0.029983674258590064,0.33351482922861214,-450.01538716821403,-450.01538716821403
3884,22,124,True,0.5662398391314453,0.03973348643196598,0.25167688259933063,-480.54355690103637,-480.54355690103637
3885,19,138,True,0.5592827657598409,0.0346343841507411,0.28873041184957876,-495.4375826626929,-495.4375826626929
3886,13,123,True,0.43123547985764243,0.03054476796331613,0.3273883112161752,-442.23157937521603,-442.23157937521603
3887,13,117,True,0.4190046364916592,0.03143637688616169,0.3181028156079273,-430.27638489179367,-430.27638489179367
3888,14,138,True,0.4788529176277306,0.0296536509189407,0.33722660414851957,-474.97953784766423,-474.97953784766423
3889,21,139,True,0.5911062999851495,0.03629423422855964,0.27552585727600454,-505.0498637172702,-505.0498637172702
3890,15,122,True,0.46151554149947416,0.032999113513865544,0.3030384436175296,-448.7735117241437,-448.7735117241437
3891,18,131,True,0.5277058464561439,0.0347390355989153,0.2878606106242121,-478.43317632308117,-478.43317632308117
3892,13,127,True,0.4393053218295057,0.029983674258590064,0.33351482922861214,-450.01538716821403,-450.01538716821403
3893,15,132,True,0.4831281780086318,0.0315229051742086,0.31722964443587504,-468.0535262866485,-468.0535262866485
3894,12,143,True,0.4523144819486594,0.026853763850747035,0.3723872770900908,-475.37409442646066,-475.37409442646066
3895,9,121,True,0.35470853289626175,0.025604079043939167,0.39056276864475375,-420.2668521647538,-420.2668521647538
3896,17,107,True,0.4563323226608968,0.03790159391725157,0.2638411466766395,-426.3186640005161,-426.3186640005161
3897,12,133,True,0.4333712060206127,0.028027580318625414,0.3567914135404195,-457.0519458697016,-457.0519458697016
3898,14,145,True,0.4931162338349456,0.02879592332707887,0.34727137888286724,-487.6004411195487,-487.6004411195487
3899,12,138,True,0.4428787195155865,0.02742589731520123,0.36461888138322984,-466.318120928127,-466.318120928127
3900,17,121,True,0.48949762756514653,0.035333618409637065,0.28301658449089245,-455.0345849281775,-455.0345849281775
3901,18,131,True,0.5277058464561439,0.0347390355989153,0.2878606106242121,-478.43317632308117,-478.43317632308117
3902,10,147,True,0.4193259878575743,0.02408950065406079,0.4151186088747045,-473.4713290701079,-473.4713290701079
3903,19,154,True,0.5971428754460535,0.03243849161516995,0.30827573977957334,-523.7065555279268,-523.7065555279268
3904,18,125,True,0.5135068404695095,0.035699606589533285,0.28011513165895463,-466.92008379235733,-466.92008379235733
3905,18,126,True,0.5158844886794052,0.03553507148998247,0.2814121255621802,-468.86143291923344,-468.86143291923344
3906,20,114,True,0.5138953512024558,0.03971819790229312,0.25177375933822643,-452.83655090879483,-452.83655090879483
3907,12,134,True,0.43527884901379116,0.02790474729484833,0.35836196236925477,-458.9223087834337,-458.9223087834337
3908,9,119,True,0.3513234146155111,0.02585078288554983,0.38683547977147875,-416.28196911718385,-416.28196911718385
3909,16,129,True,0.49257275373541376,0.03301359185919357,0.3029055439544733,-466.51529370783464,-466.51529370783464
3910,10,130,True,0.38997237278197366,0.025902741742187988,0.38605951831396,-442.38824064345107,-442.38824064345107
3911,19,137,True,0.5568890635651064,0.03478325473696552,0.2874946601639498,-493.60136928303916,-493.60136928303916
3912,13,125,True,0.43527834262444354,0.030261068332466324,0.3304575995180995,-446.1417696707275,-446.1417696707275
3913,20,143,True,0.586340341951838,0.0348108356184097,0.287266876027288,-508.411313896405,-508.411313896405
3914,9,128,True,0.36644729651435676,0.0247838786101667,0.40348809632636984,-433.9211818168888,-433.9211818168888
3915,17,141,True,0.5352488051864989,0.032313425489633944,0.30946889252604837,-492.89651748285667,-492.89651748285667
3916,17,144,True,0.5419854910371869,0.03191178116541653,0.31336389367188355,-498.2806088943784,-498.2806088943784
3917,10,122,True,0.3758649395381968,0.026874955858268306,0.3720936344132977,-426.8925366678947,-426.8925366678947
3918,9,127,True,0.36478015565427696,0.024897147427183783,0.4016524394711005,-431.9979330190162,-431.9979330190162
3919,20,139,True,0.5765620953940647,0.035401212502839265,0.2824762004747147,-501.18314724442666,-501.18314724442666
3920,15,134,True,0.48740394176090013,0.031246369668929096,0.3200371789092621,-471.8029243847424,-471.8029243847424
3921,19,124,True,0.5254015227384354,0.03686783025914182,0.27123917870161024,-468.9410247311871,-468.9410247311871
3922,19,107,True,0.4829268274387796,0.040110453711894596,0.2493115653048457,-434.318132516353,-434.318132516353
3923,10,130,True,0.38997237278197366,0.025902741742187988,0.38605951831396,-442.38824064345107,-442.38824064345107
3924,19,133,True,0.547276344568992,0.035394210530825095,0.28253208222545106,-486.17140760426753,-486.17140760426753
3925,15,150,True,0.5211534352286915,0.029222878931367397,0.34219763300823003,-500.5915972170872,-500.5915972170872
3926,13,124,True,0.4332589388197881,0.030402114046814387,0.3289244946782846,-444.1912776011244,-444.1912776011244
3927,11,124,True,0.39813377827754665,0.027937354428405066,0.3579436995592033,-435.3674061933263,-435.3674061933263
3928,24,120,True,0.5809392277815024,0.04233682443740288,0.23620099364763417,-480.1474939873177,-480.1474939873177
3929,18,126,True,0.5158844886794052,0.03553507148998247,0.2814121255621802,-468.86143291923344,-468.86143291923344
3930,16,121,True,0.47463834398707383,0.03426102433313496,0.29187685408251707,-450.946674626544,-450.946674626544
3931,8,131,True,0.3500103920741242,0.023041290051850512,0.4340034771272223,-434.87767800926514,-434.87767800926514
3932,19,120,True,0.5155557856099241,0.03757190724821227,0.2661563048672706,-461.0463468170632,-461.0463468170632
3933,21,143,True,0.6011312100326223,0.035688964651284696,0.28019865798040267,-512.2780303692485,-512.2780303692485
3934,20,153,True,0.6105651813103298,0.033429677755819065,0.2991353991816242,-525.9169019185364,-525.9169019185364
3935,12,121,True,0.41020794496285745,0.029610217046435027,0.33772126642360994,-433.9145917094485,-433.9145917094485
3936,22,147,True,0.6258071756143687,0.035951462114956464,0.2781528041342113,-523.1936824294633,-523.1936824294633
3937,14,137,True,0.47680345115020867,0.029781112587575646,0.3357832911914745,-473.1433244680105,-473.1433244680105
3938,17,130,True,0.5102857088652896,0.033894193163413536,0.2950357883365791,-472.50859331712036,-472.50859331712036
3939,15,131,True,0.48098482630022193,0.031663376700470446,0.31582228562032744,-466.1657631982569,-466.1657631982569
3940,16,139,True,0.5146305420008509,0.03159858291650543,0.3164698881093344,-485.1780106915779,-485.1780106915779
3941,12,122,True,0.4121590666257165,0.029470045106523,0.339327610930143,-435.892896122835,-435.892896122835
3942,21,133,True,0.5759553758838915,0.03724898039663958,0.26846372420175424,-493.9558818124895,-493.9558818124895
3943,18,115,True,0.4894556575295815,0.03745383652999818,0.2669953448424603,-446.9929409242663,-446.9929409242663
3944,11,137,True,0.42199410805476356,0.026357724578032295,0.37939542051116376,-460.0277507451783,-460.0277507451783
3945,14,136,True,0.4747508119792068,0.029909874617488615,0.33433774390190507,-471.29865300465485,-471.29865300465485
3946,16,134,True,0.503647076087744,0.03228768045095723,0.30971565192455736,-475.9543917005293,-475.9543917005293
3947,16,116,True,0.4632764307310781,0.0351012803028167,0.2848898932953608,-440.9127501690051,-440.9127501690051
3948,16,137,True,0.5102474201629709,0.03187002071972482,0.31377450576336946,-481.5139904655688,-481.5139904655688
3949,12,121,True,0.41020794496285745,0.029610217046435027,0.33772126642360994,-433.9145917094485,-433.9145917094485
3950,19,118,True,0.5106012712449338,0.037936478518721416,0.2635985307667674,-457.0424554415522,-457.0424554415522
3951,10,129,True,0.38822061393448554,0.026019622081336426,0.38432533603833097,-440.4828513357988,-440.4828513357988
3952,13,141,True,0.4671023060546138,0.028199363392269146,0.354617934486475,-476.1462388686308,-476.1462388686308
3953,8,152,True,0.3822753796906358,0.021096548178091753,0.4740111944182772,-472.7570848840739,-472.7570848840739
3954,15,128,True,0.47453191459372696,0.03209395042563824,0.3115852011789581,-460.4495369628922,-460.4495369628922
3955,20,112,True,0.5087379096846192,0.04012084979627508,0.24924696387982342,-448.7156108997714,-448.7156108997714
3956,18,121,True,0.5039483993231948,0.036376724701210825,0.27490105506027435,-459.06262043558144,-459.06262043558144
3957,13,151,True,0.4866110397439689,0.027068822106320143,0.36942870881940437,-493.81138285904035,-493.81138285904035
3958,13,132,True,0.4493075578787719,0.029316194305716355,0.34110839543897087,-459.54262528984293,-459.54262528984293
3959,16,124,True,0.4813970843865228,0.03378000486542888,0.2960331130749539,-456.85364591371683,-456.85364591371683
3960,14,114,True,0.4286301647103766,0.033128180025415815,0.3018578138710922,-428.46074835838783,-428.46074835838783
3961,17,131,True,0.5125738274780762,0.03374289020940949,0.29635872736270286,-474.4051408156772,-474.4051408156772
3962,15,123,True,0.4636957647895025,0.03284395696231525,0.3044700128999036,-450.7424803720216,-450.7424803720216
3963,17,134,True,0.5194145226534576,0.033298495961286145,0.30031386437472457,-480.0423020021627,-480.0423020021627
3964,16,127,True,0.488115263496436,0.03331507344453028,0.30016442907292507,-462.67775548080647,-462.67775548080647
3965,15,143,True,0.5064796093741076,0.03006952986947404,0.3325625656073789,-488.25471002776936,-488.25471002776936
3966,15,127,True,0.4723730460422159,0.03224062818561668,0.31016765375747984,-458.5262881650196,-458.5262881650196
3967,17,129,True,0.5079935016023118,0.03404713314295439,0.2937104853443253,-470.6032040094681,-470.6032040094681
3968,21,135,True,0.5810217638451467,0.036924177097359276,0.2708252637190167,-497.687990149449,-497.687990149449
3969,18,126,True,0.5158844886794052,0.03553507148998247,0.2814121255621802,-468.86143291923344,-468.86143291923344
3970,12,133,True,0.4333712060206127,0.028027580318625414,0.3567914135404195,-457.0519458697016,-457.0519458697016
3971,12,114,True,0.3964289899978534,0.030639399718441512,0.3263771513767978,-419.7993314388505,-419.7993314388505
3972,13,111,True,0.4066047013402838,0.03239506977263762,0.30868894773754935,-417.9725926788975,-417.9725926788975
3973,14,128,True,0.45820653482938195,0.03098981830570446,0.32268662892286937,-456.2303382811208,-456.2303382811208
3974,14,124,True,0.4498440994289218,0.03156590756414409,0.31679748094298615,-448.48297991615857,-448.48297991615857
3975,22,151,True,0.6359673908051073,0.03537710154743236,0.28266871966863527,-530.1636621589523,-530.1636621589523
3976,14,137,True,0.47680345115020867,0.029781112587575646,0.3357832911914745,-473.1433244680105,-473.1433244680105
3977,16,143,True,0.523358455899536,0.03107162150428997,0.3218370820660044,-492.40617734355624,-492.40617734355624
3978,21,126,True,0.5580835880294417,0.03844182299176743,0.2601333449285578,-480.61734013588836,-480.61734013588836
3979,26,139,True,0.6594361698489335,0.04048972377368118,0.24697624651369254,-523.694193210444,-523.694193210444
3980,15,116,True,0.448335291087661,0.03396922804227003,0.29438408160339635,-436.7612828532183,-436.7612828532183
3981,12,118,True,0.4043293500824417,0.03004072368737435,0.3328814613145569,-427.92299370698635,-427.92299370698635
3982,8,117,True,0.32785894418154443,0.02459805080222602,0.4065362772197805,-407.49920069960746,-407.49920069960746
3983,20,119,True,0.5266824046075127,0.038753900038369385,0.258038545542493,-462.9669281318229,-462.9669281318229
3984,8,127,True,0.34374364015235054,0.02346135323803363,0.4262328732082179,-427.2382029760278,-427.2382029760278
3985,13,136,True,0.45724737361914475,0.028807136857985156,0.34713619924460015,-467.0069506896207,-467.0069506896207
3986,18,128,True,0.5206261236707578,0.035211433603337214,0.2839986611352352,-472.71695008771644,-472.71695008771644
3987,12,105,True,0.37836259658841603,0.03210239699706659,0.31150321893140154,-400.93410816938916,-400.93410816938916
3988,13,141,True,0.4671023060546138,0.028199363392269146,0.354617934486475,-476.1462388686308,-476.1462388686308
3989,20,122,True,0.53428642616688,0.03820235038827723,0.2617639987687406,-468.9301155927793,-468.9301155927793
3990,14,123,True,0.44774318241832917,0.03171402227534553,0.3153179345457544,-446.5232816902502,-446.5232816902502
3991,11,117,True,0.38503510047976686,0.02888776753028611,0.3461672830728764,-421.4525134839956,-421.4525134839956
3992,15,127,True,0.4723730460422159,0.03224062818561668,0.31016765375747984,-458.5262881650196,-458.5262881650196
3993,8,132,True,0.3515700990145361,0.0229390695839818,0.43593747180500003,-436.7654410976567,-436.7654410976567
3994,18,144,True,0.5579857904995367,0.03285386921660497,0.3043781520547908,-502.3086444017824,-502.3086444017824
3995,9,116,True,0.34621750465763595,0.026232022331789614,0.3812134601563437,-410.2329277072149,-410.2329277072149
3996,13,120,True,0.42513990330964346,0.030982713142801325,0.32276062957783436,-436.29659968700037,-436.29659968700037
3997,17,124,True,0.4964679607309581,0.034837539887457684,0.2870466752906462,-460.94155621535026,-460.94155621535026
3998,11,136,True,0.42017742314185946,0.026471685200241228,0.3777621229761705,-458.1830792818226,-458.1830792818226
3999,8,133,True,0.3531271330046653,0.022837924960117037,0.4378681520962819,-438.64447628201856,-438.64447628201856
