thermal,band_low_c,band_high_c,history,chron_myr,member,mean_signed_record,known_field_10km_nt,known_field_50km_nt,known_field_150km_nt,known_field_400km_nt,best_signed_scale_of_steady,distance_to_scaled_steady_sigma
cooling,100,300,steady,,0,0.9691961711492988,374.6135142149515,290.230085669096,111.82171940829517,14.959246847236788,1.0,0.0
cooling,100,300,absent,,0,0.0,0.0,0.0,0.0,0.0,0.0,0.0
cooling,100,300,shutdown,,0,0.2789534192250443,108.4879538745269,84.46426345612849,32.62657545335,4.343140807886053,0.29022091119735954,0.0745054629634808
cooling,100,300,intermittent,,0,0.27063758994030335,105.09861518597799,81.73418081557546,31.554206927355608,4.205167541745417,0.2810171481501595,0.05579171455804268
cooling,100,300,periodic,5,0,-0.00016705856132180518,-0.0659919250449593,-0.051933267964464104,-0.02016246058351099,-0.0026543543138550945,-0.0001773660500064185,0.00014430923250663088
cooling,100,300,periodic,5,1,-5.9661285792270746e-05,-0.024991566402623767,-0.020472503952246934,-0.008100852138548368,-0.0010247766939452724,-6.837473373619372e-05,0.00019891202682697346
cooling,100,300,periodic,5,2,0.00010911169497678805,0.039697965497984364,0.029308575839120835,0.011011181260583596,0.001549554831018032,0.00010380295219424325,0.00025955463083130804
cooling,100,300,periodic,5,3,0.00028069075672497765,0.10547102381777541,0.07992821167552379,0.030446088320054878,0.004167123745590725,0.00027887165609553774,0.0003203629431123466
cooling,100,300,periodic,5,4,0.0004523669794550215,0.17128327622275757,0.13057937369076186,0.04989339579996456,0.006786292765388648,0.0004540467376082524,0.00038096089728561025
cooling,100,300,periodic,5,5,0.0006113022971052463,0.23216879563392023,0.17741328171669538,0.06787004882068966,0.00920874826137092,0.0006160699422210233,0.00044159840272918835
cooling,100,300,periodic,5,6,0.0007078632589438276,0.2693861250145829,0.20617543926977847,0.07893639419361187,0.010692842049026353,0.0007153103458960697,0.0004546026378375501
cooling,100,300,periodic,5,7,0.000699948238402332,0.26684241475172643,0.204508252413568,0.07835332736827537,0.010598820497089299,0.0007089748920882142,0.00040013324394505486
cooling,100,300,periodic,5,8,0.000677756269030713,0.2588396521251873,0.19864943971208365,0.07616303082756337,0.010287832136654509,0.0006881236860754212,0.000338855091403099
cooling,100,300,periodic,5,9,0.0006555498910612737,0.25083146761939124,0.19278651046197928,0.07397116424238927,0.009976629271650744,0.0006672581324972376,0.00027756193967086717
cooling,100,300,periodic,5,10,0.0006346188151666518,0.24330709459225316,0.18729283040046799,0.0719204461393737,0.009684600743514647,0.0006476756978503872,0.00021727306714279843
cooling,100,300,periodic,5,11,0.0005378588954022001,0.20650847323571025,0.15914611644709947,0.06114790952486593,0.00822444409649429,0.0005499889873856501,0.00015205464689278957
cooling,100,300,periodic,5,12,0.00046847359768336684,0.18028578757249758,0.13918188386436237,0.053524643216204426,0.007186074463485469,0.0004805165680058242,8.894874257957506e-05
cooling,100,300,periodic,5,13,0.0004240624070270758,0.16374206192058327,0.12672748516667245,0.0487963977887431,0.006534355213562402,0.00043689769023175283,2.391323125548988e-05
cooling,100,300,periodic,5,14,0.00036782018376281186,0.14259272424755695,0.11068622925282211,0.04268262605659309,0.005698276008980386,0.0003809565650390098,3.781130737703116e-05
cooling,100,300,periodic,5,15,0.0002677986126855198,0.10443319743682032,0.0814201989815801,0.031465370616020415,0.004181976906826038,0.00027953932627892736,9.129441474764652e-05
cooling,100,300,periodic,5,16,0.00016705856132180424,0.06599192504495895,0.05193326796446382,0.02016246058351088,0.00265435431385508,0.00017736605000641755,0.00014430923250662795
cooling,100,300,periodic,5,17,5.966128579226665e-05,0.024991566402622165,0.020472503952245688,0.008100852138547887,0.0010247766939452084,6.837473373618941e-05,0.00019891202682697265
cooling,100,300,periodic,5,18,-0.00010911169497679213,-0.03969796549798592,-0.02930857583912205,-0.011011181260584065,-0.0015495548310180945,-0.0001038029521942474,0.00025955463083130625
cooling,100,300,periodic,5,19,-0.00028069075672498183,-0.10547102381777702,-0.07992821167552504,-0.03044608832005536,-0.004167123745590789,-0.000278871656095542,0.0003203629431123463
cooling,100,300,periodic,5,20,-0.00045236697945502566,-0.17128327622275918,-0.1305793736907631,-0.04989339579996504,-0.00678629276538871,-0.0004540467376082567,0.00038096089728561025
cooling,100,300,periodic,5,21,-0.0006113022971052503,-0.23216879563392184,-0.17741328171669657,-0.06787004882069012,-0.009208748261370983,-0.0006160699422210276,0.0004415984027291967
cooling,100,300,periodic,5,22,-0.0007078632589438317,-0.2693861250145845,-0.2061754392697797,-0.07893639419361234,-0.01069284204902642,-0.0007153103458960739,0.0004546026378375536
cooling,100,300,periodic,5,23,-0.0006999482384023362,-0.266842414751728,-0.20450825241356918,-0.07835332736827583,-0.010598820497089363,-0.0007089748920882184,0.00040013324394505616
cooling,100,300,periodic,5,24,-0.0006777562690307171,-0.2588396521251889,-0.19864943971208493,-0.07616303082756384,-0.010287832136654573,-0.0006881236860754255,0.00033885509140309684
cooling,100,300,periodic,5,25,-0.0006555498910612777,-0.2508314676193928,-0.1927865104619805,-0.07397116424238973,-0.009976629271650807,-0.0006672581324972417,0.0002775619396708671
cooling,100,300,periodic,5,26,-0.0006346188151666561,-0.24330709459225475,-0.18729283040046923,-0.07192044613937418,-0.00968460074351471,-0.0006476756978503915,0.00021727306714279973
cooling,100,300,periodic,5,27,-0.0005378588954022043,-0.20650847323571184,-0.15914611644710072,-0.0611479095248664,-0.008224444096494352,-0.0005499889873856544,0.00015205464689279087
cooling,100,300,periodic,5,28,-0.00046847359768337085,-0.1802857875724992,-0.13918188386436356,-0.0535246432162049,-0.007186074463485531,-0.00048051656800582847,8.894874257958267e-05
cooling,100,300,periodic,5,29,-0.0004240624070270798,-0.16374206192058482,-0.12672748516667365,-0.04879639778874356,-0.006534355213562463,-0.000436897690231757,2.3913231255493965e-05
cooling,100,300,periodic,5,30,-0.00036782018376281495,-0.14259272424755817,-0.11068622925282302,-0.04268262605659345,-0.005698276008980435,-0.00038095656503901303,3.781130737702699e-05
cooling,100,300,periodic,5,31,-0.00026779861268552295,-0.10443319743682151,-0.08142019898158105,-0.03146537061602078,-0.004181976906826087,-0.00027953932627893056,9.129441474765066e-05
cooling,100,300,periodic,20,0,-0.00014305715543409372,-0.05778902115762555,-0.0463871393789983,-0.01820853891135267,-0.0023524751167196527,-0.00015669328235230287,0.0002918077189934051
cooling,100,300,periodic,20,1,-8.386666803218651e-05,-0.034170707319502516,-0.027680420634293712,-0.010925081382058329,-0.0014000148624278763,-9.303588097978445e-05,0.00021886391221314906
cooling,100,300,periodic,20,2,-9.498313306353456e-06,-0.004591913079027704,-0.004295086137012759,-0.001826406984292532,-0.00020785650423475873,-1.3376072002696362e-05,0.00013497317767025778
cooling,100,300,periodic,20,3,8.080096812435066e-05,0.03124307356402973,0.024000970926849365,0.009177536096769984,0.0012358917498782296,8.308004420752358e-05,3.978491471958338e-05
cooling,100,300,periodic,20,4,4.1569133799301304e-05,0.016696107718999955,0.013089715210058937,0.005043178186813903,0.0006638054370041574,4.4785642894589045e-05,2.5498249720909003e-05
cooling,100,300,periodic,20,5,-7.565044231668425e-05,-0.02825049795612114,-0.021518858883745138,-0.008248962818692421,-0.001125655763492208,-7.487543427404788e-05,6.351392578819947e-05
cooling,100,300,periodic,20,6,-0.00021230813760300156,-0.08070930317803804,-0.061939047557580035,-0.02377748576288261,-0.0032146418839463153,-0.00021457654713766692,0.00010339338518455986
cooling,100,300,periodic,20,7,-0.0003294550263565011,-0.12550823533087874,-0.09634819654089188,-0.036974155584995685,-0.004995633898811252,-0.0003337150627723624,0.00015714495519429233
cooling,100,300,periodic,20,8,-0.0004264530601889503,-0.16239689833191615,-0.12454987640171743,-0.04776278608704554,-0.006458565672562257,-0.0004316189053960117,0.00022518828832795
cooling,100,300,periodic,20,9,-0.0005171209549053205,-0.19668150960650402,-0.150631037426341,-0.05771287850073602,-0.007814625011501236,-0.0005224163824774433,0.0003118641110275645
cooling,100,300,periodic,20,10,-0.000514639595997238,-0.19515634801972076,-0.149076374509977,-0.05703546999399872,-0.007743191545637406,-0.0005177834742391135,0.00037931035072638446
cooling,100,300,periodic,20,11,-0.0004078212180083652,-0.15402106275090088,-0.11724171573296263,-0.044769229538602906,-0.006099716429143727,-0.0004080245490027375,0.00037377251427192856
cooling,100,300,periodic,20,12,-0.0004412570085209778,-0.16686046393668705,-0.12705634485487416,-0.048513458183016,-0.006606553691217969,-0.00044209406230082983,0.00039861755257007545
cooling,100,300,periodic,20,13,-0.00026959802653973635,-0.10059492014445143,-0.07573289050809541,-0.028737583679248058,-0.003959735863374868,-0.00026522454872482447,0.0003962749316989169
cooling,100,300,periodic,20,14,-2.0407472933270474e-05,-0.004358577136333863,-0.0011982257226736404,-2.182391126589328e-05,-0.00011664501452972233,-8.363911782058669e-06,0.00039227179126392604
cooling,100,300,periodic,20,15,0.00018010549855838808,0.07282928830081317,0.05843140453890762,0.022921105557571174,0.002961821712894109,0.00019742701185691572,0.00036170848019321356
cooling,100,300,periodic,20,16,0.00014305715543409128,0.057789021157624645,0.046387139378997605,0.018208538911352393,0.0023524751167196137,0.0001566932823523005,0.0002918077189934041
cooling,100,300,periodic,20,17,8.386666803218423e-05,0.034170707319501684,0.02768042063429288,0.010925081382058069,0.0014000148624278373,9.303588097978197e-05,0.00021886391221312483
cooling,100,300,periodic,20,18,9.498313306351213e-06,0.004591913079026802,0.0042950861370121,0.0018264069842922545,0.0002078565042347327,1.3376072002694e-05,0.00013497317767026184
cooling,100,300,periodic,20,19,-8.080096812435309e-05,-0.0312430735640307,-0.024000970926850024,-0.009177536096770245,-0.0012358917498782687,-8.308004420752606e-05,3.978491471959738e-05
cooling,100,300,periodic,20,20,-4.156913379930235e-05,-0.016696107719000337,-0.013089715210059267,-0.005043178186814015,-0.0006638054370041715,-4.478564289459011e-05,2.5498249720913445e-05
cooling,100,300,periodic,20,21,7.565044231668582e-05,0.028250497956121765,0.021518858883745634,0.008248962818692617,0.0011256557634922331,7.487543427404956e-05,6.351392578819696e-05
cooling,100,300,periodic,20,22,0.00021230813760300362,0.08070930317803882,0.06193904755758064,0.02377748576288284,0.0032146418839463457,0.00021457654713766903,0.00010339338518455959
cooling,100,300,periodic,20,23,0.0003294550263565032,0.12550823533087957,0.09634819654089255,0.03697415558499595,0.004995633898811282,0.00033371506277236467,0.0001571449551942911
cooling,100,300,periodic,20,24,0.00042645306018895287,0.16239689833191726,0.12454987640171819,0.04776278608704578,0.006458565672562292,0.00043161890539601455,0.00022518828832796914
cooling,100,300,periodic,20,25,0.0005171209549053226,0.19668150960650485,0.1506310374263417,0.057712878500736225,0.007814625011501267,0.0005224163824774456,0.0003118641110275612
cooling,100,300,periodic,20,26,0.0005146395959972404,0.1951563480197216,0.14907637450997782,0.057035469993999034,0.007743191545637441,0.000517783474239116,0.000379310350726354
cooling,100,300,periodic,20,27,0.0004078212180083678,0.15402106275090185,0.1172417157329634,0.044769229538603184,0.006099716429143771,0.00040802454900274013,0.00037377251427192986
cooling,100,300,periodic,20,28,0.0004412570085209801,0.16686046393668802,0.12705634485487477,0.04851345818301628,0.006606553691218004,0.0004420940623008322,0.00039861755257009573
cooling,100,300,periodic,20,29,0.00026959802653973885,0.1005949201444524,0.07573289050809624,0.02873758367924837,0.003959735863374907,0.0002652245487248272,0.00039627493169890553
cooling,100,300,periodic,20,30,2.0407472933272425e-05,0.004358577136334696,0.0011982257226741955,2.1823911266101448e-05,0.00011664501452974835,8.363911782060763e-06,0.000392271791263941
cooling,100,300,periodic,20,31,-0.00018010549855838784,-0.07282928830081317,-0.05843140453890762,-0.02292110555757114,-0.0029618217128941048,-0.00019742701185691572,0.00036170848019321036
cooling,100,300,periodic,100,0,0.010713608570601395,4.173152464181742,3.254379732442811,1.258335878065602,0.1672454297459381,0.011171877955602224,0.003842814949563917
cooling,100,300,periodic,100,1,0.007797668984463322,3.031094991268819,2.359952906714418,0.911738456506196,0.12137611022454468,0.00810877956850207,0.0021059736552074015
cooling,100,300,periodic,100,2,0.004508036006896316,1.7452693859542,1.3545719607064763,0.5224805437197609,0.06977752827324943,0.004662549860992306,0.00044681286437709664
cooling,100,300,periodic,100,3,0.00016866398947992938,0.0601867409805526,0.043817367286539816,0.0163544183441737,0.0023378530242531247,0.00015646084498876218,0.000502658584203721
cooling,100,300,periodic,100,4,-0.0039894526226405365,-1.5541432469845167,-1.2117076171581647,-0.4684109575808326,-0.062266016153704876,-0.004160138726925094,0.0013773409786419085
cooling,100,300,periodic,100,5,-0.006907526651030513,-2.6854024531760547,-2.090786437939664,-0.807714590175983,-0.10752622673972992,-0.007183943071181589,0.0018597782337145372
cooling,100,300,periodic,100,6,-0.00883888600345999,-3.436954492023683,-2.676867654031714,-1.0343857790311177,-0.1376589824065224,-0.009195928701290228,0.0025561729707776954
cooling,100,300,periodic,100,7,-0.010021301821750098,-3.8973912865499964,-3.036352991287392,-1.1735330132085762,-0.1561375409630329,-0.010429217908497835,0.0030619013498345365
cooling,100,300,periodic,100,8,-0.010946998068851174,-4.257693556625446,-3.317691450432661,-1.2824556827207894,-0.17060228271655653,-0.011394352786384841,0.0034652774341495792
cooling,100,300,periodic,100,9,-0.010888013264836413,-4.243165841085165,-3.311948317689622,-1.281406991694438,-0.17017925114150137,-0.011363873204261571,0.004462586308267356
cooling,100,300,periodic,100,10,-0.011123126432844561,-4.345088738717462,-3.39785247673966,-1.31591914403582,-0.17443549903613215,-0.011646374204260216,0.005713332547393012
cooling,100,300,periodic,100,11,-0.011610394737270989,-4.543556351154512,-3.5578453442685545,-1.378815026143988,-0.18252413887178728,-0.01218552008634406,0.006834717379020134
cooling,100,300,periodic,100,12,-0.012371550154559733,-4.8431519164682495,-3.7931479560674006,-1.4700997415645838,-0.19456772014498042,-0.012990049819474232,0.0074077235491222275
cooling,100,300,periodic,100,13,-0.013191213028294185,-5.158403390711104,-4.036109731983763,-1.5634123677189904,-0.20711372657953842,-0.013829650063748318,0.007173917328103925
cooling,100,300,periodic,100,14,-0.013484072591747545,-5.266552063536611,-4.116366070412457,-1.593569098064858,-0.21132723425879796,-0.014113016739311798,0.006533155823607107
cooling,100,300,periodic,100,15,-0.013030581161351983,-5.081936061459476,-3.967043842044661,-1.5347009110355927,-0.20377386259738733,-0.013610720646075696,0.00539402362264646
cooling,100,300,periodic,100,16,-0.010713608570601387,-4.1731524641817375,-3.254379732442807,-1.2583358780656007,-0.16724542974593798,-0.01117187795560221,0.0038428149495639387
cooling,100,300,periodic,100,17,-0.007797668984463333,-3.031094991268823,-2.3599529067144207,-0.9117384565061971,-0.12137611022454481,-0.008108779568502079,0.0021059736552073672
cooling,100,300,periodic,100,18,-0.0045080360068963194,-1.7452693859542014,-1.3545719607064777,-0.5224805437197614,-0.0697775282732495,-0.0046625498609923115,0.00044681286437711317
cooling,100,300,periodic,100,19,-0.0001686639894799325,-0.06018674098055385,-0.04381736728654051,-0.016354418344174115,-0.002337853024253168,-0.0001564608449887652,0.0005026585842037518
cooling,100,300,periodic,100,20,0.003989452622640532,1.5541432469845144,1.2117076171581633,0.46841095758083207,0.06226601615370478,0.004160138726925089,0.0013773409786419536
cooling,100,300,periodic,100,21,0.0069075266510305044,2.6854024531760516,2.0907864379396623,0.8077145901759821,0.10752622673972981,0.007183943071181581,0.0018597782337146478
cooling,100,300,periodic,100,22,0.00883888600345999,3.436954492023683,2.6768676540317133,1.0343857790311177,0.1376589824065224,0.009195928701290228,0.0025561729707776404
cooling,100,300,periodic,100,23,0.010021301821750112,3.897391286550002,3.036352991287395,1.1735330132085775,0.1561375409630331,0.01042921790849785,0.0030619013498343504
cooling,100,300,periodic,100,24,0.010946998068851193,4.257693556625454,3.3176914504326667,1.2824556827207916,0.17060228271655684,0.011394352786384863,0.003465277434149503
cooling,100,300,periodic,100,25,0.010888013264836429,4.243165841085172,3.3119483176896267,1.2814069916944395,0.17017925114150162,0.011363873204261587,0.004462586308267335
cooling,100,300,periodic,100,26,0.011123126432844552,4.345088738717458,3.397852476739658,1.3159191440358189,0.17443549903613204,0.011646374204260207,0.005713332547393157
cooling,100,300,periodic,100,27,0.011610394737270994,4.543556351154513,3.5578453442685554,1.378815026143988,0.18252413887178728,0.012185520086344062,0.006834717379020168
cooling,100,300,periodic,100,28,0.012371550154559726,4.843151916468244,3.793147956067398,1.470099741564583,0.19456772014498025,0.012990049819474221,0.007407723549122415
cooling,100,300,periodic,100,29,0.013191213028294183,5.1584033907111015,4.036109731983761,1.56341236771899,0.20711372657953833,0.013829650063748311,0.007173917328104078
cooling,100,300,periodic,100,30,0.013484072591747548,5.266552063536612,4.116366070412457,1.5935690980648587,0.211327234258798,0.014113016739311804,0.0065331558236069965
cooling,100,300,periodic,100,31,0.01303058116135199,5.081936061459479,3.9670438420446614,1.5347009110355936,0.2037738625973874,0.0136107206460757,0.005394023622646191
cooling,100,300,poisson,5,0,0.06358025830448293,24.606728250088203,19.08260050630561,7.355902477337231,0.9830710809034715,0.06571358041136897,0.0033463208382830782
cooling,100,300,poisson,5,1,-0.10304700099282697,-39.88352007703949,-30.934099479479464,-11.925612696011545,-1.5935947101268182,-0.10651769418522061,0.006231225949412231
cooling,100,300,poisson,5,2,0.03191165840187597,12.3093069377089,9.518797458120059,3.663593492233275,0.49100753569154804,0.03283185038331606,0.003228209757915148
cooling,100,300,poisson,5,3,0.028168134183846838,10.910128836776698,8.466752903558007,3.2650105110279153,0.43604842416952727,0.02914499539632661,0.00255553239493294
cooling,100,300,poisson,5,4,-0.017639716724642117,-6.607167691508372,-4.987534501662292,-1.8950188298727153,-0.26035122113831916,-0.017440050491568857,0.02365755590949082
cooling,100,300,poisson,5,5,0.02227834377878335,8.536890462522644,6.568416873404721,2.521585058650194,0.339709376254669,0.022720237270589104,0.008188063467031144
cooling,100,300,poisson,5,6,0.00922075530846459,3.7006340201886703,2.9525957045935325,1.1549896179038244,0.15006221423852664,0.010007040661645143,0.015415048007591508
cooling,100,300,poisson,5,7,0.03741167509278347,14.260972760652926,10.923481519100942,4.183187602423325,0.5661222820519869,0.03788049926116049,0.022553171218616518
cooling,100,300,poisson,5,8,0.09665224514590091,37.371693506729144,28.962493086017467,11.160723352855971,1.492594522068076,0.09977412782119884,0.0016166459733068864
cooling,100,300,poisson,5,9,-0.0900585940182153,-34.76183876756338,-26.90238317504772,-10.359264831079841,-1.387363730370601,-0.09275006204203923,0.005252821586242353
cooling,100,300,poisson,5,10,0.08111426931251692,31.340633178834764,24.27251933880619,9.349998377314051,1.251247782999922,0.08364841887561955,0.0015441169451654699
cooling,100,300,poisson,5,11,-0.017040348724169867,-6.668196129936201,-5.216328631675713,-2.0198476905809635,-0.26758872385164306,-0.0178755048362443,0.009028564249434339
cooling,100,300,poisson,5,12,0.019453734326225432,7.459586020374034,5.740757021283738,2.2038579057794108,0.2968165382130812,0.019854815467572937,0.006955208440557525
cooling,100,300,poisson,5,13,0.03386632318405174,13.239705282919195,10.35023105805351,4.006563904025321,0.531149488715489,0.03548169325721357,0.016716801914196965
cooling,100,300,poisson,5,14,0.01686129491760262,6.590483260140843,5.153501742731019,1.9954618360412781,0.26449477013470657,0.017664293708185307,0.00858969535861126
cooling,100,300,poisson,5,15,0.10677488539538289,41.40032347624212,32.155786614965926,12.405657433878744,1.655380854405225,0.11063654314348886,0.01460815325054419
cooling,100,300,poisson,5,16,0.0008871927053493878,0.16699588913989857,0.01988190848310714,-0.01452012604624818,0.0037606345175882593,0.00028134333902107763,0.019722977396089157
cooling,100,300,poisson,5,17,0.03727328091358467,14.343259927455772,11.070452791817278,4.256504535698062,0.5715804529554648,0.0382250529696211,0.007579143044025427
cooling,100,300,poisson,5,18,0.07940274854824482,30.61210986368725,23.665668648328385,9.107492613570331,1.221007232978584,0.08163991699811689,0.009196002716461314
cooling,100,300,poisson,5,19,-0.006537967070562749,-2.533711010074284,-1.9678106429970033,-0.7592412688546524,-0.10132605479187126,-0.006770831236378013,0.00087871307287842
cooling,100,300,poisson,5,20,-0.012625486869550739,-4.871261530617239,-3.768724053490856,-1.4509938230943402,-0.19438684236403925,-0.012995538845458612,0.0009460166423668134
cooling,100,300,poisson,5,21,-0.03643678729955901,-14.188287381948545,-11.059632146050546,-4.275035811725544,-0.5684234553367187,-0.03797570132230508,0.012151803852916303
cooling,100,300,poisson,5,22,-0.04495553643265017,-17.467880381339956,-13.59120268478161,-5.248392097444777,-0.6991061686996733,-0.04671630074538176,0.010466928649050055
cooling,100,300,poisson,5,23,-0.016777920395665218,-6.4899453282666775,-5.0312663553062675,-1.9391433898081747,-0.2592485063935079,-0.017329205302995553,0.000579749319775062
cooling,100,300,poisson,5,24,-0.027773277569121468,-10.759510414665066,-8.3510284659174,-3.2205853700171723,-0.43005154100769855,-0.028744366862801744,0.0027264555998132317
cooling,100,300,poisson,5,25,0.04988275802941124,19.26286636005909,14.91202365894559,5.742915677420999,0.7688796600890866,0.05140288254842896,0.002133217582598517
cooling,100,300,poisson,5,26,-0.004184214701352637,-1.5356423685132594,-1.137935435926911,-0.4278112439938969,-0.059917592682700596,-0.00402142356128081,0.009341673206852886
cooling,100,300,poisson,5,27,0.012226441215082488,4.628879839704742,3.5248119334629813,1.3454861267066778,0.1831803774021058,0.012264151466778709,0.011071122875763261
cooling,100,300,poisson,5,28,0.03581903315441111,13.886899029510502,10.784867524768762,4.1605254909926,0.5552259090809537,0.0371090592357269,0.0046919258411388075
cooling,100,300,poisson,5,29,-0.02987446582347243,-11.674473488414975,-9.123284846075046,-3.530896937064462,-0.4682549622713805,-0.03128195262533662,0.014138481501842881
cooling,100,300,poisson,5,30,0.03156306234569838,12.337014197212657,9.643315332364388,3.732699305066311,0.4949080745615604,0.033060695687165235,0.01535804897126233
cooling,100,300,poisson,5,31,0.04476055466301504,17.379508706668002,13.515095347773368,5.217572238447188,0.6953869591296264,0.046468948642574184,0.009095287040985455
cooling,100,300,poisson,20,0,0.07968573664616593,30.710226379930017,23.741033101424264,9.13721378669114,1.2250938553379314,0.08190124983419068,0.009237387749940108
cooling,100,300,poisson,20,1,-0.13243631273109513,-51.183474703176124,-39.64750788842708,-15.273917808076456,-2.0436180853757295,-0.1366199051365021,0.0012357764951371308
cooling,100,300,poisson,20,2,-0.02156770876336722,-8.40404304816375,-6.555116310311773,-2.5347998476558287,-0.336824999023702,-0.022500292720204096,0.007972399859916261
cooling,100,300,poisson,20,3,0.06388263852757209,24.484050696937196,18.84022859798923,7.232913279905394,0.9743123745980939,0.06516496681443014,0.023168778714087786
cooling,100,300,poisson,20,4,0.17129386049266165,66.31319636823072,51.444089767921696,19.834937425357506,2.6499532267808283,0.17712031671542883,0.012330784493089966
cooling,100,300,poisson,20,5,-0.021101993912592303,-8.184751936095463,-6.359032411273217,-2.4537121725627857,-0.327320845168405,-0.021875469779610475,0.0032331221354517754
cooling,100,300,poisson,20,6,0.17385699597676363,67.39395040022409,52.33360631973406,20.187730168431294,2.6943838414117134,0.1800834602328413,0.021687473981748428
cooling,100,300,poisson,20,7,-0.18113973190453145,-69.98641612864596,-54.20276864090682,-20.879560518108946,-2.7941818381325554,-0.1867945297235385,0.003420812821505443
cooling,100,300,poisson,20,8,0.09857652402311123,38.10108036099756,29.51682523185689,11.371886615030926,1.5213820984249782,0.10170489798596588,0.000344318405888343
cooling,100,300,poisson,20,9,-0.05096125116825585,-19.63963751359396,-15.182686972068156,-5.84338132514095,-0.7834703177017355,-0.052376982670997344,0.005913749548539082
cooling,100,300,poisson,20,10,0.0016086597327938643,0.5690802598355906,0.4067618003008,0.14962585200085254,0.021778643703809955,0.0014677698157776653,0.006164613178801653
cooling,100,300,poisson,20,11,-0.15129324890679863,-58.38312128013503,-45.17019371576211,-17.390556581660228,-2.329654799150493,-0.15575586557073673,0.011177633046491765
cooling,100,300,poisson,20,12,-0.05948654583146262,-23.085963900892665,-17.93982018945131,-6.922416970044962,-0.9232003993983151,-0.06170704780016548,0.009693476723593058
cooling,100,300,poisson,20,13,0.16139452512971905,62.324076146734924,48.25063934415931,18.58350108985935,2.487879756668218,0.16631706328924514,0.006222454388025653
cooling,100,300,poisson,20,14,0.06993467682806394,26.98809400691661,20.87919625942036,8.038085058853694,1.0768279439214814,0.07199771130652739,0.005385381771138476
cooling,100,300,poisson,20,15,0.20813635653049398,80.40104802829208,62.26015487259588,23.981830266331507,3.209799299872121,0.21457863806863045,0.0054416004610819135
cooling,100,300,poisson,20,16,-0.155898911452818,-60.53043699024839,-47.06380853367145,-18.166927955631785,-2.421554387605388,-0.16183343692575228,0.030267959335220574
cooling,100,300,poisson,20,17,-0.07225676249924387,-28.103875969416467,-21.882338894235154,-8.453039392127856,-1.12515024498676,-0.07518466276006305,0.019631123817159334
cooling,100,300,poisson,20,18,-0.03435431278958098,-13.454574577487453,-10.53734448619335,-4.0834025966049206,-0.5404049183914403,-0.03608654616403567,0.020488303342943437
cooling,100,300,poisson,20,19,-0.035263227037965014,-13.801343746877848,-10.797008865789193,-4.180820902309941,-0.5538319950129185,-0.03699832119857054,0.018793000401988093
cooling,100,300,poisson,20,20,0.0060991895719259785,2.384591197035322,1.8643887833693902,0.7217566867094851,0.09567350324764834,0.006390907729100656,0.003051065465604395
cooling,100,300,poisson,20,21,-0.14473145368315168,-56.083638734276605,-43.53839482459773,-16.79248637704084,-2.2418762032206887,-0.14984257253062178,0.015818813846050807
cooling,100,300,poisson,20,22,-0.14951005289674607,-57.77406391579721,-44.74839126165595,-17.23820355777639,-2.3066677366425408,-0.15420522797405845,0.002159094820861389
cooling,100,300,poisson,20,23,-0.027595628742455976,-10.475628322716272,-7.993872180147297,-3.054772156121748,-0.41497669981192864,-0.027780296863136496,0.022028418855750846
cooling,100,300,poisson,20,24,-0.04894511494539654,-19.207286901049883,-15.060985888920516,-5.839346690099358,-0.7717908354340175,-0.05154295672574657,0.03246758894513964
cooling,100,300,poisson,20,25,0.004222307452560204,1.3247483724503688,0.8344007925189987,0.28250874120250624,0.047782284307634725,0.0032480113501990094,0.034581885343314946
cooling,100,300,poisson,20,26,0.0942677224124939,36.30534249395234,28.044274156429026,10.788046483519015,1.4475093669037353,0.09678920567252257,0.014990383995248496
cooling,100,300,poisson,20,27,-0.10967747761572595,-42.43988399158921,-32.91012140209668,-12.685974298714676,-1.6955427850109084,-0.11333489702657648,0.0054134330231834175
cooling,100,300,poisson,20,28,0.0705338035095664,27.443726250630252,21.37547307772327,8.258811355784658,1.098939525780038,0.07342939273396484,0.02046884549651317
cooling,100,300,poisson,20,29,-0.18647736965592443,-72.20600498071452,-56.02295020557218,-21.60161737281589,-2.8855776934905784,-0.19287075625522365,0.014730411549743633
cooling,100,300,poisson,20,30,0.15846989708419207,61.39819075645946,47.66116516323892,18.382350862847257,2.454317879717132,0.16403752282648543,0.016812994258736967
cooling,100,300,poisson,20,31,0.10562679439283389,40.739980026874406,31.511723669828065,12.130987114168796,1.6255632247538467,0.10867503144994721,0.009222934531185365
cooling,100,300,poisson,100,0,0.11811427664331757,46.129288371927686,36.036779134283634,13.945202393979582,1.850044312922834,0.12358649989990257,0.0537624631312628
cooling,100,300,poisson,100,1,-0.029006185145982417,-11.383871162477096,-8.92771868419375,-3.4617244976969506,-0.4574802876828796,-0.030550720664787968,0.01948323331788968
cooling,100,300,poisson,100,2,-0.09819965791101794,-38.100785653618594,-29.611080036762868,-11.427851997163113,-1.5239962567012526,-0.10184625028866995,0.016723592936819652
cooling,100,300,poisson,100,3,-0.15098602989693663,-58.32086874456492,-45.16089190550666,-17.395331742115395,-2.328311878055109,-0.15564837805553744,0.004121381886892251
cooling,100,300,poisson,100,4,0.22839986562820588,88.29657175537025,68.41843782734597,26.363121992746986,3.5262368836900473,0.23571716823324215,0.002012513144283529
cooling,100,300,poisson,100,5,-0.009885502123338417,-4.078365939506876,-3.316949883157638,-1.309444345467858,-0.16694824261972363,-0.011122833937362209,0.028289192015745784
cooling,100,300,poisson,100,6,0.2464369848602443,95.0060518479059,73.4539837365441,28.27039224365963,3.789863103303958,0.25338343736888247,0.0272671242103609
cooling,100,300,poisson,100,7,0.09787782911188214,38.63301434194584,30.429581471491964,11.825179021388784,1.5559636727970936,0.10387679632703282,0.08985368243334875
cooling,100,300,poisson,100,8,0.03327491918291873,12.439844043497583,9.366552678385752,3.5527574611921118,0.48929685018215663,0.03279938251149063,0.04894707494760321
cooling,100,300,poisson,100,9,-0.1342860792739141,-52.22090689781794,-40.64931907604311,-15.699681291571846,-2.0902278932113787,-0.13968652524059727,0.03441044487595725
cooling,100,300,poisson,100,10,-0.03760633706411552,-14.581093661027648,-11.320146356084331,-4.365643939953895,-0.5827430551615587,-0.038958040330506906,0.004178658763087309
cooling,100,300,poisson,100,11,0.1425401636224962,55.49768127359313,43.24856235457492,16.714286136464775,2.2228857802779687,0.14852500552779824,0.0454039186743509
cooling,100,300,poisson,100,12,-0.06532207833549968,-24.691429624945656,-18.78058262926537,-7.164889105052856,-0.9766506237391839,-0.06538749119307785,0.06289085307371681
cooling,100,300,poisson,100,13,0.1263272904495943,49.313482808770885,38.51107464288243,14.900165159141334,1.9774301335341042,0.13209756958178143,0.055102386664821944
cooling,100,300,poisson,100,14,-0.04287093042159423,-16.414806370753546,-12.621877240152939,-4.843890462877123,-0.6529920796627517,-0.04367477014875605,0.01717011275682846
cooling,100,300,poisson,100,15,0.15408334633609738,59.76753436788577,46.43869996745874,17.919682068664198,2.390301099050058,0.1597460332374233,0.024180777728874513
cooling,100,300,poisson,100,16,-0.23201814355257283,-89.40317307169244,-69.09718810103678,-26.588844442569002,-3.5657733030935876,-0.23840314643329222,0.030119058204545423
cooling,100,300,poisson,100,17,-0.21071746805089644,-81.13296593315854,-62.67206853910178,-24.110426964219407,-3.2352065596298196,-0.21630009528686173,0.033262838361549744
cooling,100,300,poisson,100,18,-0.2807515965622821,-109.08594192157551,-84.86807936895282,-32.77023313474687,-4.36546775858408,-0.29172793606880815,0.06380430330493231
cooling,100,300,poisson,100,19,-0.20303871617072047,-78.57309044002122,-60.930926359891245,-23.487105035414615,-3.1390662095783113,-0.20982956640686526,0.01020480578885998
cooling,100,300,poisson,100,20,0.008452068733031694,3.1785304661843705,2.4133997658975854,0.9206636377930599,0.12579391344975077,0.008411385272759416,0.008782492449800273
cooling,100,300,poisson,100,21,-0.2597806016769827,-100.42089929888945,-77.80551653518941,-29.978185343356152,-4.010136318557406,-0.26807257879197954,0.0008613763897651315
cooling,100,300,poisson,100,22,-0.09341843766175521,-35.635561562275846,-27.317555238727664,-10.46655301173163,-1.4153823093975715,-0.09468949123065537,0.05236583853403304
cooling,100,300,poisson,100,23,0.2784631382262902,107.66106795632123,83.43287057860772,32.150811471269584,4.29991844647816,0.28742714581887063,0.004193080820176541
cooling,100,300,poisson,100,24,-0.2534535300798139,-97.6304231864515,-75.4294675494728,-29.019396527826935,-3.893032885774788,-0.26030206854489185,0.03770658191915138
cooling,100,300,poisson,100,25,-0.41530346502731624,-160.58639484520938,-124.45071118072194,-47.956415493844204,-6.413533484547546,-0.42872783449731283,0.006664583747716517
cooling,100,300,poisson,100,26,-0.10511476394700785,-41.06466113991519,-32.09235437054001,-12.42181942907897,-1.6473770521888755,-0.11003617203122909,0.050096470459647366
cooling,100,300,poisson,100,27,-0.15410278032881117,-59.28803275163412,-45.762696233203386,-17.59738950520514,-2.363028159187686,-0.15800866494861204,0.0306832667133508
cooling,100,300,poisson,100,28,0.28675750365035124,111.06857267049318,86.18435143998902,33.23169423855295,4.438540694678698,0.29668981163920666,0.02411227348935534
cooling,100,300,poisson,100,29,-0.3302656978503452,-127.42226964301744,-98.57148131363428,-37.94770513146355,-5.084232789705851,-0.3399202768881288,0.026765257611892003
cooling,100,300,poisson,100,30,0.4104691447050679,158.38739621072804,122.53539192327317,47.1748100924847,6.319924659112472,0.42253955256717063,0.031533453212362186
cooling,100,300,poisson,100,31,-0.04098706721507683,-15.977513548611736,-12.456631090823933,-4.814419845965176,-0.639920122268613,-0.04276760945254459,0.01400040628023987
cooling,250,550,steady,,0,0.2809833333333335,107.93761825184114,83.20746639258627,31.97415774377532,4.299121312686043,1.0,0.0
cooling,250,550,absent,,0,0.0,0.0,0.0,0.0,0.0,0.0,0.0
cooling,250,550,shutdown,,0,0.25052211171546385,96.35003820886155,74.34212855636771,28.580676298851692,3.8392646672789366,0.892995371692523,0.012110742788677653
cooling,250,550,intermittent,,0,0.18058821928884333,69.57962164243901,53.76497022882614,20.685741678984144,2.7746162456887102,0.6452891004336245,0.022904587052833582
cooling,250,550,periodic,5,0,0.0002736081401015614,0.1071211473551472,0.08375699683453668,0.032414690349985786,0.004295466973084192,0.0009985555356050871,0.0002118268010118744
cooling,250,550,periodic,5,1,0.00031261932363050145,0.12229123453522839,0.09556751405961335,0.03697691873049923,0.004902798032506414,0.0011397053251435555,0.00023280318510545984
cooling,250,550,periodic,5,2,0.00035007632936283827,0.13686692632020014,0.10692254604083087,0.041364810833719096,0.005486558390426222,0.0012753626926568483,0.00025428441875968504
cooling,250,550,periodic,5,3,0.0003616896793062857,0.1413800678716441,0.11043679314051599,0.042722751832236366,0.005667327428125744,0.001317358725693861,0.0002606605733874232
cooling,250,550,periodic,5,4,0.0003403351974613221,0.13304510120167115,0.10393488593555553,0.04020941187639808,0.005333485943323004,0.0012397409249211419,0.00024690091472888046
cooling,250,550,periodic,5,5,0.00034222063381135384,0.13352520792680378,0.10416398931259514,0.04027023954246387,0.005349209009480044,0.0012434573555734282,0.00022158657737917105
cooling,250,550,periodic,5,6,0.00034570133673203734,0.1346189144356154,0.10486662236738606,0.04051313806710233,0.005389385828793168,0.0012528612345902048,0.00019636549444130804
cooling,250,550,periodic,5,7,0.0003506717007348528,0.13628501734868148,0.1060106248819111,0.04092566848995917,0.005452364764638605,0.001267568761219513,0.00017116601098417583
cooling,250,550,periodic,5,8,0.000334065490406982,0.12967173108130645,0.10077903687995726,0.03888978439145834,0.005185793682614229,0.0012056069413093693,0.0001472186245894135
cooling,250,550,periodic,5,9,0.0002697159462721493,0.10449925594549074,0.08110493304618205,0.03127670352160044,0.0041764652824926515,0.000970996301615379,9.88290588107513e-05
cooling,250,550,periodic,5,10,0.00020578218956522355,0.07948433521069229,0.06155094730056856,0.02370951042151795,0.0031733772376060796,0.0007378383792417049,5.019888564561152e-05
cooling,250,550,periodic,5,11,0.0001418389109915491,0.05446258731441013,0.04198973385337975,0.01613914243707245,0.0021699656719487647,0.0005046069813100758,1.3004982079669356e-06
cooling,250,550,periodic,5,12,7.741009228145081e-05,0.029250737829857768,0.022279746456825546,0.008511153708629387,0.001158923769137588,0.00026960277296551475,4.817898277241755e-05
cooling,250,550,periodic,5,13,1.1901762665314232e-05,0.0036198410837943898,0.0022440071211700776,0.0007574374795683256,0.0001311197201831833,3.0702124680590795e-05,9.805525077327761e-05
cooling,250,550,periodic,5,14,-8.146599766867905e-05,-0.032625113308948774,-0.025921182397422866,-0.010109749195256,-0.0013181059083333623,-0.00030625944505837413,0.00013843604106517977
cooling,250,550,periodic,5,15,-0.00018252641967361367,-0.07180965871672057,-0.05634325129477598,-0.02184237887341695,-0.0028841846283112803,-0.0006704073601635707,0.00017716115419737154
cooling,250,550,periodic,5,16,-0.0002736081401015614,-0.10712114735514719,-0.08375699683453669,-0.032414690349985786,-0.004295466973084192,-0.0009985555356050871,0.0002118268010118779
cooling,250,550,periodic,5,17,-0.0003126193236305014,-0.12229123453522839,-0.09556751405961333,-0.036976918730499214,-0.004902798032506414,-0.0011397053251435555,0.0002328031851054568
cooling,250,550,periodic,5,18,-0.0003500763293628383,-0.1368669263202002,-0.10692254604083089,-0.041364810833719096,-0.005486558390426225,-0.0012753626926568487,0.00025428441875968027
cooling,250,550,periodic,5,19,-0.00036168967930628576,-0.1413800678716441,-0.11043679314051598,-0.04272275183223636,-0.005667327428125745,-0.0013173587256938605,0.00026066057338741867
cooling,250,550,periodic,5,20,-0.0003403351974613221,-0.13304510120167115,-0.10393488593555553,-0.04020941187639808,-0.0053334859433230054,-0.0012397409249211419,0.00024690091472888046
cooling,250,550,periodic,5,21,-0.00034222063381135395,-0.13352520792680383,-0.10416398931259518,-0.04027023954246388,-0.005349209009480045,-0.0012434573555734285,0.00022158657737917107
cooling,250,550,periodic,5,22,-0.0003457013367320374,-0.13461891443561547,-0.10486662236738607,-0.04051313806710234,-0.005389385828793169,-0.0012528612345902054,0.0001963654944413056
cooling,250,550,periodic,5,23,-0.00035067170073485295,-0.1362850173486815,-0.10601062488191113,-0.040925668489959176,-0.005452364764638606,-0.0012675687612195132,0.0001711660109841776
cooling,250,550,periodic,5,24,-0.000334065490406982,-0.12967173108130642,-0.10077903687995726,-0.038889784391458335,-0.005185793682614229,-0.0012056069413093691,0.00014721862458941525
cooling,250,550,periodic,5,25,-0.0002697159462721493,-0.10449925594549073,-0.08110493304618203,-0.03127670352160043,-0.00417646528249265,-0.0009709963016153788,9.882905881075097e-05
cooling,250,550,periodic,5,26,-0.00020578218956522352,-0.07948433521069227,-0.06155094730056854,-0.02370951042151794,-0.0031733772376060787,-0.0007378383792417047,5.0198885645608916e-05
cooling,250,550,periodic,5,27,-0.0001418389109915491,-0.054462587314410116,-0.04198973385337974,-0.01613914243707245,-0.0021699656719487643,-0.0005046069813100757,1.3004982079674434e-06
cooling,250,550,periodic,5,28,-7.741009228145074e-05,-0.029250737829857754,-0.02227974645682553,-0.008511153708629381,-0.001158923769137587,-0.0002696027729655146,4.817898277241842e-05
cooling,250,550,periodic,5,29,-1.1901762665314247e-05,-0.0036198410837943954,-0.002244007121170081,-0.0007574374795683267,-0.00013111972018318356,-3.070212468059084e-05,9.805525077327776e-05
cooling,250,550,periodic,5,30,8.146599766867901e-05,0.03262511330894876,0.02592118239742286,0.010109749195255993,0.001318105908333362,0.000306259445058374,0.00013843604106518074
cooling,250,550,periodic,5,31,0.0001825264196736136,0.07180965871672057,0.05634325129477597,0.021842378873416946,0.0028841846283112794,0.0006704073601635707,0.00017716115419737035
cooling,250,550,periodic,20,0,0.0006358407570146408,0.24881558305642107,0.19501945953638666,0.07564008497119197,0.010005941527524943,0.0023219755421923015,0.0005840624856088693
cooling,250,550,periodic,20,1,0.0003904417691656597,0.1536095384785941,0.12101971696447847,0.04707786481923179,0.006197204548534993,0.0014367646016504394,0.00047426243012605807
cooling,250,550,periodic,20,2,-7.839818795302112e-06,-0.0002903691802924775,0.001753362648286242,0.001111540453743354,4.894116384943808e-05,7.662671285512375e-06,0.00036026639170457506
cooling,250,550,periodic,20,3,-0.00036539812818630203,-0.13846027023450672,-0.10533252085192464,-0.040163064267483894,-0.00547134603280304,-0.0012754233378409188,0.0002561022015167897
cooling,250,550,periodic,20,4,-0.0006680679590058431,-0.2554113586314058,-0.19597930788137638,-0.0751042073705918,-0.010144379080137373,-0.002361499684944799,0.00016668393566772834
cooling,250,550,periodic,20,5,-0.0008308395205102327,-0.3180577581567321,-0.2444293874560521,-0.09376493799723437,-0.012646167266395433,-0.002942729382365818,0.0001373148994690237
cooling,250,550,periodic,20,6,-0.0010485547413997384,-0.40174437300214516,-0.30904253145254873,-0.1186232481946482,-0.01598404002777415,-0.003718591050765982,0.00011834461300736995
cooling,250,550,periodic,20,7,-0.001367008780830931,-0.5250567435957322,-0.4047796727761782,-0.15555845294365372,-0.02091539570286634,-0.004864573370538635,5.0094069370014695e-06
cooling,250,550,periodic,20,8,-0.0015442840762866573,-0.5943476455568566,-0.45899648832134776,-0.17656276678336594,-0.02369813974354939,-0.005510711532559775,0.00015012570122669867
cooling,250,550,periodic,20,9,-0.0016313507465871829,-0.6290116835827508,-0.48653261563755773,-0.18731656091432305,-0.025101932024999763,-0.005836110226377407,0.00029772119243535555
cooling,250,550,periodic,20,10,-0.0016646951048719522,-0.6429342334389809,-0.4980136043958991,-0.1918873800019017,-0.02567783625258263,-0.005969004233342251,0.0004334298631801124
cooling,250,550,periodic,20,11,-0.0016440895628428115,-0.6360322970867787,-0.49337824726959767,-0.1902522690701149,-0.025422620377714533,-0.005908639054443946,0.0005577499072265034
cooling,250,550,periodic,20,12,-0.001570854957872142,-0.6088235344181865,-0.4730320467985763,-0.18256836532998055,-0.024357074287325337,-0.005659844171730629,0.0006718446747311823
cooling,250,550,periodic,20,13,-0.0013184948428528597,-0.5121883472823661,-0.3987727804628366,-0.15408606976412859,-0.020515623924130602,-0.004765791065439594,0.0007148408140174444
cooling,250,550,periodic,20,14,-0.0010264194028396319,-0.39970469928538266,-0.3118828447397831,-0.12066031800464158,-0.01603069144511442,-0.003722746674586763,0.0006826830106930979
cooling,250,550,periodic,20,15,-0.000826055547825103,-0.32227785489216226,-0.2519024708923118,-0.09755090941412328,-0.012938818237066777,-0.003003888935593735,0.0006296609607447802
cooling,250,550,periodic,20,16,-0.0006358407570146408,-0.24881558305642107,-0.19501945953638666,-0.07564008497119197,-0.010005941527524945,-0.0023219755421923015,0.0005840624856088693
cooling,250,550,periodic,20,17,-0.00039044176916565976,-0.1536095384785941,-0.12101971696447847,-0.04707786481923179,-0.006197204548534993,-0.0014367646016504394,0.00047426243012605807
cooling,250,550,periodic,20,18,7.839818795302068e-06,0.0002903691802924428,-0.001753362648286268,-0.0011115404537433626,-4.894116384943862e-05,-7.662671285512693e-06,0.00036026639170457485
cooling,250,550,periodic,20,19,0.00036539812818630224,0.13846027023450672,0.1053325208519247,0.04016306426748391,0.005471346032803041,0.001275423337840919,0.00025610220151678044
cooling,250,550,periodic,20,20,0.0006680679590058433,0.25541135863140585,0.1959793078813764,0.07510420737059183,0.010144379080137374,0.0023614996849447996,0.000166683935667727
cooling,250,550,periodic,20,21,0.0008308395205102331,0.3180577581567323,0.24442938745605225,0.09376493799723443,0.012646167266395442,0.0029427293823658203,0.0001373148994690285
cooling,250,550,periodic,20,22,0.0010485547413997382,0.401744373002145,0.3090425314525487,0.11862324819464817,0.01598404002777415,0.003718591050765981,0.00011834461300736304
cooling,250,550,periodic,20,23,0.0013670087808309308,0.5250567435957321,0.4047796727761782,0.15555845294365372,0.020915395702866338,0.004864573370538634,5.009406937015035e-06
cooling,250,550,periodic,20,24,0.001544284076286657,0.5943476455568565,0.45899648832134765,0.1765627667833659,0.023698139743549382,0.005510711532559774,0.00015012570122669867
cooling,250,550,periodic,20,25,0.0016313507465871822,0.6290116835827507,0.4865326156375576,0.18731656091432297,0.02510193202499976,0.005836110226377407,0.00029772119243534753
cooling,250,550,periodic,20,26,0.0016646951048719522,0.6429342334389809,0.4980136043958991,0.1918873800019017,0.02567783625258263,0.005969004233342251,0.0004334298631801124
cooling,250,550,periodic,20,27,0.001644089562842812,0.6360322970867788,0.49337824726959767,0.19025226907011494,0.025422620377714533,0.005908639054443947,0.0005577499072264992
cooling,250,550,periodic,20,28,0.001570854957872142,0.6088235344181864,0.47303204679857613,0.1825683653299805,0.024357074287325337,0.005659844171730628,0.0006718446747311727
cooling,250,550,periodic,20,29,0.0013184948428528593,0.5121883472823661,0.3987727804628366,0.15408606976412856,0.020515623924130602,0.004765791065439594,0.0007148408140174418
cooling,250,550,periodic,20,30,0.0010264194028396351,0.399704699285384,0.31188284473978417,0.12066031800464197,0.016030691445114473,0.0037227466745867756,0.0006826830106931035
cooling,250,550,periodic,20,31,0.0008260555478251067,0.3222778548921637,0.25190247089231294,0.09755090941412371,0.012938818237066833,0.003003888935593748,0.0006296609607447781
cooling,250,550,periodic,100,0,0.021176522606393668,8.185722730004123,6.3434879472693435,2.444560359021173,0.32695746802179204,0.07601088154191808,0.006016987829189825
cooling,250,550,periodic,100,1,0.015594127911428052,6.024612262500025,4.666830659203828,1.7980620141645178,0.24058994421700403,0.05593332577651278,0.00408422880448251
cooling,250,550,periodic,100,2,0.010615179778883127,4.097384966272285,3.17166089683632,1.2215321211714572,0.16356634157085082,0.0380287808650677,0.002365038366437774
cooling,250,550,periodic,100,3,0.005694670557719138,2.192707618295415,1.6939364826549381,0.6517183928078749,0.08744250127989116,0.020333474601118298,0.000657029796200117
cooling,250,550,periodic,100,4,0.0014103831548155428,0.5372660788298457,0.4114473294449579,0.1575691816313048,0.02133024203194622,0.004963412826049124,0.000489986280732192
cooling,250,550,periodic,100,5,-0.002735840641969542,-1.0621220146907209,-0.8259286573950457,-0.31885548774967964,-0.04249853500524533,-0.009877428654470135,0.0012933587367059411
cooling,250,550,periodic,100,6,-0.007418150558775247,-2.8661153329311375,-2.2201832208320824,-0.8553892314109386,-0.11445366906188144,-0.02660943726437459,0.0019434068714386256
cooling,250,550,periodic,100,7,-0.012313987927035138,-4.752440859483606,-3.678015001035644,-1.4163651587095107,-0.18968850207122145,-0.04410476888958746,0.0026120409964209015
cooling,250,550,periodic,100,8,-0.017236986901749858,-6.650698337090724,-5.145974034927663,-1.9814204030745775,-0.2654229655105586,-0.06171547999638637,0.003448252635767704
cooling,250,550,periodic,100,9,-0.02224597142102933,-8.584321181490653,-6.642644406857567,-2.557801376599049,-0.3426040660441892,-0.07966137613165539,0.004545775513053657
cooling,250,550,periodic,100,10,-0.02663540767383657,-10.279617704446213,-7.955343940684733,-3.0634319785159136,-0.4102849046131574,-0.0953979681526898,0.005597912847003241
cooling,250,550,periodic,100,11,-0.029589389309013236,-11.424703872698458,-8.844556675977312,-3.4064519121983086,-0.4560658567169365,-0.10604050166606205,0.0067684135890426905
cooling,250,550,periodic,100,12,-0.03133454870428469,-12.103631116688083,-9.373336147728786,-3.610754389071218,-0.48325258810630545,-0.11235864963495498,0.007744796864840213
cooling,250,550,periodic,100,13,-0.0313234229728392,-12.102096101167202,-9.3740049072141,-3.6114069587232094,-0.48324472163210686,-0.1123541016199921,0.00808086732382388
cooling,250,550,periodic,100,14,-0.029829152943173072,-11.527444595890897,-8.930749750626328,-3.4410414618494145,-0.46035352586592665,-0.10702882989895626,0.008034740377583135
cooling,250,550,periodic,100,15,-0.026560148582229805,-10.267356957216741,-7.956779245787866,-3.066262791776284,-0.4100994771166336,-0.09534116157177377,0.007569073878560237
cooling,250,550,periodic,100,16,-0.02117652260639366,-8.185722730004123,-6.343487947269343,-2.444560359021172,-0.32695746802179193,-0.07601088154191808,0.00601698782918963
cooling,250,550,periodic,100,17,-0.015594127911428052,-6.024612262500025,-4.666830659203828,-1.7980620141645183,-0.24058994421700403,-0.055933325776512784,0.0040842288044824196
cooling,250,550,periodic,100,18,-0.010615179778883124,-4.097384966272284,-3.1716608968363196,-1.2215321211714572,-0.16356634157085082,-0.0380287808650677,0.002365038366437829
cooling,250,550,periodic,100,19,-0.005694670557719139,-2.1927076182954153,-1.6939364826549386,-0.6517183928078751,-0.08744250127989117,-0.020333474601118305,0.0006570297962001721
cooling,250,550,periodic,100,20,-0.0014103831548155379,-0.5372660788298436,-0.4114473294449562,-0.1575691816313042,-0.02133024203194613,-0.0049634128260491045,0.0004899862807321898
cooling,250,550,periodic,100,21,0.0027358406419695476,1.062122014690723,0.8259286573950477,0.3188554877496803,0.04249853500524542,0.009877428654470157,0.0012933587367059776
cooling,250,550,periodic,100,22,0.007418150558775252,2.8661153329311393,2.220183220832084,0.8553892314109391,0.11445366906188152,0.026609437264374612,0.0019434068714386705
cooling,250,550,periodic,100,23,0.012313987927035138,4.752440859483606,3.678015001035644,1.4163651587095112,0.18968850207122148,0.04410476888958746,0.002612040996420943
cooling,250,550,periodic,100,24,0.017236986901749858,6.650698337090725,5.145974034927664,1.9814204030745781,0.2654229655105586,0.06171547999638638,0.0034482526357678574
cooling,250,550,periodic,100,25,0.022245971421029333,8.584321181490653,6.642644406857567,2.557801376599049,0.34260406604418925,0.07966137613165539,0.004545775513053657
cooling,250,550,periodic,100,26,0.02663540767383657,10.279617704446213,7.955343940684731,3.0634319785159136,0.41028490461315736,0.0953979681526898,0.005597912847003019
cooling,250,550,periodic,100,27,0.029589389309013232,11.424703872698455,8.84455667597731,3.4064519121983086,0.4560658567169365,0.10604050166606202,0.006768413589042774
cooling,250,550,periodic,100,28,0.03133454870428469,12.103631116688081,9.373336147728786,3.610754389071218,0.48325258810630545,0.11235864963495498,0.007744796864840435
cooling,250,550,periodic,100,29,0.03132342297283919,12.102096101167202,9.374004907214099,3.6114069587232085,0.48324472163210674,0.11235410161999208,0.008080867323823616
cooling,250,550,periodic,100,30,0.029829152943173072,11.527444595890897,8.93074975062633,3.4410414618494145,0.46035352586592665,0.10702882989895626,0.008034740377583357
cooling,250,550,periodic,100,31,0.026560148582229805,10.267356957216741,7.956779245787868,3.066262791776284,0.41009947711663364,0.09534116157177377,0.00756907387856057
cooling,250,550,poisson,5,0,0.027413846554457433,10.493043382584537,8.065103251078094,3.0943053938153566,0.4172968324663872,0.09708988856666796,0.004302848972027792
cooling,250,550,poisson,5,1,-0.03462147475414605,-13.326217844997448,-10.28911215985062,-3.9570145295260817,-0.5311914736403425,-0.12354609548652744,0.0029058290011893416
cooling,250,550,poisson,5,2,0.0010734790068358297,0.3802059325942963,0.27308756303981024,0.10088610790530109,0.01461632145380018,0.0034183316776484896,0.0036097707397160944
cooling,250,550,poisson,5,3,0.010798198657823136,4.138328752222074,3.1838743485981844,1.2221546442347968,0.1646544235740282,0.03830715210104246,0.0011402104447176297
cooling,250,550,poisson,5,4,0.04160622546168476,16.04266762414007,12.402570860696308,4.77291133205111,0.6398586087492099,0.1488135675347708,0.006388181395531668
cooling,250,550,poisson,5,5,-0.0032262029601741364,-1.2580698375058996,-0.9804871500100001,-0.37880341401955664,-0.05036001369242658,-0.011710792666219353,0.0019114882846753074
cooling,250,550,poisson,5,6,0.04633242416169372,17.87420879982958,13.825596482760176,5.322142610615398,0.713135628776088,0.16584020473309832,0.008408299820185325
cooling,250,550,poisson,5,7,-0.04066277947770398,-15.704022668201612,-12.156067749176838,-4.681102123317247,-0.6267467182882512,-0.14575183887974105,0.009010724619663625
cooling,250,550,poisson,5,8,0.024835333679864395,9.571298379509258,7.397506377962979,2.846502812011538,0.38172206387320223,0.08877392909164938,0.0034514168646249304
cooling,250,550,poisson,5,9,-0.013868449697756233,-5.308052683447539,-4.080526951032614,-1.5658105051370397,-0.21113896609492888,-0.04911801489068592,0.002043178270801682
cooling,250,550,poisson,5,10,0.011103519837658038,4.1987179338488865,3.194972189619037,1.2192315807479235,0.16612400648691616,0.03868209998105011,0.0075375351516249675
cooling,250,550,poisson,5,11,-0.03698521727898994,-14.250352591143006,-11.010053735744023,-4.235584828499585,-0.5681803368342324,-0.13215196156415007,0.004428529385013454
cooling,250,550,poisson,5,12,-0.014946314998280178,-5.794277657133397,-4.499489087146149,-1.7356566927997923,-0.23164651827209506,-0.053852266685511074,0.005911996810059762
cooling,250,550,poisson,5,13,0.04514861258702999,17.32388731894148,13.342305116812355,5.124504999968902,0.6896711624257436,0.160434399395733,0.0022430071339939526
cooling,250,550,poisson,5,14,0.01507679067150156,5.817357369663581,4.500987991314275,1.732996403278688,0.23215169939598734,0.05398140362438538,0.0029784528301548094
cooling,250,550,poisson,5,15,0.056801614271829795,21.817700860490802,16.81713109960718,6.4619036327169805,0.868932073833184,0.20212302953095426,0.0003304702918082593
cooling,250,550,poisson,5,16,-0.04352970214708422,-16.81820341386613,-13.02414516902565,-5.016692136009575,-0.6714005629893722,-0.15612228837451933,0.010680048874508501
cooling,250,550,poisson,5,17,-0.017826000875849953,-6.911274523937372,-5.367804590753272,-2.0708563542876854,-0.2763421783746032,-0.06423859570598382,0.007224275201391309
cooling,250,550,poisson,5,18,-0.0010699494739676903,-0.46923221269130144,-0.3980165460178622,-0.16030997749072717,-0.019648013840886037,-0.004536157139846077,0.006549042895238078
cooling,250,550,poisson,5,19,-0.009991815174566371,-3.869803259237821,-3.0026513096976744,-1.1577651082833875,-0.1546429822429042,-0.03595357944628022,0.0035134030629076296
cooling,250,550,poisson,5,20,0.000219067271841945,0.08863702117031233,0.071331606144475,0.028045342754548508,0.0036156718515798674,0.0008368592695934156,0.0005442352817135565
cooling,250,550,poisson,5,21,-0.03599532432591955,-13.885792632391908,-10.741362244835077,-4.1351729354411155,-0.5540614720697635,-0.12883925788582373,0.0066866921857249104
cooling,250,550,poisson,5,22,-0.04136912946731993,-15.911890290660363,-12.27920232463013,-4.721210586080463,-0.6341184066671907,-0.14748504579407853,0.0023445209563835315
cooling,250,550,poisson,5,23,-0.0034482532151827263,-1.3175216585269778,-1.0112763413600343,-0.3877153702324003,-0.05236160857204814,-0.012183523284309187,0.0007904842644551608
cooling,250,550,poisson,5,24,-0.014426840623983486,-5.6102467568769665,-4.366522785971706,-1.686267217270857,-0.22452891343794223,-0.05219344965768431,0.007508710630622398
cooling,250,550,poisson,5,25,-0.0016067666797455811,-0.6414343774647102,-0.5109679047267519,-0.1998828694507882,-0.026025555006271454,-0.006028813412909253,0.002994266595930585
cooling,250,550,poisson,5,26,0.020720066642328026,7.97152288742473,6.152624378399194,2.3657888101855025,0.31770059068016787,0.07389208052920529,0.0013528311417259939
cooling,250,550,poisson,5,27,-0.02434282218657313,-9.405381775187182,-7.2833747637387365,-2.8053430095912235,-0.3754555688082855,-0.08730829213655109,0.005927407604507039
cooling,250,550,poisson,5,28,0.01792796366547898,6.924315635557791,5.360417906029246,2.064336219390996,0.27636760412347505,0.06426840133582777,0.004063889901473234
cooling,250,550,poisson,5,29,-0.055819957673221565,-21.46325046577017,-16.557788352765385,-6.3650399963537385,-0.8551753060063148,-0.1989114786877765,0.0021751506055784483
cooling,250,550,poisson,5,30,0.053581080224750346,20.55609612430402,15.830592432827936,6.080130140461739,0.8183502900871542,0.19036222376069206,0.0028391807331971013
cooling,250,550,poisson,5,31,0.019139967495081962,7.404748039215969,5.7405654984835035,2.2124552614498394,0.2957758941106773,0.06877046521399095,0.005835379158433029
cooling,250,550,poisson,20,0,0.010329987048797708,4.056874969923273,3.1841788698513653,1.2353104999568547,0.16312914990387611,0.037881326640474854,0.010267697203827727
cooling,250,550,poisson,20,1,-0.026593962916793234,-10.162734643191257,-7.8017104267977,-2.9914262696872616,-0.40393383150192763,-0.0939842854994643,0.005873566606013773
cooling,250,550,poisson,20,2,-0.033245202679839415,-12.76892717912136,-9.84298344352917,-3.7823972030438036,-0.5085968417573673,-0.118297302199155,6.28260489680976e-05
cooling,250,550,poisson,20,3,-0.022196062262113007,-8.615949708378428,-6.693968506313035,-2.582373163776304,-0.344435993700867,-0.08009359956771699,0.009350152143851305
cooling,250,550,poisson,20,4,0.054714352739372155,21.046270059998903,16.243474796506018,6.24600262860961,0.8388232534650397,0.1950859302086429,0.003489763474747385
cooling,250,550,poisson,20,5,0.00014932613859825437,0.03820268906816193,0.01738236645961122,0.0042171417261522084,0.0011994109899734085,0.0002910982495068887,0.0021788881337840038
cooling,250,550,poisson,20,6,0.07419597110426575,28.453621175041892,21.903161174763483,8.410212608521698,1.13243431532875,0.2634485060112875,0.005664496386070219
cooling,250,550,poisson,20,7,-0.013724486834973109,-5.10201123866275,-3.8271543841700466,-1.4491833434615615,-0.20041780350183663,-0.04671691162684852,0.019110257791842354
cooling,250,550,poisson,20,8,0.025099743394070895,9.568160651041604,7.329349371822735,2.8069094699556985,0.3798466541347098,0.08840258389058987,0.008417106640868997
cooling,250,550,poisson,20,9,-0.03199256356618102,-12.340970055082698,-9.548226810181902,-3.676521537334284,-0.4925380221814795,-0.11451583137308254,0.006307412855238577
cooling,250,550,poisson,20,10,-0.028308444499070145,-10.825349705409891,-8.317048846220379,-3.1906398682419104,-0.4305053808917032,-0.10014722184657344,0.005030289439444461
cooling,250,550,poisson,20,11,0.01082486805740188,4.3028840537451005,3.407684935183842,1.327936906933485,0.17379269181831186,0.04033653404932204,0.016365724962468787
cooling,250,550,poisson,20,12,-0.03054485055357133,-11.659842030088932,-8.942928394612244,-3.427338111933599,-0.46322124225464656,-0.10778734705081354,0.00819867861664272
cooling,250,550,poisson,20,13,0.034236708887319514,13.183999924578536,10.183839624075183,3.9175592532456163,0.5256679332409436,0.12225139113243773,0.0037033431196067342
cooling,250,550,poisson,20,14,0.01699552003166169,6.439761077517275,4.909602086652423,1.875607654330649,0.25506999990098733,0.059377262813244396,0.009863943509031749
cooling,250,550,poisson,20,15,0.05834782178771238,22.400429634623087,17.261271261239546,6.631797407273572,0.8920649656600108,0.20749578755798284,0.0012231705095041424
cooling,250,550,poisson,20,16,-0.06908067547386224,-26.51117142404006,-20.41718395123716,-7.84116990035696,-1.0552912735517526,-0.2455113681924255,0.0036356100477716105
cooling,250,550,poisson,20,17,-0.056205343187568715,-21.576747541436575,-16.622790092657876,-6.385318986184167,-0.8590725752210637,-0.19984568929231153,0.001896554769066909
cooling,250,550,poisson,20,18,-0.07486501018919679,-28.803917438637995,-22.23399441125399,-8.550032695940772,-1.1480711995602468,-0.2670109001087767,0.005339421850620371
cooling,250,550,poisson,20,19,-0.04848927046419784,-18.679712806312526,-14.431435756246296,-5.551784894809355,-0.7447972768678288,-0.17322406627199335,0.00567237504639108
cooling,250,550,poisson,20,20,0.00684472200288927,2.6050876292289313,1.9935702710525627,0.7631537598234297,0.10338628818778503,0.024058953714598146,0.0026386891648865355
cooling,250,550,poisson,20,21,-0.08046624035201207,-30.869435958245294,-23.77174608647108,-9.129766722323708,-1.2288750187044444,-0.28586312842665296,0.004510540087835407
cooling,250,550,poisson,20,22,-0.040702666709154775,-15.553931359852488,-11.93821252622785,-4.57678160252792,-0.6180984560035498,-0.14382980341688326,0.009411502390211242
cooling,250,550,poisson,20,23,0.038433417249735626,14.903096439547078,11.57491952794871,4.465359858148369,0.5958537545660294,0.13852073618242575,0.015576365788293684
cooling,250,550,poisson,20,24,-0.05812364485856395,-22.38097958673217,-17.284064313762375,-6.647728180332548,-0.8921768521369251,-0.20751143970475336,0.005549975348859193
cooling,250,550,poisson,20,25,-0.08946416170585486,-34.496726990452906,-26.67231967625316,-10.265278258142335,-1.3760434768636587,-0.32001126404778263,0.014294760500251072
cooling,250,550,poisson,20,26,0.003839103740890444,1.3415703519344984,0.9534398476088704,0.350291318819081,0.05136845793670308,0.01200929084461284,0.01454475009567249
cooling,250,550,poisson,20,27,-0.05221948177679157,-20.00875443847618,-15.39516404843635,-5.910288797926765,-0.7962424977776933,-0.18522146182341115,0.005253499967923554
cooling,250,550,poisson,20,28,0.08201933252599852,31.537732139372032,24.332302265595914,9.35448612288594,1.256713504883954,0.29229099860058555,0.0036879156825965487
cooling,250,550,poisson,20,29,-0.08018860713473897,-30.851801183793842,-23.813688811531204,-9.157159796471356,-1.229641046138994,-0.28598883202214637,0.0055118743274784315
cooling,250,550,poisson,20,30,0.09353523272647232,36.03346508728178,27.840611092682455,10.710972568618832,1.436835741547666,0.3341635312440137,0.011350042209182464
cooling,250,550,poisson,20,31,-0.0012677816464085044,-0.5622675203102195,-0.47899292935564136,-0.19312871623785471,-0.0235579766145579,-0.005445978945255813,0.008203032643003804
cooling,250,550,poisson,100,0,0.168253253192924,64.64668576703629,49.84337108365901,19.15497565820356,2.575069474267562,0.5989691479244124,0.0014823862041965655
cooling,250,550,poisson,100,1,-0.10438955272788128,-40.30333682756934,-31.19259387168757,-12.01103122385196,-1.6084377470391895,-0.37403618657155774,0.022225265680858017
cooling,250,550,poisson,100,2,-0.08188890887484071,-31.543954427720497,-24.369398293461014,-9.374926164987205,-1.2577313954800409,-0.29251614519332514,0.009481849629594932
cooling,250,550,poisson,100,3,0.02673045872786691,10.386263985545337,8.079294103111135,3.1192839266281536,0.41557762745008453,0.09660283631767662,0.013106440931254801
cooling,250,550,poisson,100,4,0.11736345728277815,45.05302827869084,34.71356946583592,13.336227365769995,1.7940652492692464,0.4173101494949282,0.0030617157721707505
cooling,250,550,poisson,100,5,-0.04180857382823899,-16.09988603861885,-12.434485941326683,-4.782765907836408,-0.6418318628245385,-0.14928031449174736,0.004193835059062083
cooling,250,550,poisson,100,6,0.008794375756781382,3.3898915233804705,2.624251650980625,1.0111588421714524,0.13542218260989813,0.03146430264904273,0.002039840529791198
cooling,250,550,poisson,100,7,0.21882162195299593,84.13018923478009,64.89639934316956,24.94586538832547,3.3518977266611296,0.7796499795549718,0.007494776067564796
cooling,250,550,poisson,100,8,-0.10955776023820558,-42.33651401102844,-32.792462643207365,-12.632753676187987,-1.6903561971908918,-0.3930426397378884,0.028125946539764957
cooling,250,550,poisson,100,9,-0.08945093227172449,-34.24923607553922,-26.325121083909316,-10.099423308087479,-1.3618974045940524,-0.31690305721657147,0.013996254466390873
cooling,250,550,poisson,100,10,-0.04075471648923853,-15.71548262832929,-12.148730494466859,-4.6748400528372684,-0.6267384133714894,-0.14577356662616003,0.006077828681454637
cooling,250,550,poisson,100,11,0.13979139154477022,53.74357602533944,41.457951852626834,15.936792795955121,2.1413426871793426,0.4980583882658549,0.005032873157500858
cooling,250,550,poisson,100,12,0.09160267565077543,35.38563237148277,27.397365753921925,10.551681790804716,1.4124344472431585,0.32845331753490115,0.02145052599972861
cooling,250,550,poisson,100,13,0.1542308548684932,59.494045817493166,46.01583640870723,17.713325728907666,2.3736213123189898,0.5519840750346208,0.027551661394798883
cooling,250,550,poisson,100,14,0.044930159344984975,17.491999701563547,13.625219515913,5.263861082018254,0.7003073125468934,0.16278913475845236,0.025379931485617468
cooling,250,550,poisson,100,15,0.14182829054444043,54.73097852450007,42.34326429569349,16.301712347346044,2.18384324391279,0.5078516457636457,0.027390174756342856
cooling,250,550,poisson,100,16,0.02975798350674381,11.411810582673954,8.780869600277846,3.370389026749983,0.45397626494430343,0.10564014282643888,0.0029958860267147074
cooling,250,550,poisson,100,17,0.0009830947446993795,0.3136070296064619,0.19528691334666526,0.06476150721349608,0.011070455562123783,0.002662148152089639,0.008466246841239717
cooling,250,550,poisson,100,18,-0.23566761821126905,-90.68645622446844,-70.00187262249986,-26.917949487591244,-3.6143394075584268,-0.8406581381273428,0.01674021100990668
cooling,250,550,poisson,100,19,-0.07393765379058088,-28.443718651857488,-21.95185156588508,-8.440461727677596,-1.1335489418451836,-0.26365011515594794,0.004509654364814082
cooling,250,550,poisson,100,20,-0.007833661885689142,-2.938490684795447,-2.2181649911268226,-0.8424338651173124,-0.11570798801176828,-0.02697830320752232,0.008531031218805604
cooling,250,550,poisson,100,21,-0.07137689960383575,-27.457749072539492,-21.192391795512158,-8.1489891797033,-1.0943519180654826,-0.25451906829147786,0.0046422692755425255
cooling,250,550,poisson,100,22,0.07443020314387462,28.568509082629316,22.006260507061867,8.45265366827934,1.1373651761924783,0.2645883356294463,0.003053963840806864
cooling,250,550,poisson,100,23,0.04709306187221681,17.934648870357137,13.733510119891971,5.259359650699436,0.7120494638776391,0.16567958056664944,0.016547506703020052
cooling,250,550,poisson,100,24,0.058728409316613425,22.771701372657205,17.683320411262656,6.820983132940304,0.9103112367691959,0.21164159349787767,0.023237977606739083
cooling,250,550,poisson,100,25,-0.1309574152624702,-50.20286087159435,-38.63960091792103,-14.836127288067441,-1.9980549890442867,-0.4647931142028513,0.010968661171382664
cooling,250,550,poisson,100,26,-0.0834196032133129,-32.206918914623444,-24.929775703040438,-9.600576879559547,-1.2855131397567616,-0.2989154231756125,0.01840844099317022
cooling,250,550,poisson,100,27,-0.03330681869400572,-12.745690575397518,-9.798331308230026,-3.7601418207453,-0.5070390297032739,-0.11794339726565928,0.004854817398051546
cooling,250,550,poisson,100,28,0.16148761785479532,61.83191517557633,47.53631466348851,18.24024217659828,2.459254206641673,0.5721766958813134,0.023308212555663007
cooling,250,550,poisson,100,29,0.009531647836810571,3.965480244294464,3.245193315857755,1.2850909656259266,0.16288232495545474,0.03771831516405963,0.033959503068667726
cooling,250,550,poisson,100,30,0.017104994597988823,6.220474091718307,4.57794696708899,1.715186370602162,0.2420477160212907,0.056499298282019876,0.039205385938131665
cooling,250,550,poisson,100,31,0.014092814608987782,5.462021676242504,4.243540150168702,1.6377260815936945,0.21850425962646455,0.05077564065263114,0.005981304916514383
cooling,400,575,steady,,0,0.0018371428571428753,0.6959108167750577,0.5308341826525484,0.20290144241365887,0.02758318011110808,1.0,0.0
cooling,400,575,absent,,0,0.0,0.0,0.0,0.0,0.0,0.0,0.0
cooling,400,575,shutdown,,0,0.0018371428571428753,0.6959108167750577,0.5308341826525484,0.20290144241365887,0.02758318011110808,1.0,0.0
cooling,400,575,intermittent,,0,0.0018371428571428753,0.6959108167750577,0.5308341826525484,0.20290144241365887,0.02758318011110808,1.0,0.0
cooling,400,575,periodic,5,0,-0.0002469636778711381,-0.09354998938316637,-0.07135904623741375,-0.02727566137222779,-0.003707955307414345,-0.1344281294788452,2.8622937353617316e-18
cooling,400,575,periodic,5,1,-0.00028196124572949486,-0.10680708909033164,-0.08147143638534719,-0.031140933455899095,-0.004233414834927129,-0.15347812753549336,6.2474133870924995e-18
cooling,400,575,periodic,5,2,-0.00027367872043506796,-0.10366966353836957,-0.0790782378772008,-0.03022617806682696,-0.004109059569857387,-0.1489697545136436,7.152448122690996e-19
cooling,400,575,periodic,5,3,-0.00023738058783218167,-0.08991990912549352,-0.06859005538385185,-0.026217266384530327,-0.0035640731386772932,-0.1292118285245144,6.938893903907229e-19
cooling,400,575,periodic,5,4,-0.00020076201810772035,-0.07604877293866706,-0.058009284022488936,-0.022172964338377302,-0.003014275609217975,-0.1092794810850722,1.3877787807814458e-18
cooling,400,575,periodic,5,5,-0.00016381755416406522,-0.062054187826037346,-0.04733434698924899,-0.01809266922456947,-0.002459585047673405,-0.08916974176893042,6.938893903907229e-19
cooling,400,575,periodic,5,6,-0.0001265973092454261,-0.04795513671458454,-0.0365797242811158,-0.013981915751251411,-0.001900753862946144,-0.06890988839175537,1.3884562417838567e-18
cooling,400,575,periodic,5,7,-8.911339765947051e-05,-0.03375620851132303,-0.02574891627291544,-0.00984204187126116,-0.0013379639413435174,-0.04850651505569887,1.5904916984912443e-18
cooling,400,575,periodic,5,8,-5.142750388254833e-05,-0.019480769332911672,-0.014859746417221714,-0.005679860266136934,-0.0007721414242456599,-0.027993198069816077,6.938893903907229e-19
cooling,400,575,periodic,5,9,-1.3580921457105534e-05,-0.0051444611980097105,-0.003924146297780483,-0.0014999315607055262,-0.00020390630002978648,-0.007392414478984276,1.788112030672749e-19
cooling,400,575,periodic,5,10,2.4345388111929074e-05,0.009222047626729953,0.00703449062195052,0.0026888025309653903,0.0003655258612879578,0.013251766468390498,1.7381083054899885e-19
cooling,400,575,periodic,5,11,6.226223244954901e-05,0.023584971016129552,0.017990392605548446,0.006876491244428866,0.0009348159099867028,0.03389079526802789,7.757919228897729e-19
cooling,400,575,periodic,5,12,0.00010005907428947977,0.037902437387389694,0.028911620406063973,0.011050926399640348,0.0015023042204620573,0.054464503890073984,7.757919228897729e-19
cooling,400,575,periodic,5,13,0.00013757719758021776,0.05211432500495359,0.03975231373280376,0.015194578757837009,0.0020656078025082644,0.07488649946045993,3.4694469519536144e-19
cooling,400,575,periodic,5,14,0.0001746808719076397,0.06616921910649805,0.050473253891825706,0.019292457706450026,0.0026226887762485574,0.09508290072733014,1.97026712507607e-18
cooling,400,575,periodic,5,15,0.0002111660362204149,0.07998982124331977,0.06101547835826508,0.023322025922649835,0.0031704833338192014,0.11494263246834291,2.7769124835677133e-18
cooling,400,575,periodic,5,16,0.0002469636778711381,0.09354998938316637,0.07135904623741375,0.02727566137222779,0.003707955307414345,0.1344281294788452,2.8622937353617316e-18
cooling,400,575,periodic,5,17,0.00028196124572949486,0.10680708909033164,0.08147143638534719,0.031140933455899095,0.004233414834927129,0.15347812753549336,6.2474133870924995e-18
cooling,400,575,periodic,5,18,0.00027367872043506796,0.10366966353836957,0.0790782378772008,0.03022617806682696,0.004109059569857387,0.1489697545136436,7.152448122690996e-19
cooling,400,575,periodic,5,19,0.00023738058783218165,0.0899199091254935,0.06859005538385184,0.02621726638453032,0.003564073138677293,0.12921182852451438,0.0
cooling,400,575,periodic,5,20,0.00020076201810772035,0.07604877293866706,0.058009284022488936,0.022172964338377302,0.003014275609217975,0.1092794810850722,1.3877787807814458e-18
cooling,400,575,periodic,5,21,0.0001638175541640652,0.06205418782603733,0.04733434698924898,0.018092669224569466,0.0024595850476734045,0.08916974176893039,2.083474391183281e-18
cooling,400,575,periodic,5,22,0.0001265973092454261,0.04795513671458454,0.0365797242811158,0.013981915751251411,0.001900753862946144,0.06890988839175537,1.3884562417838567e-18
cooling,400,575,periodic,5,23,8.911339765947051e-05,0.03375620851132303,0.02574891627291544,0.00984204187126116,0.0013379639413435174,0.04850651505569887,1.5904916984912443e-18
cooling,400,575,periodic,5,24,5.142750388254833e-05,0.019480769332911672,0.014859746417221714,0.005679860266136934,0.0007721414242456599,0.027993198069816077,6.938893903907229e-19
cooling,400,575,periodic,5,25,1.358092145710554e-05,0.005144461198009712,0.003924146297780485,0.0014999315607055269,0.00020390630002978656,0.00739241447898428,1.7889335846010822e-19
cooling,400,575,periodic,5,26,-2.434538811192906e-05,-0.00922204762672995,-0.007034490621950516,-0.0026888025309653894,-0.0003655258612879576,-0.013251766468390495,3.8804745372226713e-19
cooling,400,575,periodic,5,27,-6.2262232449549e-05,-0.023584971016129545,-0.017990392605548442,-0.006876491244428863,-0.0009348159099867026,-0.033890795268027886,9.813077866773594e-19
cooling,400,575,periodic,5,28,-0.00010005907428947977,-0.037902437387389694,-0.028911620406063973,-0.011050926399640348,-0.0015023042204620573,-0.054464503890073984,7.757919228897729e-19
cooling,400,575,periodic,5,29,-0.00013757719758021776,-0.05211432500495359,-0.03975231373280376,-0.015194578757837009,-0.0020656078025082644,-0.07488649946045993,3.4694469519536144e-19
cooling,400,575,periodic,5,30,-0.00017468087190763973,-0.06616921910649806,-0.05047325389182572,-0.019292457706450026,-0.0026226887762485574,-0.09508290072733018,2.8622937353617316e-18
cooling,400,575,periodic,5,31,-0.0002111660362204149,-0.07998982124331977,-0.06101547835826508,-0.023322025922649835,-0.0031704833338192014,-0.11494263246834291,2.7769124835677133e-18
cooling,400,575,periodic,20,0,-8.162842147359182e-05,-0.030920895040296867,-0.0235861659999269,-0.009015371011865624,-0.0012255832163173036,-0.04443226674301222,0.0
cooling,400,575,periodic,20,1,-0.00029270664743093487,-0.11087745370326911,-0.0845762719768091,-0.03232769881606662,-0.004394748151682897,-0.15932710202305783,2.7755575615628915e-18
cooling,400,575,periodic,20,2,-0.0004929692536010016,-0.18673704910025046,-0.1424412531614972,-0.054445506092425294,-0.007401525503826101,-0.26833474146243985,6.208759259556274e-18
cooling,400,575,periodic,20,3,-0.0006818389703409073,-0.2582810111440904,-0.19701431008172396,-0.07530503686097113,-0.010237248046640649,-0.3711409636381262,6.216025217875883e-18
cooling,400,575,periodic,20,4,-0.0008587124325664653,-0.3252807847788131,-0.24812110310458607,-0.09483965305629324,-0.012892856752558187,-0.4674173427655674,6.206335383118183e-18
cooling,400,575,periodic,20,5,-0.0010229608846318895,-0.3874981969884717,-0.29557995610837023,-0.11297991237728816,-0.015358911375733829,-0.5568216323812718,1.1449174941446926e-17
cooling,400,575,periodic,20,6,-0.0011739320744868563,-0.4446861743049802,-0.33920240379073435,-0.12965377748548035,-0.017625618891247412,-0.6389987963769761,1.1123893155135927e-17
cooling,400,575,periodic,20,7,-0.0013109540657879472,-0.49659018683821526,-0.3787942931611985,-0.14478703702993448,-0.019682890730802965,-0.7135830840214261,1.5716250041522723e-17
cooling,400,575,periodic,20,8,-0.0014333421622561347,-0.5429508712267875,-0.41415778430316086,-0.15830407040113195,-0.021520446746227814,-0.7802017990507653,1.5716250041522723e-17
cooling,400,575,periodic,20,9,-0.0013588448955153705,-0.514731261878769,-0.39263213345547243,-0.15007629278503304,-0.02040193191853962,-0.7396511872945177,2.2898349882893852e-17
cooling,400,575,periodic,20,10,-0.0011772006852825787,-0.4459243260359286,-0.340146854209171,-0.13001477600149797,-0.017674694378186806,-0.6407779779920659,5.594315114139762e-18
cooling,400,575,periodic,20,11,-0.0009864305179663197,-0.3736604721732851,-0.28502467062497927,-0.10894535183153334,-0.01481043814223239,-0.5369372959381158,1.6653345369377347e-17
cooling,400,575,periodic,20,12,-0.0007864707674484631,-0.2979155986791079,-0.22724719822164566,-0.0868609931508773,-0.011808207917151245,-0.42809450794239406,3.4694469519536144e-19
cooling,400,575,periodic,20,13,-0.0005775723334617653,-0.21878474652273278,-0.1668869333508,-0.06378941033462648,-0.00867177075485854,-0.31438618462148654,7.850462293418875e-18
cooling,400,575,periodic,20,14,-0.00036070362803632464,-0.13663475076231568,-0.1042236943218729,-0.03983755870037839,-0.005415666560808075,-0.19633945538524478,6.208759259556274e-18
cooling,400,575,periodic,20,15,-0.00013865946011544196,-0.05252428670277399,-0.040065028634678444,-0.015314108182896942,-0.0020818570791067206,-0.07547560037387901,1.3904866443919908e-18
cooling,400,575,periodic,20,16,8.162842147359227e-05,0.030920895040297033,0.02358616599992703,0.009015371011865673,0.0012255832163173103,0.044432266743012455,7.770031522344854e-19
cooling,400,575,periodic,20,17,0.0002927066474309352,0.11087745370326925,0.08457627197680921,0.03232769881606666,0.004394748151682902,0.15932710202305803,2.7755575615628915e-18
cooling,400,575,periodic,20,18,0.0004929692536010021,0.18673704910025066,0.1424412531614973,0.05444550609242534,0.007401525503826107,0.26833474146244013,1.3985787785349405e-18
cooling,400,575,periodic,20,19,0.0006818389703409077,0.2582810111440906,0.1970143100817241,0.07530503686097119,0.010237248046640656,0.3711409636381265,5.561946577567963e-18
cooling,400,575,periodic,20,20,0.0008587124325664657,0.3252807847788133,0.24812110310458618,0.09483965305629327,0.012892856752558194,0.4674173427655677,1.2719202621569003e-17
cooling,400,575,periodic,20,21,0.0010229608846318897,0.3874981969884719,0.2955799561083703,0.11297991237728819,0.015358911375733836,0.5568216323812719,2.797157557069881e-18
cooling,400,575,periodic,20,22,0.001173932074486857,0.4446861743049804,0.3392024037907345,0.1296537774854804,0.017625618891247415,0.6389987963769764,1.1123893155135927e-17
cooling,400,575,periodic,20,23,0.0013109540657879478,0.49659018683821543,0.37879429316119867,0.14478703702993456,0.01968289073080297,0.7135830840214263,5.551115123125783e-18
cooling,400,575,periodic,20,24,0.0014333421622561352,0.5429508712267878,0.4141577843031611,0.15830407040113198,0.02152044674622782,0.7802017990507657,2.2215299868541707e-17
cooling,400,575,periodic,20,25,0.0013588448955153705,0.514731261878769,0.39263213345547243,0.15007629278503304,0.02040193191853962,0.7396511872945177,2.2898349882893852e-17
cooling,400,575,periodic,20,26,0.001177200685282579,0.44592432603592863,0.3401468542091711,0.130014776001498,0.01767469437818681,0.640777977992066,1.2432050435751766e-17
cooling,400,575,periodic,20,27,0.0009864305179663197,0.3736604721732851,0.28502467062497927,0.10894535183153334,0.01481043814223239,0.5369372959381158,1.6653345369377347e-17
cooling,400,575,periodic,20,28,0.000786470767448463,0.2979155986791078,0.2272471982216456,0.08686099315087728,0.01180820791715124,0.42809450794239395,1.1107649934270853e-17
cooling,400,575,periodic,20,29,0.0005775723334617651,0.2187847465227327,0.16688693335079993,0.06378941033462646,0.008671770754858537,0.31438618462148643,5.551115123125783e-18
cooling,400,575,periodic,20,30,0.0003607036280363246,0.13663475076231563,0.10422369432187288,0.03983755870037838,0.005415666560808073,0.1963394553852447,6.800912535878896e-18
cooling,400,575,periodic,20,31,0.00013865946011544196,0.052524286702773995,0.04006502863467845,0.015314108182896944,0.0020818570791067215,0.07547560037387901,1.4331167885963448e-18
cooling,400,575,periodic,100,0,0.0018371428571428757,0.6959108167750577,0.5308341826525486,0.20290144241365893,0.027583180111108087,1.0000000000000002,2.2204460492503132e-17
cooling,400,575,periodic,100,1,0.0018371428571428753,0.6959108167750577,0.5308341826525484,0.20290144241365887,0.02758318011110808,1.0,0.0
cooling,400,575,periodic,100,2,0.0018371428571428753,0.6959108167750577,0.5308341826525484,0.20290144241365887,0.02758318011110808,1.0,0.0
cooling,400,575,periodic,100,3,0.0018371428571428753,0.6959108167750577,0.5308341826525484,0.20290144241365887,0.02758318011110808,1.0,0.0
cooling,400,575,periodic,100,4,0.0018371428571428761,0.6959108167750578,0.5308341826525487,0.20290144241365896,0.02758318011110809,1.0000000000000002,2.2898349882893852e-17
cooling,400,575,periodic,100,5,0.0018371428571428761,0.6959108167750578,0.5308341826525487,0.20290144241365896,0.02758318011110809,1.0000000000000002,2.2898349882893852e-17
cooling,400,575,periodic,100,6,0.0018371428571428768,0.6959108167750582,0.5308341826525489,0.20290144241365904,0.027583180111108097,1.0000000000000009,4.443059973708341e-17
cooling,400,575,periodic,100,7,0.0018371428571428768,0.6959108167750582,0.5308341826525489,0.20290144241365904,0.027583180111108097,1.0000000000000009,4.443059973708341e-17
cooling,400,575,periodic,100,8,0.001837142857142877,0.6959108167750583,0.5308341826525489,0.20290144241365907,0.027583180111108108,1.0000000000000009,2.2898349882893852e-17
cooling,400,575,periodic,100,9,0.0018371428571428768,0.6959108167750582,0.5308341826525489,0.20290144241365904,0.027583180111108097,1.0000000000000009,4.443059973708341e-17
cooling,400,575,periodic,100,10,0.0018371428571428768,0.6959108167750582,0.5308341826525489,0.20290144241365904,0.027583180111108097,1.0000000000000009,4.443059973708341e-17
cooling,400,575,periodic,100,11,0.0018371428571428768,0.6959108167750582,0.5308341826525489,0.20290144241365904,0.027583180111108097,1.0000000000000009,4.443059973708341e-17
cooling,400,575,periodic,100,12,0.0008601958977784681,0.32584272229136335,0.24854974371913888,0.09500349291780187,0.012915129755429,0.46822482771766843,1.2412670766236366e-17
cooling,400,575,periodic,100,13,-0.00029270664743093644,-0.11087745370326971,-0.08457627197680956,-0.03232769881606679,-0.00439474815168292,-0.1593271020230587,2.7755575615628915e-18
cooling,400,575,periodic,100,14,-0.001173932074486858,-0.4446861743049809,-0.33920240379073485,-0.12965377748548054,-0.017625618891247436,-0.6389987963769772,2.544786717585991e-17
cooling,400,575,periodic,100,15,-0.0017059892814889818,-0.6462297636106809,-0.49293794564326765,-0.18841631428417324,-0.025614017677489102,-0.9286100288042577,1.570092458683775e-17
cooling,400,575,periodic,100,16,-0.0018371428571428768,-0.6959108167750582,-0.5308341826525489,-0.20290144241365904,-0.027583180111108097,-1.0000000000000009,4.443059973708341e-17
cooling,400,575,periodic,100,17,-0.0018371428571428768,-0.6959108167750582,-0.5308341826525489,-0.20290144241365904,-0.027583180111108097,-1.0000000000000009,4.443059973708341e-17
cooling,400,575,periodic,100,18,-0.0018371428571428761,-0.6959108167750578,-0.5308341826525487,-0.20290144241365896,-0.02758318011110809,-1.0000000000000002,2.2898349882893852e-17
cooling,400,575,periodic,100,19,-0.0018371428571428761,-0.6959108167750578,-0.5308341826525487,-0.20290144241365896,-0.02758318011110809,-1.0000000000000002,2.2898349882893852e-17
cooling,400,575,periodic,100,20,-0.0018371428571428761,-0.6959108167750578,-0.5308341826525487,-0.20290144241365896,-0.02758318011110809,-1.0000000000000002,2.2898349882893852e-17
cooling,400,575,periodic,100,21,-0.0018371428571428761,-0.6959108167750578,-0.5308341826525487,-0.20290144241365896,-0.02758318011110809,-1.0000000000000002,2.2898349882893852e-17
cooling,400,575,periodic,100,22,-0.0018371428571428761,-0.6959108167750578,-0.5308341826525487,-0.20290144241365896,-0.02758318011110809,-1.0000000000000002,2.2898349882893852e-17
cooling,400,575,periodic,100,23,-0.0018371428571428761,-0.6959108167750578,-0.5308341826525487,-0.20290144241365896,-0.02758318011110809,-1.0000000000000002,2.2898349882893852e-17
cooling,400,575,periodic,100,24,-0.0018371428571428761,-0.6959108167750578,-0.5308341826525487,-0.20290144241365896,-0.02758318011110809,-1.0000000000000002,2.2898349882893852e-17
cooling,400,575,periodic,100,25,-0.0018371428571428761,-0.6959108167750578,-0.5308341826525487,-0.20290144241365896,-0.02758318011110809,-1.0000000000000002,2.2898349882893852e-17
cooling,400,575,periodic,100,26,-0.0018371428571428761,-0.6959108167750578,-0.5308341826525487,-0.20290144241365896,-0.02758318011110809,-1.0000000000000002,2.2898349882893852e-17
cooling,400,575,periodic,100,27,-0.0018371428571428761,-0.6959108167750578,-0.5308341826525487,-0.20290144241365896,-0.02758318011110809,-1.0000000000000002,2.2898349882893852e-17
cooling,400,575,periodic,100,28,-0.000860195897778471,-0.3258427222913645,-0.24854974371913974,-0.09500349291780219,-0.012915129755429047,-0.4682248277176701,1.2417518519112548e-17
cooling,400,575,periodic,100,29,0.0002927066474309333,0.11087745370326851,0.08457627197680866,0.032327698816066446,0.004394748151682873,0.15932710202305697,3.9252311467094376e-18
cooling,400,575,periodic,100,30,0.0011739320744868548,0.44468617430497964,0.33920240379073385,0.12965377748548018,0.017625618891247388,0.6389987963769752,5.594315114139762e-18
cooling,400,575,periodic,100,31,0.0017059892814889784,0.6462297636106795,0.49293794564326665,0.18841631428417285,0.025614017677489047,0.9286100288042558,1.2432050435751766e-17
cooling,400,575,poisson,5,0,0.001130335584837807,0.4281717978631944,0.32660539378718756,0.12483880591178291,0.016971053667031822,0.6152682032554098,1.2412670766236366e-17
cooling,400,575,poisson,5,1,-0.0003396209352770668,-0.1286486140931564,-0.09813194487764061,-0.03750910136012009,-0.005099127370976014,-0.18486365061737509,5.724587470723463e-18
cooling,400,575,poisson,5,2,-0.0007060747599562505,-0.2674615427945424,-0.20401713271001307,-0.07798173489339022,-0.010601128377174439,-0.3843330730710501,1.2417518519112548e-17
cooling,400,575,poisson,5,3,-0.00033152903279075547,-0.12558339657530332,-0.09579382597429875,-0.036615399120275414,-0.004977634149665741,-0.18045903806650584,1.3985787785349405e-18
cooling,400,575,poisson,5,4,0.001005133537828416,0.380745187320932,0.2904288242666131,0.1110109885308004,0.01509124851224365,0.5471177888646067,1.2412670766236366e-17
cooling,400,575,poisson,5,5,0.0003426991186467541,0.12981463180084518,0.09902137214604795,0.037849068305692644,0.005145343747656241,0.18653917811253928,0.0
cooling,400,575,poisson,5,6,-2.7075309060065152e-05,-0.010256143320139044,-0.007823289026808147,-0.0029903059746951323,-0.0004065133658300002,-0.01473772654902443,8.673617379884036e-20
cooling,400,575,poisson,5,7,0.0016268956519345534,0.6162690492705191,0.470084196391103,0.17968089588166347,0.024426492264776247,0.8855575088290636,1.2432050435751766e-17
cooling,400,575,poisson,5,8,-0.00013395734596963478,-0.050743123042552574,-0.038706373857438976,-0.014794787794246433,-0.0020112587253192007,-0.0729161292214179,1.993045536433795e-18
cooling,400,575,poisson,5,9,-0.0012073103002837246,-0.45732986626746885,-0.3488468923183322,-0.1333402029221641,-0.018126765337406793,-0.657167348521461,1.570092458683775e-17
cooling,400,575,poisson,5,10,-0.00012172223564746527,-0.04610845591009248,-0.03517109364649591,-0.013443493025412149,-0.0018275586660758314,-0.06625627134776427,1.993045536433795e-18
cooling,400,575,poisson,5,11,0.0006319591601138532,0.2393865090966677,0.18260176279951593,0.06979611010383886,0.009488343962207917,0.3439902115705232,1.2417518519112548e-17
cooling,400,575,poisson,5,12,-8.71347479133412e-05,-0.03300669480008009,-0.025177194309836476,-0.009623511839173496,-0.0013082561523645145,-0.04742948953292242,1.4304896245381992e-18
cooling,400,575,poisson,5,13,-0.000304972425816428,-0.11552373791652043,-0.08812041358699756,-0.03368238068909926,-0.004578908666525038,-0.1660036532437772,4.166948782366562e-18
cooling,400,575,poisson,5,14,-0.00039507064910896447,-0.1496529989686534,-0.11415389080624944,-0.04363319066225196,-0.005931658949991748,-0.21504623201887432,3.1031676915590916e-18
cooling,400,575,poisson,5,15,0.00022909984089195657,0.08678315721517027,0.06619737072316999,0.02530270740404517,0.0034397445741246382,0.12470442350261896,2.7755575615628915e-18
cooling,400,575,poisson,5,16,0.0005024142285115468,0.1903148112643968,0.14517033626862716,0.05548864709012148,0.0075433339881742535,0.27347586310892635,1.3877787807814458e-18
cooling,400,575,poisson,5,17,0.0002893600883132238,0.10960977510117377,0.0836092987406007,0.03195809137401817,0.00434450233517636,0.15750549130579677,2.7755575615628915e-18
cooling,400,575,poisson,5,18,-0.0012668740672880457,-0.47989265695356775,-0.36605757544540196,-0.13991866479505477,-0.01902106602120413,-0.6895893056777784,1.1102230246251566e-17
cooling,400,575,poisson,5,19,-0.00044277423418207125,-0.16772314562178456,-0.12793762759809635,-0.048901766365008696,-0.006647888814153444,-0.24101241362942988,1.1103585416259206e-17
cooling,400,575,poisson,5,20,-0.00019390929687988589,-0.07345295802517109,-0.05602922098178421,-0.021416122258198136,-0.0029113876693151763,-0.105549383993716,2.8622937353617316e-18
cooling,400,575,poisson,5,21,-4.7682911928540374e-05,-0.018062315653563248,-0.013777763379514738,-0.005266292477565276,-0.0007159194739991554,-0.025954928732486723,7.152448122690996e-19
cooling,400,575,poisson,5,22,0.00025388287953805646,0.09617098712688296,0.07335831850259783,0.02803984581934918,0.003811841396109976,0.1381944134343995,3.98609107286759e-18
cooling,400,575,poisson,5,23,0.0008805120291308449,0.3335384850395743,0.2544199986855234,0.0972472881347255,0.013220159659921592,0.47928337511009744,1.1107649934270853e-17
cooling,400,575,poisson,5,24,-0.00016997659604213043,-0.06438723658555622,-0.04911397449538109,-0.018772898568785553,-0.0025520579660281246,-0.09252225290007007,2.8609792490763985e-18
cooling,400,575,poisson,5,25,-0.0013268239794229698,-0.502601719646869,-0.3833798334747674,-0.14653977408846355,-0.019921164354675273,-0.7222214506967882,0.0
cooling,400,575,poisson,5,26,0.00032291750706198483,0.12232134546137509,0.09330556426734984,0.035664307600660396,0.004848339215260076,0.17577158238210508,3.1031676915590916e-18
cooling,400,575,poisson,5,27,-0.00032054551101874727,-0.12142283193673617,-0.09262018665723556,-0.03540233482227729,-0.004812725657049797,-0.17448044923259787,0.0
cooling,400,575,poisson,5,28,0.0017675648820367992,0.6695546380503792,0.5107299390427218,0.19521697114113085,0.026538524377529574,0.9621270742035359,2.2247786310271853e-17
cooling,400,575,poisson,5,29,-0.0007535426664831903,-0.2854424142729523,-0.2177327712437757,-0.0832242813100861,-0.01131381972294494,-0.4101709693143297,1.2432050435751766e-17
cooling,400,575,poisson,5,30,0.0012086936985420903,0.4578538983579301,0.3492466190357768,0.13349299098704628,0.01814753591775526,0.657920364680758,1.2412670766236366e-17
cooling,400,575,poisson,5,31,0.00023587926524021923,0.08935120722669818,0.06815625495951162,0.02605145428219271,0.0035415320220199974,0.12839462338114452,6.245606819011808e-18
cooling,400,575,poisson,20,0,0.0004319582344318821,0.16362603842561427,0.12481239301732397,0.047707203872534826,0.006485495526102265,0.2351250109660299,0.0
cooling,400,575,poisson,20,1,-0.0016706304374064708,-0.6328358122530002,-0.4827211663519341,-0.18451114140198444,-0.02508313388635851,-0.9093633796147107,6.938893903907229e-19
cooling,400,575,poisson,20,2,-0.0014507068459787705,-0.5495286238416569,-0.4191752317243489,-0.16022189587707739,-0.02178116310632558,-0.7896538041875033,1.2432050435751766e-17
cooling,400,575,poisson,20,3,0.0012358647281910614,0.46814630069458973,0.3570975660971126,0.13649386872837468,0.018555486449036967,0.6727101941941946,2.544786717585991e-17
cooling,400,575,poisson,20,4,4.5777336473543234e-05,0.017340482527653855,0.013227155904868308,0.005055833063947169,0.0006873088350463213,0.024917679262426086,2.168404344971009e-20
cooling,400,575,poisson,20,5,-0.0001850631508820446,-0.07010203261252074,-0.05347316680116804,-0.020439118332899027,-0.0027785701056733973,-0.10073421898711503,3.179800655392251e-18
cooling,400,575,poisson,20,6,-0.00011416055705211257,-0.043244087520327615,-0.032986180556564576,-0.012608350843572431,-0.0017140263178281288,-0.062140272112346816,1.4304896245381992e-18
cooling,400,575,poisson,20,7,0.0015568677034623,0.5897424203646989,0.4498499349968013,0.17194672774169262,0.023375080553372615,0.8474396519623635,2.4835037038225096e-17
cooling,400,575,poisson,20,8,-0.0018328727355163932,-0.6942932921403999,-0.5296003501747923,-0.20242983301544232,-0.02751906776760597,-0.9976756725205773,3.1409514705139296e-17
cooling,400,575,poisson,20,9,0.0007034342931557274,0.2664613323859315,0.20325418167959797,0.07769011112532641,0.010561483952652384,0.3828958049836736,0.0
cooling,400,575,poisson,20,10,-0.0001611895369418112,-0.06105869332514591,-0.04657499320859547,-0.017802420437976706,-0.002420127543269386,-0.08773925027936759,1.9645312551903404e-18
cooling,400,575,poisson,20,11,0.00154792487490639,0.5863548715410317,0.4472659448249856,0.17095904580601873,0.023240811381107992,0.8425718603689439,1.2432050435751766e-17
cooling,400,575,poisson,20,12,0.0012058860558811732,0.4567903616330779,0.3484353632908609,0.13318290364491753,0.01810538148599585,0.6563920988466663,1.1123893155135927e-17
cooling,400,575,poisson,20,13,0.0018371428571428753,0.6959108167750577,0.5308341826525484,0.20290144241365887,0.02758318011110808,1.0,0.0
cooling,400,575,poisson,20,14,0.00022653047299500762,0.08580987911390048,0.06545496340181899,0.025018936084708003,0.0034011676408188312,0.12330585621812111,3.987034638053695e-18
cooling,400,575,poisson,20,15,0.0017515401573570879,0.6634844627250935,0.5060996667726513,0.19344713612848963,0.02629792639389818,0.953404440241018,5.551115123125783e-18
cooling,400,575,poisson,20,16,0.0004598407135574427,0.1741879382509545,0.13286891021161676,0.05078665695406784,0.006904127882684831,0.25030209913701923,5.553824967135427e-18
cooling,400,575,poisson,20,17,-0.0008210147971639992,-0.3110008978655995,-0.2372285405588931,-0.09067617465884288,-0.012326857944666765,-0.4468976345371647,1.2738115944464653e-17
cooling,400,575,poisson,20,18,-0.0018371428571428753,-0.6959108167750577,-0.5308341826525484,-0.20290144241365887,-0.02758318011110808,-1.0,0.0
cooling,400,575,poisson,20,19,-0.000839984384233674,-0.318186588831447,-0.24270971759868387,-0.09277125211210877,-0.012611670600765776,-0.4572232262547169,1.1107649934270853e-17
cooling,400,575,poisson,20,20,0.0014499002795124254,0.549223095980176,0.4189421779641295,0.1601328154341561,0.021769053178114887,0.7892147711187306,1.2412670766236366e-17
cooling,400,575,poisson,20,21,-0.00018106907048701676,-0.06858907256199327,-0.052319095198244084,-0.0199979960379635,-0.0027186022928895647,-0.09856014723243427,1.3904866443919908e-18
cooling,400,575,poisson,20,22,0.0003673008713855776,0.1391337905020899,0.10612993817626049,0.040566184776631986,0.005514718711723686,0.19993048986773077,5.724587470723463e-18
cooling,400,575,poisson,20,23,0.0011133719659800925,0.4217459688598407,0.32170383225856014,0.12296527565179065,0.016716358964075397,0.6060345071431237,1.570092458683775e-17
cooling,400,575,poisson,20,24,0.001820548259750442,0.6896247733242061,0.5260392482199806,0.2010686683677498,0.02733402596015725,0.9909671709372446,2.2898349882893852e-17
cooling,400,575,poisson,20,25,-0.0009645102541152589,-0.3653570630719153,-0.27869090877316416,-0.10652438977288035,-0.014481323515388864,-0.5250055815557344,5.551115123125783e-18
cooling,400,575,poisson,20,26,-0.001129880115275493,-0.4279992657196577,-0.32647378790150805,-0.12478850202234408,-0.016964215168368754,-0.6150202804765453,1.1464934308770759e-17
cooling,400,575,poisson,20,27,-0.0007598428197740359,-0.2878289161203149,-0.2195531722592596,-0.0839200955659942,-0.011408411312419505,-0.41360029070125964,0.0
cooling,400,575,poisson,20,28,0.00015585449443822965,0.0590377760231724,0.04503345662324268,0.01721319689713658,0.0023400262938186134,0.08483526135828902,0.0
cooling,400,575,poisson,20,29,0.0018212972836401237,0.689908504023115,0.5262556753109499,0.2011513935771846,0.027345271934184956,0.9913748822302286,2.2204460492503132e-17
cooling,400,575,poisson,20,30,-0.0018371428571428753,-0.6959108167750577,-0.5308341826525484,-0.20290144241365887,-0.02758318011110808,-1.0,0.0
cooling,400,575,poisson,20,31,0.0005588911423825274,0.21170830013113223,0.16148908703799575,0.0617261844938895,0.008391288125962702,0.3042175736141254,2.797157557069881e-18
cooling,400,575,poisson,100,0,0.0018371428571428753,0.6959108167750577,0.5308341826525484,0.20290144241365887,0.02758318011110808,1.0,0.0
cooling,400,575,poisson,100,1,0.0018371428571428753,0.6959108167750577,0.5308341826525484,0.20290144241365887,0.02758318011110808,1.0,0.0
cooling,400,575,poisson,100,2,0.0018371428571428753,0.6959108167750577,0.5308341826525484,0.20290144241365887,0.02758318011110808,1.0,0.0
cooling,400,575,poisson,100,3,0.0018371428571428753,0.6959108167750577,0.5308341826525484,0.20290144241365887,0.02758318011110808,1.0,0.0
cooling,400,575,poisson,100,4,0.0018371428571428753,0.6959108167750577,0.5308341826525484,0.20290144241365887,0.02758318011110808,1.0,0.0
cooling,400,575,poisson,100,5,0.0018371428571428753,0.6959108167750577,0.5308341826525484,0.20290144241365887,0.02758318011110808,1.0,0.0
cooling,400,575,poisson,100,6,0.0018371428571428753,0.6959108167750577,0.5308341826525484,0.20290144241365887,0.02758318011110808,1.0,0.0
cooling,400,575,poisson,100,7,0.0018371428571428753,0.6959108167750577,0.5308341826525484,0.20290144241365887,0.02758318011110808,1.0,0.0
cooling,400,575,poisson,100,8,-0.0014760232630608994,-0.5591184978250235,-0.4264902968088263,-0.1630179427510251,-0.022161268164257925,-0.8034341245276977,1.2412670766236366e-17
cooling,400,575,poisson,100,9,0.0018371428571428753,0.6959108167750577,0.5308341826525484,0.20290144241365887,0.02758318011110808,1.0,0.0
cooling,400,575,poisson,100,10,0.0015173822144555573,0.5747852934332749,0.4384407801768392,0.16758579160505674,0.022782238602724318,0.8259467730317881,0.0
cooling,400,575,poisson,100,11,0.0017837150490942397,0.6756723310236279,0.5153964573247957,0.19700066051424386,0.02678100577468269,0.970917989398099,2.2887833992611188e-17
cooling,400,575,poisson,100,12,0.0018371428571428753,0.6959108167750577,0.5308341826525484,0.20290144241365887,0.02758318011110808,1.0,0.0
cooling,400,575,poisson,100,13,0.0018371428571428753,0.6959108167750577,0.5308341826525484,0.20290144241365887,0.02758318011110808,1.0,0.0
cooling,400,575,poisson,100,14,0.0018371428571428753,0.6959108167750577,0.5308341826525484,0.20290144241365887,0.02758318011110808,1.0,0.0
cooling,400,575,poisson,100,15,0.0018371428571428753,0.6959108167750577,0.5308341826525484,0.20290144241365887,0.02758318011110808,1.0,0.0
cooling,400,575,poisson,100,16,-0.0018371428571428753,-0.6959108167750577,-0.5308341826525484,-0.20290144241365887,-0.02758318011110808,-1.0,0.0
cooling,400,575,poisson,100,17,-0.0018371428571428753,-0.6959108167750577,-0.5308341826525484,-0.20290144241365887,-0.02758318011110808,-1.0,0.0
cooling,400,575,poisson,100,18,-0.0018371428571428753,-0.6959108167750577,-0.5308341826525484,-0.20290144241365887,-0.02758318011110808,-1.0,0.0
cooling,400,575,poisson,100,19,-0.0018371428571428753,-0.6959108167750577,-0.5308341826525484,-0.20290144241365887,-0.02758318011110808,-1.0,0.0
cooling,400,575,poisson,100,20,-0.0018371428571428753,-0.6959108167750577,-0.5308341826525484,-0.20290144241365887,-0.02758318011110808,-1.0,0.0
cooling,400,575,poisson,100,21,-0.0018371428571428753,-0.6959108167750577,-0.5308341826525484,-0.20290144241365887,-0.02758318011110808,-1.0,0.0
cooling,400,575,poisson,100,22,-0.0018371428571428753,-0.6959108167750577,-0.5308341826525484,-0.20290144241365887,-0.02758318011110808,-1.0,0.0
cooling,400,575,poisson,100,23,-0.0018371428571428753,-0.6959108167750577,-0.5308341826525484,-0.20290144241365887,-0.02758318011110808,-1.0,0.0
cooling,400,575,poisson,100,24,0.0008972727523948374,0.33988745707026624,0.259262934443031,0.09909840978971163,0.013471808053396084,0.4884066303859875,1.1443916996305594e-17
cooling,400,575,poisson,100,25,-0.0018371428571428753,-0.6959108167750577,-0.5308341826525484,-0.20290144241365887,-0.02758318011110808,-1.0,0.0
cooling,400,575,poisson,100,26,-0.0011331322832598423,-0.4292311889037904,-0.32741348724340114,-0.12514768452817393,-0.01701304378009871,-0.6167905118832673,1.1102230246251566e-17
cooling,400,575,poisson,100,27,-0.0018371428571428753,-0.6959108167750577,-0.5308341826525484,-0.20290144241365887,-0.02758318011110808,-1.0,0.0
cooling,400,575,poisson,100,28,-0.0018371428571428753,-0.6959108167750577,-0.5308341826525484,-0.20290144241365887,-0.02758318011110808,-1.0,0.0
cooling,400,575,poisson,100,29,0.0009270394305178379,0.351163092606565,0.26786388248050613,0.10238596138295726,0.013918730099106245,0.5046093323191914,3.4694469519536144e-19
cooling,400,575,poisson,100,30,-0.0018371428571428753,-0.6959108167750577,-0.5308341826525484,-0.20290144241365887,-0.02758318011110808,-1.0,0.0
cooling,400,575,poisson,100,31,-0.0008586770907707918,-0.32526739728540305,-0.24811089125135602,-0.09483574976630588,-0.012892326124734814,-0.4673981053962273,5.561946577567963e-18
reheating,100,300,steady,,0,0.9983003378159655,386.0643283532459,299.2342335840175,115.31874350772533,15.420245986958781,1.0,0.0
reheating,100,300,absent,,0,0.0,0.0,0.0,0.0,0.0,0.0,0.0
reheating,100,300,shutdown,,0,0.0,0.0,0.0,0.0,0.0,0.0,0.0
reheating,100,300,intermittent,,0,0.7118679875147064,275.87093190127155,214.18582818100782,82.61637261299185,11.028563208557717,0.7150991605322033,0.06510045855941446
reheating,100,300,periodic,5,0,0.029048495170532172,11.532157176082842,9.136571779845799,3.5627795716472948,0.46624643166712454,0.03016057561533635,0.03583184503587847
reheating,100,300,periodic,5,1,0.014228415831960554,5.7358321373035235,4.603360706884648,1.80755940263042,0.23365051971774256,0.015087603637039069,0.028530388149391274
reheating,100,300,periodic,5,2,-0.002315963008296877,-0.733911356124751,-0.45588414214984163,-0.15120456926270115,-0.02595055448444978,-0.0017356212682862423,0.02049578942712552
reheating,100,300,periodic,5,3,-0.019489746097649734,-7.455627708898378,-5.716005652525242,-2.1885423428083546,-0.2957711688794016,-0.019219656705907653,0.011455099652330129
reheating,100,300,periodic,5,4,-0.03582157906909829,-13.862829317760056,-10.739850561024653,-4.136419933385503,-0.5532462101255691,-0.035899990030119004,0.0010831143685199446
reheating,100,300,periodic,5,5,-0.05291543309084211,-20.573897043675377,-16.005267844495954,-6.178663621816259,-0.8230289757560809,-0.053376246652810044,0.01044447325878818
reheating,100,300,periodic,5,6,-0.06823190273283639,-26.605820875457724,-20.7503327458703,-8.021720803075764,-1.0658734172425974,-0.06910222333050506,0.023036216649340142
reheating,100,300,periodic,5,7,-0.08242165887215146,-32.19910175293742,-25.154513260504316,-9.733349177538726,-1.2912009655475147,-0.08369075912344509,0.035479177065432896
reheating,100,300,periodic,5,8,-0.09508492023713228,-37.19736084318258,-29.09545304002817,-11.266157412267289,-1.4927337518006856,-0.09673511836272174,0.04756506394936125
reheating,100,300,periodic,5,9,-0.10331189326285317,-40.46748361651979,-31.68989170788747,-12.278730225383018,-1.625076698730259,-0.1052929734569928,0.05839282435506356
reheating,100,300,periodic,5,10,-0.10331633057502725,-40.51413982333053,-31.75810319303755,-12.312051932957688,-1.6279127864315717,-0.10546078782192851,0.06421558125379981
reheating,100,300,periodic,5,11,-0.09462581011767997,-37.13821877126355,-29.133592387519176,-11.299225654409826,-1.4929071629994681,-0.09670495854382953,0.06281686630431603
reheating,100,300,periodic,5,12,-0.08238932003233021,-32.36955309502429,-25.41541404138952,-9.861942230320208,-1.301871389530553,-0.08432088554991704,0.05885647141480791
reheating,100,300,periodic,5,13,-0.0711803554467922,-27.986234578373832,-21.988336817336,-8.535297510561957,-1.12602318122921,-0.07292390670035503,0.05353045197128335
reheating,100,300,periodic,5,14,-0.0589272062337667,-23.194889929835625,-18.242412677619843,-7.085255586688328,-0.93380971180022,-0.0604662684670977,0.04773838953936625
reheating,100,300,periodic,5,15,-0.045165435599434665,-17.81734783278157,-14.040398226000557,-5.459094020054164,-0.7181360347090089,-0.04648770816667303,0.041633866115849516
reheating,100,300,periodic,5,16,-0.029048495170532172,-11.532157176082844,-9.136571779845802,-3.5627795716472956,-0.46624643166712454,-0.030160575615336357,0.03583184503587891
reheating,100,300,periodic,5,17,-0.014228415831960559,-5.735832137303526,-4.603360706884648,-1.807559402630421,-0.2336505197177426,-0.015087603637039076,0.028530388149391073
reheating,100,300,periodic,5,18,0.0023159630082968804,0.7339113561247507,0.4558841421498412,0.15120456926270107,0.025950554484449797,0.0017356212682862412,0.020495789427125523
reheating,100,300,periodic,5,19,0.019489746097649724,7.455627708898376,5.716005652525241,2.188542342808354,0.29577116887940147,0.01921965670590765,0.011455099652330021
reheating,100,300,periodic,5,20,0.03582157906909829,13.862829317760056,10.739850561024653,4.136419933385503,0.5532462101255691,0.035899990030119004,0.0010831143685199446
reheating,100,300,periodic,5,21,0.05291543309084211,20.573897043675377,16.00526784449595,6.178663621816259,0.8230289757560807,0.053376246652810044,0.010444473258787727
reheating,100,300,periodic,5,22,0.06823190273283639,26.605820875457724,20.750332745870296,8.021720803075764,1.0658734172425974,0.06910222333050506,0.0230362166493397
reheating,100,300,periodic,5,23,0.08242165887215144,32.19910175293742,25.154513260504316,9.733349177538726,1.2912009655475143,0.08369075912344509,0.035479177065432896
reheating,100,300,periodic,5,24,0.09508492023713228,37.19736084318258,29.09545304002817,11.266157412267287,1.4927337518006856,0.09673511836272174,0.04756506394936109
reheating,100,300,periodic,5,25,0.10331189326285317,40.467483616519786,31.68989170788747,12.278730225383018,1.6250766987302587,0.1052929734569928,0.058392824355064446
reheating,100,300,periodic,5,26,0.10331633057502723,40.51413982333054,31.75810319303754,12.312051932957688,1.6279127864315717,0.1054607878219285,0.06421558125379775
reheating,100,300,periodic,5,27,0.09462581011767995,37.13821877126354,29.133592387519176,11.299225654409824,1.4929071629994681,0.0967049585438295,0.06281686630431796
reheating,100,300,periodic,5,28,0.08238932003233021,32.36955309502429,25.415414041389518,9.861942230320206,1.301871389530553,0.08432088554991703,0.05885647141480703
reheating,100,300,periodic,5,29,0.0711803554467922,27.986234578373832,21.988336817336,8.535297510561957,1.12602318122921,0.07292390670035503,0.05353045197128335
reheating,100,300,periodic,5,30,0.0589272062337667,23.194889929835625,18.242412677619843,7.085255586688328,0.93380971180022,0.0604662684670977,0.04773838953936625
reheating,100,300,periodic,5,31,0.045165435599434665,17.817347832781568,14.040398226000557,5.459094020054164,0.7181360347090088,0.046487708166673025,0.04163386611585027
reheating,100,300,periodic,20,0,0.2800888620566044,109.09684508831202,85.04890845435384,32.87564661817634,4.370664082740021,0.2833003070758143,0.08813491012545291
reheating,100,300,periodic,20,1,0.26114641484598977,101.77969753185266,79.38269017484232,30.693067195535786,4.0785417092421365,0.26435473975608087,0.08907615870192064
reheating,100,300,periodic,20,2,0.24103861337519886,94.01198833747372,73.36731441035533,28.37594363858738,3.768424788217298,0.24424220788921905,0.09002966068459288
reheating,100,300,periodic,20,3,0.21958191697034915,85.72257850159826,66.9475427385188,25.902968079199347,3.4374692370282616,0.2227782994472723,0.09097752315792032
reheating,100,300,periodic,20,4,0.19651280569779866,76.80929677420431,60.044020193153465,23.243525707983853,3.0815897834380337,0.1996981284113831,0.09189036516824282
reheating,100,300,periodic,20,5,0.17146948944152468,67.13178670835765,52.54767625625437,20.355525231788256,2.695172646731661,0.1746377266577196,0.09271737744672114
reheating,100,300,periodic,20,6,0.14380486528852812,56.43903769917905,44.26349224877256,17.163718095045784,2.2681799401548908,0.14694624175149645,0.09337529240457144
reheating,100,300,periodic,20,7,0.11266858855966685,44.401236569949404,34.93522708714878,13.569230683051362,1.7874219434252465,0.1157684935379639,0.09375481623431602
reheating,100,300,periodic,20,8,0.07813471407320474,31.033880105066977,24.567106178875896,9.57216352962027,1.2533221159829988,0.08113329837199156,0.09245833989917493
reheating,100,300,periodic,20,9,0.040510915492892666,16.433808605239236,13.221082193905993,5.193821482216104,0.6694196990792203,0.04327243348999325,0.08713324114311567
reheating,100,300,periodic,20,10,-0.0042600183334902675,-0.9619821303291887,-0.3112405211602953,-0.030946293290018134,-0.02665262661469209,-0.001858221988614387,0.07832507137495762
reheating,100,300,periodic,20,11,-0.05904950118235117,-22.287082018218474,-16.92259530927376,-6.448996807793138,-0.8805384962630443,-0.057215470860154584,0.06349829687584699
reheating,100,300,periodic,20,12,-0.1257812470075177,-48.32311253853202,-37.242924474352634,-14.30806132552911,-1.9241172975678285,-0.12485908610653233,0.03830262329613924
reheating,100,300,periodic,20,13,-0.20537223637297847,-79.46814170106076,-61.610234969009944,-23.7446783202272,-3.1741424038032937,-0.2058632533779479,0.0026186493925899907
reheating,100,300,periodic,20,14,-0.2841829940087262,-110.44977343267217,-85.94572036925513,-33.189378125154825,-4.420417586538571,-0.2865829134620931,0.06068601367747817
reheating,100,300,periodic,20,15,-0.2979493515050789,-115.99572892937736,-90.39103435963324,-34.93334812413485,-4.646082856943034,-0.30116261509832015,0.0872115869891157
reheating,100,300,periodic,20,16,-0.2800888620566044,-109.09684508831202,-85.04890845435384,-32.87564661817634,-4.370664082740021,-0.2833003070758143,0.08813491012545291
reheating,100,300,periodic,20,17,-0.26114641484598977,-101.77969753185266,-79.38269017484232,-30.693067195535786,-4.0785417092421365,-0.26435473975608087,0.08907615870192064
reheating,100,300,periodic,20,18,-0.24103861337519886,-94.01198833747372,-73.36731441035536,-28.37594363858738,-3.768424788217298,-0.24424220788921908,0.09002966068459788
reheating,100,300,periodic,20,19,-0.21958191697034915,-85.72257850159826,-66.9475427385188,-25.902968079199347,-3.4374692370282616,-0.2227782994472723,0.09097752315792032
reheating,100,300,periodic,20,20,-0.19651280569779866,-76.80929677420431,-60.044020193153465,-23.24352570798385,-3.0815897834380337,-0.1996981284113831,0.0918903651682425
reheating,100,300,periodic,20,21,-0.17146948944152468,-67.13178670835765,-52.54767625625437,-20.355525231788256,-2.6951726467316606,-0.1746377266577196,0.09271737744672114
reheating,100,300,periodic,20,22,-0.14380486528852812,-56.43903769917905,-44.26349224877256,-17.163718095045784,-2.2681799401548908,-0.14694624175149645,0.09337529240457144
reheating,100,300,periodic,20,23,-0.11266858855966685,-44.401236569949404,-34.93522708714879,-13.569230683051362,-1.787421943425247,-0.11576849353796391,0.09375481623431763
reheating,100,300,periodic,20,24,-0.07813471407320471,-31.03388010506697,-24.567106178875896,-9.572163529620267,-1.2533221159829988,-0.08113329837199156,0.09245833989917565
reheating,100,300,periodic,20,25,-0.04051091549289269,-16.433808605239243,-13.221082193905996,-5.193821482216104,-0.6694196990792205,-0.04327243348999327,0.0871332411431155
reheating,100,300,periodic,20,26,0.004260018333490279,0.9619821303291909,0.31124052116029643,0.030946293290018134,0.02665262661469216,0.0018582219886143915,0.07832507137495776
reheating,100,300,periodic,20,27,0.05904950118235117,22.287082018218477,16.92259530927376,6.448996807793138,0.8805384962630443,0.057215470860154584,0.06349829687584743
reheating,100,300,periodic,20,28,0.1257812470075177,48.32311253853202,37.242924474352634,14.308061325529112,1.924117297567829,0.12485908610653233,0.03830262329613907
reheating,100,300,periodic,20,29,0.20537223637297847,79.46814170106077,61.61023496900995,23.744678320227205,3.1741424038032937,0.20586325337794792,0.0026186493925881875
reheating,100,300,periodic,20,30,0.28418299400872626,110.44977343267217,85.94572036925513,33.18937812515482,4.42041758653857,0.2865829134620931,0.060686013677477516
reheating,100,300,periodic,20,31,0.29794935150507895,115.99572892937736,90.39103435963327,34.93334812413486,4.646082856943034,0.30116261509832015,0.08721158698911992
reheating,100,300,periodic,100,0,0.6299117771151842,244.2317721321302,189.6968103126756,73.18570586733323,9.765730072164464,0.6331958426427253,0.07124876413171517
reheating,100,300,periodic,100,1,0.6209887585871592,240.78291403759806,187.0247621400007,72.15617604004703,9.628003971982057,0.624264101676329,0.0714507308792567
reheating,100,300,periodic,100,2,0.6102291271911586,236.62400291320057,183.8025185610315,70.91464863301118,9.461921977016333,0.6134933852223756,0.0716817183148527
reheating,100,300,periodic,100,3,0.5973689149545998,231.65369440490372,179.95196038287327,69.43110182559417,9.26344682474583,0.6006218143013877,0.07201912582234911
reheating,100,300,periodic,100,4,0.5818145219883222,225.64270169047094,175.29553978245235,67.63714689303636,9.02342485153996,0.585055728239756,0.0724935632661362
reheating,100,300,periodic,100,5,0.5628029620227143,218.29630995783668,169.6050449133779,65.44488010210743,8.730090356625928,0.5660320627412297,0.07314437851323985
reheating,100,300,periodic,100,6,0.5393535168287359,209.235702211558,162.58713958428808,62.74131281591871,8.368320084959253,0.5425699993866755,0.074022151396854
reheating,100,300,periodic,100,7,0.5104663794246721,198.07675247662098,153.94575146713288,59.41269312011863,7.92281800269886,0.5136769832711233,0.07542688971266166
reheating,100,300,periodic,100,8,0.47440281249937355,184.1460087563014,143.158148548101,55.25740672197435,7.366662274097635,0.4776075164663162,0.07722290740502832
reheating,100,300,periodic,100,9,0.4288941924168476,166.56701514137748,129.54556957866754,50.01399204297465,6.6648613334754785,0.43209219876414906,0.07951322107349582
reheating,100,300,periodic,100,10,0.3713244544232615,144.32910995575244,112.3252970121885,43.38093402471021,5.777063934281052,0.37451409755796433,0.08241219705417833
reheating,100,300,periodic,100,11,0.2982261424647077,116.09304045238808,90.46034458801172,34.958813389377084,4.649805533807655,0.30140576043038364,0.0861096824529322
reheating,100,300,periodic,100,12,0.20511516259922727,80.12677295155027,62.60952761075469,24.231029082826936,3.2139397395563956,0.20828269019991716,0.09083916800548894
reheating,100,300,periodic,100,13,0.0855857323110573,33.95604571362558,26.856976468493198,10.45963504546662,1.370690953562822,0.0887387271746723,0.0969439708630472
reheating,100,300,periodic,100,14,-0.07603242615378351,-28.487772891491726,-21.50640284475442,-8.171245436235258,-1.1224780715307296,-0.07295317104813827,0.10345787271516774
reheating,100,300,periodic,100,15,-0.3356619482724609,-129.14447733389767,-99.67459287849785,-38.325246252687684,-5.146721319059399,-0.333896998736737,0.07647359471120271
reheating,100,300,periodic,100,16,-0.6299117771151843,-244.23177213213023,-189.69681031267567,-73.18570586733324,-9.765730072164464,-0.6331958426427253,0.07124876413172007
reheating,100,300,periodic,100,17,-0.6209887585871592,-240.7829140375981,-187.02476214000072,-72.15617604004704,-9.628003971982057,-0.6242641016763291,0.0714507308792567
reheating,100,300,periodic,100,18,-0.6102291271911588,-236.62400291320063,-183.8025185610315,-70.91464863301121,-9.461921977016335,-0.6134933852223757,0.07168171831485046
reheating,100,300,periodic,100,19,-0.5973689149545999,-231.6536944049038,-179.95196038287332,-69.4311018255942,-9.263446824745834,-0.600621814301388,0.07201912582234556
reheating,100,300,periodic,100,20,-0.5818145219883224,-225.64270169047106,-175.29553978245247,-67.63714689303639,-9.023424851539964,-0.5850557282397564,0.072493563266142
reheating,100,300,periodic,100,21,-0.5628029620227145,-218.29630995783674,-169.60504491337792,-65.44488010210745,-8.73009035662593,-0.5660320627412299,0.07314437851323631
reheating,100,300,periodic,100,22,-0.5393535168287359,-209.235702211558,-162.58713958428808,-62.741312815918704,-8.368320084959253,-0.5425699993866755,0.07402215139685334
reheating,100,300,periodic,100,23,-0.510466379424672,-198.07675247662098,-153.94575146713285,-59.41269312011862,-7.922818002698859,-0.5136769832711232,0.07542688971265746
reheating,100,300,periodic,100,24,-0.4744028124993734,-184.14600875630134,-143.15814854810097,-55.25740672197433,-7.366662274097634,-0.4776075164663161,0.077222907405027
reheating,100,300,periodic,100,25,-0.42889419241684756,-166.5670151413774,-129.54556957866748,-50.013992042974635,-6.664861333475477,-0.43209219876414884,0.0795132210735007
reheating,100,300,periodic,100,26,-0.37132445442326123,-144.32910995575236,-112.32529701218843,-43.38093402471017,-5.777063934281048,-0.3745140975579641,0.08241219705417767
reheating,100,300,periodic,100,27,-0.29822614246470747,-116.09304045238795,-90.46034458801162,-34.958813389377056,-4.64980553380765,-0.30140576043038336,0.08610968245293042
reheating,100,300,periodic,100,28,-0.20511516259922707,-80.12677295155018,-62.60952761075462,-24.231029082826915,-3.2139397395563924,-0.20828269019991694,0.09083916800548837
reheating,100,300,periodic,100,29,-0.08558573231105711,-33.9560457136255,-26.85697646849313,-10.4596350454666,-1.3706909535628191,-0.0887387271746721,0.09694397086304708
reheating,100,300,periodic,100,30,0.07603242615378378,28.48777289149183,21.506402844754497,8.171245436235289,1.1224780715307336,0.07295317104813855,0.10345787271516835
reheating,100,300,periodic,100,31,0.3356619482724611,129.14447733389778,99.67459287849792,38.32524625268771,5.146721319059402,0.3338969987367373,0.07647359471120338
reheating,100,300,poisson,5,0,-0.020390104643899933,-8.681735021282828,-7.2314318530675745,-2.889464943990107,-0.3603107229666779,-0.02322027730825111,0.09054628437562452
reheating,100,300,poisson,5,1,-0.08792618987306741,-33.57084158178553,-25.74213721432926,-9.862908319323914,-1.333223681446912,-0.0865504968282213,0.05022709782179983
reheating,100,300,poisson,5,2,0.08023276748338062,31.057189182439963,24.10305211843383,9.296733655174902,1.2416851081394207,0.08049153329067789,0.0057371014381395755
reheating,100,300,poisson,5,3,0.13376251717299342,52.15265022126782,40.68793350754259,15.73416021502176,2.090169993380605,0.13547425868438936,0.04774047389746915
reheating,100,300,poisson,5,4,0.13118008811992438,51.22472151699508,40.00414890218948,15.47666420333714,2.05379221822134,0.13312180757326975,0.05401554662638254
reheating,100,300,poisson,5,5,0.46934006120128674,182.1135075236759,141.53499992810433,54.622019701874436,7.284170310407009,0.4722731281096561,0.06860116453893214
reheating,100,300,poisson,5,6,0.3872126102499279,150.26994249188897,116.79980767396472,45.07849493474174,6.0107911759966886,0.38971237452965934,0.058927418062872126
reheating,100,300,poisson,5,7,0.23321867470458435,89.80623418458751,69.35484216812183,26.67491359776907,3.5799310459571476,0.232250330472241,0.04572902680200433
reheating,100,300,poisson,5,8,0.39980111352474795,155.30557828606157,120.81014437948073,46.646124229816465,6.214866402041814,0.40291241363861385,0.07828373422335802
reheating,100,300,poisson,5,9,0.07003976453243496,27.911692600935638,22.15353267075401,8.643477335922316,1.1288213281385302,0.07305547965189134,0.09362584248156393
reheating,100,300,poisson,5,10,-0.16194986543499984,-63.00244853322545,-49.055087410135556,-18.948656423684927,-2.522087660391565,-0.16351537845083675,0.039968997681111416
reheating,100,300,poisson,5,11,0.07436348074585236,29.53375404102505,23.38014107244654,9.110046525277445,1.192810483277551,0.07721239605099643,0.08811490066289082
reheating,100,300,poisson,5,12,0.18985899400886633,74.2136756569504,58.018469213432375,22.460177704591636,2.977558407587637,0.19295487257619626,0.08942396149010416
reheating,100,300,poisson,5,13,-0.19348117434492845,-75.09087343772832,-58.37971078071916,-22.535754033594444,-3.0043367912086216,-0.19476303340432297,0.03211967724195518
reheating,100,300,poisson,5,14,0.06921800099906758,27.39763865732586,21.636145904289258,8.420390477681359,1.1052203744652112,0.07155078643228412,0.07224092390311303
reheating,100,300,poisson,5,15,-0.06427957169030143,-24.25722466247572,-18.41702174106257,-7.018314744825571,-0.9583643895145749,-0.06227109262035674,0.06937092464530899
reheating,100,300,poisson,5,16,0.1334284497763101,50.74590447057403,38.795232338358275,14.84124855095522,2.012444885334001,0.130660642383238,0.09685092023873934
reheating,100,300,poisson,5,17,-0.08416831309876231,-32.75357283637079,-25.516770274408536,-9.860357334794788,-1.3117885401141032,-0.08502909441194346,0.02342183566034508
reheating,100,300,poisson,5,18,-0.021674779715064575,-8.895229337153248,-7.224839358201757,-2.8526082780859623,-0.36438947851460635,-0.023522758533387957,0.05960793061470293
reheating,100,300,poisson,5,19,-0.44312667953180274,-171.87907982758176,-133.54701273443783,-51.5330497403008,-6.874061785933703,-0.4456830625936474,0.05868647815913238
reheating,100,300,poisson,5,20,-0.2863843451879813,-111.51206153803426,-86.90932356373995,-33.5903256356676,-4.466838851636678,-0.2895394355999403,0.08605285491123806
reheating,100,300,poisson,5,21,0.08004951716237202,31.81526310681172,25.197863463247568,9.820291708589782,1.2851901750626926,0.08319385430146985,0.09697784061018161
reheating,100,300,poisson,5,22,0.46453886422809737,180.31775288559658,140.18322910096057,54.10948372754439,7.213573311080025,0.4676802643291475,0.07584962654043906
reheating,100,300,poisson,5,23,0.37194427397236784,144.58472665204988,112.5333469919348,43.463124100979506,5.787537974600828,0.37519067105824605,0.08419967095982976
reheating,100,300,poisson,5,24,-0.1723479644737293,-66.9853712032648,-52.13023948424624,-20.132904335269547,-2.681206787188573,-0.17381541015161578,0.03795996331178463
reheating,100,300,poisson,5,25,-0.15949199884119186,-62.531266666782614,-49.00115328136911,-18.99264202498227,-2.5119226513314157,-0.16274936408579474,0.09618826975187107
reheating,100,300,poisson,5,26,-0.007773550323540848,-2.8512865206434794,-2.124927681129078,-0.8031547054872189,-0.11195982897757133,-0.007262234872605325,0.015184960781557904
reheating,100,300,poisson,5,27,0.06965939170090323,27.46918137714486,21.630736741788,8.406086096485733,1.1064854301878477,0.07164745127749984,0.06129030129026086
reheating,100,300,poisson,5,28,0.27486263942687367,107.07390553261152,83.47989740278251,32.270782189318666,4.289838437744365,0.27805887635941295,0.08794658050478112
reheating,100,300,poisson,5,29,-0.20130564964732572,-78.04414092939106,-60.61923856513283,-23.38821446398417,-3.1208526287835383,-0.20234027175424663,0.02314730075539566
reheating,100,300,poisson,5,30,-0.3218951361534419,-124.80585746129069,-96.9425092497249,-37.40240512457682,-4.990702915849179,-0.3235792325858559,0.03733339365499729
reheating,100,300,poisson,5,31,0.41234302065242867,160.04177197672178,124.41201265406019,48.02044408288664,6.402257764995474,0.4150796983567243,0.06586011749399776
reheating,100,300,poisson,20,0,0.44171202172817603,171.46607400688737,133.30552683779507,51.455299214029125,6.859514559099478,0.44472758416636227,0.07278992025171285
reheating,100,300,poisson,20,1,-0.5248213112406266,-203.6047040425674,-158.21533797888273,-61.054989340918894,-8.143201521080805,-0.5279737250256075,0.07270729162112648
reheating,100,300,poisson,20,2,-0.09229084062069709,-34.817282565195775,-26.440095586539584,-10.078428157627693,-1.3760777536558884,-0.08938868996747362,0.09843837706007952
reheating,100,300,poisson,20,3,-0.46705526543007564,-181.31848544005376,-140.97611013960642,-54.41854083344357,-7.254004141501071,-0.4702975100833923,0.07895238938996371
reheating,100,300,poisson,20,4,0.03396881128176366,12.323302624474408,9.041585730964469,3.380589929241078,0.4785472622465376,0.031176705723383054,0.09191158302418968
reheating,100,300,poisson,20,5,0.3107649443036518,120.91815699161707,94.18558638945969,36.39151142026007,4.842148873831899,0.3138826400083887,0.08347391253221405
reheating,100,300,poisson,20,6,-0.05061433029231932,-19.373378803964325,-14.877743171544083,-5.703777063990008,-0.7697364037326088,-0.04997926822110565,0.025084348864889156
reheating,100,300,poisson,20,7,-0.5047874176141821,-195.94720785234443,-152.3383662546944,-58.80221999864808,-7.838958586993508,-0.5082240175179851,0.08322878077015657
reheating,100,300,poisson,20,8,-0.421408210699766,-163.71359966631013,-127.35956524589398,-49.17671982808777,-6.551564867187212,-0.4247385278106492,0.08412967172396749
reheating,100,300,poisson,20,9,0.39095608741657106,152.00407500433752,118.32597487387822,45.704015437580324,6.085004855964737,0.3944697622378503,0.09176144458521178
reheating,100,300,poisson,20,10,0.7178777872123944,278.13531942390574,215.90285466682474,83.27024603698374,11.117969203230853,0.7209089237904133,0.05823190386206669
reheating,100,300,poisson,20,11,-0.026951832115813912,-11.261876446746665,-9.255559411933401,-3.6741538771182345,-0.4639475480241153,-0.029938729602787588,0.09489348453425954
reheating,100,300,poisson,20,12,-0.47656743301444066,-185.02005495299022,-143.85813401552426,-55.53166770251222,-7.402158255781915,-0.4799043021105409,0.0812732807987925
reheating,100,300,poisson,20,13,0.23219437059894393,88.76618743229507,68.15611049783894,26.13446207090999,3.5281945842360782,0.22898466839394274,0.11633698233829456
reheating,100,300,poisson,20,14,0.0704345384803888,28.04581349212334,22.2443626360569,8.675620845168389,1.1337835013217255,0.07338366072836787,0.09124306247558289
reheating,100,300,poisson,20,15,0.30205105781010605,116.30685050633807,89.82141134410547,34.54735485209131,4.636459818238299,0.30078582116508473,0.05901537697123902
reheating,100,300,poisson,20,16,-0.2042469411767313,-79.84090271751913,-62.42087159825492,-24.16523711957664,-3.2034512043558196,-0.20759030819861293,0.0967905915380013
reheating,100,300,poisson,20,17,0.296920502598651,115.57379184511458,90.04817274539587,34.79789896115556,4.628784210957219,0.3000465829290902,0.08435145644960325
reheating,100,300,poisson,20,18,0.5369697782331967,208.28047425609748,161.8251867635034,62.44319779129366,8.329569704827172,0.540064247725749,0.07012830271150505
reheating,100,300,poisson,20,19,-0.11627347782584288,-45.81077866419129,-36.0366146462679,-13.995378541955162,-1.843935421621793,-0.11943242389165841,0.09534231151790998
reheating,100,300,poisson,20,20,-0.2450231111359376,-95.54023937381282,-74.54357229081634,-28.827523278723646,-3.8292349189982877,-0.24818866728983047,0.08853505795160635
reheating,100,300,poisson,20,21,-0.17441069154376862,-66.60413746722452,-51.09204119945055,-19.58117347851182,-2.6459782459071985,-0.1717449390740191,0.09591001448709174
reheating,100,300,poisson,20,22,-0.17155436474810615,-65.40397355530457,-50.10269179602319,-19.187963069865543,-2.596480079770871,-0.1685500876519012,0.10655281361275118
reheating,100,300,poisson,20,23,0.043592932199483035,16.33537630468682,12.325808315343462,4.680836963807593,0.643257700691871,0.041822910980198774,0.06055602032495696
reheating,100,300,poisson,20,24,0.52213000269175,202.5205361847535,157.34795068883375,60.71522792768748,8.099176735273904,0.5251260265963033,0.06783314665185688
reheating,100,300,poisson,20,25,0.41428375389978955,160.93582132889543,125.19287118749772,48.33899787348944,6.440262311842835,0.41752351132594623,0.0816723608639604
reheating,100,300,poisson,20,26,-0.47127350781757693,-182.96084820237937,-142.255340764944,-54.912710929007474,-7.319750784831058,-0.47456069997207784,0.08007053446840989
reheating,100,300,poisson,20,27,0.0867522899546472,32.82335496175928,24.981564309577962,9.53329740718217,1.2985966114667908,0.0843503339353486,0.08284202421251048
reheating,100,300,poisson,20,28,0.09338550683337121,36.87474741091185,29.060031240343296,11.296843758427318,1.4857417711538958,0.09621268262232217,0.08630008020369814
reheating,100,300,poisson,20,29,0.4801164759331182,186.38438045898894,144.91293101449614,55.93793833657787,7.456652161201902,0.483434482815323,0.08082076742479621
reheating,100,300,poisson,20,30,0.22466816056754996,87.58563396941221,68.32630793333757,26.421019908362908,3.510131949199271,0.22750890562077078,0.0792158506842951
reheating,100,300,poisson,20,31,-0.2968808701285351,-115.08630720717314,-89.36120167840294,-34.468518914821104,-4.600647162627945,-0.2983324065842151,0.02849173328921184
reheating,100,300,poisson,100,0,0.4467025825392927,173.53429253577923,134.99849689973726,52.126454439401755,6.9446268666591475,0.45021605323850455,0.08903088552891891
reheating,100,300,poisson,100,1,-0.7207135832050053,-279.13639613426363,-216.61794708243775,-83.53332926031293,-11.156298323906864,-0.7234132158942554,0.047259911373957506
reheating,100,300,poisson,100,2,0.016946642833412573,7.530459266246046,6.448613142133603,2.609622575306891,0.3171570659860735,0.02039765025648917,0.11023852764194757
reheating,100,300,poisson,100,3,-0.5749292059196198,-223.12184892936972,-173.4300618280347,-66.93615790746013,-8.92508979269644,-0.5786549643832954,0.08841727710306815
reheating,100,300,poisson,100,4,-0.6581895094987047,-255.2601622862337,-198.30361843073217,-76.51465536112126,-10.207823273990812,-0.6618478396802677,0.08185640005575479
reheating,100,300,poisson,100,5,-0.6556927483585948,-254.21228596964858,-197.43962183681214,-76.17111342275574,-10.164574968676634,-0.659058055406393,0.0725198208838309
reheating,100,300,poisson,100,6,-0.2924615525981737,-114.01946475950483,-88.95150018740875,-34.397454145387954,-4.569639249229274,-0.2961781414102896,0.10384237933725544
reheating,100,300,poisson,100,7,-0.6568525254199817,-254.3996277072452,-197.4210615039326,-76.13063479477793,-10.167670671777815,-0.659304569488285,0.043011717130324964
reheating,100,300,poisson,100,8,0.35985982688200313,138.36962464777284,106.7416733315384,41.031810545930995,5.5129630388249655,0.35767102214095137,0.09147091240292485
reheating,100,300,poisson,100,9,0.6844092550957456,265.2612143305001,205.9651543251273,79.44847846900764,10.604776823693793,0.6876213290768283,0.06556932564381258
reheating,100,300,poisson,100,10,0.7010494745797462,271.8450837237592,211.164828445522,81.47242262502479,10.870436306614772,0.7048161627108945,0.0830143264461083
reheating,100,300,poisson,100,11,-0.0957789761925551,-37.77408852785158,-29.739212228010118,-11.554780517924023,-1.5211444309698108,-0.09851603698979228,0.08306136889016016
reheating,100,300,poisson,100,12,0.5360464850063835,208.10654077689588,161.80826354953263,62.46107636960972,8.325871211210302,0.5397857772315418,0.09140868786350279
reheating,100,300,poisson,100,13,-0.6964869885753339,-269.9666024142185,-209.63645777591216,-80.86857347070803,-10.793441186799896,-0.6998448672863437,0.06996158654278718
reheating,100,300,poisson,100,14,-0.37286366405676746,-145.06894074535168,-112.98976908806665,-43.6555829320436,-5.809064176509432,-0.37656317959637725,0.09882024508473618
reheating,100,300,poisson,100,15,-0.48606598394467915,-188.85381889418088,-146.93243412920674,-56.73764460756773,-7.558104642071859,-0.4899846673513823,0.09982152042841452
reheating,100,300,poisson,100,16,-0.8421107126273878,-326.1019056844077,-253.0314136316607,-97.56848906646611,-13.032478382373942,-0.8450812635291624,0.049236515176947646
reheating,100,300,poisson,100,17,-0.7260894927064433,-281.2752962063314,-218.3152961924858,-84.19575390342779,-11.242846548006629,-0.7290112082040143,0.054403560618270765
reheating,100,300,poisson,100,18,0.022148826485343942,9.566944565615815,8.041610725826668,3.226366097065689,0.39886055918322033,0.025693778637540573,0.11284681820912816
reheating,100,300,poisson,100,19,0.5201886562587568,201.86710715190662,156.90470265166215,60.55756184176353,8.074835155888138,0.5235257844390039,0.07925091211981945
reheating,100,300,poisson,100,20,-0.5360626123974936,-207.98741339876685,-161.63331592210127,-62.37631056863732,-8.318781694275836,-0.5393565202299372,0.07647321540950698
reheating,100,300,poisson,100,21,0.5497322680295866,213.40287301719206,165.91386426108778,64.04314342948071,8.537376032404074,0.5535051317822696,0.09147086740811369
reheating,100,300,poisson,100,22,-0.6530132395868705,-252.98975746163805,-196.3740029471473,-75.73626750042638,-10.11254656911866,-0.6557192385880556,0.05123451715040558
reheating,100,300,poisson,100,23,0.644248287395649,249.92070620168136,194.19933433414485,74.94014336832599,9.995521878020474,0.648067421105549,0.0880519924169036
reheating,100,300,poisson,100,24,-0.5070773386187645,-196.75910849142713,-152.91882481663447,-59.015628194904856,-7.870001396943289,-0.5102556751750109,0.07439638513695578
reheating,100,300,poisson,100,25,-0.09963732755913438,-39.35655545188212,-31.01972701616348,-12.058890980144504,-1.5857179284401308,-0.10269351013833748,0.09275123533792476
reheating,100,300,poisson,100,26,-0.2053681773535287,-79.19770674251862,-61.23423733569954,-23.566199096815428,-3.1589473660345853,-0.20492032879008817,0.027354934270659537
reheating,100,300,poisson,100,27,0.6932788303855306,268.88804346650454,208.90200412679718,80.60617730346023,10.753077652715454,0.697199140985334,0.08825363343839226
reheating,100,300,poisson,100,28,-0.5614147854076591,-217.90777415700688,-169.39910764348815,-65.38518456576244,-8.717187334933332,-0.565164604056904,0.09032757552793899
reheating,100,300,poisson,100,29,-0.23656812829397572,-92.26068404237189,-71.99802700454737,-27.846118791537215,-3.6982205784121995,-0.23968873542997,0.08791756847906604
reheating,100,300,poisson,100,30,0.617520723784081,239.34300137526705,185.84553906059904,71.68871808922562,9.568762845516664,0.6204422248603754,0.0600552587037763
reheating,100,300,poisson,100,31,-0.5375340687196426,-208.6333371939554,-162.18263016869537,-62.597972117820184,-8.34589877180316,-0.5411005962034419,0.08524795942619548
reheating,250,550,steady,,0,0.9440388877135375,364.80361938382475,282.56765861992153,108.85573171007408,14.56560368543439,1.0,0.0
reheating,250,550,absent,,0,0.0,0.0,0.0,0.0,0.0,0.0,0.0
reheating,250,550,shutdown,,0,0.0,0.0,0.0,0.0,0.0,0.0,0.0
reheating,250,550,intermittent,,0,0.9440388877135375,364.80361938382475,282.56765861992153,108.85573171007408,14.56560368543439,1.0,0.0
reheating,250,550,periodic,5,0,0.7725272062946575,299.0265023111778,231.93138041727758,89.41239002973515,11.947670904841976,0.820174516986656,0.056409116508158094
reheating,250,550,periodic,5,1,0.757744978845785,293.3163979799067,227.51068853000214,87.70993488370846,11.71976635309816,0.8045254397931485,0.05681803393455247
reheating,250,550,periodic,5,2,0.7388969602826709,286.0236578596184,221.85671534211284,85.53083903007406,11.428467278544844,0.7845265945833516,0.05588878071992957
reheating,250,550,periodic,5,3,0.7187750845487997,278.2397653506442,215.82289869619984,83.20552046601634,11.11757072821765,0.7631823068457653,0.05506479263344063
reheating,250,550,periodic,5,4,0.6943513914555924,268.7797253149189,208.4815901666683,80.37456422984883,10.73948836190908,0.7372291498600713,0.05257771778061201
reheating,250,550,periodic,5,5,0.6650305922714509,257.414054381103,199.65542019420852,76.9697234332716,10.285068826654102,0.7060386559084577,0.0484969261366234
reheating,250,550,periodic,5,6,0.631495548216797,244.41809800660707,189.56532469046735,73.07773302435791,9.765524844211699,0.6703774497161348,0.04420890644094266
reheating,250,550,periodic,5,7,0.5926994755404824,229.38753633387051,177.89824543417453,68.57801512916176,9.164716193043873,0.6291373909236905,0.03973487667174574
reheating,250,550,periodic,5,8,0.5472003139631257,211.7652781551874,164.22277898049953,63.304398729937134,8.460402678791167,0.580791543301385,0.03509386095388002
reheating,250,550,periodic,5,9,0.493213589052558,190.86282112648502,148.00627605353654,57.05181558696056,7.625110908906874,0.523453580316214,0.030402195867035048
reheating,250,550,periodic,5,10,0.4278640562951332,165.57102155466487,128.39086291039112,49.49003583676769,6.614589814454965,0.4540850319114141,0.02588380620013639
reheating,250,550,periodic,5,11,0.3460810100081699,133.92601557551188,103.85270037106736,40.03148444640342,5.350358332102086,0.3672984243368104,0.021056722247986145
reheating,250,550,periodic,5,12,0.24007525941752256,92.91505741492531,72.05658563008959,27.776243583240028,3.7120867976174896,0.25483274743809525,0.015633111067841494
reheating,250,550,periodic,5,13,0.09582760172714962,37.1153994350487,28.799212288931884,11.104479248141793,1.4831903475559431,0.10181858169235607,0.009079577451476906
reheating,250,550,periodic,5,14,-0.11357324513328208,-43.878127136184816,-33.98169801341267,-13.090125603560846,-1.7518242457409001,-0.12027082909736382,0.0009217722341642379
reheating,250,550,periodic,5,15,-0.45749969705482724,-176.89698340542753,-137.07984121441916,-52.81971628509776,-7.064424852206372,-0.48500217623273495,0.010722811292309653
reheating,250,550,periodic,5,16,-0.7725272062946575,-299.0265023111778,-231.93138041727758,-89.41239002973515,-11.947670904841976,-0.820174516986656,0.056409116508158094
reheating,250,550,periodic,5,17,-0.757744978845785,-293.3163979799067,-227.51068853000214,-87.70993488370846,-11.71976635309816,-0.8045254397931485,0.05681803393455247
reheating,250,550,periodic,5,18,-0.7388969602826709,-286.0236578596184,-221.85671534211284,-85.53083903007406,-11.428467278544844,-0.7845265945833516,0.05588878071992957
reheating,250,550,periodic,5,19,-0.7187750845487997,-278.2397653506442,-215.82289869619984,-83.20552046601634,-11.11757072821765,-0.7631823068457653,0.05506479263344063
reheating,250,550,periodic,5,20,-0.6943513914555924,-268.7797253149189,-208.4815901666683,-80.37456422984883,-10.73948836190908,-0.7372291498600713,0.05257771778061201
reheating,250,550,periodic,5,21,-0.6650305922714509,-257.414054381103,-199.65542019420852,-76.9697234332716,-10.285068826654102,-0.7060386559084577,0.0484969261366234
reheating,250,550,periodic,5,22,-0.631495548216797,-244.41809800660707,-189.56532469046735,-73.07773302435791,-9.765524844211699,-0.6703774497161348,0.04420890644094266
reheating,250,550,periodic,5,23,-0.5926994755404824,-229.38753633387051,-177.89824543417453,-68.57801512916176,-9.164716193043873,-0.6291373909236905,0.03973487667174574
reheating,250,550,periodic,5,24,-0.5472003139631257,-211.7652781551874,-164.22277898049953,-63.304398729937134,-8.460402678791167,-0.580791543301385,0.03509386095388002
reheating,250,550,periodic,5,25,-0.493213589052558,-190.86282112648502,-148.00627605353654,-57.05181558696056,-7.625110908906874,-0.523453580316214,0.030402195867035048
reheating,250,550,periodic,5,26,-0.4278640562951332,-165.57102155466487,-128.39086291039112,-49.49003583676769,-6.614589814454965,-0.4540850319114141,0.02588380620013639
reheating,250,550,periodic,5,27,-0.3460810100081699,-133.92601557551188,-103.85270037106736,-40.03148444640342,-5.350358332102086,-0.3672984243368104,0.021056722247986145
reheating,250,550,periodic,5,28,-0.24007525941752256,-92.91505741492531,-72.05658563008959,-27.776243583240028,-3.7120867976174896,-0.25483274743809525,0.015633111067841494
reheating,250,550,periodic,5,29,-0.09582760172714962,-37.1153994350487,-28.799212288931884,-11.104479248141793,-1.4831903475559431,-0.10181858169235607,0.009079577451476906
reheating,250,550,periodic,5,30,0.11357324513328208,43.878127136184816,33.98169801341267,13.090125603560846,1.7518242457409001,0.12027082909736382,0.0009217722341642379
reheating,250,550,periodic,5,31,0.45749969705482724,176.89698340542753,137.07984121441916,52.81971628509776,7.064424852206372,0.48500217623273495,0.010722811292309653
reheating,250,550,periodic,20,0,0.9232999042260179,356.93467287358715,276.55839422199927,106.55754801764576,14.253564856214611,0.9785616930332312,0.01540651125450659
reheating,250,550,periodic,20,1,0.9172231669735054,354.6218046968096,274.78823472775304,105.8798494742361,14.161764876566828,0.9722545046707872,0.019240651018326452
reheating,250,550,periodic,20,2,0.910818683324934,352.18418536054855,272.92259254521764,105.16559501254815,14.065013314208173,0.9656071138274571,0.023280873757015586
reheating,250,550,periodic,20,3,0.9040536540400019,349.60932654871215,270.95190722939145,104.41112399758451,13.962814442008927,0.9585854610827484,0.02754743867129979
reheating,250,550,periodic,20,4,0.8953423147409211,346.28805067182907,268.4067887347462,103.43613592657209,13.83091719174454,0.9495234807164747,0.032486627341406976
reheating,250,550,periodic,20,5,0.8852523814470266,342.4387098203775,265.45562993514744,102.30534072976148,13.67801740493984,0.9390185769723016,0.03796454748730777
reheating,250,550,periodic,20,6,0.8744122689790563,338.30306671069053,262.28491414727506,101.09040692981127,13.513744080266829,0.9277322603433796,0.043839413989430503
reheating,250,550,periodic,20,7,0.8603739259566154,332.9369285115186,258.16484054247906,99.51055546835195,13.300451664741747,0.9130787213674205,0.050394951749246
reheating,250,550,periodic,20,8,0.8445474231645773,326.8828886146954,253.5141199865045,97.7267537965935,13.059758717018038,0.8965428901883321,0.05734699344523144
reheating,250,550,periodic,20,9,0.8257101031769407,319.6630658676306,247.95965392033654,95.59472879131631,12.77251904137078,0.8768102863101209,0.06417034562935618
reheating,250,550,periodic,20,10,0.8012184443389438,310.26540841927374,240.72333618843416,92.81588887764099,12.398475535642564,0.8511156160656417,0.07190941155800332
reheating,250,550,periodic,20,11,0.7660838672525853,296.7552796715989,230.30273841707958,88.81070399132142,11.860291490670466,0.8141496526854335,0.0798652848912128
reheating,250,550,periodic,20,12,0.7130796788057243,276.33070945833833,214.52174315395564,82.73968902033471,11.045940110562357,0.7582227210543552,0.0869972438113133
reheating,250,550,periodic,20,13,0.6235433802479875,241.71792887591306,187.70616807206537,72.40861508737245,9.663891217426102,0.6633340186878153,0.08606269730634361
reheating,250,550,periodic,20,14,0.4604386037834088,178.56425256398444,138.7097923833036,53.51717149890794,7.140203635396252,0.49009499732916423,0.071792725087437
reheating,250,550,periodic,20,15,0.1297645403175335,50.63542951915822,39.52714397806879,15.289470281829956,2.0298853348181933,0.13927413393843915,0.05516991649668775
reheating,250,550,periodic,20,16,-0.9232999042260179,-356.93467287358715,-276.55839422199927,-106.55754801764576,-14.253564856214611,-0.9785616930332312,0.01540651125450659
reheating,250,550,periodic,20,17,-0.9172231669735054,-354.6218046968096,-274.78823472775304,-105.8798494742361,-14.161764876566828,-0.9722545046707872,0.019240651018326452
reheating,250,550,periodic,20,18,-0.910818683324934,-352.18418536054855,-272.92259254521764,-105.16559501254815,-14.065013314208173,-0.9656071138274571,0.023280873757015586
reheating,250,550,periodic,20,19,-0.9040536540400019,-349.60932654871215,-270.95190722939145,-104.41112399758451,-13.962814442008927,-0.9585854610827484,0.02754743867129979
reheating,250,550,periodic,20,20,-0.8953423147409211,-346.28805067182907,-268.4067887347462,-103.43613592657209,-13.83091719174454,-0.9495234807164747,0.032486627341406976
reheating,250,550,periodic,20,21,-0.8852523814470266,-342.4387098203775,-265.45562993514744,-102.30534072976148,-13.67801740493984,-0.9390185769723016,0.03796454748730777
reheating,250,550,periodic,20,22,-0.8744122689790563,-338.30306671069053,-262.28491414727506,-101.09040692981127,-13.513744080266829,-0.9277322603433796,0.043839413989430503
reheating,250,550,periodic,20,23,-0.8603739259566154,-332.9369285115186,-258.16484054247906,-99.51055546835195,-13.300451664741747,-0.9130787213674205,0.050394951749246
reheating,250,550,periodic,20,24,-0.8445474231645773,-326.8828886146954,-253.5141199865045,-97.7267537965935,-13.059758717018038,-0.8965428901883321,0.05734699344523144
reheating,250,550,periodic,20,25,-0.8257101031769407,-319.6630658676306,-247.95965392033654,-95.59472879131631,-12.77251904137078,-0.8768102863101209,0.06417034562935618
reheating,250,550,periodic,20,26,-0.8012184443389438,-310.26540841927374,-240.72333618843416,-92.81588887764099,-12.398475535642564,-0.8511156160656417,0.07190941155800332
reheating,250,550,periodic,20,27,-0.7660838672525853,-296.7552796715989,-230.30273841707958,-88.81070399132142,-11.860291490670466,-0.8141496526854335,0.0798652848912128
reheating,250,550,periodic,20,28,-0.7130796788057243,-276.33070945833833,-214.52174315395564,-82.73968902033471,-11.045940110562357,-0.7582227210543552,0.0869972438113133
reheating,250,550,periodic,20,29,-0.6235433802479875,-241.71792887591306,-187.70616807206537,-72.40861508737245,-9.663891217426102,-0.6633340186878153,0.08606269730634361
reheating,250,550,periodic,20,30,-0.4604386037834088,-178.56425256398444,-138.7097923833036,-53.51717149890794,-7.140203635396252,-0.49009499732916423,0.071792725087437
reheating,250,550,periodic,20,31,-0.1297645403175335,-50.63542951915822,-39.52714397806879,-15.289470281829956,-2.0298853348181933,-0.13927413393843915,0.05516991649668775
reheating,250,550,periodic,100,0,0.9440388877135153,364.8036193838159,282.56765861991465,108.85573171007145,14.565603685434036,0.9999999999999757,2.842170943040401e-15
reheating,250,550,periodic,100,1,0.9440388877135153,364.8036193838159,282.56765861991465,108.85573171007145,14.565603685434036,0.9999999999999757,2.842170943040401e-15
reheating,250,550,periodic,100,2,0.9440388877135153,364.8036193838159,282.56765861991465,108.85573171007145,14.565603685434036,0.9999999999999757,2.842170943040401e-15
reheating,250,550,periodic,100,3,0.9440388877135153,364.8036193838159,282.56765861991465,108.85573171007145,14.565603685434036,0.9999999999999757,2.842170943040401e-15
reheating,250,550,periodic,100,4,0.9440388877135153,364.8036193838159,282.56765861991465,108.85573171007145,14.565603685434036,0.9999999999999757,2.842170943040401e-15
reheating,250,550,periodic,100,5,0.9440388877135153,364.8036193838159,282.56765861991465,108.85573171007145,14.565603685434036,0.9999999999999757,2.842170943040401e-15
reheating,250,550,periodic,100,6,0.9440388877135153,364.8036193838159,282.56765861991465,108.85573171007145,14.565603685434036,0.9999999999999757,2.842170943040401e-15
reheating,250,550,periodic,100,7,0.9440388877135153,364.803619383816,282.56765861991465,108.85573171007145,14.565603685434038,0.9999999999999757,2.291706866638796e-14
reheating,250,550,periodic,100,8,0.9440388877135151,364.8036193838159,282.56765861991465,108.85573171007145,14.565603685434034,0.9999999999999757,2.864289338439558e-15
reheating,250,550,periodic,100,9,0.9440388877135153,364.8036193838159,282.56765861991465,108.85573171007141,14.565603685434036,0.9999999999999757,5.684341886080802e-15
reheating,250,550,periodic,100,10,0.9440388877135151,364.8036193838159,282.5676586199147,108.85573171007144,14.565603685434036,0.9999999999999757,1.1368683772161604e-14
reheating,250,550,periodic,100,11,0.944038887713514,364.80361938381566,282.5676586199143,108.85573171007131,14.56560368543402,0.9999999999999747,2.5579538487363607e-14
reheating,250,550,periodic,100,12,0.9376037481589462,362.3659846587483,280.7082539294066,108.14500902855615,14.468985388885315,0.9933621354260002,0.005153288819077785
reheating,250,550,periodic,100,13,0.917223166973485,354.6218046968017,274.7882347277468,105.87984947423368,14.161764876566508,0.9722545046707654,0.019240651018302454
reheating,250,550,periodic,100,14,0.8744122689790362,338.30306671068274,262.28491414726886,101.09040692980885,13.513744080266514,0.927732260343358,0.04383941398940388
reheating,250,550,periodic,100,15,0.7612687628699532,294.9313152418613,228.91143561805987,88.2789045066977,11.787996681955093,0.8091828589538536,0.08372115712278796
reheating,250,550,periodic,100,16,-0.944038887713514,-364.80361938381566,-282.5676586199143,-108.85573171007131,-14.56560368543402,-0.9999999999999747,2.5579538487363607e-14
reheating,250,550,periodic,100,17,-0.944038887713514,-364.80361938381566,-282.5676586199143,-108.85573171007131,-14.56560368543402,-0.9999999999999747,2.5579538487363607e-14
reheating,250,550,periodic,100,18,-0.944038887713514,-364.80361938381566,-282.5676586199143,-108.85573171007131,-14.56560368543402,-0.9999999999999747,2.5579538487363607e-14
reheating,250,550,periodic,100,19,-0.944038887713514,-364.80361938381566,-282.5676586199143,-108.85573171007131,-14.565603685434024,-0.9999999999999747,2.5589405233530878e-14
reheating,250,550,periodic,100,20,-0.944038887713514,-364.80361938381566,-282.56765861991437,-108.85573171007131,-14.56560368543402,-0.9999999999999748,2.6051349561582045e-14
reheating,250,550,periodic,100,21,-0.944038887713514,-364.80361938381566,-282.56765861991437,-108.85573171007132,-14.565603685434024,-0.9999999999999748,2.5582005530672365e-14
reheating,250,550,periodic,100,22,-0.9440388877135153,-364.8036193838159,-282.56765861991465,-108.85573171007145,-14.565603685434036,-0.9999999999999757,2.842170943040401e-15
reheating,250,550,periodic,100,23,-0.9440388877135153,-364.8036193838159,-282.56765861991465,-108.85573171007145,-14.565603685434036,-0.9999999999999757,2.842170943040401e-15
reheating,250,550,periodic,100,24,-0.9440388877135153,-364.8036193838159,-282.56765861991465,-108.85573171007145,-14.565603685434036,-0.9999999999999757,2.842170943040401e-15
reheating,250,550,periodic,100,25,-0.9440388877135153,-364.8036193838159,-282.56765861991465,-108.85573171007145,-14.565603685434036,-0.9999999999999757,2.842170943040401e-15
reheating,250,550,periodic,100,26,-0.9440388877135153,-364.8036193838159,-282.56765861991465,-108.85573171007145,-14.565603685434036,-0.9999999999999757,2.842170943040401e-15
reheating,250,550,periodic,100,27,-0.9440388877135153,-364.8036193838159,-282.56765861991465,-108.85573171007145,-14.565603685434036,-0.9999999999999757,2.842170943040401e-15
reheating,250,550,periodic,100,28,-0.9376037481589472,-362.36598465874863,-280.70825392940696,-108.14500902855627,-14.468985388885331,-0.9933621354260013,0.005153288819084896
reheating,250,550,periodic,100,29,-0.9172231669734862,-354.6218046968021,-274.7882347277471,-105.8798494742338,-14.161764876566522,-0.9722545046707666,0.01924065101830694
reheating,250,550,periodic,100,30,-0.8744122689790373,-338.30306671068297,-262.2849141472692,-101.09040692980898,-13.513744080266527,-0.9277322603433588,0.04383941398942923
reheating,250,550,periodic,100,31,-0.761268762869954,-294.9313152418616,-228.91143561806015,-88.27890450669781,-11.78799668195511,-0.8091828589538546,0.08372115712279637
reheating,250,550,poisson,5,0,-0.8508897311191749,-329.2575373363198,-255.30915623549419,-98.40969073171884,-13.153486478853731,-0.9029841543938997,0.04940265109159821
reheating,250,550,poisson,5,1,0.7747689644867436,299.8678670714846,232.5655834058855,89.65290665864899,11.980741364424677,0.8224537573014317,0.053233168693683254
reheating,250,550,poisson,5,2,0.32572821872861574,125.98028367379753,97.64985490283892,37.63243453300675,5.031888259049603,0.3454432732459391,0.012387409778185199
reheating,250,550,poisson,5,3,0.7617916330487242,294.77382570142834,228.56364622794052,88.09891750386481,11.775654295061951,0.8084028206167575,0.0430215342435651
reheating,250,550,poisson,5,4,-0.5441515999364136,-210.80625297258223,-163.61593316042456,-63.09812803332187,-8.425711818021394,-0.5783723468626606,0.05958713181223402
reheating,250,550,poisson,5,5,-0.33529299135938284,-130.2354617892741,-101.29073707459293,-39.104489605765174,-5.210851299432875,-0.3576392553074602,0.07448209842541088
reheating,250,550,poisson,5,6,0.8814919065485427,340.6241092434839,263.83192187886516,101.63649475454693,13.59997122969354,0.93370840338024,0.0012548485323013402
reheating,250,550,poisson,5,7,-0.7124794263834484,-276.1197899486609,-214.37031300449036,-82.6836277727687,-11.037802465361228,-0.757662892783603,0.0891351258484182
reheating,250,550,poisson,5,8,-0.043962984631618796,-17.39235395810575,-13.717209101970923,-5.333366818372233,-0.7007766373162936,-0.04805417809881554,0.044158530678921414
reheating,250,550,poisson,5,9,0.8547930834236025,330.7721761237269,256.48495773547126,98.86301666642716,13.213993079607205,0.907140011991022,0.049855859627607066
reheating,250,550,poisson,5,10,-0.41720996432202095,-161.306487051604,-124.9911292184538,-48.160135589560156,-6.441614579228987,-0.44224590950565146,0.008435888201368504
reheating,250,550,poisson,5,11,0.8315918024797453,321.8683185308522,249.6276054567252,96.22939072600178,12.859557389499441,0.8827934868796773,0.05695490041044314
reheating,250,550,poisson,5,12,0.8938575647835943,345.6766225148763,267.9131958885092,103.24236614463916,13.806073592863637,0.9478168137767531,0.028924656944182243
reheating,250,550,poisson,5,13,0.2518981567941778,97.60807278191726,75.76401702933464,29.21848961235501,3.901239005303838,0.26780847280008935,0.028603827091176724
reheating,250,550,poisson,5,14,-0.4320006609572388,-167.1263043457896,-129.5680765578293,-49.937909549439006,-6.6759424404152865,-0.4583059815636778,0.020929194684735267
reheating,250,550,poisson,5,15,0.8022335698157557,310.5603451680437,240.8951707988084,92.87113137769985,12.408864885212928,0.8518370490601113,0.061758757704314146
reheating,250,550,poisson,5,16,-0.8292619497997957,-321.0233081312154,-249.00554217437946,-95.99607181029178,-12.826622779499765,-0.8805270731976,0.06277871970354303
reheating,250,550,poisson,5,17,0.34681203777271297,134.4876324321638,104.46181605068293,40.30144133137025,5.377413968119161,0.36910641804775696,0.05242192730451785
reheating,250,550,poisson,5,18,0.2569978097135065,99.35979067265485,76.98990611268765,29.66490797595891,3.967859559911588,0.2724086990743765,0.005079269454484035
reheating,250,550,poisson,5,19,-0.9017045449703698,-348.5628465996284,-270.06314147383637,-104.05393830037795,-13.919193192157163,-0.9555967970561895,0.013559550012459709
reheating,250,550,poisson,5,20,-0.14057212624575763,-54.07846853448001,-41.731906425863045,-16.044515894203336,-2.154923834135606,-0.14799922560854928,0.02814166384706148
reheating,250,550,poisson,5,21,0.8903346097067466,344.3776059396441,266.9421213561585,102.87492054408563,13.755032484500717,0.9443098596421062,0.035206353474390044
reheating,250,550,poisson,5,22,0.9344051896522079,361.1272259251817,279.7482578970627,107.77523632483373,14.41954761711171,0.9899657771978293,0.005080038738994694
reheating,250,550,poisson,5,23,0.9116004809437628,352.4460436009849,273.103478852178,105.23122133595979,14.074975854842302,0.9662912767230312,0.01936413808909184
reheating,250,550,poisson,5,24,-0.7788327994584009,-301.2505030338699,-233.51808155229534,-89.99562081338986,-12.032752471691,-0.8260610614515294,0.031873519793440844
reheating,250,550,poisson,5,25,-0.14634110898632144,-56.26205819763651,-43.39504968152704,-16.67954012227439,-2.2413668543568708,-0.15394139890737554,0.033220171246994765
reheating,250,550,poisson,5,26,-0.6793178888277321,-262.92285310879885,-203.91642357707482,-78.6102270779154,-10.504909580707725,-0.721130276209812,0.047441097425144796
reheating,250,550,poisson,5,27,0.8189675184034234,316.91869583258716,245.75560553574883,94.73081677460615,12.661100784118931,0.8691671479813968,0.05015726570729795
reheating,250,550,poisson,5,28,0.917055406347874,354.547370370159,274.7255311183298,105.85478608168111,14.158685696244383,0.9720427374151298,0.018341862446386612
reheating,250,550,poisson,5,29,0.5066399863341798,196.20053018127422,152.22688053818896,58.69431714878203,7.84031782190138,0.5382177182624155,0.04583837666313619
reheating,250,550,poisson,5,30,-0.8378533765922107,-323.9890567654058,-251.0909526889596,-96.75768917261571,-12.939670597660541,-0.8883307751247851,0.024735147092730354
reheating,250,550,poisson,5,31,-0.3703727526695403,-143.580792517847,-111.49665756767195,-43.00965348131767,-5.740214549642129,-0.39401942666795386,0.050878085601035725
reheating,250,550,poisson,20,0,0.908590587027686,351.2967530006191,272.22179324403237,104.89327962043079,14.029311952105672,0.9631539824219475,0.02089899238290161
reheating,250,550,poisson,20,1,-0.9263567871029595,-358.0658657780116,-277.4065439024746,-106.87899563317323,-14.298075979193534,-0.9816194695352155,0.010390908764807567
reheating,250,550,poisson,20,2,0.8454041104921626,327.2119608929708,253.7676664445019,97.82414289298944,13.072858665787056,0.8974428628826713,0.05710346376639565
reheating,250,550,poisson,20,3,-0.9187260654479834,-355.1774508083475,-275.2046839956878,-106.03766719464605,-14.183628990258947,-0.9737562505437859,0.01674894918486321
reheating,250,550,poisson,20,4,-0.8381362097205741,-324.4322922332702,-251.6325883151418,-97.00527493672395,-12.962352150383204,-0.8898509641195623,0.060343004147432
reheating,250,550,poisson,20,5,0.9300389646089314,359.48794907023637,278.5062854369659,107.30214352231798,14.354772588500605,0.9855148810515627,0.010057946477427413
reheating,250,550,poisson,20,6,0.6820019497920372,264.21593478049397,205.0718181594162,79.08575977132375,10.56046029669745,0.7249116868742461,0.07507923417645372
reheating,250,550,poisson,20,7,-0.9440388877135375,-364.80361938382475,-282.56765861992153,-108.85573171007408,-14.56560368543439,-1.0,0.0
reheating,250,550,poisson,20,8,-0.9440388877135375,-364.80361938382475,-282.56765861992153,-108.85573171007408,-14.56560368543439,-1.0,0.0
reheating,250,550,poisson,20,9,0.9264858643208542,358.1445736035711,277.4829201304989,106.91122623948067,14.301554668130603,0.9818588313386888,0.013137886687931718
reheating,250,550,poisson,20,10,0.9440388877135375,364.80361938382475,282.56765861992153,108.85573171007408,14.56560368543439,1.0,0.0
reheating,250,550,poisson,20,11,-0.853929395885511,-330.4168813203638,-256.19849500299443,-98.75064586361752,-13.199570127113597,-0.9061488465588232,0.04785225476970091
reheating,250,550,poisson,20,12,-0.9440388877135375,-364.80361938382475,-282.56765861992153,-108.85573171007408,-14.56560368543439,-1.0,0.0
reheating,250,550,poisson,20,13,-0.8441512235813613,-326.7327925109555,-253.39961950614588,-97.68298651483123,-13.053809302405277,-0.8961341539180115,0.05766276745962232
reheating,250,550,poisson,20,14,0.8628090656532814,333.84469153881173,258.8491231836644,99.77057938702569,13.336249096848785,0.9155381332402001,0.0470212195400807
reheating,250,550,poisson,20,15,0.434092446932634,167.73965193757755,129.91852754746853,50.047230914031516,6.697025478922541,0.4597948833975281,0.001566198450695751
reheating,250,550,poisson,20,16,-0.9075595606267519,-350.94372229524964,-271.9731968337918,-104.80212186064087,-14.015778042376276,-0.9622243663466921,0.025336500790412803
reheating,250,550,poisson,20,17,0.9377503577349339,362.4215204541147,280.7506161083394,108.16120117949545,14.471186610377043,0.9935133636165329,0.00503588320851532
reheating,250,550,poisson,20,18,0.9440388877135375,364.80361938382475,282.56765861992153,108.85573171007408,14.56560368543439,1.0,0.0
reheating,250,550,poisson,20,19,-0.8867575313258154,-343.01293456714296,-265.8958715093147,-102.47402860194278,-13.700826270552447,-0.9405856487118426,0.037147910748507845
reheating,250,550,poisson,20,20,-0.9367758661043906,-362.0518329985888,-280.4683303761372,-108.0532497660608,-14.456527544421434,-0.9925062303485005,0.005765531769974593
reheating,250,550,poisson,20,21,0.8166087663604052,316.17285976365685,245.27307483041412,94.56319222996652,12.63361681889955,0.8672689192238873,0.06720706513931272
reheating,250,550,poisson,20,22,0.8265343338293238,319.98731844163945,248.21378390220687,95.69315538615419,12.785526940462697,0.8777036730335601,0.06469867259180748
reheating,250,550,poisson,20,23,-0.7967600725881198,-308.39974600955367,-239.19719259766637,-92.21254785289491,-12.322062194306234,-0.8458769814071428,0.05740343701901183
reheating,250,550,poisson,20,24,0.9440388877135375,364.80361938382475,282.56765861992153,108.85573171007408,14.56560368543439,1.0,0.0
reheating,250,550,poisson,20,25,0.9425068930525435,364.2232988868736,282.1249956389046,108.68653206113164,14.542602053035933,0.9984197431925913,0.0012268282436571508
reheating,250,550,poisson,20,26,-0.9440388877135375,-364.80361938382475,-282.56765861992153,-108.85573171007408,-14.56560368543439,-1.0,0.0
reheating,250,550,poisson,20,27,-0.792440476668738,-306.91447800594943,-238.15268289647608,-91.83053101073753,-12.26532262177198,-0.8419683844826422,0.07638531075642668
reheating,250,550,poisson,20,28,0.8258945199597496,319.7420213324459,248.02501661352233,95.6206879304576,12.775766322882236,0.8770331681830559,0.06492116907687527
reheating,250,550,poisson,20,29,0.9379889426618936,362.50636992751413,280.8124049655109,108.18428601178428,14.474488326944886,0.9937399266355724,0.004334567675798297
reheating,250,550,poisson,20,30,0.8811090805330626,340.8251809350089,264.20043101713463,101.820988629891,13.613517937523373,0.9345873883663838,0.03701884800051154
reheating,250,550,poisson,20,31,-0.6863821671841974,-265.1691499638526,-205.3471602796857,-79.09766860228709,-10.58614504484687,-0.7268104983454293,0.008358186447121826
reheating,250,550,poisson,100,0,0.9440388877135375,364.80361938382475,282.56765861992153,108.85573171007408,14.56560368543439,1.0,0.0
reheating,250,550,poisson,100,1,-0.9440388877135375,-364.80361938382475,-282.56765861992153,-108.85573171007408,-14.56560368543439,-1.0,0.0
reheating,250,550,poisson,100,2,0.921017716016429,356.06604943961685,275.8935914502911,106.30303097970454,14.219088358128925,0.9761929586728615,0.016846529689359332
reheating,250,550,poisson,100,3,-0.9440388877135375,-364.80361938382475,-282.56765861992153,-108.85573171007408,-14.56560368543439,-1.0,0.0
reheating,250,550,poisson,100,4,-0.9440388877135375,-364.80361938382475,-282.56765861992153,-108.85573171007408,-14.56560368543439,-1.0,0.0
reheating,250,550,poisson,100,5,-0.7127372908211214,-275.06359549043043,-212.82380072460666,-81.93914285636066,-10.976030012386108,-0.7536438359344191,0.042186675005357985
reheating,250,550,poisson,100,6,-0.9440388877135375,-364.80361938382475,-282.56765861992153,-108.85573171007408,-14.56560368543439,-1.0,0.0
reheating,250,550,poisson,100,7,-0.9440388877135375,-364.80361938382475,-282.56765861992153,-108.85573171007408,-14.56560368543439,-1.0,0.0
reheating,250,550,poisson,100,8,-0.7633555378670308,-295.73358833018665,-229.5301760927228,-88.5167084057128,-11.819954615830033,-0.8113779103345811,0.08323696089622663
reheating,250,550,poisson,100,9,-0.2470463177697586,-96.11752252301237,-74.85309566799276,-28.917500486750043,-3.848323491921555,-0.26409853896697194,0.07254274315305852
reheating,250,550,poisson,100,10,0.9440388877135375,364.80361938382475,282.56765861992153,108.85573171007408,14.56560368543439,1.0,0.0
reheating,250,550,poisson,100,11,-0.8727895995749739,-337.6839858655377,-261.8102707745933,-100.90853505495778,-13.489153211886256,-0.9260427570678097,0.04471771648625385
reheating,250,550,poisson,100,12,0.9440388877135375,364.80361938382475,282.56765861992153,108.85573171007408,14.56560368543439,1.0,0.0
reheating,250,550,poisson,100,13,-0.9440388877135375,-364.80361938382475,-282.56765861992153,-108.85573171007408,-14.56560368543439,-1.0,0.0
reheating,250,550,poisson,100,14,-0.9440388877135375,-364.80361938382475,-282.56765861992153,-108.85573171007408,-14.56560368543439,-1.0,0.0
reheating,250,550,poisson,100,15,-0.9440388877135375,-364.80361938382475,-282.56765861992153,-108.85573171007408,-14.56560368543439,-1.0,0.0
reheating,250,550,poisson,100,16,-0.9440388877135375,-364.80361938382475,-282.56765861992153,-108.85573171007408,-14.56560368543439,-1.0,0.0
reheating,250,550,poisson,100,17,-0.9440388877135375,-364.80361938382464,-282.5676586199214,-108.85573171007405,-14.565603685434386,-0.9999999999999994,2.607072219825189e-14
reheating,250,550,poisson,100,18,0.9139159474725448,353.36304046281487,273.8248348537237,105.51101537796217,14.111803271753969,0.9688218540372816,0.02132709361528156
reheating,250,550,poisson,100,19,0.9440388877135375,364.80361938382475,282.56765861992153,108.85573171007408,14.56560368543439,1.0,0.0
reheating,250,550,poisson,100,20,-0.9440388877135375,-364.80361938382475,-282.56765861992153,-108.85573171007408,-14.56560368543439,-1.0,0.0
reheating,250,550,poisson,100,21,0.9440388877135375,364.80361938382475,282.56765861992153,108.85573171007408,14.56560368543439,1.0,0.0
reheating,250,550,poisson,100,22,-0.9440388877135375,-364.80361938382475,-282.56765861992153,-108.85573171007408,-14.56560368543439,-1.0,0.0
reheating,250,550,poisson,100,23,0.9440388877135375,364.80361938382475,282.56765861992153,108.85573171007408,14.56560368543439,1.0,0.0
reheating,250,550,poisson,100,24,-0.9440388877135375,-364.80361938382475,-282.56765861992153,-108.85573171007408,-14.56560368543439,-1.0,0.0
reheating,250,550,poisson,100,25,-0.896688239765906,-346.8015194052373,-268.8004445407502,-103.58697237770531,-13.851312627003214,-0.9509247389642238,0.031755346042589595
reheating,250,550,poisson,100,26,0.719223528208693,278.74141224821784,216.40926342292988,83.47061801426455,11.142657810176587,0.7648620110674227,0.09061551933985076
reheating,250,550,poisson,100,27,0.9440388877135375,364.80361938382475,282.56765861992153,108.85573171007408,14.56560368543439,1.0,0.0
reheating,250,550,poisson,100,28,-0.9440388877135375,-364.80361938382475,-282.56765861992153,-108.85573171007408,-14.56560368543439,-1.0,0.0
reheating,250,550,poisson,100,29,-0.94008541657468,-363.3060421439046,-281.42532087929544,-108.41909446463828,-14.50624558703546,-0.9959219833860128,0.003165957543540438
reheating,250,550,poisson,100,30,0.9440388877134664,364.80361938379724,282.5676586199002,108.85573171006587,14.56560368543329,0.9999999999999245,1.1368683772161604e-14
reheating,250,550,poisson,100,31,-0.9440388877135375,-364.80361938382475,-282.56765861992153,-108.85573171007408,-14.56560368543439,-1.0,0.0
reheating,400,575,steady,,0,0.8612095217946358,332.50605771603574,257.34698459244066,99.09541931237266,13.269951073542913,1.0,0.0
reheating,400,575,absent,,0,0.0,0.0,0.0,0.0,0.0,0.0,0.0
reheating,400,575,shutdown,,0,0.0,0.0,0.0,0.0,0.0,0.0,0.0
reheating,400,575,intermittent,,0,0.8612095217946358,332.50605771603574,257.34698459244066,99.09541931237266,13.269951073542913,1.0,0.0
reheating,400,575,periodic,5,0,0.8612095217946536,332.50605771604256,257.34698459244584,99.09541931237467,13.269951073543185,1.0000000000000204,1.6077746776921856e-14
reheating,400,575,periodic,5,1,0.8612095217946536,332.50605771604256,257.34698459244584,99.09541931237467,13.269951073543185,1.0000000000000204,1.6077746776921856e-14
reheating,400,575,periodic,5,2,0.8612095217946536,332.50605771604256,257.34698459244584,99.09541931237467,13.269951073543185,1.0000000000000204,1.6077746776921856e-14
reheating,400,575,periodic,5,3,0.8612095217946536,332.50605771604256,257.34698459244584,99.09541931237467,13.269951073543185,1.0000000000000204,1.6077746776921856e-14
reheating,400,575,periodic,5,4,0.8612095217946536,332.50605771604256,257.34698459244584,99.09541931237467,13.269951073543185,1.0000000000000204,1.6077746776921856e-14
reheating,400,575,periodic,5,5,0.8612095217946536,332.50605771604256,257.34698459244584,99.09541931237467,13.269951073543185,1.0000000000000204,1.6077746776921856e-14
reheating,400,575,periodic,5,6,0.8612095217946536,332.50605771604256,257.34698459244584,99.09541931237467,13.269951073543185,1.0000000000000204,1.6077746776921856e-14
reheating,400,575,periodic,5,7,0.8612095217946536,332.50605771604256,257.34698459244584,99.09541931237467,13.269951073543185,1.0000000000000204,1.6077746776921856e-14
reheating,400,575,periodic,5,8,0.8612095217946536,332.50605771604256,257.34698459244584,99.09541931237467,13.269951073543185,1.0000000000000204,1.6077746776921856e-14
reheating,400,575,periodic,5,9,0.8612095217946536,332.50605771604256,257.34698459244584,99.09541931237467,13.269951073543185,1.0000000000000204,1.6077746776921856e-14
reheating,400,575,periodic,5,10,0.8612095217946536,332.50605771604256,257.34698459244584,99.09541931237467,13.269951073543185,1.0000000000000204,1.6077746776921856e-14
reheating,400,575,periodic,5,11,0.8612095217946536,332.50605771604256,257.34698459244584,99.09541931237467,13.269951073543185,1.0000000000000204,1.6077746776921856e-14
reheating,400,575,periodic,5,12,0.8518288479570234,328.94671746168297,254.62880307093602,98.05587303408842,13.128806837404046,0.989357182602347,0.00657037071475707
reheating,400,575,periodic,5,13,0.7439180337708391,287.7009182634702,222.96225045202897,85.91355675842969,11.489410336390105,0.8657448583868486,0.052671592061935626
reheating,400,575,periodic,5,14,0.4669620833360866,181.15453170570078,140.74821313599165,54.30744826254611,7.244145799017652,0.5457319507377678,0.09761907320763055
reheating,400,575,periodic,5,15,-0.09849447820117099,-37.204693705789765,-28.266931456652465,-10.775577268247435,-1.4703312216915057,-0.11099743953206609,0.09534469925447156
reheating,400,575,periodic,5,16,-0.8612095217946536,-332.50605771604256,-257.34698459244584,-99.09541931237467,-13.269951073543185,-1.0000000000000204,1.6077746776921856e-14
reheating,400,575,periodic,5,17,-0.8612095217946536,-332.50605771604256,-257.34698459244584,-99.09541931237467,-13.269951073543185,-1.0000000000000204,1.6077746776921856e-14
reheating,400,575,periodic,5,18,-0.8612095217946536,-332.50605771604256,-257.34698459244584,-99.09541931237467,-13.269951073543185,-1.0000000000000204,1.6077746776921856e-14
reheating,400,575,periodic,5,19,-0.8612095217946536,-332.50605771604256,-257.34698459244584,-99.09541931237467,-13.269951073543185,-1.0000000000000204,1.6077746776921856e-14
reheating,400,575,periodic,5,20,-0.8612095217946536,-332.50605771604256,-257.34698459244584,-99.09541931237467,-13.269951073543185,-1.0000000000000204,1.6077746776921856e-14
reheating,400,575,periodic,5,21,-0.8612095217946536,-332.50605771604256,-257.34698459244584,-99.09541931237467,-13.269951073543185,-1.0000000000000204,1.6077746776921856e-14
reheating,400,575,periodic,5,22,-0.8612095217946536,-332.50605771604256,-257.34698459244584,-99.09541931237467,-13.269951073543185,-1.0000000000000204,1.6077746776921856e-14
reheating,400,575,periodic,5,23,-0.8612095217946536,-332.50605771604256,-257.34698459244584,-99.09541931237467,-13.269951073543185,-1.0000000000000204,1.6077746776921856e-14
reheating,400,575,periodic,5,24,-0.8612095217946536,-332.50605771604256,-257.34698459244584,-99.09541931237467,-13.269951073543185,-1.0000000000000204,1.6077746776921856e-14
reheating,400,575,periodic,5,25,-0.8612095217946536,-332.50605771604256,-257.34698459244584,-99.09541931237467,-13.269951073543185,-1.0000000000000204,1.6077746776921856e-14
reheating,400,575,periodic,5,26,-0.8612095217946536,-332.50605771604256,-257.34698459244584,-99.09541931237467,-13.269951073543185,-1.0000000000000204,1.6077746776921856e-14
reheating,400,575,periodic,5,27,-0.8612095217946536,-332.50605771604256,-257.34698459244584,-99.09541931237467,-13.269951073543185,-1.0000000000000204,1.6077746776921856e-14
reheating,400,575,periodic,5,28,-0.8518288479570234,-328.94671746168297,-254.62880307093602,-98.05587303408842,-13.128806837404046,-0.989357182602347,0.00657037071475707
reheating,400,575,periodic,5,29,-0.7439180337708391,-287.7009182634702,-222.96225045202897,-85.91355675842969,-11.489410336390105,-0.8657448583868486,0.052671592061935626
reheating,400,575,periodic,5,30,-0.4669620833360866,-181.15453170570078,-140.74821313599165,-54.30744826254611,-7.244145799017652,-0.5457319507377678,0.09761907320763055
reheating,400,575,periodic,5,31,0.09849447820117099,37.204693705789765,28.266931456652465,10.775577268247435,1.4703312216915057,0.11099743953206609,0.09534469925447156
reheating,400,575,periodic,20,0,0.8612095217946536,332.50605771604256,257.34698459244584,99.09541931237467,13.269951073543185,1.0000000000000204,1.6077746776921856e-14
reheating,400,575,periodic,20,1,0.8612095217946536,332.50605771604256,257.34698459244584,99.09541931237467,13.269951073543185,1.0000000000000204,1.6077746776921856e-14
reheating,400,575,periodic,20,2,0.8612095217946536,332.50605771604256,257.34698459244584,99.09541931237467,13.269951073543185,1.0000000000000204,1.6077746776921856e-14
reheating,400,575,periodic,20,3,0.8612095217946536,332.50605771604256,257.34698459244584,99.09541931237467,13.269951073543185,1.0000000000000204,1.6077746776921856e-14
reheating,400,575,periodic,20,4,0.8612095217946536,332.50605771604256,257.34698459244584,99.09541931237467,13.269951073543185,1.0000000000000204,1.6077746776921856e-14
reheating,400,575,periodic,20,5,0.8612095217946536,332.50605771604256,257.34698459244584,99.09541931237467,13.269951073543185,1.0000000000000204,1.6077746776921856e-14
reheating,400,575,periodic,20,6,0.8612095217946536,332.50605771604256,257.34698459244584,99.09541931237467,13.269951073543185,1.0000000000000204,1.6077746776921856e-14
reheating,400,575,periodic,20,7,0.8612095217946536,332.50605771604256,257.34698459244584,99.09541931237467,13.269951073543185,1.0000000000000204,1.6077746776921856e-14
reheating,400,575,periodic,20,8,0.8612095217946536,332.50605771604256,257.34698459244584,99.09541931237467,13.269951073543185,1.0000000000000204,1.6077746776921856e-14
reheating,400,575,periodic,20,9,0.8612095217946536,332.50605771604256,257.34698459244584,99.09541931237467,13.269951073543185,1.0000000000000204,1.6077746776921856e-14
reheating,400,575,periodic,20,10,0.8612095217946536,332.50605771604256,257.34698459244584,99.09541931237467,13.269951073543185,1.0000000000000204,1.6077746776921856e-14
reheating,400,575,periodic,20,11,0.8612095217946536,332.50605771604256,257.34698459244584,99.09541931237467,13.269951073543185,1.0000000000000204,1.6077746776921856e-14
reheating,400,575,periodic,20,12,0.8612095217946536,332.50605771604256,257.34698459244584,99.09541931237467,13.269951073543185,1.0000000000000204,1.6077746776921856e-14
reheating,400,575,periodic,20,13,0.8612095217946536,332.50605771604256,257.34698459244584,99.09541931237467,13.269951073543185,1.0000000000000204,1.6077746776921856e-14
reheating,400,575,periodic,20,14,0.8612095217946536,332.50605771604256,257.34698459244584,99.09541931237467,13.269951073543185,1.0000000000000204,1.6077746776921856e-14
reheating,400,575,periodic,20,15,0.8518288479570234,328.94671746168297,254.62880307093602,98.05587303408842,13.128806837404046,0.989357182602347,0.00657037071475707
reheating,400,575,periodic,20,16,-0.8612095217946536,-332.50605771604256,-257.34698459244584,-99.09541931237467,-13.269951073543185,-1.0000000000000204,1.6077746776921856e-14
reheating,400,575,periodic,20,17,-0.8612095217946536,-332.50605771604256,-257.34698459244584,-99.09541931237467,-13.269951073543185,-1.0000000000000204,1.6077746776921856e-14
reheating,400,575,periodic,20,18,-0.8612095217946536,-332.50605771604256,-257.34698459244584,-99.09541931237467,-13.269951073543185,-1.0000000000000204,1.6077746776921856e-14
reheating,400,575,periodic,20,19,-0.8612095217946536,-332.50605771604256,-257.34698459244584,-99.09541931237467,-13.269951073543185,-1.0000000000000204,1.6077746776921856e-14
reheating,400,575,periodic,20,20,-0.8612095217946536,-332.50605771604256,-257.34698459244584,-99.09541931237467,-13.269951073543185,-1.0000000000000204,1.6077746776921856e-14
reheating,400,575,periodic,20,21,-0.8612095217946536,-332.50605771604256,-257.34698459244584,-99.09541931237467,-13.269951073543185,-1.0000000000000204,1.6077746776921856e-14
reheating,400,575,periodic,20,22,-0.8612095217946536,-332.50605771604256,-257.34698459244584,-99.09541931237467,-13.269951073543185,-1.0000000000000204,1.6077746776921856e-14
reheating,400,575,periodic,20,23,-0.8612095217946536,-332.50605771604256,-257.34698459244584,-99.09541931237467,-13.269951073543185,-1.0000000000000204,1.6077746776921856e-14
reheating,400,575,periodic,20,24,-0.8612095217946536,-332.50605771604256,-257.34698459244584,-99.09541931237467,-13.269951073543185,-1.0000000000000204,1.6077746776921856e-14
reheating,400,575,periodic,20,25,-0.8612095217946536,-332.50605771604256,-257.34698459244584,-99.09541931237467,-13.269951073543185,-1.0000000000000204,1.6077746776921856e-14
reheating,400,575,periodic,20,26,-0.8612095217946536,-332.50605771604256,-257.34698459244584,-99.09541931237467,-13.269951073543185,-1.0000000000000204,1.6077746776921856e-14
reheating,400,575,periodic,20,27,-0.8612095217946536,-332.50605771604256,-257.34698459244584,-99.09541931237467,-13.269951073543185,-1.0000000000000204,1.6077746776921856e-14
reheating,400,575,periodic,20,28,-0.8612095217946536,-332.50605771604256,-257.34698459244584,-99.09541931237467,-13.269951073543185,-1.0000000000000204,1.6077746776921856e-14
reheating,400,575,periodic,20,29,-0.8612095217946536,-332.50605771604256,-257.34698459244584,-99.09541931237467,-13.269951073543185,-1.0000000000000204,1.6077746776921856e-14
reheating,400,575,periodic,20,30,-0.8612095217946536,-332.50605771604256,-257.34698459244584,-99.09541931237467,-13.269951073543185,-1.0000000000000204,1.6077746776921856e-14
reheating,400,575,periodic,20,31,-0.8518288479570234,-328.94671746168297,-254.62880307093602,-98.05587303408842,-13.128806837404046,-0.989357182602347,0.00657037071475707
reheating,400,575,periodic,100,0,0.8612095217946004,332.5060577160219,257.34698459243,99.09541931236853,13.269951073542362,0.9999999999999586,1.6330893877467935e-14
reheating,400,575,periodic,100,1,0.8612095217946004,332.5060577160219,257.34698459243,99.09541931236853,13.269951073542362,0.9999999999999586,1.6330893877467935e-14
reheating,400,575,periodic,100,2,0.8612095217946004,332.5060577160219,257.34698459243,99.09541931236853,13.269951073542362,0.9999999999999586,1.6330893877467935e-14
reheating,400,575,periodic,100,3,0.8612095217946004,332.5060577160219,257.34698459243,99.09541931236853,13.269951073542362,0.9999999999999586,1.6330893877467935e-14
reheating,400,575,periodic,100,4,0.8612095217946004,332.5060577160219,257.34698459243,99.09541931236853,13.269951073542362,0.9999999999999586,1.6330893877467935e-14
reheating,400,575,periodic,100,5,0.8612095217946004,332.5060577160219,257.34698459243,99.09541931236853,13.269951073542362,0.9999999999999586,1.6330893877467935e-14
reheating,400,575,periodic,100,6,0.8612095217946004,332.5060577160219,257.34698459243,99.09541931236853,13.269951073542362,0.9999999999999586,1.6330893877467935e-14
reheating,400,575,periodic,100,7,0.8612095217946004,332.5060577160219,257.34698459243,99.09541931236853,13.269951073542362,0.9999999999999586,1.6330893877467935e-14
reheating,400,575,periodic,100,8,0.8612095217946004,332.5060577160219,257.34698459243,99.09541931236853,13.269951073542362,0.9999999999999586,1.6330893877467935e-14
reheating,400,575,periodic,100,9,0.8612095217946004,332.5060577160219,257.34698459243,99.09541931236853,13.269951073542362,0.9999999999999586,1.6330893877467935e-14
reheating,400,575,periodic,100,10,0.8612095217946004,332.5060577160219,257.34698459243,99.09541931236853,13.269951073542362,0.9999999999999586,1.6330893877467935e-14
reheating,400,575,periodic,100,11,0.8612095217945968,332.50605771602056,257.34698459242884,99.09541931236814,13.269951073542307,0.9999999999999544,1.1368683772161604e-14
reheating,400,575,periodic,100,12,0.8612095217945968,332.50605771602056,257.34698459242884,99.09541931236814,13.269951073542307,0.9999999999999544,1.1368683772161604e-14
reheating,400,575,periodic,100,13,0.8612095217945968,332.50605771602056,257.34698459242884,99.09541931236814,13.269951073542307,0.9999999999999544,1.1368683772161604e-14
reheating,400,575,periodic,100,14,0.8612095217945968,332.50605771602056,257.34698459242884,99.09541931236814,13.269951073542307,0.9999999999999544,1.1368683772161604e-14
reheating,400,575,periodic,100,15,0.8612095217945968,332.50605771602056,257.34698459242884,99.09541931236814,13.269951073542307,0.9999999999999544,1.1368683772161604e-14
reheating,400,575,periodic,100,16,-0.8612095217945968,-332.50605771602056,-257.34698459242884,-99.09541931236814,-13.269951073542307,-0.9999999999999544,1.1368683772161604e-14
reheating,400,575,periodic,100,17,-0.8612095217945968,-332.50605771602056,-257.34698459242884,-99.09541931236814,-13.269951073542307,-0.9999999999999544,1.1368683772161604e-14
reheating,400,575,periodic,100,18,-0.8612095217945968,-332.50605771602056,-257.34698459242884,-99.09541931236814,-13.269951073542307,-0.9999999999999544,1.1368683772161604e-14
reheating,400,575,periodic,100,19,-0.8612095217945968,-332.50605771602056,-257.34698459242884,-99.09541931236814,-13.269951073542307,-0.9999999999999544,1.1368683772161604e-14
reheating,400,575,periodic,100,20,-0.8612095217945968,-332.50605771602056,-257.34698459242884,-99.09541931236814,-13.269951073542307,-0.9999999999999544,1.1368683772161604e-14
reheating,400,575,periodic,100,21,-0.8612095217945968,-332.50605771602056,-257.34698459242884,-99.09541931236814,-13.269951073542307,-0.9999999999999544,1.1368683772161604e-14
reheating,400,575,periodic,100,22,-0.8612095217946004,-332.5060577160219,-257.34698459243,-99.09541931236853,-13.269951073542362,-0.9999999999999586,1.6330893877467935e-14
reheating,400,575,periodic,100,23,-0.8612095217946004,-332.5060577160219,-257.34698459243,-99.09541931236853,-13.269951073542362,-0.9999999999999586,1.6330893877467935e-14
reheating,400,575,periodic,100,24,-0.8612095217946004,-332.5060577160219,-257.34698459243,-99.09541931236853,-13.269951073542362,-0.9999999999999586,1.6330893877467935e-14
reheating,400,575,periodic,100,25,-0.8612095217946004,-332.5060577160219,-257.34698459243,-99.09541931236853,-13.269951073542362,-0.9999999999999586,1.6330893877467935e-14
reheating,400,575,periodic,100,26,-0.8612095217946004,-332.5060577160219,-257.34698459243,-99.09541931236853,-13.269951073542362,-0.9999999999999586,1.6330893877467935e-14
reheating,400,575,periodic,100,27,-0.8612095217946004,-332.5060577160219,-257.34698459243,-99.09541931236853,-13.269951073542362,-0.9999999999999586,1.6330893877467935e-14
reheating,400,575,periodic,100,28,-0.8612095217946004,-332.5060577160219,-257.34698459243,-99.09541931236853,-13.269951073542362,-0.9999999999999586,1.6330893877467935e-14
reheating,400,575,periodic,100,29,-0.8612095217946004,-332.5060577160219,-257.34698459243,-99.09541931236853,-13.269951073542362,-0.9999999999999586,1.6330893877467935e-14
reheating,400,575,periodic,100,30,-0.8612095217946004,-332.5060577160219,-257.34698459243,-99.09541931236853,-13.269951073542362,-0.9999999999999586,1.6330893877467935e-14
reheating,400,575,periodic,100,31,-0.8612095217946004,-332.5060577160219,-257.34698459243,-99.09541931236853,-13.269951073542362,-0.9999999999999586,1.6330893877467935e-14
reheating,400,575,poisson,5,0,-0.8612095217946358,-332.50605771603574,-257.34698459244066,-99.09541931237266,-13.269951073542913,-1.0,0.0
reheating,400,575,poisson,5,1,0.8612095217946358,332.50605771603574,257.34698459244066,99.09541931237266,13.269951073542913,1.0,0.0
reheating,400,575,poisson,5,2,-0.009627648850461384,-4.5971713409543336,-4.120553039179068,-1.7025883900681438,-0.19882254679074818,-0.014778354131839323,0.10153944378125657
reheating,400,575,poisson,5,3,0.8612095217946358,332.50605771603574,257.34698459244066,99.09541931237266,13.269951073542913,1.0,0.0
reheating,400,575,poisson,5,4,-0.8612095217946358,-332.50605771603574,-257.34698459244066,-99.09541931237266,-13.269951073542913,-1.0,0.0
reheating,400,575,poisson,5,5,-0.8612095217946358,-332.50605771603574,-257.34698459244066,-99.09541931237266,-13.269951073542913,-1.0,0.0
reheating,400,575,poisson,5,6,0.8612095217946358,332.50605771603574,257.34698459244066,99.09541931237266,13.269951073542913,1.0,0.0
reheating,400,575,poisson,5,7,-0.8612095217946358,-332.50605771603574,-257.34698459244066,-99.09541931237266,-13.269951073542913,-1.0,0.0
reheating,400,575,poisson,5,8,-0.7291858829216499,-281.49981368986437,-217.8319252560958,-83.86953191149694,-11.23281885314789,-0.8465347442748582,0.007102165057052639
reheating,400,575,poisson,5,9,0.8612095217946358,332.50605771603574,257.34698459244066,99.09541931237266,13.269951073542913,1.0,0.0
reheating,400,575,poisson,5,10,-0.8148199927294772,-314.84004528535,-243.82065517749393,-93.91583697269027,-12.56863641443524,-0.9471174771822103,0.02632643554756851
reheating,400,575,poisson,5,11,0.8612095217946358,332.50605771603574,257.34698459244066,99.09541931237266,13.269951073542913,1.0,0.0
reheating,400,575,poisson,5,12,0.8612095217946358,332.50605771603574,257.34698459244066,99.09541931237266,13.269951073542913,1.0,0.0
reheating,400,575,poisson,5,13,0.8539014171057767,329.73383043123476,255.23027894408227,98.28597092701209,13.160027378022354,0.9917113691540599,0.005184473789618883
reheating,400,575,poisson,5,14,-0.8612095217946358,-332.50605771603574,-257.34698459244066,-99.09541931237266,-13.269951073542913,-1.0,0.0
reheating,400,575,poisson,5,15,0.8612095217946358,332.50605771603574,257.34698459244066,99.09541931237266,13.269951073542913,1.0,0.0
reheating,400,575,poisson,5,16,-0.8612095217946358,-332.50605771603574,-257.34698459244066,-99.09541931237266,-13.269951073542913,-1.0,0.0
reheating,400,575,poisson,5,17,0.8612095217946358,332.50605771603574,257.34698459244066,99.09541931237266,13.269951073542913,1.0,0.0
reheating,400,575,poisson,5,18,0.8494298975608545,328.03565100723773,253.93260675984482,97.78953916752812,13.09266971091066,0.9866322605435265,0.008174369003574464
reheating,400,575,poisson,5,19,-0.8612095217946358,-332.50605771603574,-257.34698459244066,-99.09541931237266,-13.269951073542913,-1.0,0.0
reheating,400,575,poisson,5,20,0.5711381246949402,221.3060320754458,171.7767011130308,66.24539268210779,8.845187204878545,0.6664059770143237,0.08906216862150859
reheating,400,575,poisson,5,21,0.8612095217946358,332.50605771603574,257.34698459244066,99.09541931237266,13.269951073542913,1.0,0.0
reheating,400,575,poisson,5,22,0.8612095217946358,332.50605771603574,257.34698459244066,99.09541931237266,13.269951073542913,1.0,0.0
reheating,400,575,poisson,5,23,0.8612095217946358,332.50605771603574,257.34698459244066,99.09541931237266,13.269951073542913,1.0,0.0
reheating,400,575,poisson,5,24,-0.8612095217946358,-332.50605771603574,-257.34698459244066,-99.09541931237266,-13.269951073542913,-1.0,0.0
reheating,400,575,poisson,5,25,0.5766396033333574,223.42197656054003,173.4090760214491,66.87286392514196,8.929485479279652,0.6727606482652013,0.08810712309828024
reheating,400,575,poisson,5,26,-0.8612095217946358,-332.50605771603574,-257.34698459244066,-99.09541931237266,-13.269951073542913,-1.0,0.0
reheating,400,575,poisson,5,27,0.8612095217946358,332.50605771603574,257.34698459244066,99.09541931237266,13.269951073542913,1.0,0.0
reheating,400,575,poisson,5,28,0.8612095217946358,332.50605771603574,257.34698459244066,99.09541931237266,13.269951073542913,1.0,0.0
reheating,400,575,poisson,5,29,0.8612095217946358,332.50605771603574,257.34698459244066,99.09541931237266,13.269951073542913,1.0,0.0
reheating,400,575,poisson,5,30,-0.8612095217946358,-332.50605771603574,-257.34698459244066,-99.09541931237266,-13.269951073542913,-1.0,0.0
reheating,400,575,poisson,5,31,-0.8612095217946358,-332.50605771603574,-257.34698459244066,-99.09541931237266,-13.269951073542913,-1.0,0.0
reheating,400,575,poisson,20,0,0.8612095217946358,332.50605771603574,257.34698459244066,99.09541931237266,13.269951073542913,1.0,0.0
reheating,400,575,poisson,20,1,-0.8612095217946358,-332.50605771603574,-257.34698459244066,-99.09541931237266,-13.269951073542913,-1.0,0.0
reheating,400,575,poisson,20,2,0.8612095217946358,332.50605771603574,257.34698459244066,99.09541931237266,13.269951073542913,1.0,0.0
reheating,400,575,poisson,20,3,-0.8612095217946358,-332.50605771603574,-257.34698459244066,-99.09541931237266,-13.269951073542913,-1.0,0.0
reheating,400,575,poisson,20,4,-0.8612095217946358,-332.50605771603574,-257.34698459244066,-99.09541931237266,-13.269951073542913,-1.0,0.0
reheating,400,575,poisson,20,5,0.8612095217946358,332.50605771603574,257.34698459244066,99.09541931237266,13.269951073542913,1.0,0.0
reheating,400,575,poisson,20,6,0.8001489349985359,308.7721024708719,238.87098886355133,91.95829349067566,12.319690976286214,0.9284397460198883,0.019343516187288145
reheating,400,575,poisson,20,7,-0.8612095217946358,-332.50605771603574,-257.34698459244066,-99.09541931237266,-13.269951073542913,-1.0,0.0
reheating,400,575,poisson,20,8,-0.8612095217946358,-332.50605771603574,-257.34698459244066,-99.09541931237266,-13.269951073542913,-1.0,0.0
reheating,400,575,poisson,20,9,0.8612095217946358,332.50605771603574,257.34698459244066,99.09541931237266,13.269951073542913,1.0,0.0
reheating,400,575,poisson,20,10,0.8612095217946358,332.50605771603574,257.34698459244066,99.09541931237266,13.269951073542913,1.0,0.0
reheating,400,575,poisson,20,11,-0.8612095217946358,-332.50605771603574,-257.34698459244066,-99.09541931237266,-13.269951073542913,-1.0,0.0
reheating,400,575,poisson,20,12,-0.8612095217946358,-332.50605771603574,-257.34698459244066,-99.09541931237266,-13.269951073542913,-1.0,0.0
reheating,400,575,poisson,20,13,-0.8612095217946358,-332.50605771603574,-257.34698459244066,-99.09541931237266,-13.269951073542913,-1.0,0.0
reheating,400,575,poisson,20,14,0.8612095217946358,332.50605771603574,257.34698459244066,99.09541931237266,13.269951073542913,1.0,0.0
reheating,400,575,poisson,20,15,0.8612095217946358,332.50605771603574,257.34698459244066,99.09541931237266,13.269951073542913,1.0,0.0
reheating,400,575,poisson,20,16,-0.8612095217946358,-332.50605771603574,-257.34698459244066,-99.09541931237266,-13.269951073542913,-1.0,0.0
reheating,400,575,poisson,20,17,0.8612095217946358,332.50605771603574,257.34698459244066,99.09541931237266,13.269951073542913,1.0,0.0
reheating,400,575,poisson,20,18,0.8612095217946358,332.50605771603574,257.34698459244066,99.09541931237266,13.269951073542913,1.0,0.0
reheating,400,575,poisson,20,19,-0.8612095217946358,-332.50605771603574,-257.34698459244066,-99.09541931237266,-13.269951073542913,-1.0,0.0
reheating,400,575,poisson,20,20,-0.8612095217946358,-332.50605771603574,-257.34698459244066,-99.09541931237266,-13.269951073542913,-1.0,0.0
reheating,400,575,poisson,20,21,0.8612095217946358,332.50605771603574,257.34698459244066,99.09541931237266,13.269951073542913,1.0,0.0
reheating,400,575,poisson,20,22,0.8612095217946358,332.50605771603574,257.34698459244066,99.09541931237266,13.269951073542913,1.0,0.0
reheating,400,575,poisson,20,23,-0.8612095217946358,-332.50605771603574,-257.34698459244066,-99.09541931237266,-13.269951073542913,-1.0,0.0
reheating,400,575,poisson,20,24,0.8612095217946358,332.50605771603574,257.34698459244066,99.09541931237266,13.269951073542913,1.0,0.0
reheating,400,575,poisson,20,25,0.8612095217946358,332.50605771603574,257.34698459244066,99.09541931237266,13.269951073542913,1.0,0.0
reheating,400,575,poisson,20,26,-0.8612095217946358,-332.50605771603574,-257.34698459244066,-99.09541931237266,-13.269951073542913,-1.0,0.0
reheating,400,575,poisson,20,27,-0.8612095217946358,-332.50605771603574,-257.34698459244066,-99.09541931237266,-13.269951073542913,-1.0,0.0
reheating,400,575,poisson,20,28,0.8612095217946358,332.50605771603574,257.34698459244066,99.09541931237266,13.269951073542913,1.0,0.0
reheating,400,575,poisson,20,29,0.8612095217946358,332.50605771603574,257.34698459244066,99.09541931237266,13.269951073542913,1.0,0.0
reheating,400,575,poisson,20,30,0.8612095217946358,332.50605771603574,257.34698459244066,99.09541931237266,13.269951073542913,1.0,0.0
reheating,400,575,poisson,20,31,-0.8612095217946358,-332.50605771603574,-257.34698459244066,-99.09541931237266,-13.269951073542913,-1.0,0.0
reheating,400,575,poisson,100,0,0.8612095217946358,332.50605771603574,257.34698459244066,99.09541931237266,13.269951073542913,1.0,0.0
reheating,400,575,poisson,100,1,-0.8612095217946358,-332.50605771603574,-257.34698459244066,-99.09541931237266,-13.269951073542913,-1.0,0.0
reheating,400,575,poisson,100,2,0.8612095217946358,332.50605771603574,257.34698459244066,99.09541931237266,13.269951073542913,1.0,0.0
reheating,400,575,poisson,100,3,-0.8612095217946358,-332.50605771603574,-257.34698459244066,-99.09541931237266,-13.269951073542913,-1.0,0.0
reheating,400,575,poisson,100,4,-0.8612095217946358,-332.50605771603574,-257.34698459244066,-99.09541931237266,-13.269951073542913,-1.0,0.0
reheating,400,575,poisson,100,5,-0.2646924985504938,-101.48089108232627,-78.08064283832154,-29.97043246106081,-4.037252393859418,-0.3044180126736372,0.08339466530401202
reheating,400,575,poisson,100,6,-0.8612095217946358,-332.50605771603574,-257.34698459244066,-99.09541931237266,-13.269951073542913,-1.0,0.0
reheating,400,575,poisson,100,7,-0.8612095217946358,-332.50605771603574,-257.34698459244066,-99.09541931237266,-13.269951073542913,-1.0,0.0
reheating,400,575,poisson,100,8,-0.8612095217946358,-332.50605771603574,-257.34698459244066,-99.09541931237266,-13.269951073542913,-1.0,0.0
reheating,400,575,poisson,100,9,-0.8612095217946358,-332.50605771603574,-257.34698459244066,-99.09541931237266,-13.269951073542913,-1.0,0.0
reheating,400,575,poisson,100,10,0.8612095217946358,332.50605771603574,257.34698459244066,99.09541931237266,13.269951073542913,1.0,0.0
reheating,400,575,poisson,100,11,-0.8612095217946358,-332.50605771603574,-257.34698459244066,-99.09541931237266,-13.269951073542913,-1.0,0.0
reheating,400,575,poisson,100,12,0.8612095217946358,332.50605771603574,257.34698459244066,99.09541931237266,13.269951073542913,1.0,0.0
reheating,400,575,poisson,100,13,-0.8612095217946358,-332.50605771603574,-257.34698459244066,-99.09541931237266,-13.269951073542913,-1.0,0.0
reheating,400,575,poisson,100,14,-0.8612095217946358,-332.50605771603574,-257.34698459244066,-99.09541931237266,-13.269951073542913,-1.0,0.0
reheating,400,575,poisson,100,15,-0.8612095217946358,-332.50605771603574,-257.34698459244066,-99.09541931237266,-13.269951073542913,-1.0,0.0
reheating,400,575,poisson,100,16,-0.8612095217946358,-332.50605771603574,-257.34698459244066,-99.09541931237266,-13.269951073542913,-1.0,0.0
reheating,400,575,poisson,100,17,-0.8612095217946358,-332.50605771603574,-257.34698459244066,-99.09541931237266,-13.269951073542913,-1.0,0.0
reheating,400,575,poisson,100,18,0.8612095217946358,332.50605771603574,257.34698459244066,99.09541931237266,13.269951073542913,1.0,0.0
reheating,400,575,poisson,100,19,0.8612095217946358,332.50605771603574,257.34698459244066,99.09541931237266,13.269951073542913,1.0,0.0
reheating,400,575,poisson,100,20,-0.8612095217946358,-332.50605771603574,-257.34698459244066,-99.09541931237266,-13.269951073542913,-1.0,0.0
reheating,400,575,poisson,100,21,0.8612095217946358,332.50605771603574,257.34698459244066,99.09541931237266,13.269951073542913,1.0,0.0
reheating,400,575,poisson,100,22,-0.8612095217946358,-332.50605771603574,-257.34698459244066,-99.09541931237266,-13.269951073542913,-1.0,0.0
reheating,400,575,poisson,100,23,0.8612095217946358,332.50605771603574,257.34698459244066,99.09541931237266,13.269951073542913,1.0,0.0
reheating,400,575,poisson,100,24,-0.8612095217946358,-332.50605771603574,-257.34698459244066,-99.09541931237266,-13.269951073542913,-1.0,0.0
reheating,400,575,poisson,100,25,-0.8612095217946358,-332.50605771603574,-257.34698459244066,-99.09541931237266,-13.269951073542913,-1.0,0.0
reheating,400,575,poisson,100,26,0.8612095217946358,332.50605771603574,257.34698459244066,99.09541931237266,13.269951073542913,1.0,0.0
reheating,400,575,poisson,100,27,0.8612095217946358,332.50605771603574,257.34698459244066,99.09541931237266,13.269951073542913,1.0,0.0
reheating,400,575,poisson,100,28,-0.8612095217946358,-332.50605771603574,-257.34698459244066,-99.09541931237266,-13.269951073542913,-1.0,0.0
reheating,400,575,poisson,100,29,-0.8612095217946358,-332.50605771603574,-257.34698459244066,-99.09541931237266,-13.269951073542913,-1.0,0.0
reheating,400,575,poisson,100,30,0.8612095217945676,332.5060577160093,257.3469845924202,99.09541931236478,13.269951073541861,0.9999999999999205,7.105427357601002e-16
reheating,400,575,poisson,100,31,-0.8612095217946358,-332.50605771603574,-257.34698459244066,-99.09541931237266,-13.269951073542913,-1.0,0.0
