hemisphere,density_kg_m3,density_error_offset,matrix_density_kg_m3,pore_density_kg_m3,source_volume_fraction,porosity_cap,solid_carrier_cap,density_feasible,porosity_low,porosity_high,bulk_carrier_low,bulk_carrier_high
North,2538,-2,2400,0,0.25,0,0.01,False,,,,
North,2538,-2,2400,0,0.25,0,0.05,False,,,,
North,2538,-2,2400,0,0.25,0,0.1,False,,,,
North,2538,-2,2400,0,0.25,0.05,0.01,False,,,,
North,2538,-2,2400,0,0.25,0.05,0.05,False,,,,
North,2538,-2,2400,0,0.25,0.05,0.1,False,,,,
North,2538,-2,2400,0,0.25,0.1,0.01,False,,,,
North,2538,-2,2400,0,0.25,0.1,0.05,False,,,,
North,2538,-2,2400,0,0.25,0.1,0.1,False,,,,
North,2538,-2,2400,0,0.25,0.2,0.01,False,,,,
North,2538,-2,2400,0,0.25,0.2,0.05,False,,,,
North,2538,-2,2400,0,0.25,0.2,0.1,False,,,,
North,2538,-2,2400,0,0.25,0.3,0.01,False,,,,
North,2538,-2,2400,0,0.25,0.3,0.05,False,,,,
North,2538,-2,2400,0,0.25,0.3,0.1,False,,,,
North,2538,-2,2400,0,0.5,0,0.01,False,,,,
North,2538,-2,2400,0,0.5,0,0.05,False,,,,
North,2538,-2,2400,0,0.5,0,0.1,True,0.0,0.0,0.09928057553956834,0.09928057553956834
North,2538,-2,2400,0,0.5,0.05,0.01,False,,,,
North,2538,-2,2400,0,0.5,0.05,0.05,False,,,,
North,2538,-2,2400,0,0.5,0.05,0.1,True,0.0,0.00039385584875935406,0.09928057553956834,0.09996061441512405
North,2538,-2,2400,0,0.5,0.1,0.01,False,,,,
North,2538,-2,2400,0,0.5,0.1,0.05,False,,,,
North,2538,-2,2400,0,0.5,0.1,0.1,True,0.0,0.00039385584875935406,0.09928057553956834,0.09996061441512405
North,2538,-2,2400,0,0.5,0.2,0.01,False,,,,
North,2538,-2,2400,0,0.5,0.2,0.05,False,,,,
North,2538,-2,2400,0,0.5,0.2,0.1,True,0.0,0.00039385584875935406,0.09928057553956834,0.09996061441512405
North,2538,-2,2400,0,0.5,0.3,0.01,False,,,,
North,2538,-2,2400,0,0.5,0.3,0.05,False,,,,
North,2538,-2,2400,0,0.5,0.3,0.1,True,0.0,0.00039385584875935406,0.09928057553956834,0.09996061441512405
North,2538,-2,2400,0,1.0,0,0.01,False,,,,
North,2538,-2,2400,0,1.0,0,0.05,True,0.0,0.0,0.04964028776978417,0.04964028776978417
North,2538,-2,2400,0,1.0,0,0.1,True,0.0,0.0,0.04964028776978417,0.04964028776978417
North,2538,-2,2400,0,1.0,0.05,0.01,False,,,,
North,2538,-2,2400,0,1.0,0.05,0.05,True,0.0,0.00039385584875935406,0.04964028776978417,0.049980307207562025
North,2538,-2,2400,0,1.0,0.05,0.1,True,0.0,0.05,0.04964028776978417,0.09280575539568345
North,2538,-2,2400,0,1.0,0.1,0.01,False,,,,
North,2538,-2,2400,0,1.0,0.1,0.05,True,0.0,0.00039385584875935406,0.04964028776978417,0.049980307207562025
North,2538,-2,2400,0,1.0,0.1,0.1,True,0.0,0.05227781926811053,0.04964028776978417,0.09477221807318895
North,2538,-2,2400,0,1.0,0.2,0.01,False,,,,
North,2538,-2,2400,0,1.0,0.2,0.05,True,0.0,0.00039385584875935406,0.04964028776978417,0.049980307207562025
North,2538,-2,2400,0,1.0,0.2,0.1,True,0.0,0.05227781926811053,0.04964028776978417,0.09477221807318895
North,2538,-2,2400,0,1.0,0.3,0.01,False,,,,
North,2538,-2,2400,0,1.0,0.3,0.05,True,0.0,0.00039385584875935406,0.04964028776978417,0.049980307207562025
North,2538,-2,2400,0,1.0,0.3,0.1,True,0.0,0.05227781926811053,0.04964028776978417,0.09477221807318895
North,2538,-2,2400,1000,0.25,0,0.01,False,,,,
North,2538,-2,2400,1000,0.25,0,0.05,False,,,,
North,2538,-2,2400,1000,0.25,0,0.1,False,,,,
North,2538,-2,2400,1000,0.25,0.05,0.01,False,,,,
North,2538,-2,2400,1000,0.25,0.05,0.05,False,,,,
North,2538,-2,2400,1000,0.25,0.05,0.1,False,,,,
North,2538,-2,2400,1000,0.25,0.1,0.01,False,,,,
North,2538,-2,2400,1000,0.25,0.1,0.05,False,,,,
North,2538,-2,2400,1000,0.25,0.1,0.1,False,,,,
North,2538,-2,2400,1000,0.25,0.2,0.01,False,,,,
North,2538,-2,2400,1000,0.25,0.2,0.05,False,,,,
North,2538,-2,2400,1000,0.25,0.2,0.1,False,,,,
North,2538,-2,2400,1000,0.25,0.3,0.01,False,,,,
North,2538,-2,2400,1000,0.25,0.3,0.05,False,,,,
North,2538,-2,2400,1000,0.25,0.3,0.1,False,,,,
North,2538,-2,2400,1000,0.5,0,0.01,False,,,,
North,2538,-2,2400,1000,0.5,0,0.05,False,,,,
North,2538,-2,2400,1000,0.5,0,0.1,True,0.0,0.0,0.09928057553956834,0.09928057553956834
North,2538,-2,2400,1000,0.5,0.05,0.01,False,,,,
North,2538,-2,2400,1000,0.5,0.05,0.05,False,,,,
North,2538,-2,2400,1000,0.5,0.05,0.1,True,0.0,0.000649772579597141,0.09928057553956834,0.09993502274204027
North,2538,-2,2400,1000,0.5,0.1,0.01,False,,,,
North,2538,-2,2400,1000,0.5,0.1,0.05,False,,,,
North,2538,-2,2400,1000,0.5,0.1,0.1,True,0.0,0.000649772579597141,0.09928057553956834,0.09993502274204027
North,2538,-2,2400,1000,0.5,0.2,0.01,False,,,,
North,2538,-2,2400,1000,0.5,0.2,0.05,False,,,,
North,2538,-2,2400,1000,0.5,0.2,0.1,True,0.0,0.000649772579597141,0.09928057553956834,0.09993502274204027
North,2538,-2,2400,1000,0.5,0.3,0.01,False,,,,
North,2538,-2,2400,1000,0.5,0.3,0.05,False,,,,
North,2538,-2,2400,1000,0.5,0.3,0.1,True,0.0,0.000649772579597141,0.09928057553956834,0.09993502274204027
North,2538,-2,2400,1000,1.0,0,0.01,False,,,,
North,2538,-2,2400,1000,1.0,0,0.05,True,0.0,0.0,0.04964028776978417,0.04964028776978417
North,2538,-2,2400,1000,1.0,0,0.1,True,0.0,0.0,0.04964028776978417,0.04964028776978417
North,2538,-2,2400,1000,1.0,0.05,0.01,False,,,,
North,2538,-2,2400,1000,1.0,0.05,0.05,True,0.0,0.000649772579597141,0.04964028776978417,0.04996751137102014
North,2538,-2,2400,1000,1.0,0.05,0.1,True,0.0,0.05,0.04964028776978417,0.07482014388489208
North,2538,-2,2400,1000,1.0,0.1,0.01,False,,,,
North,2538,-2,2400,1000,1.0,0.1,0.05,True,0.0,0.000649772579597141,0.04964028776978417,0.04996751137102014
North,2538,-2,2400,1000,1.0,0.1,0.1,True,0.0,0.08343265792610251,0.04964028776978417,0.09165673420738975
North,2538,-2,2400,1000,1.0,0.2,0.01,False,,,,
North,2538,-2,2400,1000,1.0,0.2,0.05,True,0.0,0.000649772579597141,0.04964028776978417,0.04996751137102014
North,2538,-2,2400,1000,1.0,0.2,0.1,True,0.0,0.08343265792610251,0.04964028776978417,0.09165673420738975
North,2538,-2,2400,1000,1.0,0.3,0.01,False,,,,
North,2538,-2,2400,1000,1.0,0.3,0.05,True,0.0,0.000649772579597141,0.04964028776978417,0.04996751137102014
North,2538,-2,2400,1000,1.0,0.3,0.1,True,0.0,0.08343265792610251,0.04964028776978417,0.09165673420738975
North,2538,-2,2600,0,0.25,0,0.01,False,,,,
North,2538,-2,2600,0,0.25,0,0.05,False,,,,
North,2538,-2,2600,0,0.25,0,0.1,False,,,,
North,2538,-2,2600,0,0.25,0.05,0.01,True,0.023846153846153847,0.02626177367684008,0.0,0.009737382263231327
North,2538,-2,2600,0,0.25,0.05,0.05,True,0.023846153846153847,0.03580586950327667,0.0,0.04820970652483618
North,2538,-2,2600,0,0.25,0.05,0.1,True,0.023846153846153847,0.04747607431037718,0.0,0.09525239256896229
North,2538,-2,2600,0,0.25,0.1,0.01,True,0.023846153846153847,0.02626177367684008,0.0,0.009737382263231327
North,2538,-2,2600,0,0.25,0.1,0.05,True,0.023846153846153847,0.03580586950327667,0.0,0.04820970652483618
North,2538,-2,2600,0,0.25,0.1,0.1,True,0.023846153846153847,0.04747607431037718,0.0,0.09525239256896229
North,2538,-2,2600,0,0.25,0.2,0.01,True,0.023846153846153847,0.02626177367684008,0.0,0.009737382263231327
North,2538,-2,2600,0,0.25,0.2,0.05,True,0.023846153846153847,0.03580586950327667,0.0,0.04820970652483618
North,2538,-2,2600,0,0.25,0.2,0.1,True,0.023846153846153847,0.04747607431037718,0.0,0.09525239256896229
North,2538,-2,2600,0,0.25,0.3,0.01,True,0.023846153846153847,0.02626177367684008,0.0,0.009737382263231327
North,2538,-2,2600,0,0.25,0.3,0.05,True,0.023846153846153847,0.03580586950327667,0.0,0.04820970652483618
North,2538,-2,2600,0,0.25,0.3,0.1,True,0.023846153846153847,0.04747607431037718,0.0,0.09525239256896229
North,2538,-2,2600,0,0.5,0,0.01,False,,,,
North,2538,-2,2600,0,0.5,0,0.05,False,,,,
North,2538,-2,2600,0,0.5,0,0.1,False,,,,
North,2538,-2,2600,0,0.5,0.05,0.01,True,0.023846153846153847,0.0286654674882315,0.0,0.009713345325117749
North,2538,-2,2600,0,0.5,0.05,0.05,True,0.023846153846153847,0.04747607431037718,0.0,0.04762619628448114
North,2538,-2,2600,0,0.5,0.05,0.1,True,0.023846153846153847,0.05,0.0,0.05271317829457364
North,2538,-2,2600,0,0.5,0.1,0.01,True,0.023846153846153847,0.0286654674882315,0.0,0.009713345325117749
North,2538,-2,2600,0,0.5,0.1,0.05,True,0.023846153846153847,0.04747607431037718,0.0,0.04762619628448114
North,2538,-2,2600,0,0.5,0.1,0.1,True,0.023846153846153847,0.06998900696225724,0.0,0.09300109930377427
North,2538,-2,2600,0,0.5,0.2,0.01,True,0.023846153846153847,0.0286654674882315,0.0,0.009713345325117749
North,2538,-2,2600,0,0.5,0.2,0.05,True,0.023846153846153847,0.04747607431037718,0.0,0.04762619628448114
North,2538,-2,2600,0,0.5,0.2,0.1,True,0.023846153846153847,0.06998900696225724,0.0,0.09300109930377427
North,2538,-2,2600,0,0.5,0.3,0.01,True,0.023846153846153847,0.0286654674882315,0.0,0.009713345325117749
North,2538,-2,2600,0,0.5,0.3,0.05,True,0.023846153846153847,0.04747607431037718,0.0,0.04762619628448114
North,2538,-2,2600,0,0.5,0.3,0.1,True,0.023846153846153847,0.06998900696225724,0.0,0.09300109930377427
North,2538,-2,2600,0,1.0,0,0.01,False,,,,
North,2538,-2,2600,0,1.0,0,0.05,False,,,,
North,2538,-2,2600,0,1.0,0,0.1,False,,,,
North,2538,-2,2600,0,1.0,0.05,0.01,True,0.023846153846153847,0.03343742859319072,0.0,0.009665625714068165
North,2538,-2,2600,0,1.0,0.05,0.05,True,0.023846153846153847,0.05,0.0,0.02635658914728682
North,2538,-2,2600,0,1.0,0.05,0.1,True,0.023846153846153847,0.05,0.0,0.02635658914728682
North,2538,-2,2600,0,1.0,0.1,0.01,True,0.023846153846153847,0.03343742859319072,0.0,0.009665625714068165
North,2538,-2,2600,0,1.0,0.1,0.05,True,0.023846153846153847,0.06998900696225724,0.0,0.04650054965188714
North,2538,-2,2600,0,1.0,0.1,0.1,True,0.023846153846153847,0.1,0.0,0.07674418604651163
North,2538,-2,2600,0,1.0,0.2,0.01,True,0.023846153846153847,0.03343742859319072,0.0,0.009665625714068165
North,2538,-2,2600,0,1.0,0.2,0.05,True,0.023846153846153847,0.06998900696225724,0.0,0.04650054965188714
North,2538,-2,2600,0,1.0,0.2,0.1,True,0.023846153846153847,0.11196641007697691,0.0,0.08880335899230232
North,2538,-2,2600,0,1.0,0.3,0.01,True,0.023846153846153847,0.03343742859319072,0.0,0.009665625714068165
North,2538,-2,2600,0,1.0,0.3,0.05,True,0.023846153846153847,0.06998900696225724,0.0,0.04650054965188714
North,2538,-2,2600,0,1.0,0.3,0.1,True,0.023846153846153847,0.11196641007697691,0.0,0.08880335899230232
North,2538,-2,2600,1000,0.25,0,0.01,False,,,,
North,2538,-2,2600,1000,0.25,0,0.05,False,,,,
North,2538,-2,2600,1000,0.25,0,0.1,False,,,,
North,2538,-2,2600,1000,0.25,0.05,0.01,True,0.03875,0.042609480531606854,0.0,0.009573905194683674
North,2538,-2,2600,1000,0.25,0.05,0.05,True,0.03875,0.05,0.0,0.027906976744186046
North,2538,-2,2600,1000,0.25,0.05,0.1,True,0.03875,0.05,0.0,0.027906976744186046
North,2538,-2,2600,1000,0.25,0.1,0.01,True,0.03875,0.042609480531606854,0.0,0.009573905194683674
North,2538,-2,2600,1000,0.25,0.1,0.05,True,0.03875,0.057742380150099554,0.0,0.04711288099249502
North,2538,-2,2600,1000,0.25,0.1,0.1,True,0.03875,0.07599879843796936,0.0,0.09240012015620307
North,2538,-2,2600,1000,0.25,0.2,0.01,True,0.03875,0.042609480531606854,0.0,0.009573905194683674
North,2538,-2,2600,1000,0.25,0.2,0.05,True,0.03875,0.057742380150099554,0.0,0.04711288099249502
North,2538,-2,2600,1000,0.25,0.2,0.1,True,0.03875,0.07599879843796936,0.0,0.09240012015620307
North,2538,-2,2600,1000,0.25,0.3,0.01,True,0.03875,0.042609480531606854,0.0,0.009573905194683674
North,2538,-2,2600,1000,0.25,0.3,0.05,True,0.03875,0.057742380150099554,0.0,0.04711288099249502
North,2538,-2,2600,1000,0.25,0.3,0.1,True,0.03875,0.07599879843796936,0.0,0.09240012015620307
North,2538,-2,2600,1000,0.5,0,0.01,False,,,,
North,2538,-2,2600,1000,0.5,0,0.05,False,,,,
North,2538,-2,2600,1000,0.5,0,0.1,False,,,,
North,2538,-2,2600,1000,0.5,0.05,0.01,True,0.03875,0.046438092876185805,0.0,0.009535619071238208
North,2538,-2,2600,1000,0.5,0.05,0.05,True,0.03875,0.05,0.0,0.013953488372093023
North,2538,-2,2600,1000,0.5,0.05,0.1,True,0.03875,0.05,0.0,0.013953488372093023
North,2538,-2,2600,1000,0.5,0.1,0.01,True,0.03875,0.046438092876185805,0.0,0.009535619071238208
North,2538,-2,2600,1000,0.5,0.1,0.05,True,0.03875,0.07599879843796936,0.0,0.04620006007810153
North,2538,-2,2600,1000,0.5,0.1,0.1,True,0.03875,0.1,0.0,0.07596899224806201
North,2538,-2,2600,1000,0.5,0.2,0.01,True,0.03875,0.046438092876185805,0.0,0.009535619071238208
North,2538,-2,2600,1000,0.5,0.2,0.05,True,0.03875,0.07599879843796936,0.0,0.04620006007810153
North,2538,-2,2600,1000,0.5,0.2,0.1,True,0.03875,0.11046847888953153,0.0,0.08895315211104685
North,2538,-2,2600,1000,0.5,0.3,0.01,True,0.03875,0.046438092876185805,0.0,0.009535619071238208
North,2538,-2,2600,1000,0.5,0.3,0.05,True,0.03875,0.07599879843796936,0.0,0.04620006007810153
North,2538,-2,2600,1000,0.5,0.3,0.1,True,0.03875,0.11046847888953153,0.0,0.08895315211104685
North,2538,-2,2600,1000,1.0,0,0.01,False,,,,
North,2538,-2,2600,1000,1.0,0,0.05,False,,,,
North,2538,-2,2600,1000,1.0,0,0.1,False,,,,
North,2538,-2,2600,1000,1.0,0.05,0.01,True,0.03875,0.05,0.0,0.0069767441860465115
North,2538,-2,2600,1000,1.0,0.05,0.05,True,0.03875,0.05,0.0,0.0069767441860465115
North,2538,-2,2600,1000,1.0,0.05,0.1,True,0.03875,0.05,0.0,0.0069767441860465115
North,2538,-2,2600,1000,1.0,0.1,0.01,True,0.03875,0.05400418255628009,0.0,0.009459958174437262
North,2538,-2,2600,1000,1.0,0.1,0.05,True,0.03875,0.1,0.0,0.03798449612403101
North,2538,-2,2600,1000,1.0,0.1,0.1,True,0.03875,0.1,0.0,0.03798449612403101
North,2538,-2,2600,1000,1.0,0.2,0.01,True,0.03875,0.05400418255628009,0.0,0.009459958174437262
North,2538,-2,2600,1000,1.0,0.2,0.05,True,0.03875,0.11046847888953153,0.0,0.04447657605552342
North,2538,-2,2600,1000,1.0,0.2,0.1,True,0.03875,0.1722282023681378,0.0,0.08277717976318621
North,2538,-2,2600,1000,1.0,0.3,0.01,True,0.03875,0.05400418255628009,0.0,0.009459958174437262
North,2538,-2,2600,1000,1.0,0.3,0.05,True,0.03875,0.11046847888953153,0.0,0.04447657605552342
North,2538,-2,2600,1000,1.0,0.3,0.1,True,0.03875,0.1722282023681378,0.0,0.08277717976318621
North,2538,-2,2700,0,0.25,0,0.01,False,,,,
North,2538,-2,2700,0,0.25,0,0.05,False,,,,
North,2538,-2,2700,0,0.25,0,0.1,False,,,,
North,2538,-2,2700,0,0.25,0.05,0.01,False,,,,
North,2538,-2,2700,0,0.25,0.05,0.05,False,,,,
North,2538,-2,2700,0,0.25,0.05,0.1,False,,,,
North,2538,-2,2700,0,0.25,0.1,0.01,True,0.06,0.06215357327618056,0.0,0.009378464267237931
North,2538,-2,2700,0,0.25,0.1,0.05,True,0.06,0.07067008421823508,0.0,0.046466495789088236
North,2538,-2,2700,0,0.25,0.1,0.1,True,0.06,0.08110065170166546,0.0,0.09188993482983346
North,2538,-2,2700,0,0.25,0.2,0.01,True,0.06,0.06215357327618056,0.0,0.009378464267237931
North,2538,-2,2700,0,0.25,0.2,0.05,True,0.06,0.07067008421823508,0.0,0.046466495789088236
North,2538,-2,2700,0,0.25,0.2,0.1,True,0.06,0.08110065170166546,0.0,0.09188993482983346
North,2538,-2,2700,0,0.25,0.3,0.01,True,0.06,0.06215357327618056,0.0,0.009378464267237931
North,2538,-2,2700,0,0.25,0.3,0.05,True,0.06,0.07067008421823508,0.0,0.046466495789088236
North,2538,-2,2700,0,0.25,0.3,0.1,True,0.06,0.08110065170166546,0.0,0.09188993482983346
North,2538,-2,2700,0,0.5,0,0.01,False,,,,
North,2538,-2,2700,0,0.5,0,0.05,False,,,,
North,2538,-2,2700,0,0.5,0,0.1,False,,,,
North,2538,-2,2700,0,0.5,0.05,0.01,False,,,,
North,2538,-2,2700,0,0.5,0.05,0.05,False,,,,
North,2538,-2,2700,0,0.5,0.05,0.1,False,,,,
North,2538,-2,2700,0,0.5,0.1,0.01,True,0.06,0.06429730128299664,0.0,0.009357026987170102
North,2538,-2,2700,0,0.5,0.1,0.05,True,0.06,0.08110065170166546,0.0,0.04594496741491673
North,2538,-2,2700,0,0.5,0.1,0.1,True,0.06,0.1,0.0,0.08709677419354839
North,2538,-2,2700,0,0.5,0.2,0.01,True,0.06,0.06429730128299664,0.0,0.009357026987170102
North,2538,-2,2700,0,0.5,0.2,0.05,True,0.06,0.08110065170166546,0.0,0.04594496741491673
North,2538,-2,2700,0,0.5,0.2,0.1,True,0.06,0.10127478753541076,0.0,0.08987252124645889
North,2538,-2,2700,0,0.5,0.3,0.01,True,0.06,0.06429730128299664,0.0,0.009357026987170102
North,2538,-2,2700,0,0.5,0.3,0.05,True,0.06,0.08110065170166546,0.0,0.04594496741491673
North,2538,-2,2700,0,0.5,0.3,0.1,True,0.06,0.10127478753541076,0.0,0.08987252124645889
North,2538,-2,2700,0,1.0,0,0.01,False,,,,
North,2538,-2,2700,0,1.0,0,0.05,False,,,,
North,2538,-2,2700,0,1.0,0,0.1,False,,,,
North,2538,-2,2700,0,1.0,0.05,0.01,False,,,,
North,2538,-2,2700,0,1.0,0.05,0.05,False,,,,
North,2538,-2,2700,0,1.0,0.05,0.1,False,,,,
North,2538,-2,2700,0,1.0,0.1,0.01,True,0.06,0.06855549031121556,0.0,0.009314445096887914
North,2538,-2,2700,0,1.0,0.1,0.05,True,0.06,0.1,0.0,0.043548387096774194
North,2538,-2,2700,0,1.0,0.1,0.1,True,0.06,0.1,0.0,0.043548387096774194
North,2538,-2,2700,0,1.0,0.2,0.01,True,0.06,0.06855549031121556,0.0,0.009314445096887914
North,2538,-2,2700,0,1.0,0.2,0.05,True,0.06,0.10127478753541076,0.0,0.044936260623229446
North,2538,-2,2700,0,1.0,0.2,0.1,True,0.06,0.1390773405698779,0.0,0.08609226594301223
North,2538,-2,2700,0,1.0,0.3,0.01,True,0.06,0.06855549031121556,0.0,0.009314445096887914
North,2538,-2,2700,0,1.0,0.3,0.05,True,0.06,0.10127478753541076,0.0,0.044936260623229446
North,2538,-2,2700,0,1.0,0.3,0.1,True,0.06,0.1390773405698779,0.0,0.08609226594301223
North,2538,-2,2700,1000,0.25,0,0.01,False,,,,
North,2538,-2,2700,1000,0.25,0,0.05,False,,,,
North,2538,-2,2700,1000,0.25,0,0.1,False,,,,
North,2538,-2,2700,1000,0.25,0.05,0.01,False,,,,
North,2538,-2,2700,1000,0.25,0.05,0.05,False,,,,
North,2538,-2,2700,1000,0.25,0.05,0.1,False,,,,
North,2538,-2,2700,1000,0.25,0.1,0.01,True,0.09529411764705882,0.09858164341812205,0.0,0.009014183565818528
North,2538,-2,2700,1000,0.25,0.1,0.05,True,0.09529411764705882,0.1,0.0,0.012903225806451613
North,2538,-2,2700,1000,0.25,0.1,0.1,True,0.09529411764705882,0.1,0.0,0.012903225806451613
North,2538,-2,2700,1000,0.25,0.2,0.01,True,0.09529411764705882,0.09858164341812205,0.0,0.009014183565818528
North,2538,-2,2700,1000,0.25,0.2,0.05,True,0.09529411764705882,0.11149624494511842,0.0,0.04442518775274406
North,2538,-2,2700,1000,0.25,0.2,0.1,True,0.09529411764705882,0.1271282633371169,0.0,0.0872871736662883
North,2538,-2,2700,1000,0.25,0.3,0.01,True,0.09529411764705882,0.09858164341812205,0.0,0.009014183565818528
North,2538,-2,2700,1000,0.25,0.3,0.05,True,0.09529411764705882,0.11149624494511842,0.0,0.04442518775274406
North,2538,-2,2700,1000,0.25,0.3,0.1,True,0.09529411764705882,0.1271282633371169,0.0,0.0872871736662883
North,2538,-2,2700,1000,0.5,0,0.01,False,,,,
North,2538,-2,2700,1000,0.5,0,0.05,False,,,,
North,2538,-2,2700,1000,0.5,0,0.1,False,,,,
North,2538,-2,2700,1000,0.5,0.05,0.01,False,,,,
North,2538,-2,2700,1000,0.5,0.05,0.05,False,,,,
North,2538,-2,2700,1000,0.5,0.05,0.1,False,,,,
North,2538,-2,2700,1000,0.5,0.1,0.01,True,0.09529411764705882,0.1,0.0,0.0064516129032258064
North,2538,-2,2700,1000,0.5,0.1,0.05,True,0.09529411764705882,0.1,0.0,0.0064516129032258064
North,2538,-2,2700,1000,0.5,0.1,0.1,True,0.09529411764705882,0.1,0.0,0.0064516129032258064
North,2538,-2,2700,1000,0.5,0.2,0.01,True,0.09529411764705882,0.10184536323288956,0.0,0.00898154636767118
North,2538,-2,2700,1000,0.5,0.2,0.05,True,0.09529411764705882,0.1271282633371169,0.0,0.04364358683314415
North,2538,-2,2700,1000,0.5,0.2,0.1,True,0.09529411764705882,0.15679824561403508,0.0,0.08432017543859646
North,2538,-2,2700,1000,0.5,0.3,0.01,True,0.09529411764705882,0.10184536323288956,0.0,0.00898154636767118
North,2538,-2,2700,1000,0.5,0.3,0.05,True,0.09529411764705882,0.1271282633371169,0.0,0.04364358683314415
North,2538,-2,2700,1000,0.5,0.3,0.1,True,0.09529411764705882,0.15679824561403508,0.0,0.08432017543859646
North,2538,-2,2700,1000,1.0,0,0.01,False,,,,
North,2538,-2,2700,1000,1.0,0,0.05,False,,,,
North,2538,-2,2700,1000,1.0,0,0.1,False,,,,
North,2538,-2,2700,1000,1.0,0.05,0.01,False,,,,
North,2538,-2,2700,1000,1.0,0.05,0.05,False,,,,
North,2538,-2,2700,1000,1.0,0.05,0.1,False,,,,
North,2538,-2,2700,1000,1.0,0.1,0.01,True,0.09529411764705882,0.1,0.0,0.0032258064516129032
North,2538,-2,2700,1000,1.0,0.1,0.05,True,0.09529411764705882,0.1,0.0,0.0032258064516129032
North,2538,-2,2700,1000,1.0,0.1,0.1,True,0.09529411764705882,0.1,0.0,0.0032258064516129032
North,2538,-2,2700,1000,1.0,0.2,0.01,True,0.09529411764705882,0.10830241187384054,0.0,0.008916975881261658
North,2538,-2,2700,1000,1.0,0.2,0.05,True,0.09529411764705882,0.15679824561403508,0.0,0.04216008771929823
North,2538,-2,2700,1000,1.0,0.2,0.1,True,0.09529411764705882,0.2,0.0,0.0717741935483871
North,2538,-2,2700,1000,1.0,0.3,0.01,True,0.09529411764705882,0.10830241187384054,0.0,0.008916975881261658
North,2538,-2,2700,1000,1.0,0.3,0.05,True,0.09529411764705882,0.15679824561403508,0.0,0.04216008771929823
North,2538,-2,2700,1000,1.0,0.3,0.1,True,0.09529411764705882,0.2104722792607803,0.0,0.07895277207392198
North,2538,-2,2900,0,0.25,0,0.01,False,,,,
North,2538,-2,2900,0,0.25,0,0.05,False,,,,
North,2538,-2,2900,0,0.25,0,0.1,False,,,,
North,2538,-2,2900,0,0.25,0.05,0.01,False,,,,
North,2538,-2,2900,0,0.25,0.05,0.05,False,,,,
North,2538,-2,2900,0,0.25,0.05,0.1,False,,,,
North,2538,-2,2900,0,0.25,0.1,0.01,False,,,,
North,2538,-2,2900,0,0.25,0.1,0.05,False,,,,
North,2538,-2,2900,0,0.25,0.1,0.1,False,,,,
North,2538,-2,2900,0,0.25,0.2,0.01,True,0.12482758620689655,0.12654437829094534,0.0,0.00873455621709031
North,2538,-2,2900,0,0.25,0.2,0.05,True,0.12482758620689655,0.13334471572477377,0.0,0.04333276421376127
North,2538,-2,2900,0,0.25,0.2,0.1,True,0.12482758620689655,0.1416976665539398,0.0,0.08583023334460604
North,2538,-2,2900,0,0.25,0.3,0.01,True,0.12482758620689655,0.12654437829094534,0.0,0.00873455621709031
North,2538,-2,2900,0,0.25,0.3,0.05,True,0.12482758620689655,0.13334471572477377,0.0,0.04333276421376127
North,2538,-2,2900,0,0.25,0.3,0.1,True,0.12482758620689655,0.1416976665539398,0.0,0.08583023334460604
North,2538,-2,2900,0,0.5,0,0.01,False,,,,
North,2538,-2,2900,0,0.5,0,0.05,False,,,,
North,2538,-2,2900,0,0.5,0,0.1,False,,,,
North,2538,-2,2900,0,0.5,0.05,0.01,False,,,,
North,2538,-2,2900,0,0.5,0.05,0.05,False,,,,
North,2538,-2,2900,0,0.5,0.05,0.1,False,,,,
North,2538,-2,2900,0,0.5,0.1,0.01,False,,,,
North,2538,-2,2900,0,0.5,0.1,0.05,False,,,,
North,2538,-2,2900,0,0.5,0.1,0.1,False,,,,
North,2538,-2,2900,0,0.5,0.2,0.01,True,0.12482758620689655,0.12825444803187472,0.0,0.008717455519681288
North,2538,-2,2900,0,0.5,0.2,0.05,True,0.12482758620689655,0.1416976665539398,0.0,0.04291511667230302
North,2538,-2,2900,0,0.5,0.2,0.1,True,0.12482758620689655,0.1579296615792966,0.0,0.0842070338420703
North,2538,-2,2900,0,0.5,0.3,0.01,True,0.12482758620689655,0.12825444803187472,0.0,0.008717455519681288
North,2538,-2,2900,0,0.5,0.3,0.05,True,0.12482758620689655,0.1416976665539398,0.0,0.04291511667230302
North,2538,-2,2900,0,0.5,0.3,0.1,True,0.12482758620689655,0.1579296615792966,0.0,0.0842070338420703
North,2538,-2,2900,0,1.0,0,0.01,False,,,,
North,2538,-2,2900,0,1.0,0,0.05,False,,,,
North,2538,-2,2900,0,1.0,0,0.1,False,,,,
North,2538,-2,2900,0,1.0,0.05,0.01,False,,,,
North,2538,-2,2900,0,1.0,0.05,0.05,False,,,,
North,2538,-2,2900,0,1.0,0.05,0.1,False,,,,
North,2538,-2,2900,0,1.0,0.1,0.01,False,,,,
North,2538,-2,2900,0,1.0,0.1,0.05,False,,,,
North,2538,-2,2900,0,1.0,0.1,0.1,False,,,,
North,2538,-2,2900,0,1.0,0.2,0.01,True,0.12482758620689655,0.13165457780210763,0.0,0.008683454221978998
North,2538,-2,2900,0,1.0,0.2,0.05,True,0.12482758620689655,0.1579296615792966,0.0,0.04210351692103515
North,2538,-2,2900,0,1.0,0.2,0.1,True,0.12482758620689655,0.18861892583120204,0.0,0.08113810741687978
North,2538,-2,2900,0,1.0,0.3,0.01,True,0.12482758620689655,0.13165457780210763,0.0,0.008683454221978998
North,2538,-2,2900,0,1.0,0.3,0.05,True,0.12482758620689655,0.1579296615792966,0.0,0.04210351692103515
North,2538,-2,2900,0,1.0,0.3,0.1,True,0.12482758620689655,0.18861892583120204,0.0,0.08113810741687978
North,2538,-2,2900,1000,0.25,0,0.01,False,,,,
North,2538,-2,2900,1000,0.25,0,0.05,False,,,,
North,2538,-2,2900,1000,0.25,0,0.1,False,,,,
North,2538,-2,2900,1000,0.25,0.05,0.01,False,,,,
North,2538,-2,2900,1000,0.25,0.05,0.05,False,,,,
North,2538,-2,2900,1000,0.25,0.05,0.1,False,,,,
North,2538,-2,2900,1000,0.25,0.1,0.01,False,,,,
North,2538,-2,2900,1000,0.25,0.1,0.05,False,,,,
North,2538,-2,2900,1000,0.25,0.1,0.1,False,,,,
North,2538,-2,2900,1000,0.25,0.2,0.01,True,0.19052631578947368,0.19294747336936552,0.0,0.008070525266306137
North,2538,-2,2900,1000,0.25,0.2,0.05,True,0.19052631578947368,0.2,0.0,0.031578947368421054
North,2538,-2,2900,1000,0.25,0.2,0.1,True,0.19052631578947368,0.2,0.0,0.031578947368421054
North,2538,-2,2900,1000,0.25,0.3,0.01,True,0.19052631578947368,0.19294747336936552,0.0,0.008070525266306137
North,2538,-2,2900,1000,0.25,0.3,0.05,True,0.19052631578947368,0.2024889810733731,0.0,0.039875550946331426
North,2538,-2,2900,1000,0.25,0.3,0.1,True,0.19052631578947368,0.21410321921308126,0.0,0.07858967807869195
North,2538,-2,2900,1000,0.5,0,0.01,False,,,,
North,2538,-2,2900,1000,0.5,0,0.05,False,,,,
North,2538,-2,2900,1000,0.5,0,0.1,False,,,,
North,2538,-2,2900,1000,0.5,0.05,0.01,False,,,,
North,2538,-2,2900,1000,0.5,0.05,0.05,False,,,,
North,2538,-2,2900,1000,0.5,0.05,0.1,False,,,,
North,2538,-2,2900,1000,0.5,0.1,0.01,False,,,,
North,2538,-2,2900,1000,0.5,0.1,0.05,False,,,,
North,2538,-2,2900,1000,0.5,0.1,0.1,False,,,,
North,2538,-2,2900,1000,0.5,0.2,0.01,True,0.19052631578947368,0.1953541906456001,0.0,0.008046458093544043
North,2538,-2,2900,1000,0.5,0.2,0.05,True,0.19052631578947368,0.2,0.0,0.015789473684210527
North,2538,-2,2900,1000,0.5,0.2,0.1,True,0.19052631578947368,0.2,0.0,0.015789473684210527
North,2538,-2,2900,1000,0.5,0.3,0.01,True,0.19052631578947368,0.1953541906456001,0.0,0.008046458093544043
North,2538,-2,2900,1000,0.5,0.3,0.05,True,0.19052631578947368,0.21410321921308126,0.0,0.039294839039345976
North,2538,-2,2900,1000,0.5,0.3,0.1,True,0.19052631578947368,0.23634558093346575,0.0,0.07636544190665344
North,2538,-2,2900,1000,1.0,0,0.01,False,,,,
North,2538,-2,2900,1000,1.0,0,0.05,False,,,,
North,2538,-2,2900,1000,1.0,0,0.1,False,,,,
North,2538,-2,2900,1000,1.0,0.05,0.01,False,,,,
North,2538,-2,2900,1000,1.0,0.05,0.05,False,,,,
North,2538,-2,2900,1000,1.0,0.05,0.1,False,,,,
North,2538,-2,2900,1000,1.0,0.1,0.01,False,,,,
North,2538,-2,2900,1000,1.0,0.1,0.05,False,,,,
North,2538,-2,2900,1000,1.0,0.1,0.1,False,,,,
North,2538,-2,2900,1000,1.0,0.2,0.01,True,0.19052631578947368,0.2,0.0,0.007894736842105263
North,2538,-2,2900,1000,1.0,0.2,0.05,True,0.19052631578947368,0.2,0.0,0.007894736842105263
North,2538,-2,2900,1000,1.0,0.2,0.1,True,0.19052631578947368,0.2,0.0,0.007894736842105263
North,2538,-2,2900,1000,1.0,0.3,0.01,True,0.19052631578947368,0.2001248179737883,0.0,0.007998751820262192
North,2538,-2,2900,1000,1.0,0.3,0.05,True,0.19052631578947368,0.23634558093346575,0.0,0.03818272095332672
North,2538,-2,2900,1000,1.0,0.3,0.1,True,0.19052631578947368,0.27725563909774437,0.0,0.07227443609022559
North,2538,-2,3100,0,0.25,0,0.01,False,,,,
North,2538,-2,3100,0,0.25,0,0.05,False,,,,
North,2538,-2,3100,0,0.25,0,0.1,False,,,,
North,2538,-2,3100,0,0.25,0.05,0.01,False,,,,
North,2538,-2,3100,0,0.25,0.05,0.05,False,,,,
North,2538,-2,3100,0,0.25,0.05,0.1,False,,,,
North,2538,-2,3100,0,0.25,0.1,0.01,False,,,,
North,2538,-2,3100,0,0.25,0.1,0.05,False,,,,
North,2538,-2,3100,0,0.25,0.1,0.1,False,,,,
North,2538,-2,3100,0,0.25,0.2,0.01,True,0.18129032258064517,0.18266134226458838,0.0,0.008173386577353899
North,2538,-2,3100,0,0.25,0.2,0.05,True,0.18129032258064517,0.18809980806142035,0.0,0.040595009596928945
North,2538,-2,3100,0,0.25,0.2,0.1,True,0.18129032258064517,0.1947969543147208,0.0,0.08052030456852781
North,2538,-2,3100,0,0.25,0.3,0.01,True,0.18129032258064517,0.18266134226458838,0.0,0.008173386577353899
North,2538,-2,3100,0,0.25,0.3,0.05,True,0.18129032258064517,0.18809980806142035,0.0,0.040595009596928945
North,2538,-2,3100,0,0.25,0.3,0.1,True,0.18129032258064517,0.1947969543147208,0.0,0.08052030456852781
North,2538,-2,3100,0,0.5,0,0.01,False,,,,
North,2538,-2,3100,0,0.5,0,0.05,False,,,,
North,2538,-2,3100,0,0.5,0,0.1,False,,,,
North,2538,-2,3100,0,0.5,0.05,0.01,False,,,,
North,2538,-2,3100,0,0.5,0.05,0.05,False,,,,
North,2538,-2,3100,0,0.5,0.05,0.1,False,,,,
North,2538,-2,3100,0,0.5,0.1,0.01,False,,,,
North,2538,-2,3100,0,0.5,0.1,0.05,False,,,,
North,2538,-2,3100,0,0.5,0.1,0.1,False,,,,
North,2538,-2,3100,0,0.5,0.2,0.01,True,0.18129032258064517,0.1840277777777778,0.0,0.008159722222222308
North,2538,-2,3100,0,0.5,0.2,0.05,True,0.18129032258064517,0.1947969543147208,0.0,0.040260152284263905
North,2538,-2,3100,0,0.5,0.2,0.1,True,0.18129032258064517,0.2,0.0,0.05576923076923077
North,2538,-2,3100,0,0.5,0.3,0.01,True,0.18129032258064517,0.1840277777777778,0.0,0.008159722222222308
North,2538,-2,3100,0,0.5,0.3,0.05,True,0.18129032258064517,0.1947969543147208,0.0,0.040260152284263905
North,2538,-2,3100,0,0.5,0.3,0.1,True,0.18129032258064517,0.20786516853932585,0.0,0.0792134831460674
North,2538,-2,3100,0,1.0,0,0.01,False,,,,
North,2538,-2,3100,0,1.0,0,0.05,False,,,,
North,2538,-2,3100,0,1.0,0,0.1,False,,,,
North,2538,-2,3100,0,1.0,0.05,0.01,False,,,,
North,2538,-2,3100,0,1.0,0.05,0.05,False,,,,
North,2538,-2,3100,0,1.0,0.05,0.1,False,,,,
North,2538,-2,3100,0,1.0,0.1,0.01,False,,,,
North,2538,-2,3100,0,1.0,0.1,0.05,False,,,,
North,2538,-2,3100,0,1.0,0.1,0.1,False,,,,
North,2538,-2,3100,0,1.0,0.2,0.01,True,0.18129032258064517,0.18674698795180728,0.0,0.008132530120482019
North,2538,-2,3100,0,1.0,0.2,0.05,True,0.18129032258064517,0.2,0.0,0.027884615384615386
North,2538,-2,3100,0,1.0,0.2,0.1,True,0.18129032258064517,0.2,0.0,0.027884615384615386
North,2538,-2,3100,0,1.0,0.3,0.01,True,0.18129032258064517,0.18674698795180728,0.0,0.008132530120482019
North,2538,-2,3100,0,1.0,0.3,0.05,True,0.18129032258064517,0.20786516853932585,0.0,0.0396067415730337
North,2538,-2,3100,0,1.0,0.3,0.1,True,0.18129032258064517,0.2327690447400242,0.0,0.07672309552599757
North,2538,-2,3100,1000,0.25,0,0.01,False,,,,
North,2538,-2,3100,1000,0.25,0,0.05,False,,,,
North,2538,-2,3100,1000,0.25,0,0.1,False,,,,
North,2538,-2,3100,1000,0.25,0.05,0.01,False,,,,
North,2538,-2,3100,1000,0.25,0.05,0.05,False,,,,
North,2538,-2,3100,1000,0.25,0.05,0.1,False,,,,
North,2538,-2,3100,1000,0.25,0.1,0.01,False,,,,
North,2538,-2,3100,1000,0.25,0.1,0.05,False,,,,
North,2538,-2,3100,1000,0.25,0.1,0.1,False,,,,
North,2538,-2,3100,1000,0.25,0.2,0.01,False,,,,
North,2538,-2,3100,1000,0.25,0.2,0.05,False,,,,
North,2538,-2,3100,1000,0.25,0.2,0.1,False,,,,
North,2538,-2,3100,1000,0.25,0.3,0.01,True,0.26761904761904765,0.2694280828424852,0.0,0.007305719171574765
North,2538,-2,3100,1000,0.25,0.3,0.05,True,0.26761904761904765,0.27657572906867356,0.0,0.03617121354656638
North,2538,-2,3100,1000,0.25,0.3,0.1,True,0.26761904761904765,0.2853159851301115,0.0,0.07146840148698896
North,2538,-2,3100,1000,0.5,0,0.01,False,,,,
North,2538,-2,3100,1000,0.5,0,0.05,False,,,,
North,2538,-2,3100,1000,0.5,0,0.1,False,,,,
North,2538,-2,3100,1000,0.5,0.05,0.01,False,,,,
North,2538,-2,3100,1000,0.5,0.05,0.05,False,,,,
North,2538,-2,3100,1000,0.5,0.05,0.1,False,,,,
North,2538,-2,3100,1000,0.5,0.1,0.01,False,,,,
North,2538,-2,3100,1000,0.5,0.1,0.05,False,,,,
North,2538,-2,3100,1000,0.5,0.1,0.1,False,,,,
North,2538,-2,3100,1000,0.5,0.2,0.01,False,,,,
North,2538,-2,3100,1000,0.5,0.2,0.05,False,,,,
North,2538,-2,3100,1000,0.5,0.2,0.1,False,,,,
North,2538,-2,3100,1000,0.5,0.3,0.01,True,0.26761904761904765,0.2712282031842305,0.0,0.0072877179681578004
North,2538,-2,3100,1000,0.5,0.3,0.05,True,0.26761904761904765,0.2853159851301115,0.0,0.03573420074349448
North,2538,-2,3100,1000,0.5,0.3,0.1,True,0.26761904761904765,0.3,0.0,0.06538461538461539
North,2538,-2,3100,1000,1.0,0,0.01,False,,,,
North,2538,-2,3100,1000,1.0,0,0.05,False,,,,
North,2538,-2,3100,1000,1.0,0,0.1,False,,,,
North,2538,-2,3100,1000,1.0,0.05,0.01,False,,,,
North,2538,-2,3100,1000,1.0,0.05,0.05,False,,,,
North,2538,-2,3100,1000,1.0,0.05,0.1,False,,,,
North,2538,-2,3100,1000,1.0,0.1,0.01,False,,,,
North,2538,-2,3100,1000,1.0,0.1,0.05,False,,,,
North,2538,-2,3100,1000,1.0,0.1,0.1,False,,,,
North,2538,-2,3100,1000,1.0,0.2,0.01,False,,,,
North,2538,-2,3100,1000,1.0,0.2,0.05,False,,,,
North,2538,-2,3100,1000,1.0,0.2,0.1,False,,,,
North,2538,-2,3100,1000,1.0,0.3,0.01,True,0.26761904761904765,0.2748019615239533,0.0,0.00725198038476057
North,2538,-2,3100,1000,1.0,0.3,0.05,True,0.26761904761904765,0.3,0.0,0.032692307692307694
North,2538,-2,3100,1000,1.0,0.3,0.1,True,0.26761904761904765,0.3,0.0,0.032692307692307694
North,2580,-1,2400,0,0.25,0,0.01,False,,,,
North,2580,-1,2400,0,0.25,0,0.05,False,,,,
North,2580,-1,2400,0,0.25,0,0.1,False,,,,
North,2580,-1,2400,0,0.25,0.05,0.01,False,,,,
North,2580,-1,2400,0,0.25,0.05,0.05,False,,,,
North,2580,-1,2400,0,0.25,0.05,0.1,False,,,,
North,2580,-1,2400,0,0.25,0.1,0.01,False,,,,
North,2580,-1,2400,0,0.25,0.1,0.05,False,,,,
North,2580,-1,2400,0,0.25,0.1,0.1,False,,,,
North,2580,-1,2400,0,0.25,0.2,0.01,False,,,,
North,2580,-1,2400,0,0.25,0.2,0.05,False,,,,
North,2580,-1,2400,0,0.25,0.2,0.1,False,,,,
North,2580,-1,2400,0,0.25,0.3,0.01,False,,,,
North,2580,-1,2400,0,0.25,0.3,0.05,False,,,,
North,2580,-1,2400,0,0.25,0.3,0.1,False,,,,
North,2580,-1,2400,0,0.5,0,0.01,False,,,,
North,2580,-1,2400,0,0.5,0,0.05,False,,,,
North,2580,-1,2400,0,0.5,0,0.1,False,,,,
North,2580,-1,2400,0,0.5,0.05,0.01,False,,,,
North,2580,-1,2400,0,0.5,0.05,0.05,False,,,,
North,2580,-1,2400,0,0.5,0.05,0.1,False,,,,
North,2580,-1,2400,0,0.5,0.1,0.01,False,,,,
North,2580,-1,2400,0,0.5,0.1,0.05,False,,,,
North,2580,-1,2400,0,0.5,0.1,0.1,False,,,,
North,2580,-1,2400,0,0.5,0.2,0.01,False,,,,
North,2580,-1,2400,0,0.5,0.2,0.05,False,,,,
North,2580,-1,2400,0,0.5,0.2,0.1,False,,,,
North,2580,-1,2400,0,0.5,0.3,0.01,False,,,,
North,2580,-1,2400,0,0.5,0.3,0.05,False,,,,
North,2580,-1,2400,0,0.5,0.3,0.1,False,,,,
North,2580,-1,2400,0,1.0,0,0.01,False,,,,
North,2580,-1,2400,0,1.0,0,0.05,False,,,,
North,2580,-1,2400,0,1.0,0,0.1,True,0.0,0.0,0.06474820143884892,0.06474820143884892
North,2580,-1,2400,0,1.0,0.05,0.01,False,,,,
North,2580,-1,2400,0,1.0,0.05,0.05,False,,,,
North,2580,-1,2400,0,1.0,0.05,0.1,True,0.0,0.03659447348767737,0.06474820143884892,0.09634055265123226
North,2580,-1,2400,0,1.0,0.1,0.01,False,,,,
North,2580,-1,2400,0,1.0,0.1,0.05,False,,,,
North,2580,-1,2400,0,1.0,0.1,0.1,True,0.0,0.03659447348767737,0.06474820143884892,0.09634055265123226
North,2580,-1,2400,0,1.0,0.2,0.01,False,,,,
North,2580,-1,2400,0,1.0,0.2,0.05,False,,,,
North,2580,-1,2400,0,1.0,0.2,0.1,True,0.0,0.03659447348767737,0.06474820143884892,0.09634055265123226
North,2580,-1,2400,0,1.0,0.3,0.01,False,,,,
North,2580,-1,2400,0,1.0,0.3,0.05,False,,,,
North,2580,-1,2400,0,1.0,0.3,0.1,True,0.0,0.03659447348767737,0.06474820143884892,0.09634055265123226
North,2580,-1,2400,1000,0.25,0,0.01,False,,,,
North,2580,-1,2400,1000,0.25,0,0.05,False,,,,
North,2580,-1,2400,1000,0.25,0,0.1,False,,,,
North,2580,-1,2400,1000,0.25,0.05,0.01,False,,,,
North,2580,-1,2400,1000,0.25,0.05,0.05,False,,,,
North,2580,-1,2400,1000,0.25,0.05,0.1,False,,,,
North,2580,-1,2400,1000,0.25,0.1,0.01,False,,,,
North,2580,-1,2400,1000,0.25,0.1,0.05,False,,,,
North,2580,-1,2400,1000,0.25,0.1,0.1,False,,,,
North,2580,-1,2400,1000,0.25,0.2,0.01,False,,,,
North,2580,-1,2400,1000,0.25,0.2,0.05,False,,,,
North,2580,-1,2400,1000,0.25,0.2,0.1,False,,,,
North,2580,-1,2400,1000,0.25,0.3,0.01,False,,,,
North,2580,-1,2400,1000,0.25,0.3,0.05,False,,,,
North,2580,-1,2400,1000,0.25,0.3,0.1,False,,,,
North,2580,-1,2400,1000,0.5,0,0.01,False,,,,
North,2580,-1,2400,1000,0.5,0,0.05,False,,,,
North,2580,-1,2400,1000,0.5,0,0.1,False,,,,
North,2580,-1,2400,1000,0.5,0.05,0.01,False,,,,
North,2580,-1,2400,1000,0.5,0.05,0.05,False,,,,
North,2580,-1,2400,1000,0.5,0.05,0.1,False,,,,
North,2580,-1,2400,1000,0.5,0.1,0.01,False,,,,
North,2580,-1,2400,1000,0.5,0.1,0.05,False,,,,
North,2580,-1,2400,1000,0.5,0.1,0.1,False,,,,
North,2580,-1,2400,1000,0.5,0.2,0.01,False,,,,
North,2580,-1,2400,1000,0.5,0.2,0.05,False,,,,
North,2580,-1,2400,1000,0.5,0.2,0.1,False,,,,
North,2580,-1,2400,1000,0.5,0.3,0.01,False,,,,
North,2580,-1,2400,1000,0.5,0.3,0.05,False,,,,
North,2580,-1,2400,1000,0.5,0.3,0.1,False,,,,
North,2580,-1,2400,1000,1.0,0,0.01,False,,,,
North,2580,-1,2400,1000,1.0,0,0.05,False,,,,
North,2580,-1,2400,1000,1.0,0,0.1,True,0.0,0.0,0.06474820143884892,0.06474820143884892
North,2580,-1,2400,1000,1.0,0.05,0.01,False,,,,
North,2580,-1,2400,1000,1.0,0.05,0.05,False,,,,
North,2580,-1,2400,1000,1.0,0.05,0.1,True,0.0,0.05,0.06474820143884892,0.08992805755395683
North,2580,-1,2400,1000,1.0,0.1,0.01,False,,,,
North,2580,-1,2400,1000,1.0,0.1,0.05,False,,,,
North,2580,-1,2400,1000,1.0,0.1,0.1,True,0.0,0.058402860548271755,0.06474820143884892,0.09415971394517282
North,2580,-1,2400,1000,1.0,0.2,0.01,False,,,,
North,2580,-1,2400,1000,1.0,0.2,0.05,False,,,,
North,2580,-1,2400,1000,1.0,0.2,0.1,True,0.0,0.058402860548271755,0.06474820143884892,0.09415971394517282
North,2580,-1,2400,1000,1.0,0.3,0.01,False,,,,
North,2580,-1,2400,1000,1.0,0.3,0.05,False,,,,
North,2580,-1,2400,1000,1.0,0.3,0.1,True,0.0,0.058402860548271755,0.06474820143884892,0.09415971394517282
North,2580,-1,2600,0,0.25,0,0.01,False,,,,
North,2580,-1,2600,0,0.25,0,0.05,False,,,,
North,2580,-1,2600,0,0.25,0,0.1,False,,,,
North,2580,-1,2600,0,0.25,0.05,0.01,True,0.007692307692307693,0.010147902319246416,0.0,0.009898520976807258
North,2580,-1,2600,0,0.25,0.05,0.05,True,0.007692307692307693,0.019849938265742235,0.0,0.04900750308671288
North,2580,-1,2600,0,0.25,0.05,0.1,True,0.007692307692307693,0.03171326702946144,0.0,0.09682867329705384
North,2580,-1,2600,0,0.25,0.1,0.01,True,0.007692307692307693,0.010147902319246416,0.0,0.009898520976807258
North,2580,-1,2600,0,0.25,0.1,0.05,True,0.007692307692307693,0.019849938265742235,0.0,0.04900750308671288
North,2580,-1,2600,0,0.25,0.1,0.1,True,0.007692307692307693,0.03171326702946144,0.0,0.09682867329705384
North,2580,-1,2600,0,0.25,0.2,0.01,True,0.007692307692307693,0.010147902319246416,0.0,0.009898520976807258
North,2580,-1,2600,0,0.25,0.2,0.05,True,0.007692307692307693,0.019849938265742235,0.0,0.04900750308671288
North,2580,-1,2600,0,0.25,0.2,0.1,True,0.007692307692307693,0.03171326702946144,0.0,0.09682867329705384
North,2580,-1,2600,0,0.25,0.3,0.01,True,0.007692307692307693,0.010147902319246416,0.0,0.009898520976807258
North,2580,-1,2600,0,0.25,0.3,0.05,True,0.007692307692307693,0.019849938265742235,0.0,0.04900750308671288
North,2580,-1,2600,0,0.25,0.3,0.1,True,0.007692307692307693,0.03171326702946144,0.0,0.09682867329705384
North,2580,-1,2600,0,0.5,0,0.01,False,,,,
North,2580,-1,2600,0,0.5,0,0.05,False,,,,
North,2580,-1,2600,0,0.5,0,0.1,False,,,,
North,2580,-1,2600,0,0.5,0.05,0.01,True,0.007692307692307693,0.012591373569597034,0.0,0.0098740862643041
North,2580,-1,2600,0,0.5,0.05,0.05,True,0.007692307692307693,0.03171326702946144,0.0,0.04841433664852692
North,2580,-1,2600,0,0.5,0.05,0.1,True,0.007692307692307693,0.05,0.0,0.08527131782945736
North,2580,-1,2600,0,0.5,0.1,0.01,True,0.007692307692307693,0.012591373569597034,0.0,0.0098740862643041
North,2580,-1,2600,0,0.5,0.1,0.05,True,0.007692307692307693,0.03171326702946144,0.0,0.04841433664852692
North,2580,-1,2600,0,0.5,0.1,0.1,True,0.007692307692307693,0.054598754122389154,0.0,0.09454012458776108
North,2580,-1,2600,0,0.5,0.2,0.01,True,0.007692307692307693,0.012591373569597034,0.0,0.0098740862643041
North,2580,-1,2600,0,0.5,0.2,0.05,True,0.007692307692307693,0.03171326702946144,0.0,0.04841433664852692
North,2580,-1,2600,0,0.5,0.2,0.1,True,0.007692307692307693,0.054598754122389154,0.0,0.09454012458776108
North,2580,-1,2600,0,0.5,0.3,0.01,True,0.007692307692307693,0.012591373569597034,0.0,0.0098740862643041
North,2580,-1,2600,0,0.5,0.3,0.05,True,0.007692307692307693,0.03171326702946144,0.0,0.04841433664852692
North,2580,-1,2600,0,0.5,0.3,0.1,True,0.007692307692307693,0.054598754122389154,0.0,0.09454012458776108
North,2580,-1,2600,0,1.0,0,0.01,False,,,,
North,2580,-1,2600,0,1.0,0,0.05,False,,,,
North,2580,-1,2600,0,1.0,0,0.1,False,,,,
North,2580,-1,2600,0,1.0,0.05,0.01,True,0.007692307692307693,0.01744230329804257,0.0,0.009825576967019644
North,2580,-1,2600,0,1.0,0.05,0.05,True,0.007692307692307693,0.05,0.0,0.04263565891472868
North,2580,-1,2600,0,1.0,0.05,0.1,True,0.007692307692307693,0.05,0.0,0.04263565891472868
North,2580,-1,2600,0,1.0,0.1,0.01,True,0.007692307692307693,0.01744230329804257,0.0,0.009825576967019644
North,2580,-1,2600,0,1.0,0.1,0.05,True,0.007692307692307693,0.054598754122389154,0.0,0.04727006229388054
North,2580,-1,2600,0,1.0,0.1,0.1,True,0.007692307692307693,0.09727081875437368,0.0,0.09027291812456262
North,2580,-1,2600,0,1.0,0.2,0.01,True,0.007692307692307693,0.01744230329804257,0.0,0.009825576967019644
North,2580,-1,2600,0,1.0,0.2,0.05,True,0.007692307692307693,0.054598754122389154,0.0,0.04727006229388054
North,2580,-1,2600,0,1.0,0.2,0.1,True,0.007692307692307693,0.09727081875437368,0.0,0.09027291812456262
North,2580,-1,2600,0,1.0,0.3,0.01,True,0.007692307692307693,0.01744230329804257,0.0,0.009825576967019644
North,2580,-1,2600,0,1.0,0.3,0.05,True,0.007692307692307693,0.054598754122389154,0.0,0.04727006229388054
North,2580,-1,2600,0,1.0,0.3,0.1,True,0.007692307692307693,0.09727081875437368,0.0,0.09027291812456262
North,2580,-1,2600,1000,0.25,0,0.01,False,,,,
North,2580,-1,2600,1000,0.25,0,0.05,False,,,,
North,2580,-1,2600,1000,0.25,0,0.1,False,,,,
North,2580,-1,2600,1000,0.25,0.05,0.01,True,0.0125,0.01646487596875086,0.0,0.009835351240312212
North,2580,-1,2600,1000,0.25,0.05,0.05,True,0.0125,0.032011027722468985,0.0,0.04839944861387655
North,2580,-1,2600,1000,0.25,0.05,0.1,True,0.0125,0.05,0.0,0.09302325581395349
North,2580,-1,2600,1000,0.25,0.1,0.01,True,0.0125,0.01646487596875086,0.0,0.009835351240312212
North,2580,-1,2600,1000,0.25,0.1,0.05,True,0.0125,0.032011027722468985,0.0,0.04839944861387655
North,2580,-1,2600,1000,0.25,0.1,0.1,True,0.0125,0.05076599579453289,0.0,0.0949234004205467
North,2580,-1,2600,1000,0.25,0.2,0.01,True,0.0125,0.01646487596875086,0.0,0.009835351240312212
North,2580,-1,2600,1000,0.25,0.2,0.05,True,0.0125,0.032011027722468985,0.0,0.04839944861387655
North,2580,-1,2600,1000,0.25,0.2,0.1,True,0.0125,0.05076599579453289,0.0,0.0949234004205467
North,2580,-1,2600,1000,0.25,0.3,0.01,True,0.0125,0.01646487596875086,0.0,0.009835351240312212
North,2580,-1,2600,1000,0.25,0.3,0.05,True,0.0125,0.032011027722468985,0.0,0.04839944861387655
North,2580,-1,2600,1000,0.25,0.3,0.1,True,0.0125,0.05076599579453289,0.0,0.0949234004205467
North,2580,-1,2600,1000,0.5,0,0.01,False,,,,
North,2580,-1,2600,1000,0.5,0,0.05,False,,,,
North,2580,-1,2600,1000,0.5,0,0.1,False,,,,
North,2580,-1,2600,1000,0.5,0.05,0.01,True,0.0125,0.020398040796081648,0.0,0.009796019592039252
North,2580,-1,2600,1000,0.5,0.05,0.05,True,0.0125,0.05,0.0,0.046511627906976744
North,2580,-1,2600,1000,0.5,0.05,0.1,True,0.0125,0.05,0.0,0.046511627906976744
North,2580,-1,2600,1000,0.5,0.1,0.01,True,0.0125,0.020398040796081648,0.0,0.009796019592039252
North,2580,-1,2600,1000,0.5,0.1,0.05,True,0.0125,0.05076599579453289,0.0,0.04746170021027335
North,2580,-1,2600,1000,0.5,0.1,0.1,True,0.0125,0.08617698091382302,0.0,0.0913823019086177
North,2580,-1,2600,1000,0.5,0.2,0.01,True,0.0125,0.020398040796081648,0.0,0.009796019592039252
North,2580,-1,2600,1000,0.5,0.2,0.05,True,0.0125,0.05076599579453289,0.0,0.04746170021027335
North,2580,-1,2600,1000,0.5,0.2,0.1,True,0.0125,0.08617698091382302,0.0,0.0913823019086177
North,2580,-1,2600,1000,0.5,0.3,0.01,True,0.0125,0.020398040796081648,0.0,0.009796019592039252
North,2580,-1,2600,1000,0.5,0.3,0.05,True,0.0125,0.05076599579453289,0.0,0.04746170021027335
North,2580,-1,2600,1000,0.5,0.3,0.1,True,0.0125,0.08617698091382302,0.0,0.0913823019086177
North,2580,-1,2600,1000,1.0,0,0.01,False,,,,
North,2580,-1,2600,1000,1.0,0,0.05,False,,,,
North,2580,-1,2600,1000,1.0,0,0.1,False,,,,
North,2580,-1,2600,1000,1.0,0.05,0.01,True,0.0125,0.028170746709312446,0.0,0.009718292532906944
North,2580,-1,2600,1000,1.0,0.05,0.05,True,0.0125,0.05,0.0,0.023255813953488372
North,2580,-1,2600,1000,1.0,0.05,0.1,True,0.0125,0.05,0.0,0.023255813953488372
North,2580,-1,2600,1000,1.0,0.1,0.01,True,0.0125,0.028170746709312446,0.0,0.009718292532906944
North,2580,-1,2600,1000,1.0,0.1,0.05,True,0.0125,0.08617698091382302,0.0,0.04569115095430885
North,2580,-1,2600,1000,1.0,0.1,0.1,True,0.0125,0.1,0.0,0.05426356589147287
North,2580,-1,2600,1000,1.0,0.2,0.01,True,0.0125,0.028170746709312446,0.0,0.009718292532906944
North,2580,-1,2600,1000,1.0,0.2,0.05,True,0.0125,0.08617698091382302,0.0,0.04569115095430885
North,2580,-1,2600,1000,1.0,0.2,0.1,True,0.0125,0.1496232508073197,0.0,0.08503767491926803
North,2580,-1,2600,1000,1.0,0.3,0.01,True,0.0125,0.028170746709312446,0.0,0.009718292532906944
North,2580,-1,2600,1000,1.0,0.3,0.05,True,0.0125,0.08617698091382302,0.0,0.04569115095430885
North,2580,-1,2600,1000,1.0,0.3,0.1,True,0.0125,0.1496232508073197,0.0,0.08503767491926803
North,2580,-1,2700,0,0.25,0,0.01,False,,,,
North,2580,-1,2700,0,0.25,0,0.05,False,,,,
North,2580,-1,2700,0,0.25,0,0.1,False,,,,
North,2580,-1,2700,0,0.25,0.05,0.01,True,0.044444444444444446,0.046633656049072436,0.0,0.009533663439508991
North,2580,-1,2700,0,0.25,0.05,0.05,True,0.044444444444444446,0.05,0.0,0.024193548387096774
North,2580,-1,2700,0,0.25,0.05,0.1,True,0.044444444444444446,0.05,0.0,0.024193548387096774
North,2580,-1,2700,0,0.25,0.1,0.01,True,0.044444444444444446,0.046633656049072436,0.0,0.009533663439508991
North,2580,-1,2700,0,0.25,0.1,0.05,True,0.044444444444444446,0.055291102160380814,0.0,0.04723544489198098
North,2580,-1,2700,0,0.25,0.1,0.1,True,0.044444444444444446,0.06589427950760318,0.0,0.09341057204923965
North,2580,-1,2700,0,0.25,0.2,0.01,True,0.044444444444444446,0.046633656049072436,0.0,0.009533663439508991
North,2580,-1,2700,0,0.25,0.2,0.05,True,0.044444444444444446,0.055291102160380814,0.0,0.04723544489198098
North,2580,-1,2700,0,0.25,0.2,0.1,True,0.044444444444444446,0.06589427950760318,0.0,0.09341057204923965
North,2580,-1,2700,0,0.25,0.3,0.01,True,0.044444444444444446,0.046633656049072436,0.0,0.009533663439508991
North,2580,-1,2700,0,0.25,0.3,0.05,True,0.044444444444444446,0.055291102160380814,0.0,0.04723544489198098
North,2580,-1,2700,0,0.25,0.3,0.1,True,0.044444444444444446,0.06589427950760318,0.0,0.09341057204923965
North,2580,-1,2700,0,0.5,0,0.01,False,,,,
North,2580,-1,2700,0,0.5,0,0.05,False,,,,
North,2580,-1,2700,0,0.5,0,0.1,False,,,,
North,2580,-1,2700,0,0.5,0.05,0.01,True,0.044444444444444446,0.04881285946025663,0.0,0.009511871405397512
North,2580,-1,2700,0,0.5,0.05,0.05,True,0.044444444444444446,0.05,0.0,0.012096774193548387
North,2580,-1,2700,0,0.5,0.05,0.1,True,0.044444444444444446,0.05,0.0,0.012096774193548387
North,2580,-1,2700,0,0.5,0.1,0.01,True,0.044444444444444446,0.04881285946025663,0.0,0.009511871405397512
North,2580,-1,2700,0,0.5,0.1,0.05,True,0.044444444444444446,0.06589427950760318,0.0,0.046705286024619826
North,2580,-1,2700,0,0.5,0.1,0.1,True,0.044444444444444446,0.08640226628895184,0.0,0.0913597733711048
North,2580,-1,2700,0,0.5,0.2,0.01,True,0.044444444444444446,0.04881285946025663,0.0,0.009511871405397512
North,2580,-1,2700,0,0.5,0.2,0.05,True,0.044444444444444446,0.06589427950760318,0.0,0.046705286024619826
North,2580,-1,2700,0,0.5,0.2,0.1,True,0.044444444444444446,0.08640226628895184,0.0,0.0913597733711048
North,2580,-1,2700,0,0.5,0.3,0.01,True,0.044444444444444446,0.04881285946025663,0.0,0.009511871405397512
North,2580,-1,2700,0,0.5,0.3,0.05,True,0.044444444444444446,0.06589427950760318,0.0,0.046705286024619826
North,2580,-1,2700,0,0.5,0.3,0.1,True,0.044444444444444446,0.08640226628895184,0.0,0.0913597733711048
North,2580,-1,2700,0,1.0,0,0.01,False,,,,
North,2580,-1,2700,0,1.0,0,0.05,False,,,,
North,2580,-1,2700,0,1.0,0,0.1,False,,,,
North,2580,-1,2700,0,1.0,0.05,0.01,True,0.044444444444444446,0.05,0.0,0.006048387096774193
North,2580,-1,2700,0,1.0,0.05,0.05,True,0.044444444444444446,0.05,0.0,0.006048387096774193
North,2580,-1,2700,0,1.0,0.05,0.1,True,0.044444444444444446,0.05,0.0,0.006048387096774193
North,2580,-1,2700,0,1.0,0.1,0.01,True,0.044444444444444446,0.0531415149735761,0.0,0.009468584850264307
North,2580,-1,2700,0,1.0,0.1,0.05,True,0.044444444444444446,0.08640226628895184,0.0,0.0456798866855524
North,2580,-1,2700,0,1.0,0.1,0.1,True,0.044444444444444446,0.1,0.0,0.06048387096774194
North,2580,-1,2700,0,1.0,0.2,0.01,True,0.044444444444444446,0.0531415149735761,0.0,0.009468584850264307
North,2580,-1,2700,0,1.0,0.2,0.05,True,0.044444444444444446,0.08640226628895184,0.0,0.0456798866855524
North,2580,-1,2700,0,1.0,0.2,0.1,True,0.044444444444444446,0.1248303934871099,0.0,0.08751696065128901
North,2580,-1,2700,0,1.0,0.3,0.01,True,0.044444444444444446,0.0531415149735761,0.0,0.009468584850264307
North,2580,-1,2700,0,1.0,0.3,0.05,True,0.044444444444444446,0.08640226628895184,0.0,0.0456798866855524
North,2580,-1,2700,0,1.0,0.3,0.1,True,0.044444444444444446,0.1248303934871099,0.0,0.08751696065128901
North,2580,-1,2700,1000,0.25,0,0.01,False,,,,
North,2580,-1,2700,1000,0.25,0,0.05,False,,,,
North,2580,-1,2700,1000,0.25,0,0.1,False,,,,
North,2580,-1,2700,1000,0.25,0.05,0.01,False,,,,
North,2580,-1,2700,1000,0.25,0.05,0.05,False,,,,
North,2580,-1,2700,1000,0.25,0.05,0.1,False,,,,
North,2580,-1,2700,1000,0.25,0.1,0.01,True,0.07058823529411765,0.07396553745164684,0.0,0.00926034462548328
North,2580,-1,2700,1000,0.25,0.1,0.05,True,0.07058823529411765,0.08723281340265743,0.0,0.04563835932986714
North,2580,-1,2700,1000,0.25,0.1,0.1,True,0.07058823529411765,0.1,0.0,0.08064516129032258
North,2580,-1,2700,1000,0.25,0.2,0.01,True,0.07058823529411765,0.07396553745164684,0.0,0.00926034462548328
North,2580,-1,2700,1000,0.25,0.2,0.05,True,0.07058823529411765,0.08723281340265743,0.0,0.04563835932986714
North,2580,-1,2700,1000,0.25,0.2,0.1,True,0.07058823529411765,0.10329171396140749,0.0,0.08967082860385923
North,2580,-1,2700,1000,0.25,0.3,0.01,True,0.07058823529411765,0.07396553745164684,0.0,0.00926034462548328
North,2580,-1,2700,1000,0.25,0.3,0.05,True,0.07058823529411765,0.08723281340265743,0.0,0.04563835932986714
North,2580,-1,2700,1000,0.25,0.3,0.1,True,0.07058823529411765,0.10329171396140749,0.0,0.08967082860385923
North,2580,-1,2700,1000,0.5,0,0.01,False,,,,
North,2580,-1,2700,1000,0.5,0,0.05,False,,,,
North,2580,-1,2700,1000,0.5,0,0.1,False,,,,
North,2580,-1,2700,1000,0.5,0.05,0.01,False,,,,
North,2580,-1,2700,1000,0.5,0.05,0.05,False,,,,
North,2580,-1,2700,1000,0.5,0.05,0.1,False,,,,
North,2580,-1,2700,1000,0.5,0.1,0.01,True,0.07058823529411765,0.07731838355524415,0.0,0.009226816164447626
North,2580,-1,2700,1000,0.5,0.1,0.05,True,0.07058823529411765,0.1,0.0,0.04032258064516129
North,2580,-1,2700,1000,0.5,0.1,0.1,True,0.07058823529411765,0.1,0.0,0.04032258064516129
North,2580,-1,2700,1000,0.5,0.2,0.01,True,0.07058823529411765,0.07731838355524415,0.0,0.009226816164447626
North,2580,-1,2700,1000,0.5,0.2,0.05,True,0.07058823529411765,0.10329171396140749,0.0,0.04483541430192962
North,2580,-1,2700,1000,0.5,0.2,0.1,True,0.07058823529411765,0.1337719298245614,0.0,0.08662280701754385
North,2580,-1,2700,1000,0.5,0.3,0.01,True,0.07058823529411765,0.07731838355524415,0.0,0.009226816164447626
North,2580,-1,2700,1000,0.5,0.3,0.05,True,0.07058823529411765,0.10329171396140749,0.0,0.04483541430192962
North,2580,-1,2700,1000,0.5,0.3,0.1,True,0.07058823529411765,0.1337719298245614,0.0,0.08662280701754385
North,2580,-1,2700,1000,1.0,0,0.01,False,,,,
North,2580,-1,2700,1000,1.0,0,0.05,False,,,,
North,2580,-1,2700,1000,1.0,0,0.1,False,,,,
North,2580,-1,2700,1000,1.0,0.05,0.01,False,,,,
North,2580,-1,2700,1000,1.0,0.05,0.05,False,,,,
North,2580,-1,2700,1000,1.0,0.05,0.1,False,,,,
North,2580,-1,2700,1000,1.0,0.1,0.01,True,0.07058823529411765,0.0839517625231912,0.0,0.009160482374768157
North,2580,-1,2700,1000,1.0,0.1,0.05,True,0.07058823529411765,0.1,0.0,0.020161290322580645
North,2580,-1,2700,1000,1.0,0.1,0.1,True,0.07058823529411765,0.1,0.0,0.020161290322580645
North,2580,-1,2700,1000,1.0,0.2,0.01,True,0.07058823529411765,0.0839517625231912,0.0,0.009160482374768157
North,2580,-1,2700,1000,1.0,0.2,0.05,True,0.07058823529411765,0.1337719298245614,0.0,0.043311403508771926
North,2580,-1,2700,1000,1.0,0.2,0.1,True,0.07058823529411765,0.188911704312115,0.0,0.0811088295687885
North,2580,-1,2700,1000,1.0,0.3,0.01,True,0.07058823529411765,0.0839517625231912,0.0,0.009160482374768157
North,2580,-1,2700,1000,1.0,0.3,0.05,True,0.07058823529411765,0.1337719298245614,0.0,0.043311403508771926
North,2580,-1,2700,1000,1.0,0.3,0.1,True,0.07058823529411765,0.188911704312115,0.0,0.0811088295687885
North,2580,-1,2900,0,0.25,0,0.01,False,,,,
North,2580,-1,2900,0,0.25,0,0.05,False,,,,
North,2580,-1,2900,0,0.25,0,0.1,False,,,,
North,2580,-1,2900,0,0.25,0.05,0.01,False,,,,
North,2580,-1,2900,0,0.25,0.05,0.05,False,,,,
North,2580,-1,2900,0,0.25,0.05,0.1,False,,,,
North,2580,-1,2900,0,0.25,0.1,0.01,False,,,,
North,2580,-1,2900,0,0.25,0.1,0.05,False,,,,
North,2580,-1,2900,0,0.25,0.1,0.1,False,,,,
North,2580,-1,2900,0,0.25,0.2,0.01,True,0.1103448275862069,0.1120900299411501,0.0,0.008879099700588236
North,2580,-1,2900,0,0.25,0.2,0.05,True,0.1103448275862069,0.11900290250981731,0.0,0.044049854874509124
North,2580,-1,2900,0,0.25,0.2,0.1,True,0.1103448275862069,0.1274940818397024,0.0,0.0872505918160297
North,2580,-1,2900,0,0.25,0.3,0.01,True,0.1103448275862069,0.1120900299411501,0.0,0.008879099700588236
North,2580,-1,2900,0,0.25,0.3,0.05,True,0.1103448275862069,0.11900290250981731,0.0,0.044049854874509124
North,2580,-1,2900,0,0.25,0.3,0.1,True,0.1103448275862069,0.1274940818397024,0.0,0.0872505918160297
North,2580,-1,2900,0,0.5,0,0.01,False,,,,
North,2580,-1,2900,0,0.5,0,0.05,False,,,,
North,2580,-1,2900,0,0.5,0,0.1,False,,,,
North,2580,-1,2900,0,0.5,0.05,0.01,False,,,,
North,2580,-1,2900,0,0.5,0.05,0.05,False,,,,
North,2580,-1,2900,0,0.5,0.05,0.1,False,,,,
North,2580,-1,2900,0,0.5,0.1,0.01,False,,,,
North,2580,-1,2900,0,0.5,0.1,0.05,False,,,,
North,2580,-1,2900,0,0.5,0.1,0.1,False,,,,
North,2580,-1,2900,0,0.5,0.2,0.01,True,0.1103448275862069,0.11382839870852514,0.0,0.00886171601291483
North,2580,-1,2900,0,0.5,0.2,0.05,True,0.1103448275862069,0.1274940818397024,0.0,0.04362529590801485
North,2580,-1,2900,0,0.5,0.2,0.1,True,0.1103448275862069,0.14399469143994692,0.0,0.08560053085600534
North,2580,-1,2900,0,0.5,0.3,0.01,True,0.1103448275862069,0.11382839870852514,0.0,0.00886171601291483
North,2580,-1,2900,0,0.5,0.3,0.05,True,0.1103448275862069,0.1274940818397024,0.0,0.04362529590801485
North,2580,-1,2900,0,0.5,0.3,0.1,True,0.1103448275862069,0.14399469143994692,0.0,0.08560053085600534
North,2580,-1,2900,0,1.0,0,0.01,False,,,,
North,2580,-1,2900,0,1.0,0,0.05,False,,,,
North,2580,-1,2900,0,1.0,0,0.1,False,,,,
North,2580,-1,2900,0,1.0,0.05,0.01,False,,,,
North,2580,-1,2900,0,1.0,0.05,0.05,False,,,,
North,2580,-1,2900,0,1.0,0.05,0.1,False,,,,
North,2580,-1,2900,0,1.0,0.1,0.01,False,,,,
North,2580,-1,2900,0,1.0,0.1,0.05,False,,,,
North,2580,-1,2900,0,1.0,0.1,0.1,False,,,,
North,2580,-1,2900,0,1.0,0.2,0.01,True,0.1103448275862069,0.11728479540166968,0.0,0.008827152045983373
North,2580,-1,2900,0,1.0,0.2,0.05,True,0.1103448275862069,0.14399469143994692,0.0,0.04280026542800267
North,2580,-1,2900,0,1.0,0.2,0.1,True,0.1103448275862069,0.17519181585677748,0.0,0.08248081841432224
North,2580,-1,2900,0,1.0,0.3,0.01,True,0.1103448275862069,0.11728479540166968,0.0,0.008827152045983373
North,2580,-1,2900,0,1.0,0.3,0.05,True,0.1103448275862069,0.14399469143994692,0.0,0.04280026542800267
North,2580,-1,2900,0,1.0,0.3,0.1,True,0.1103448275862069,0.17519181585677748,0.0,0.08248081841432224
North,2580,-1,2900,1000,0.25,0,0.01,False,,,,
North,2580,-1,2900,1000,0.25,0,0.05,False,,,,
North,2580,-1,2900,1000,0.25,0,0.1,False,,,,
North,2580,-1,2900,1000,0.25,0.05,0.01,False,,,,
North,2580,-1,2900,1000,0.25,0.05,0.05,False,,,,
North,2580,-1,2900,1000,0.25,0.05,0.1,False,,,,
North,2580,-1,2900,1000,0.25,0.1,0.01,False,,,,
North,2580,-1,2900,1000,0.25,0.1,0.05,False,,,,
North,2580,-1,2900,1000,0.25,0.1,0.1,False,,,,
North,2580,-1,2900,1000,0.25,0.2,0.01,True,0.16842105263157894,0.17090832764863298,0.0,0.008290916723513463
North,2580,-1,2900,1000,0.25,0.2,0.05,True,0.16842105263157894,0.18071039668135858,0.0,0.0409644801659321
North,2580,-1,2900,1000,0.25,0.2,0.1,True,0.16842105263157894,0.19264179867143588,0.0,0.08073582013285645
North,2580,-1,2900,1000,0.25,0.3,0.01,True,0.16842105263157894,0.17090832764863298,0.0,0.008290916723513463
North,2580,-1,2900,1000,0.25,0.3,0.05,True,0.16842105263157894,0.18071039668135858,0.0,0.0409644801659321
North,2580,-1,2900,1000,0.25,0.3,0.1,True,0.16842105263157894,0.19264179867143588,0.0,0.08073582013285645
North,2580,-1,2900,1000,0.5,0,0.01,False,,,,
North,2580,-1,2900,1000,0.5,0,0.05,False,,,,
North,2580,-1,2900,1000,0.5,0,0.1,False,,,,
North,2580,-1,2900,1000,0.5,0.05,0.01,False,,,,
North,2580,-1,2900,1000,0.5,0.05,0.05,False,,,,
North,2580,-1,2900,1000,0.5,0.05,0.1,False,,,,
North,2580,-1,2900,1000,0.5,0.1,0.01,False,,,,
North,2580,-1,2900,1000,0.5,0.1,0.05,False,,,,
North,2580,-1,2900,1000,0.5,0.1,0.1,False,,,,
North,2580,-1,2900,1000,0.5,0.2,0.01,True,0.16842105263157894,0.17338076802343835,0.0,0.008266192319765671
North,2580,-1,2900,1000,0.5,0.2,0.05,True,0.16842105263157894,0.19264179867143588,0.0,0.040367910066428224
North,2580,-1,2900,1000,0.5,0.2,0.1,True,0.16842105263157894,0.2,0.0,0.05263157894736842
North,2580,-1,2900,1000,0.5,0.3,0.01,True,0.16842105263157894,0.17338076802343835,0.0,0.008266192319765671
North,2580,-1,2900,1000,0.5,0.3,0.05,True,0.16842105263157894,0.19264179867143588,0.0,0.040367910066428224
North,2580,-1,2900,1000,0.5,0.3,0.1,True,0.16842105263157894,0.21549155908639522,0.0,0.07845084409136045
North,2580,-1,2900,1000,1.0,0,0.01,False,,,,
North,2580,-1,2900,1000,1.0,0,0.05,False,,,,
North,2580,-1,2900,1000,1.0,0,0.1,False,,,,
North,2580,-1,2900,1000,1.0,0.05,0.01,False,,,,
North,2580,-1,2900,1000,1.0,0.05,0.05,False,,,,
North,2580,-1,2900,1000,1.0,0.05,0.1,False,,,,
North,2580,-1,2900,1000,1.0,0.1,0.01,False,,,,
North,2580,-1,2900,1000,1.0,0.1,0.05,False,,,,
North,2580,-1,2900,1000,1.0,0.1,0.1,False,,,,
North,2580,-1,2900,1000,1.0,0.2,0.01,True,0.16842105263157894,0.17828167256084884,0.0,0.008217183274391578
North,2580,-1,2900,1000,1.0,0.2,0.05,True,0.16842105263157894,0.2,0.0,0.02631578947368421
North,2580,-1,2900,1000,1.0,0.2,0.1,True,0.16842105263157894,0.2,0.0,0.02631578947368421
North,2580,-1,2900,1000,1.0,0.3,0.01,True,0.16842105263157894,0.17828167256084884,0.0,0.008217183274391578
North,2580,-1,2900,1000,1.0,0.3,0.05,True,0.16842105263157894,0.21549155908639522,0.0,0.039225422045680226
North,2580,-1,2900,1000,1.0,0.3,0.1,True,0.16842105263157894,0.2575187969924812,0.0,0.07424812030075188
North,2580,-1,3100,0,0.25,0,0.01,False,,,,
North,2580,-1,3100,0,0.25,0,0.05,False,,,,
North,2580,-1,3100,0,0.25,0,0.1,False,,,,
North,2580,-1,3100,0,0.25,0.05,0.01,False,,,,
North,2580,-1,3100,0,0.25,0.05,0.05,False,,,,
North,2580,-1,3100,0,0.25,0.05,0.1,False,,,,
North,2580,-1,3100,0,0.25,0.1,0.01,False,,,,
North,2580,-1,3100,0,0.25,0.1,0.05,False,,,,
North,2580,-1,3100,0,0.25,0.1,0.1,False,,,,
North,2580,-1,3100,0,0.25,0.2,0.01,True,0.16774193548387098,0.1691356434368156,0.0,0.008308643565631586
North,2580,-1,3100,0,0.25,0.2,0.05,True,0.16774193548387098,0.1746641074856046,0.0,0.04126679462571981
North,2580,-1,3100,0,0.25,0.2,0.1,True,0.16774193548387098,0.1814720812182741,0.0,0.08185279187817247
North,2580,-1,3100,0,0.25,0.3,0.01,True,0.16774193548387098,0.1691356434368156,0.0,0.008308643565631586
North,2580,-1,3100,0,0.25,0.3,0.05,True,0.16774193548387098,0.1746641074856046,0.0,0.04126679462571981
North,2580,-1,3100,0,0.25,0.3,0.1,True,0.16774193548387098,0.1814720812182741,0.0,0.08185279187817247
North,2580,-1,3100,0,0.5,0,0.01,False,,,,
North,2580,-1,3100,0,0.5,0,0.05,False,,,,
North,2580,-1,3100,0,0.5,0,0.1,False,,,,
North,2580,-1,3100,0,0.5,0.05,0.01,False,,,,
North,2580,-1,3100,0,0.5,0.05,0.05,False,,,,
North,2580,-1,3100,0,0.5,0.05,0.1,False,,,,
North,2580,-1,3100,0,0.5,0.1,0.01,False,,,,
North,2580,-1,3100,0,0.5,0.1,0.05,False,,,,
North,2580,-1,3100,0,0.5,0.1,0.1,False,,,,
North,2580,-1,3100,0,0.5,0.2,0.01,True,0.16774193548387098,0.17052469135802473,0.0,0.008294753086419877
North,2580,-1,3100,0,0.5,0.2,0.05,True,0.16774193548387098,0.1814720812182741,0.0,0.04092639593908624
North,2580,-1,3100,0,0.5,0.2,0.1,True,0.16774193548387098,0.1947565543071161,0.0,0.0805243445692884
North,2580,-1,3100,0,0.5,0.3,0.01,True,0.16774193548387098,0.17052469135802473,0.0,0.008294753086419877
North,2580,-1,3100,0,0.5,0.3,0.05,True,0.16774193548387098,0.1814720812182741,0.0,0.04092639593908624
North,2580,-1,3100,0,0.5,0.3,0.1,True,0.16774193548387098,0.1947565543071161,0.0,0.0805243445692884
North,2580,-1,3100,0,1.0,0,0.01,False,,,,
North,2580,-1,3100,0,1.0,0,0.05,False,,,,
North,2580,-1,3100,0,1.0,0,0.1,False,,,,
North,2580,-1,3100,0,1.0,0.05,0.01,False,,,,
North,2580,-1,3100,0,1.0,0.05,0.05,False,,,,
North,2580,-1,3100,0,1.0,0.05,0.1,False,,,,
North,2580,-1,3100,0,1.0,0.1,0.01,False,,,,
North,2580,-1,3100,0,1.0,0.1,0.05,False,,,,
North,2580,-1,3100,0,1.0,0.1,0.1,False,,,,
North,2580,-1,3100,0,1.0,0.2,0.01,True,0.16774193548387098,0.17328890028197902,0.0,0.008267110997180265
North,2580,-1,3100,0,1.0,0.2,0.05,True,0.16774193548387098,0.1947565543071161,0.0,0.0402621722846442
North,2580,-1,3100,0,1.0,0.2,0.1,True,0.16774193548387098,0.2,0.0,0.04807692307692308
North,2580,-1,3100,0,1.0,0.3,0.01,True,0.16774193548387098,0.17328890028197902,0.0,0.008267110997180265
North,2580,-1,3100,0,1.0,0.3,0.05,True,0.16774193548387098,0.1947565543071161,0.0,0.0402621722846442
North,2580,-1,3100,0,1.0,0.3,0.1,True,0.16774193548387098,0.22007255139056833,0.0,0.07799274486094321
North,2580,-1,3100,1000,0.25,0,0.01,False,,,,
North,2580,-1,3100,1000,0.25,0,0.05,False,,,,
North,2580,-1,3100,1000,0.25,0,0.1,False,,,,
North,2580,-1,3100,1000,0.25,0.05,0.01,False,,,,
North,2580,-1,3100,1000,0.25,0.05,0.05,False,,,,
North,2580,-1,3100,1000,0.25,0.05,0.1,False,,,,
North,2580,-1,3100,1000,0.25,0.1,0.01,False,,,,
North,2580,-1,3100,1000,0.25,0.1,0.05,False,,,,
North,2580,-1,3100,1000,0.25,0.1,0.1,False,,,,
North,2580,-1,3100,1000,0.25,0.2,0.01,False,,,,
North,2580,-1,3100,1000,0.25,0.2,0.05,False,,,,
North,2580,-1,3100,1000,0.25,0.2,0.1,False,,,,
North,2580,-1,3100,1000,0.25,0.3,0.01,True,0.24761904761904763,0.24947748432452968,0.0,0.007505225156754574
North,2580,-1,3100,1000,0.25,0.3,0.05,True,0.24761904761904763,0.2568203198494826,0.0,0.03715898400752604
North,2580,-1,3100,1000,0.25,0.3,0.1,True,0.24761904761904763,0.26579925650557623,0.0,0.07342007434944242
North,2580,-1,3100,1000,0.5,0,0.01,False,,,,
North,2580,-1,3100,1000,0.5,0,0.05,False,,,,
North,2580,-1,3100,1000,0.5,0,0.1,False,,,,
North,2580,-1,3100,1000,0.5,0.05,0.01,False,,,,
North,2580,-1,3100,1000,0.5,0.05,0.05,False,,,,
North,2580,-1,3100,1000,0.5,0.05,0.1,False,,,,
North,2580,-1,3100,1000,0.5,0.1,0.01,False,,,,
North,2580,-1,3100,1000,0.5,0.1,0.05,False,,,,
North,2580,-1,3100,1000,0.5,0.1,0.1,False,,,,
North,2580,-1,3100,1000,0.5,0.2,0.01,False,,,,
North,2580,-1,3100,1000,0.5,0.2,0.05,False,,,,
North,2580,-1,3100,1000,0.5,0.2,0.1,False,,,,
North,2580,-1,3100,1000,0.5,0.3,0.01,True,0.24761904761904763,0.25132676269901444,0.0,0.007486732373009904
North,2580,-1,3100,1000,0.5,0.3,0.05,True,0.24761904761904763,0.26579925650557623,0.0,0.03671003717472121
North,2580,-1,3100,1000,0.5,0.3,0.1,True,0.24761904761904763,0.2831215970961887,0.0,0.0716878402903811
North,2580,-1,3100,1000,1.0,0,0.01,False,,,,
North,2580,-1,3100,1000,1.0,0,0.05,False,,,,
North,2580,-1,3100,1000,1.0,0,0.1,False,,,,
North,2580,-1,3100,1000,1.0,0.05,0.01,False,,,,
North,2580,-1,3100,1000,1.0,0.05,0.05,False,,,,
North,2580,-1,3100,1000,1.0,0.05,0.1,False,,,,
North,2580,-1,3100,1000,1.0,0.1,0.01,False,,,,
North,2580,-1,3100,1000,1.0,0.1,0.05,False,,,,
North,2580,-1,3100,1000,1.0,0.1,0.1,False,,,,
North,2580,-1,3100,1000,1.0,0.2,0.01,False,,,,
North,2580,-1,3100,1000,1.0,0.2,0.05,False,,,,
North,2580,-1,3100,1000,1.0,0.2,0.1,False,,,,
North,2580,-1,3100,1000,1.0,0.3,0.01,True,0.24761904761904763,0.2549981139192758,0.0,0.00745001886080728
North,2580,-1,3100,1000,1.0,0.3,0.05,True,0.24761904761904763,0.2831215970961887,0.0,0.03584392014519055
North,2580,-1,3100,1000,1.0,0.3,0.1,True,0.24761904761904763,0.3,0.0,0.052884615384615384
North,2622,0,2400,0,0.25,0,0.01,False,,,,
North,2622,0,2400,0,0.25,0,0.05,False,,,,
North,2622,0,2400,0,0.25,0,0.1,False,,,,
North,2622,0,2400,0,0.25,0.05,0.01,False,,,,
North,2622,0,2400,0,0.25,0.05,0.05,False,,,,
North,2622,0,2400,0,0.25,0.05,0.1,False,,,,
North,2622,0,2400,0,0.25,0.1,0.01,False,,,,
North,2622,0,2400,0,0.25,0.1,0.05,False,,,,
North,2622,0,2400,0,0.25,0.1,0.1,False,,,,
North,2622,0,2400,0,0.25,0.2,0.01,False,,,,
North,2622,0,2400,0,0.25,0.2,0.05,False,,,,
North,2622,0,2400,0,0.25,0.2,0.1,False,,,,
North,2622,0,2400,0,0.25,0.3,0.01,False,,,,
North,2622,0,2400,0,0.25,0.3,0.05,False,,,,
North,2622,0,2400,0,0.25,0.3,0.1,False,,,,
North,2622,0,2400,0,0.5,0,0.01,False,,,,
North,2622,0,2400,0,0.5,0,0.05,False,,,,
North,2622,0,2400,0,0.5,0,0.1,False,,,,
North,2622,0,2400,0,0.5,0.05,0.01,False,,,,
North,2622,0,2400,0,0.5,0.05,0.05,False,,,,
North,2622,0,2400,0,0.5,0.05,0.1,False,,,,
North,2622,0,2400,0,0.5,0.1,0.01,False,,,,
North,2622,0,2400,0,0.5,0.1,0.05,False,,,,
North,2622,0,2400,0,0.5,0.1,0.1,False,,,,
North,2622,0,2400,0,0.5,0.2,0.01,False,,,,
North,2622,0,2400,0,0.5,0.2,0.05,False,,,,
North,2622,0,2400,0,0.5,0.2,0.1,False,,,,
North,2622,0,2400,0,0.5,0.3,0.01,False,,,,
North,2622,0,2400,0,0.5,0.3,0.05,False,,,,
North,2622,0,2400,0,0.5,0.3,0.1,False,,,,
North,2622,0,2400,0,1.0,0,0.01,False,,,,
North,2622,0,2400,0,1.0,0,0.05,False,,,,
North,2622,0,2400,0,1.0,0,0.1,True,0.0,0.0,0.07985611510791367,0.07985611510791367
North,2622,0,2400,0,1.0,0.05,0.01,False,,,,
North,2622,0,2400,0,1.0,0.05,0.05,False,,,,
North,2622,0,2400,0,1.0,0.05,0.1,True,0.0,0.020911127707244213,0.07985611510791367,0.09790888722927558
North,2622,0,2400,0,1.0,0.1,0.01,False,,,,
North,2622,0,2400,0,1.0,0.1,0.05,False,,,,
North,2622,0,2400,0,1.0,0.1,0.1,True,0.0,0.020911127707244213,0.07985611510791367,0.09790888722927558
North,2622,0,2400,0,1.0,0.2,0.01,False,,,,
North,2622,0,2400,0,1.0,0.2,0.05,False,,,,
North,2622,0,2400,0,1.0,0.2,0.1,True,0.0,0.020911127707244213,0.07985611510791367,0.09790888722927558
North,2622,0,2400,0,1.0,0.3,0.01,False,,,,
North,2622,0,2400,0,1.0,0.3,0.05,False,,,,
North,2622,0,2400,0,1.0,0.3,0.1,True,0.0,0.020911127707244213,0.07985611510791367,0.09790888722927558
North,2622,0,2400,1000,0.25,0,0.01,False,,,,
North,2622,0,2400,1000,0.25,0,0.05,False,,,,
North,2622,0,2400,1000,0.25,0,0.1,False,,,,
North,2622,0,2400,1000,0.25,0.05,0.01,False,,,,
North,2622,0,2400,1000,0.25,0.05,0.05,False,,,,
North,2622,0,2400,1000,0.25,0.05,0.1,False,,,,
North,2622,0,2400,1000,0.25,0.1,0.01,False,,,,
North,2622,0,2400,1000,0.25,0.1,0.05,False,,,,
North,2622,0,2400,1000,0.25,0.1,0.1,False,,,,
North,2622,0,2400,1000,0.25,0.2,0.01,False,,,,
North,2622,0,2400,1000,0.25,0.2,0.05,False,,,,
North,2622,0,2400,1000,0.25,0.2,0.1,False,,,,
North,2622,0,2400,1000,0.25,0.3,0.01,False,,,,
North,2622,0,2400,1000,0.25,0.3,0.05,False,,,,
North,2622,0,2400,1000,0.25,0.3,0.1,False,,,,
North,2622,0,2400,1000,0.5,0,0.01,False,,,,
North,2622,0,2400,1000,0.5,0,0.05,False,,,,
North,2622,0,2400,1000,0.5,0,0.1,False,,,,
North,2622,0,2400,1000,0.5,0.05,0.01,False,,,,
North,2622,0,2400,1000,0.5,0.05,0.05,False,,,,
North,2622,0,2400,1000,0.5,0.05,0.1,False,,,,
North,2622,0,2400,1000,0.5,0.1,0.01,False,,,,
North,2622,0,2400,1000,0.5,0.1,0.05,False,,,,
North,2622,0,2400,1000,0.5,0.1,0.1,False,,,,
North,2622,0,2400,1000,0.5,0.2,0.01,False,,,,
North,2622,0,2400,1000,0.5,0.2,0.05,False,,,,
North,2622,0,2400,1000,0.5,0.2,0.1,False,,,,
North,2622,0,2400,1000,0.5,0.3,0.01,False,,,,
North,2622,0,2400,1000,0.5,0.3,0.05,False,,,,
North,2622,0,2400,1000,0.5,0.3,0.1,False,,,,
North,2622,0,2400,1000,1.0,0,0.01,False,,,,
North,2622,0,2400,1000,1.0,0,0.05,False,,,,
North,2622,0,2400,1000,1.0,0,0.1,True,0.0,0.0,0.07985611510791367,0.07985611510791367
North,2622,0,2400,1000,1.0,0.05,0.01,False,,,,
North,2622,0,2400,1000,1.0,0.05,0.05,False,,,,
North,2622,0,2400,1000,1.0,0.05,0.1,True,0.0,0.033373063170441,0.07985611510791367,0.0966626936829559
North,2622,0,2400,1000,1.0,0.1,0.01,False,,,,
North,2622,0,2400,1000,1.0,0.1,0.05,False,,,,
North,2622,0,2400,1000,1.0,0.1,0.1,True,0.0,0.033373063170441,0.07985611510791367,0.0966626936829559
North,2622,0,2400,1000,1.0,0.2,0.01,False,,,,
North,2622,0,2400,1000,1.0,0.2,0.05,False,,,,
North,2622,0,2400,1000,1.0,0.2,0.1,True,0.0,0.033373063170441,0.07985611510791367,0.0966626936829559
North,2622,0,2400,1000,1.0,0.3,0.01,False,,,,
North,2622,0,2400,1000,1.0,0.3,0.05,False,,,,
North,2622,0,2400,1000,1.0,0.3,0.1,True,0.0,0.033373063170441,0.07985611510791367,0.0966626936829559
North,2622,0,2600,0,0.25,0,0.01,False,,,,
North,2622,0,2600,0,0.25,0,0.05,True,0.0,0.0,0.034108527131782945,0.034108527131782945
North,2622,0,2600,0,0.25,0,0.1,True,0.0,0.0,0.034108527131782945,0.034108527131782945
North,2622,0,2600,0,0.25,0.05,0.01,False,,,,
North,2622,0,2600,0,0.25,0.05,0.05,True,0.0,0.003894007028207807,0.034108527131782945,0.04980529964858961
North,2622,0,2600,0,0.25,0.05,0.1,True,0.0,0.015950459748545694,0.034108527131782945,0.09840495402514543
North,2622,0,2600,0,0.25,0.1,0.01,False,,,,
North,2622,0,2600,0,0.25,0.1,0.05,True,0.0,0.003894007028207807,0.034108527131782945,0.04980529964858961
North,2622,0,2600,0,0.25,0.1,0.1,True,0.0,0.015950459748545694,0.034108527131782945,0.09840495402514543
North,2622,0,2600,0,0.25,0.2,0.01,False,,,,
North,2622,0,2600,0,0.25,0.2,0.05,True,0.0,0.003894007028207807,0.034108527131782945,0.04980529964858961
North,2622,0,2600,0,0.25,0.2,0.1,True,0.0,0.015950459748545694,0.034108527131782945,0.09840495402514543
North,2622,0,2600,0,0.25,0.3,0.01,False,,,,
North,2622,0,2600,0,0.25,0.3,0.05,True,0.0,0.003894007028207807,0.034108527131782945,0.04980529964858961
North,2622,0,2600,0,0.25,0.3,0.1,True,0.0,0.015950459748545694,0.034108527131782945,0.09840495402514543
North,2622,0,2600,0,0.5,0,0.01,False,,,,
North,2622,0,2600,0,0.5,0,0.05,True,0.0,0.0,0.017054263565891473,0.017054263565891473
North,2622,0,2600,0,0.5,0,0.1,True,0.0,0.0,0.017054263565891473,0.017054263565891473
North,2622,0,2600,0,0.5,0.05,0.01,False,,,,
North,2622,0,2600,0,0.5,0.05,0.05,True,0.0,0.015950459748545694,0.017054263565891473,0.049202477012572715
North,2622,0,2600,0,0.5,0.05,0.1,True,0.0,0.03920850128252107,0.017054263565891473,0.09607914987174788
North,2622,0,2600,0,0.5,0.1,0.01,False,,,,
North,2622,0,2600,0,0.5,0.1,0.05,True,0.0,0.015950459748545694,0.017054263565891473,0.049202477012572715
North,2622,0,2600,0,0.5,0.1,0.1,True,0.0,0.03920850128252107,0.017054263565891473,0.09607914987174788
North,2622,0,2600,0,0.5,0.2,0.01,False,,,,
North,2622,0,2600,0,0.5,0.2,0.05,True,0.0,0.015950459748545694,0.017054263565891473,0.049202477012572715
North,2622,0,2600,0,0.5,0.2,0.1,True,0.0,0.03920850128252107,0.017054263565891473,0.09607914987174788
North,2622,0,2600,0,0.5,0.3,0.01,False,,,,
North,2622,0,2600,0,0.5,0.3,0.05,True,0.0,0.015950459748545694,0.017054263565891473,0.049202477012572715
North,2622,0,2600,0,0.5,0.3,0.1,True,0.0,0.03920850128252107,0.017054263565891473,0.09607914987174788
North,2622,0,2600,0,1.0,0,0.01,True,0.0,0.0,0.008527131782945736,0.008527131782945736
North,2622,0,2600,0,1.0,0,0.05,True,0.0,0.0,0.008527131782945736,0.008527131782945736
North,2622,0,2600,0,1.0,0,0.1,True,0.0,0.0,0.008527131782945736,0.008527131782945736
North,2622,0,2600,0,1.0,0.05,0.01,True,0.0,0.0014471780028944253,0.008527131782945736,0.009985528219971125
North,2622,0,2600,0,1.0,0.05,0.05,True,0.0,0.03920850128252107,0.008527131782945736,0.04803957493587394
North,2622,0,2600,0,1.0,0.05,0.1,True,0.0,0.05,0.008527131782945736,0.05891472868217054
North,2622,0,2600,0,1.0,0.1,0.01,True,0.0,0.0014471780028944253,0.008527131782945736,0.009985528219971125
North,2622,0,2600,0,1.0,0.1,0.05,True,0.0,0.03920850128252107,0.008527131782945736,0.04803957493587394
North,2622,0,2600,0,1.0,0.1,0.1,True,0.0,0.08257522743177047,0.008527131782945736,0.09174247725682295
North,2622,0,2600,0,1.0,0.2,0.01,True,0.0,0.0014471780028944253,0.008527131782945736,0.009985528219971125
North,2622,0,2600,0,1.0,0.2,0.05,True,0.0,0.03920850128252107,0.008527131782945736,0.04803957493587394
North,2622,0,2600,0,1.0,0.2,0.1,True,0.0,0.08257522743177047,0.008527131782945736,0.09174247725682295
North,2622,0,2600,0,1.0,0.3,0.01,True,0.0,0.0014471780028944253,0.008527131782945736,0.009985528219971125
North,2622,0,2600,0,1.0,0.3,0.05,True,0.0,0.03920850128252107,0.008527131782945736,0.04803957493587394
North,2622,0,2600,0,1.0,0.3,0.1,True,0.0,0.08257522743177047,0.008527131782945736,0.09174247725682295
North,2622,0,2600,1000,0.25,0,0.01,False,,,,
North,2622,0,2600,1000,0.25,0,0.05,True,0.0,0.0,0.034108527131782945,0.034108527131782945
North,2622,0,2600,1000,0.25,0,0.1,True,0.0,0.0,0.034108527131782945,0.034108527131782945
North,2622,0,2600,1000,0.25,0.05,0.01,False,,,,
North,2622,0,2600,1000,0.25,0.05,0.05,True,0.0,0.006279675294838413,0.034108527131782945,0.04968601623525808
North,2622,0,2600,1000,0.25,0.05,0.1,True,0.0,0.025533193151096426,0.034108527131782945,0.09744668068489036
North,2622,0,2600,1000,0.25,0.1,0.01,False,,,,
North,2622,0,2600,1000,0.25,0.1,0.05,True,0.0,0.006279675294838413,0.034108527131782945,0.04968601623525808
North,2622,0,2600,1000,0.25,0.1,0.1,True,0.0,0.025533193151096426,0.034108527131782945,0.09744668068489036
North,2622,0,2600,1000,0.25,0.2,0.01,False,,,,
North,2622,0,2600,1000,0.25,0.2,0.05,True,0.0,0.006279675294838413,0.034108527131782945,0.04968601623525808
North,2622,0,2600,1000,0.25,0.2,0.1,True,0.0,0.025533193151096426,0.034108527131782945,0.09744668068489036
North,2622,0,2600,1000,0.25,0.3,0.01,False,,,,
North,2622,0,2600,1000,0.25,0.3,0.05,True,0.0,0.006279675294838413,0.034108527131782945,0.04968601623525808
North,2622,0,2600,1000,0.25,0.3,0.1,True,0.0,0.025533193151096426,0.034108527131782945,0.09744668068489036
North,2622,0,2600,1000,0.5,0,0.01,False,,,,
North,2622,0,2600,1000,0.5,0,0.05,True,0.0,0.0,0.017054263565891473,0.017054263565891473
North,2622,0,2600,1000,0.5,0,0.1,True,0.0,0.0,0.017054263565891473,0.017054263565891473
North,2622,0,2600,1000,0.5,0.05,0.01,False,,,,
North,2622,0,2600,1000,0.5,0.05,0.05,True,0.0,0.025533193151096426,0.017054263565891473,0.04872334034244518
North,2622,0,2600,1000,0.5,0.05,0.1,True,0.0,0.05,0.017054263565891473,0.07906976744186046
North,2622,0,2600,1000,0.5,0.1,0.01,False,,,,
North,2622,0,2600,1000,0.5,0.1,0.05,True,0.0,0.025533193151096426,0.017054263565891473,0.04872334034244518
North,2622,0,2600,1000,0.5,0.1,0.1,True,0.0,0.061885482938114515,0.017054263565891473,0.09381145170618854
North,2622,0,2600,1000,0.5,0.2,0.01,False,,,,
North,2622,0,2600,1000,0.5,0.2,0.05,True,0.0,0.025533193151096426,0.017054263565891473,0.04872334034244518
North,2622,0,2600,1000,0.5,0.2,0.1,True,0.0,0.061885482938114515,0.017054263565891473,0.09381145170618854
North,2622,0,2600,1000,0.5,0.3,0.01,False,,,,
North,2622,0,2600,1000,0.5,0.3,0.05,True,0.0,0.025533193151096426,0.017054263565891473,0.04872334034244518
North,2622,0,2600,1000,0.5,0.3,0.1,True,0.0,0.061885482938114515,0.017054263565891473,0.09381145170618854
North,2622,0,2600,1000,1.0,0,0.01,True,0.0,0.0,0.008527131782945736,0.008527131782945736
North,2622,0,2600,1000,1.0,0,0.05,True,0.0,0.0,0.008527131782945736,0.008527131782945736
North,2622,0,2600,1000,1.0,0,0.1,True,0.0,0.0,0.008527131782945736,0.008527131782945736
North,2622,0,2600,1000,1.0,0.05,0.01,True,0.0,0.0023373108623448036,0.008527131782945736,0.009976626891376622
North,2622,0,2600,1000,1.0,0.05,0.05,True,0.0,0.05,0.008527131782945736,0.03953488372093023
North,2622,0,2600,1000,1.0,0.05,0.1,True,0.0,0.05,0.008527131782945736,0.03953488372093023
North,2622,0,2600,1000,1.0,0.1,0.01,True,0.0,0.0023373108623448036,0.008527131782945736,0.009976626891376622
North,2622,0,2600,1000,1.0,0.1,0.05,True,0.0,0.061885482938114515,0.008527131782945736,0.04690572585309427
North,2622,0,2600,1000,1.0,0.1,0.1,True,0.0,0.1,0.008527131782945736,0.07054263565891473
North,2622,0,2600,1000,1.0,0.2,0.01,True,0.0,0.0023373108623448036,0.008527131782945736,0.009976626891376622
North,2622,0,2600,1000,1.0,0.2,0.05,True,0.0,0.061885482938114515,0.008527131782945736,0.04690572585309427
North,2622,0,2600,1000,1.0,0.2,0.1,True,0.0,0.12701829924650163,0.008527131782945736,0.08729817007534985
North,2622,0,2600,1000,1.0,0.3,0.01,True,0.0,0.0023373108623448036,0.008527131782945736,0.009976626891376622
North,2622,0,2600,1000,1.0,0.3,0.05,True,0.0,0.061885482938114515,0.008527131782945736,0.04690572585309427
North,2622,0,2600,1000,1.0,0.3,0.1,True,0.0,0.12701829924650163,0.008527131782945736,0.08729817007534985
North,2622,0,2700,0,0.25,0,0.01,False,,,,
North,2622,0,2700,0,0.25,0,0.05,False,,,,
North,2622,0,2700,0,0.25,0,0.1,False,,,,
North,2622,0,2700,0,0.25,0.05,0.01,True,0.028888888888888888,0.031113738821964314,0.0,0.009688862611780074
North,2622,0,2700,0,0.25,0.05,0.05,True,0.028888888888888888,0.039912120102526545,0.0,0.04800439399487366
North,2622,0,2700,0,0.25,0.05,0.1,True,0.028888888888888888,0.05,0.0,0.09193548387096774
North,2622,0,2700,0,0.25,0.1,0.01,True,0.028888888888888888,0.031113738821964314,0.0,0.009688862611780074
North,2622,0,2700,0,0.25,0.1,0.05,True,0.028888888888888888,0.039912120102526545,0.0,0.04800439399487366
North,2622,0,2700,0,0.25,0.1,0.1,True,0.028888888888888888,0.05068790731354091,0.0,0.0949312092686459
North,2622,0,2700,0,0.25,0.2,0.01,True,0.028888888888888888,0.031113738821964314,0.0,0.009688862611780074
North,2622,0,2700,0,0.25,0.2,0.05,True,0.028888888888888888,0.039912120102526545,0.0,0.04800439399487366
North,2622,0,2700,0,0.25,0.2,0.1,True,0.028888888888888888,0.05068790731354091,0.0,0.0949312092686459
North,2622,0,2700,0,0.25,0.3,0.01,True,0.028888888888888888,0.031113738821964314,0.0,0.009688862611780074
North,2622,0,2700,0,0.25,0.3,0.05,True,0.028888888888888888,0.039912120102526545,0.0,0.04800439399487366
North,2622,0,2700,0,0.25,0.3,0.1,True,0.028888888888888888,0.05068790731354091,0.0,0.0949312092686459
North,2622,0,2700,0,0.5,0,0.01,False,,,,
North,2622,0,2700,0,0.5,0,0.05,False,,,,
North,2622,0,2700,0,0.5,0,0.1,False,,,,
North,2622,0,2700,0,0.5,0.05,0.01,True,0.028888888888888888,0.03332841763751662,0.0,0.009666715823624899
North,2622,0,2700,0,0.5,0.05,0.05,True,0.028888888888888888,0.05,0.0,0.04596774193548387
North,2622,0,2700,0,0.5,0.05,0.1,True,0.028888888888888888,0.05,0.0,0.04596774193548387
North,2622,0,2700,0,0.5,0.1,0.01,True,0.028888888888888888,0.03332841763751662,0.0,0.009666715823624899
North,2622,0,2700,0,0.5,0.1,0.05,True,0.028888888888888888,0.05068790731354091,0.0,0.04746560463432295
North,2622,0,2700,0,0.5,0.1,0.1,True,0.028888888888888888,0.07152974504249292,0.0,0.09284702549575072
North,2622,0,2700,0,0.5,0.2,0.01,True,0.028888888888888888,0.03332841763751662,0.0,0.009666715823624899
North,2622,0,2700,0,0.5,0.2,0.05,True,0.028888888888888888,0.05068790731354091,0.0,0.04746560463432295
North,2622,0,2700,0,0.5,0.2,0.1,True,0.028888888888888888,0.07152974504249292,0.0,0.09284702549575072
North,2622,0,2700,0,0.5,0.3,0.01,True,0.028888888888888888,0.03332841763751662,0.0,0.009666715823624899
North,2622,0,2700,0,0.5,0.3,0.05,True,0.028888888888888888,0.05068790731354091,0.0,0.04746560463432295
North,2622,0,2700,0,0.5,0.3,0.1,True,0.028888888888888888,0.07152974504249292,0.0,0.09284702549575072
North,2622,0,2700,0,1.0,0,0.01,False,,,,
North,2622,0,2700,0,1.0,0,0.05,False,,,,
North,2622,0,2700,0,1.0,0,0.1,False,,,,
North,2622,0,2700,0,1.0,0.05,0.01,True,0.028888888888888888,0.03772753963593665,0.0,0.009622724603640706
North,2622,0,2700,0,1.0,0.05,0.05,True,0.028888888888888888,0.05,0.0,0.022983870967741935
North,2622,0,2700,0,1.0,0.05,0.1,True,0.028888888888888888,0.05,0.0,0.022983870967741935
North,2622,0,2700,0,1.0,0.1,0.01,True,0.028888888888888888,0.03772753963593665,0.0,0.009622724603640706
North,2622,0,2700,0,1.0,0.1,0.05,True,0.028888888888888888,0.07152974504249292,0.0,0.04642351274787536
North,2622,0,2700,0,1.0,0.1,0.1,True,0.028888888888888888,0.1,0.0,0.07741935483870968
North,2622,0,2700,0,1.0,0.2,0.01,True,0.028888888888888888,0.03772753963593665,0.0,0.009622724603640706
North,2622,0,2700,0,1.0,0.2,0.05,True,0.028888888888888888,0.07152974504249292,0.0,0.04642351274787536
North,2622,0,2700,0,1.0,0.2,0.1,True,0.028888888888888888,0.11058344640434192,0.0,0.08894165535956579
North,2622,0,2700,0,1.0,0.3,0.01,True,0.028888888888888888,0.03772753963593665,0.0,0.009622724603640706
North,2622,0,2700,0,1.0,0.3,0.05,True,0.028888888888888888,0.07152974504249292,0.0,0.04642351274787536
North,2622,0,2700,0,1.0,0.3,0.1,True,0.028888888888888888,0.11058344640434192,0.0,0.08894165535956579
North,2622,0,2700,1000,0.25,0,0.01,False,,,,
North,2622,0,2700,1000,0.25,0,0.05,False,,,,
North,2622,0,2700,1000,0.25,0,0.1,False,,,,
North,2622,0,2700,1000,0.25,0.05,0.01,True,0.04588235294117647,0.049349431485171624,0.0,0.00950650568514801
North,2622,0,2700,1000,0.25,0.05,0.05,True,0.04588235294117647,0.05,0.0,0.01129032258064516
North,2622,0,2700,1000,0.25,0.05,0.1,True,0.04588235294117647,0.05,0.0,0.01129032258064516
North,2622,0,2700,1000,0.25,0.1,0.01,True,0.04588235294117647,0.049349431485171624,0.0,0.00950650568514801
North,2622,0,2700,1000,0.25,0.1,0.05,True,0.04588235294117647,0.06296938186019642,0.0,0.04685153090699017
North,2622,0,2700,1000,0.25,0.1,0.1,True,0.04588235294117647,0.07945516458569807,0.0,0.09205448354143017
North,2622,0,2700,1000,0.25,0.2,0.01,True,0.04588235294117647,0.049349431485171624,0.0,0.00950650568514801
North,2622,0,2700,1000,0.25,0.2,0.05,True,0.04588235294117647,0.06296938186019642,0.0,0.04685153090699017
North,2622,0,2700,1000,0.25,0.2,0.1,True,0.04588235294117647,0.07945516458569807,0.0,0.09205448354143017
North,2622,0,2700,1000,0.25,0.3,0.01,True,0.04588235294117647,0.049349431485171624,0.0,0.00950650568514801
North,2622,0,2700,1000,0.25,0.3,0.05,True,0.04588235294117647,0.06296938186019642,0.0,0.04685153090699017
North,2622,0,2700,1000,0.25,0.3,0.1,True,0.04588235294117647,0.07945516458569807,0.0,0.09205448354143017
North,2622,0,2700,1000,0.5,0,0.01,False,,,,
North,2622,0,2700,1000,0.5,0,0.05,False,,,,
North,2622,0,2700,1000,0.5,0,0.1,False,,,,
North,2622,0,2700,1000,0.5,0.05,0.01,True,0.04588235294117647,0.05,0.0,0.00564516129032258
North,2622,0,2700,1000,0.5,0.05,0.05,True,0.04588235294117647,0.05,0.0,0.00564516129032258
North,2622,0,2700,1000,0.5,0.05,0.1,True,0.04588235294117647,0.05,0.0,0.00564516129032258
North,2622,0,2700,1000,0.5,0.1,0.01,True,0.04588235294117647,0.052791403877598744,0.0,0.009472085961224085
North,2622,0,2700,1000,0.5,0.1,0.05,True,0.04588235294117647,0.07945516458569807,0.0,0.046027241770715085
North,2622,0,2700,1000,0.5,0.1,0.1,True,0.04588235294117647,0.1,0.0,0.07419354838709677
North,2622,0,2700,1000,0.5,0.2,0.01,True,0.04588235294117647,0.052791403877598744,0.0,0.009472085961224085
North,2622,0,2700,1000,0.5,0.2,0.05,True,0.04588235294117647,0.07945516458569807,0.0,0.046027241770715085
North,2622,0,2700,1000,0.5,0.2,0.1,True,0.04588235294117647,0.11074561403508772,0.0,0.08892543859649123
North,2622,0,2700,1000,0.5,0.3,0.01,True,0.04588235294117647,0.052791403877598744,0.0,0.009472085961224085
North,2622,0,2700,1000,0.5,0.3,0.05,True,0.04588235294117647,0.07945516458569807,0.0,0.046027241770715085
North,2622,0,2700,1000,0.5,0.3,0.1,True,0.04588235294117647,0.11074561403508772,0.0,0.08892543859649123
North,2622,0,2700,1000,1.0,0,0.01,False,,,,
North,2622,0,2700,1000,1.0,0,0.05,False,,,,
North,2622,0,2700,1000,1.0,0,0.1,False,,,,
North,2622,0,2700,1000,1.0,0.05,0.01,True,0.04588235294117647,0.05,0.0,0.00282258064516129
North,2622,0,2700,1000,1.0,0.05,0.05,True,0.04588235294117647,0.05,0.0,0.00282258064516129
North,2622,0,2700,1000,1.0,0.05,0.1,True,0.04588235294117647,0.05,0.0,0.00282258064516129
North,2622,0,2700,1000,1.0,0.1,0.01,True,0.04588235294117647,0.059601113172541846,0.0,0.009403988868274652
North,2622,0,2700,1000,1.0,0.1,0.05,True,0.04588235294117647,0.1,0.0,0.037096774193548385
North,2622,0,2700,1000,1.0,0.1,0.1,True,0.04588235294117647,0.1,0.0,0.037096774193548385
North,2622,0,2700,1000,1.0,0.2,0.01,True,0.04588235294117647,0.059601113172541846,0.0,0.009403988868274652
North,2622,0,2700,1000,1.0,0.2,0.05,True,0.04588235294117647,0.11074561403508772,0.0,0.044462719298245613
North,2622,0,2700,1000,1.0,0.2,0.1,True,0.04588235294117647,0.1673511293634497,0.0,0.08326488706365504
North,2622,0,2700,1000,1.0,0.3,0.01,True,0.04588235294117647,0.059601113172541846,0.0,0.009403988868274652
North,2622,0,2700,1000,1.0,0.3,0.05,True,0.04588235294117647,0.11074561403508772,0.0,0.044462719298245613
North,2622,0,2700,1000,1.0,0.3,0.1,True,0.04588235294117647,0.1673511293634497,0.0,0.08326488706365504
North,2622,0,2900,0,0.25,0,0.01,False,,,,
North,2622,0,2900,0,0.25,0,0.05,False,,,,
North,2622,0,2900,0,0.25,0,0.1,False,,,,
North,2622,0,2900,0,0.25,0.05,0.01,False,,,,
North,2622,0,2900,0,0.25,0.05,0.05,False,,,,
North,2622,0,2900,0,0.25,0.05,0.1,False,,,,
North,2622,0,2900,0,0.25,0.1,0.01,True,0.09586206896551724,0.09763568159135487,0.0,0.009023643184086164
North,2622,0,2900,0,0.25,0.1,0.05,True,0.09586206896551724,0.1,0.0,0.021052631578947368
North,2622,0,2900,0,0.25,0.1,0.1,True,0.09586206896551724,0.1,0.0,0.021052631578947368
North,2622,0,2900,0,0.25,0.2,0.01,True,0.09586206896551724,0.09763568159135487,0.0,0.009023643184086164
North,2622,0,2900,0,0.25,0.2,0.05,True,0.09586206896551724,0.10466108929486086,0.0,0.04476694553525698
North,2622,0,2900,0,0.25,0.2,0.1,True,0.09586206896551724,0.113290497125465,0.0,0.08867095028745357
North,2622,0,2900,0,0.25,0.3,0.01,True,0.09586206896551724,0.09763568159135487,0.0,0.009023643184086164
North,2622,0,2900,0,0.25,0.3,0.05,True,0.09586206896551724,0.10466108929486086,0.0,0.04476694553525698
North,2622,0,2900,0,0.25,0.3,0.1,True,0.09586206896551724,0.113290497125465,0.0,0.08867095028745357
North,2622,0,2900,0,0.5,0,0.01,False,,,,
North,2622,0,2900,0,0.5,0,0.05,False,,,,
North,2622,0,2900,0,0.5,0,0.1,False,,,,
North,2622,0,2900,0,0.5,0.05,0.01,False,,,,
North,2622,0,2900,0,0.5,0.05,0.05,False,,,,
North,2622,0,2900,0,0.5,0.05,0.1,False,,,,
North,2622,0,2900,0,0.5,0.1,0.01,True,0.09586206896551724,0.09940234938517555,0.0,0.009005976506148322
North,2622,0,2900,0,0.5,0.1,0.05,True,0.09586206896551724,0.1,0.0,0.010526315789473684
North,2622,0,2900,0,0.5,0.1,0.1,True,0.09586206896551724,0.1,0.0,0.010526315789473684
North,2622,0,2900,0,0.5,0.2,0.01,True,0.09586206896551724,0.09940234938517555,0.0,0.009005976506148322
North,2622,0,2900,0,0.5,0.2,0.05,True,0.09586206896551724,0.113290497125465,0.0,0.04433547514372679
North,2622,0,2900,0,0.5,0.2,0.1,True,0.09586206896551724,0.1300597213005972,0.0,0.08699402786994023
North,2622,0,2900,0,0.5,0.3,0.01,True,0.09586206896551724,0.09940234938517555,0.0,0.009005976506148322
North,2622,0,2900,0,0.5,0.3,0.05,True,0.09586206896551724,0.113290497125465,0.0,0.04433547514372679
North,2622,0,2900,0,0.5,0.3,0.1,True,0.09586206896551724,0.1300597213005972,0.0,0.08699402786994023
North,2622,0,2900,0,1.0,0,0.01,False,,,,
North,2622,0,2900,0,1.0,0,0.05,False,,,,
North,2622,0,2900,0,1.0,0,0.1,False,,,,
North,2622,0,2900,0,1.0,0.05,0.01,False,,,,
North,2622,0,2900,0,1.0,0.05,0.05,False,,,,
North,2622,0,2900,0,1.0,0.05,0.1,False,,,,
North,2622,0,2900,0,1.0,0.1,0.01,True,0.09586206896551724,0.1,0.0,0.005263157894736842
North,2622,0,2900,0,1.0,0.1,0.05,True,0.09586206896551724,0.1,0.0,0.005263157894736842
North,2622,0,2900,0,1.0,0.1,0.1,True,0.09586206896551724,0.1,0.0,0.005263157894736842
North,2622,0,2900,0,1.0,0.2,0.01,True,0.09586206896551724,0.10291501300123175,0.0,0.008970849869987748
North,2622,0,2900,0,1.0,0.2,0.05,True,0.09586206896551724,0.1300597213005972,0.0,0.043497013934970116
North,2622,0,2900,0,1.0,0.2,0.1,True,0.09586206896551724,0.16176470588235295,0.0,0.08382352941176471
North,2622,0,2900,0,1.0,0.3,0.01,True,0.09586206896551724,0.10291501300123175,0.0,0.008970849869987748
North,2622,0,2900,0,1.0,0.3,0.05,True,0.09586206896551724,0.1300597213005972,0.0,0.043497013934970116
North,2622,0,2900,0,1.0,0.3,0.1,True,0.09586206896551724,0.16176470588235295,0.0,0.08382352941176471
North,2622,0,2900,1000,0.25,0,0.01,False,,,,
North,2622,0,2900,1000,0.25,0,0.05,False,,,,
North,2622,0,2900,1000,0.25,0,0.1,False,,,,
North,2622,0,2900,1000,0.25,0.05,0.01,False,,,,
North,2622,0,2900,1000,0.25,0.05,0.05,False,,,,
North,2622,0,2900,1000,0.25,0.05,0.1,False,,,,
North,2622,0,2900,1000,0.25,0.1,0.01,False,,,,
North,2622,0,2900,1000,0.25,0.1,0.05,False,,,,
North,2622,0,2900,1000,0.25,0.1,0.1,False,,,,
North,2622,0,2900,1000,0.25,0.2,0.01,True,0.1463157894736842,0.14886918192790044,0.0,0.00851130818072079
North,2622,0,2900,1000,0.25,0.2,0.05,True,0.1463157894736842,0.15893181228934405,0.0,0.04205340938553277
North,2622,0,2900,1000,0.25,0.2,0.1,True,0.1463157894736842,0.1711803781297905,0.0,0.08288196218702094
North,2622,0,2900,1000,0.25,0.3,0.01,True,0.1463157894736842,0.14886918192790044,0.0,0.00851130818072079
North,2622,0,2900,1000,0.25,0.3,0.05,True,0.1463157894736842,0.15893181228934405,0.0,0.04205340938553277
North,2622,0,2900,1000,0.25,0.3,0.1,True,0.1463157894736842,0.1711803781297905,0.0,0.08288196218702094
North,2622,0,2900,1000,0.5,0,0.01,False,,,,
North,2622,0,2900,1000,0.5,0,0.05,False,,,,
North,2622,0,2900,1000,0.5,0,0.1,False,,,,
North,2622,0,2900,1000,0.5,0.05,0.01,False,,,,
North,2622,0,2900,1000,0.5,0.05,0.05,False,,,,
North,2622,0,2900,1000,0.5,0.05,0.1,False,,,,
North,2622,0,2900,1000,0.5,0.1,0.01,False,,,,
North,2622,0,2900,1000,0.5,0.1,0.05,False,,,,
North,2622,0,2900,1000,0.5,0.1,0.1,False,,,,
North,2622,0,2900,1000,0.5,0.2,0.01,True,0.1463157894736842,0.1514073454012766,0.0,0.008485926545987298
North,2622,0,2900,1000,0.5,0.2,0.05,True,0.1463157894736842,0.1711803781297905,0.0,0.04144098109351047
North,2622,0,2900,1000,0.5,0.2,0.1,True,0.1463157894736842,0.19463753723932473,0.0,0.08053624627606752
North,2622,0,2900,1000,0.5,0.3,0.01,True,0.1463157894736842,0.1514073454012766,0.0,0.008485926545987298
North,2622,0,2900,1000,0.5,0.3,0.05,True,0.1463157894736842,0.1711803781297905,0.0,0.04144098109351047
North,2622,0,2900,1000,0.5,0.3,0.1,True,0.1463157894736842,0.19463753723932473,0.0,0.08053624627606752
North,2622,0,2900,1000,1.0,0,0.01,False,,,,
North,2622,0,2900,1000,1.0,0,0.05,False,,,,
North,2622,0,2900,1000,1.0,0,0.1,False,,,,
North,2622,0,2900,1000,1.0,0.05,0.01,False,,,,
North,2622,0,2900,1000,1.0,0.05,0.05,False,,,,
North,2622,0,2900,1000,1.0,0.05,0.1,False,,,,
North,2622,0,2900,1000,1.0,0.1,0.01,False,,,,
North,2622,0,2900,1000,1.0,0.1,0.05,False,,,,
North,2622,0,2900,1000,1.0,0.1,0.1,False,,,,
North,2622,0,2900,1000,1.0,0.2,0.01,True,0.1463157894736842,0.15643852714790937,0.0,0.008435614728520965
North,2622,0,2900,1000,1.0,0.2,0.05,True,0.1463157894736842,0.19463753723932473,0.0,0.04026812313803376
North,2622,0,2900,1000,1.0,0.2,0.1,True,0.1463157894736842,0.2,0.0,0.04473684210526316
North,2622,0,2900,1000,1.0,0.3,0.01,True,0.1463157894736842,0.15643852714790937,0.0,0.008435614728520965
North,2622,0,2900,1000,1.0,0.3,0.05,True,0.1463157894736842,0.19463753723932473,0.0,0.04026812313803376
North,2622,0,2900,1000,1.0,0.3,0.1,True,0.1463157894736842,0.23778195488721804,0.0,0.07622180451127819
North,2622,0,3100,0,0.25,0,0.01,False,,,,
North,2622,0,3100,0,0.25,0,0.05,False,,,,
North,2622,0,3100,0,0.25,0,0.1,False,,,,
North,2622,0,3100,0,0.25,0.05,0.01,False,,,,
North,2622,0,3100,0,0.25,0.05,0.05,False,,,,
North,2622,0,3100,0,0.25,0.05,0.1,False,,,,
North,2622,0,3100,0,0.25,0.1,0.01,False,,,,
North,2622,0,3100,0,0.25,0.1,0.05,False,,,,
North,2622,0,3100,0,0.25,0.1,0.1,False,,,,
North,2622,0,3100,0,0.25,0.2,0.01,True,0.15419354838709678,0.15560994460904284,1.0931426704001542e-16,0.008443900553909272
North,2622,0,3100,0,0.25,0.2,0.05,True,0.15419354838709678,0.16122840690978887,1.0931426704001542e-16,0.04193857965451057
North,2622,0,3100,0,0.25,0.2,0.1,True,0.15419354838709678,0.1681472081218274,1.0931426704001542e-16,0.08318527918781714
North,2622,0,3100,0,0.25,0.3,0.01,True,0.15419354838709678,0.15560994460904284,1.0931426704001542e-16,0.008443900553909272
North,2622,0,3100,0,0.25,0.3,0.05,True,0.15419354838709678,0.16122840690978887,1.0931426704001542e-16,0.04193857965451057
North,2622,0,3100,0,0.25,0.3,0.1,True,0.15419354838709678,0.1681472081218274,1.0931426704001542e-16,0.08318527918781714
North,2622,0,3100,0,0.5,0,0.01,False,,,,
North,2622,0,3100,0,0.5,0,0.05,False,,,,
North,2622,0,3100,0,0.5,0,0.1,False,,,,
North,2622,0,3100,0,0.5,0.05,0.01,False,,,,
North,2622,0,3100,0,0.5,0.05,0.05,False,,,,
North,2622,0,3100,0,0.5,0.05,0.1,False,,,,
North,2622,0,3100,0,0.5,0.1,0.01,False,,,,
North,2622,0,3100,0,0.5,0.1,0.05,False,,,,
North,2622,0,3100,0,0.5,0.1,0.1,False,,,,
North,2622,0,3100,0,0.5,0.2,0.01,True,0.15419354838709678,0.15702160493827164,5.465713352000771e-17,0.008429783950617392
North,2622,0,3100,0,0.5,0.2,0.05,True,0.15419354838709678,0.1681472081218274,5.465713352000771e-17,0.04159263959390857
North,2622,0,3100,0,0.5,0.2,0.1,True,0.15419354838709678,0.18164794007490637,5.465713352000771e-17,0.08183520599250942
North,2622,0,3100,0,0.5,0.3,0.01,True,0.15419354838709678,0.15702160493827164,5.465713352000771e-17,0.008429783950617392
North,2622,0,3100,0,0.5,0.3,0.05,True,0.15419354838709678,0.1681472081218274,5.465713352000771e-17,0.04159263959390857
North,2622,0,3100,0,0.5,0.3,0.1,True,0.15419354838709678,0.18164794007490637,5.465713352000771e-17,0.08183520599250942
North,2622,0,3100,0,1.0,0,0.01,False,,,,
North,2622,0,3100,0,1.0,0,0.05,False,,,,
North,2622,0,3100,0,1.0,0,0.1,False,,,,
North,2622,0,3100,0,1.0,0.05,0.01,False,,,,
North,2622,0,3100,0,1.0,0.05,0.05,False,,,,
North,2622,0,3100,0,1.0,0.05,0.1,False,,,,
North,2622,0,3100,0,1.0,0.1,0.01,False,,,,
North,2622,0,3100,0,1.0,0.1,0.05,False,,,,
North,2622,0,3100,0,1.0,0.1,0.1,False,,,,
North,2622,0,3100,0,1.0,0.2,0.01,True,0.15419354838709678,0.1598308126121508,2.7328566760003855e-17,0.008401691873878592
North,2622,0,3100,0,1.0,0.2,0.05,True,0.15419354838709678,0.18164794007490637,2.7328566760003855e-17,0.04091760299625471
North,2622,0,3100,0,1.0,0.2,0.1,True,0.15419354838709678,0.2,2.7328566760003855e-17,0.06826923076923076
North,2622,0,3100,0,1.0,0.3,0.01,True,0.15419354838709678,0.1598308126121508,2.7328566760003855e-17,0.008401691873878592
North,2622,0,3100,0,1.0,0.3,0.05,True,0.15419354838709678,0.18164794007490637,2.7328566760003855e-17,0.04091760299625471
North,2622,0,3100,0,1.0,0.3,0.1,True,0.15419354838709678,0.20737605804111245,2.7328566760003855e-17,0.07926239419588874
North,2622,0,3100,1000,0.25,0,0.01,False,,,,
North,2622,0,3100,1000,0.25,0,0.05,False,,,,
North,2622,0,3100,1000,0.25,0,0.1,False,,,,
North,2622,0,3100,1000,0.25,0.05,0.01,False,,,,
North,2622,0,3100,1000,0.25,0.05,0.05,False,,,,
North,2622,0,3100,1000,0.25,0.05,0.1,False,,,,
North,2622,0,3100,1000,0.25,0.1,0.01,False,,,,
North,2622,0,3100,1000,0.25,0.1,0.05,False,,,,
North,2622,0,3100,1000,0.25,0.1,0.1,False,,,,
North,2622,0,3100,1000,0.25,0.2,0.01,False,,,,
North,2622,0,3100,1000,0.25,0.2,0.05,False,,,,
North,2622,0,3100,1000,0.25,0.2,0.1,False,,,,
North,2622,0,3100,1000,0.25,0.3,0.01,True,0.2276190476190476,0.22952688580657413,0.0,0.007704731141933945
North,2622,0,3100,1000,0.25,0.3,0.05,True,0.2276190476190476,0.23706491063029161,0.0,0.03814675446848537
North,2622,0,3100,1000,0.25,0.3,0.1,True,0.2276190476190476,0.24628252788104088,0.0,0.07537174721189589
North,2622,0,3100,1000,0.5,0,0.01,False,,,,
North,2622,0,3100,1000,0.5,0,0.05,False,,,,
North,2622,0,3100,1000,0.5,0,0.1,False,,,,
North,2622,0,3100,1000,0.5,0.05,0.01,False,,,,
North,2622,0,3100,1000,0.5,0.05,0.05,False,,,,
North,2622,0,3100,1000,0.5,0.05,0.1,False,,,,
North,2622,0,3100,1000,0.5,0.1,0.01,False,,,,
North,2622,0,3100,1000,0.5,0.1,0.05,False,,,,
North,2622,0,3100,1000,0.5,0.1,0.1,False,,,,
North,2622,0,3100,1000,0.5,0.2,0.01,False,,,,
North,2622,0,3100,1000,0.5,0.2,0.05,False,,,,
North,2622,0,3100,1000,0.5,0.2,0.1,False,,,,
North,2622,0,3100,1000,0.5,0.3,0.01,True,0.2276190476190476,0.23142532221379836,0.0,0.0076857467778620615
North,2622,0,3100,1000,0.5,0.3,0.05,True,0.2276190476190476,0.24628252788104088,0.0,0.037685873605947946
North,2622,0,3100,1000,0.5,0.3,0.1,True,0.2276190476190476,0.26406533575317603,0.0,0.07359346642468234
North,2622,0,3100,1000,1.0,0,0.01,False,,,,
North,2622,0,3100,1000,1.0,0,0.05,False,,,,
North,2622,0,3100,1000,1.0,0,0.1,False,,,,
North,2622,0,3100,1000,1.0,0.05,0.01,False,,,,
North,2622,0,3100,1000,1.0,0.05,0.05,False,,,,
North,2622,0,3100,1000,1.0,0.05,0.1,False,,,,
North,2622,0,3100,1000,1.0,0.1,0.01,False,,,,
North,2622,0,3100,1000,1.0,0.1,0.05,False,,,,
North,2622,0,3100,1000,1.0,0.1,0.1,False,,,,
North,2622,0,3100,1000,1.0,0.2,0.01,False,,,,
North,2622,0,3100,1000,1.0,0.2,0.05,False,,,,
North,2622,0,3100,1000,1.0,0.2,0.1,False,,,,
North,2622,0,3100,1000,1.0,0.3,0.01,True,0.2276190476190476,0.23519426631459833,0.0,0.007648057336854099
North,2622,0,3100,1000,1.0,0.3,0.05,True,0.2276190476190476,0.26406533575317603,0.0,0.03679673321234117
North,2622,0,3100,1000,1.0,0.3,0.1,True,0.2276190476190476,0.2972270363951473,0.0,0.07027729636048527
North,2664,1,2400,0,0.25,0,0.01,False,,,,
North,2664,1,2400,0,0.25,0,0.05,False,,,,
North,2664,1,2400,0,0.25,0,0.1,False,,,,
North,2664,1,2400,0,0.25,0.05,0.01,False,,,,
North,2664,1,2400,0,0.25,0.05,0.05,False,,,,
North,2664,1,2400,0,0.25,0.05,0.1,False,,,,
North,2664,1,2400,0,0.25,0.1,0.01,False,,,,
North,2664,1,2400,0,0.25,0.1,0.05,False,,,,
North,2664,1,2400,0,0.25,0.1,0.1,False,,,,
North,2664,1,2400,0,0.25,0.2,0.01,False,,,,
North,2664,1,2400,0,0.25,0.2,0.05,False,,,,
North,2664,1,2400,0,0.25,0.2,0.1,False,,,,
North,2664,1,2400,0,0.25,0.3,0.01,False,,,,
North,2664,1,2400,0,0.25,0.3,0.05,False,,,,
North,2664,1,2400,0,0.25,0.3,0.1,False,,,,
North,2664,1,2400,0,0.5,0,0.01,False,,,,
North,2664,1,2400,0,0.5,0,0.05,False,,,,
North,2664,1,2400,0,0.5,0,0.1,False,,,,
North,2664,1,2400,0,0.5,0.05,0.01,False,,,,
North,2664,1,2400,0,0.5,0.05,0.05,False,,,,
North,2664,1,2400,0,0.5,0.05,0.1,False,,,,
North,2664,1,2400,0,0.5,0.1,0.01,False,,,,
North,2664,1,2400,0,0.5,0.1,0.05,False,,,,
North,2664,1,2400,0,0.5,0.1,0.1,False,,,,
North,2664,1,2400,0,0.5,0.2,0.01,False,,,,
North,2664,1,2400,0,0.5,0.2,0.05,False,,,,
North,2664,1,2400,0,0.5,0.2,0.1,False,,,,
North,2664,1,2400,0,0.5,0.3,0.01,False,,,,
North,2664,1,2400,0,0.5,0.3,0.05,False,,,,
North,2664,1,2400,0,0.5,0.3,0.1,False,,,,
North,2664,1,2400,0,1.0,0,0.01,False,,,,
North,2664,1,2400,0,1.0,0,0.05,False,,,,
North,2664,1,2400,0,1.0,0,0.1,True,0.0,0.0,0.09496402877697842,0.09496402877697842
North,2664,1,2400,0,1.0,0.05,0.01,False,,,,
North,2664,1,2400,0,1.0,0.05,0.05,False,,,,
North,2664,1,2400,0,1.0,0.05,0.1,True,0.0,0.005227781926811053,0.09496402877697842,0.09947722180731888
North,2664,1,2400,0,1.0,0.1,0.01,False,,,,
North,2664,1,2400,0,1.0,0.1,0.05,False,,,,
North,2664,1,2400,0,1.0,0.1,0.1,True,0.0,0.005227781926811053,0.09496402877697842,0.09947722180731888
North,2664,1,2400,0,1.0,0.2,0.01,False,,,,
North,2664,1,2400,0,1.0,0.2,0.05,False,,,,
North,2664,1,2400,0,1.0,0.2,0.1,True,0.0,0.005227781926811053,0.09496402877697842,0.09947722180731888
North,2664,1,2400,0,1.0,0.3,0.01,False,,,,
North,2664,1,2400,0,1.0,0.3,0.05,False,,,,
North,2664,1,2400,0,1.0,0.3,0.1,True,0.0,0.005227781926811053,0.09496402877697842,0.09947722180731888
North,2664,1,2400,1000,0.25,0,0.01,False,,,,
North,2664,1,2400,1000,0.25,0,0.05,False,,,,
North,2664,1,2400,1000,0.25,0,0.1,False,,,,
North,2664,1,2400,1000,0.25,0.05,0.01,False,,,,
North,2664,1,2400,1000,0.25,0.05,0.05,False,,,,
North,2664,1,2400,1000,0.25,0.05,0.1,False,,,,
North,2664,1,2400,1000,0.25,0.1,0.01,False,,,,
North,2664,1,2400,1000,0.25,0.1,0.05,False,,,,
North,2664,1,2400,1000,0.25,0.1,0.1,False,,,,
North,2664,1,2400,1000,0.25,0.2,0.01,False,,,,
North,2664,1,2400,1000,0.25,0.2,0.05,False,,,,
North,2664,1,2400,1000,0.25,0.2,0.1,False,,,,
North,2664,1,2400,1000,0.25,0.3,0.01,False,,,,
North,2664,1,2400,1000,0.25,0.3,0.05,False,,,,
North,2664,1,2400,1000,0.25,0.3,0.1,False,,,,
North,2664,1,2400,1000,0.5,0,0.01,False,,,,
North,2664,1,2400,1000,0.5,0,0.05,False,,,,
North,2664,1,2400,1000,0.5,0,0.1,False,,,,
North,2664,1,2400,1000,0.5,0.05,0.01,False,,,,
North,2664,1,2400,1000,0.5,0.05,0.05,False,,,,
North,2664,1,2400,1000,0.5,0.05,0.1,False,,,,
North,2664,1,2400,1000,0.5,0.1,0.01,False,,,,
North,2664,1,2400,1000,0.5,0.1,0.05,False,,,,
North,2664,1,2400,1000,0.5,0.1,0.1,False,,,,
North,2664,1,2400,1000,0.5,0.2,0.01,False,,,,
North,2664,1,2400,1000,0.5,0.2,0.05,False,,,,
North,2664,1,2400,1000,0.5,0.2,0.1,False,,,,
North,2664,1,2400,1000,0.5,0.3,0.01,False,,,,
North,2664,1,2400,1000,0.5,0.3,0.05,False,,,,
North,2664,1,2400,1000,0.5,0.3,0.1,False,,,,
North,2664,1,2400,1000,1.0,0,0.01,False,,,,
North,2664,1,2400,1000,1.0,0,0.05,False,,,,
North,2664,1,2400,1000,1.0,0,0.1,True,0.0,0.0,0.09496402877697842,0.09496402877697842
North,2664,1,2400,1000,1.0,0.05,0.01,False,,,,
North,2664,1,2400,1000,1.0,0.05,0.05,False,,,,
North,2664,1,2400,1000,1.0,0.05,0.1,True,0.0,0.00834326579261025,0.09496402877697842,0.09916567342073898
North,2664,1,2400,1000,1.0,0.1,0.01,False,,,,
North,2664,1,2400,1000,1.0,0.1,0.05,False,,,,
North,2664,1,2400,1000,1.0,0.1,0.1,True,0.0,0.00834326579261025,0.09496402877697842,0.09916567342073898
North,2664,1,2400,1000,1.0,0.2,0.01,False,,,,
North,2664,1,2400,1000,1.0,0.2,0.05,False,,,,
North,2664,1,2400,1000,1.0,0.2,0.1,True,0.0,0.00834326579261025,0.09496402877697842,0.09916567342073898
North,2664,1,2400,1000,1.0,0.3,0.01,False,,,,
North,2664,1,2400,1000,1.0,0.3,0.05,False,,,,
North,2664,1,2400,1000,1.0,0.3,0.1,True,0.0,0.00834326579261025,0.09496402877697842,0.09916567342073898
North,2664,1,2600,0,0.25,0,0.01,False,,,,
North,2664,1,2600,0,0.25,0,0.05,False,,,,
North,2664,1,2600,0,0.25,0,0.1,True,0.0,0.0,0.09922480620155039,0.09922480620155039
North,2664,1,2600,0,0.25,0.05,0.01,False,,,,
North,2664,1,2600,0,0.25,0.05,0.05,False,,,,
North,2664,1,2600,0,0.25,0.05,0.1,True,0.0,0.00018765246762994934,0.09922480620155039,0.099981234753237
North,2664,1,2600,0,0.25,0.1,0.01,False,,,,
North,2664,1,2600,0,0.25,0.1,0.05,False,,,,
North,2664,1,2600,0,0.25,0.1,0.1,True,0.0,0.00018765246762994934,0.09922480620155039,0.099981234753237
North,2664,1,2600,0,0.25,0.2,0.01,False,,,,
North,2664,1,2600,0,0.25,0.2,0.05,False,,,,
North,2664,1,2600,0,0.25,0.2,0.1,True,0.0,0.00018765246762994934,0.09922480620155039,0.099981234753237
North,2664,1,2600,0,0.25,0.3,0.01,False,,,,
North,2664,1,2600,0,0.25,0.3,0.05,False,,,,
North,2664,1,2600,0,0.25,0.3,0.1,True,0.0,0.00018765246762994934,0.09922480620155039,0.099981234753237
North,2664,1,2600,0,0.5,0,0.01,False,,,,
North,2664,1,2600,0,0.5,0,0.05,True,0.0,0.0,0.04961240310077519,0.04961240310077519
North,2664,1,2600,0,0.5,0,0.1,True,0.0,0.0,0.04961240310077519,0.04961240310077519
North,2664,1,2600,0,0.5,0.05,0.01,False,,,,
North,2664,1,2600,0,0.5,0.05,0.05,True,0.0,0.00018765246762994934,0.04961240310077519,0.0499906173766185
North,2664,1,2600,0,0.5,0.05,0.1,True,0.0,0.023818248442652987,0.04961240310077519,0.0976181751557347
North,2664,1,2600,0,0.5,0.1,0.01,False,,,,
North,2664,1,2600,0,0.5,0.1,0.05,True,0.0,0.00018765246762994934,0.04961240310077519,0.0499906173766185
North,2664,1,2600,0,0.5,0.1,0.1,True,0.0,0.023818248442652987,0.04961240310077519,0.0976181751557347
North,2664,1,2600,0,0.5,0.2,0.01,False,,,,
North,2664,1,2600,0,0.5,0.2,0.05,True,0.0,0.00018765246762994934,0.04961240310077519,0.0499906173766185
North,2664,1,2600,0,0.5,0.2,0.1,True,0.0,0.023818248442652987,0.04961240310077519,0.0976181751557347
North,2664,1,2600,0,0.5,0.3,0.01,False,,,,
North,2664,1,2600,0,0.5,0.3,0.05,True,0.0,0.00018765246762994934,0.04961240310077519,0.0499906173766185
North,2664,1,2600,0,0.5,0.3,0.1,True,0.0,0.023818248442652987,0.04961240310077519,0.0976181751557347
North,2664,1,2600,0,1.0,0,0.01,False,,,,
North,2664,1,2600,0,1.0,0,0.05,True,0.0,0.0,0.024806201550387597,0.024806201550387597
North,2664,1,2600,0,1.0,0,0.1,True,0.0,0.0,0.024806201550387597,0.024806201550387597
North,2664,1,2600,0,1.0,0.05,0.01,False,,,,
North,2664,1,2600,0,1.0,0.05,0.05,True,0.0,0.023818248442652987,0.024806201550387597,0.04880908757786735
North,2664,1,2600,0,1.0,0.05,0.1,True,0.0,0.05,0.024806201550387597,0.07519379844961241
North,2664,1,2600,0,1.0,0.1,0.01,False,,,,
North,2664,1,2600,0,1.0,0.1,0.05,True,0.0,0.023818248442652987,0.024806201550387597,0.04880908757786735
North,2664,1,2600,0,1.0,0.1,0.1,True,0.0,0.06787963610916725,0.024806201550387597,0.09321203638908328
North,2664,1,2600,0,1.0,0.2,0.01,False,,,,
North,2664,1,2600,0,1.0,0.2,0.05,True,0.0,0.023818248442652987,0.024806201550387597,0.04880908757786735
North,2664,1,2600,0,1.0,0.2,0.1,True,0.0,0.06787963610916725,0.024806201550387597,0.09321203638908328
North,2664,1,2600,0,1.0,0.3,0.01,False,,,,
North,2664,1,2600,0,1.0,0.3,0.05,True,0.0,0.023818248442652987,0.024806201550387597,0.04880908757786735
North,2664,1,2600,0,1.0,0.3,0.1,True,0.0,0.06787963610916725,0.024806201550387597,0.09321203638908328
North,2664,1,2600,1000,0.25,0,0.01,False,,,,
North,2664,1,2600,1000,0.25,0,0.05,False,,,,
North,2664,1,2600,1000,0.25,0,0.1,True,0.0,0.0,0.09922480620155039,0.09922480620155039
North,2664,1,2600,1000,0.25,0.05,0.01,False,,,,
North,2664,1,2600,1000,0.25,0.05,0.05,False,,,,
North,2664,1,2600,1000,0.25,0.05,0.1,True,0.0,0.00030039050765995795,0.09922480620155039,0.09996996094923402
North,2664,1,2600,1000,0.25,0.1,0.01,False,,,,
North,2664,1,2600,1000,0.25,0.1,0.05,False,,,,
North,2664,1,2600,1000,0.25,0.1,0.1,True,0.0,0.00030039050765995795,0.09922480620155039,0.09996996094923402
North,2664,1,2600,1000,0.25,0.2,0.01,False,,,,
North,2664,1,2600,1000,0.25,0.2,0.05,False,,,,
North,2664,1,2600,1000,0.25,0.2,0.1,True,0.0,0.00030039050765995795,0.09922480620155039,0.09996996094923402
North,2664,1,2600,1000,0.25,0.3,0.01,False,,,,
North,2664,1,2600,1000,0.25,0.3,0.05,False,,,,
North,2664,1,2600,1000,0.25,0.3,0.1,True,0.0,0.00030039050765995795,0.09922480620155039,0.09996996094923402
North,2664,1,2600,1000,0.5,0,0.01,False,,,,
North,2664,1,2600,1000,0.5,0,0.05,True,0.0,0.0,0.04961240310077519,0.04961240310077519
North,2664,1,2600,1000,0.5,0,0.1,True,0.0,0.0,0.04961240310077519,0.04961240310077519
North,2664,1,2600,1000,0.5,0.05,0.01,False,,,,
North,2664,1,2600,1000,0.5,0.05,0.05,True,0.0,0.00030039050765995795,0.04961240310077519,0.04998498047461701
North,2664,1,2600,1000,0.5,0.05,0.1,True,0.0,0.03759398496240601,0.04961240310077519,0.0962406015037594
North,2664,1,2600,1000,0.5,0.1,0.01,False,,,,
North,2664,1,2600,1000,0.5,0.1,0.05,True,0.0,0.00030039050765995795,0.04961240310077519,0.04998498047461701
North,2664,1,2600,1000,0.5,0.1,0.1,True,0.0,0.03759398496240601,0.04961240310077519,0.0962406015037594
North,2664,1,2600,1000,0.5,0.2,0.01,False,,,,
North,2664,1,2600,1000,0.5,0.2,0.05,True,0.0,0.00030039050765995795,0.04961240310077519,0.04998498047461701
North,2664,1,2600,1000,0.5,0.2,0.1,True,0.0,0.03759398496240601,0.04961240310077519,0.0962406015037594
North,2664,1,2600,1000,0.5,0.3,0.01,False,,,,
North,2664,1,2600,1000,0.5,0.3,0.05,True,0.0,0.00030039050765995795,0.04961240310077519,0.04998498047461701
North,2664,1,2600,1000,0.5,0.3,0.1,True,0.0,0.03759398496240601,0.04961240310077519,0.0962406015037594
North,2664,1,2600,1000,1.0,0,0.01,False,,,,
North,2664,1,2600,1000,1.0,0,0.05,True,0.0,0.0,0.024806201550387597,0.024806201550387597
North,2664,1,2600,1000,1.0,0,0.1,True,0.0,0.0,0.024806201550387597,0.024806201550387597
North,2664,1,2600,1000,1.0,0.05,0.01,False,,,,
North,2664,1,2600,1000,1.0,0.05,0.05,True,0.0,0.03759398496240601,0.024806201550387597,0.0481203007518797
North,2664,1,2600,1000,1.0,0.05,0.1,True,0.0,0.05,0.024806201550387597,0.05581395348837209
North,2664,1,2600,1000,1.0,0.1,0.01,False,,,,
North,2664,1,2600,1000,1.0,0.1,0.05,True,0.0,0.03759398496240601,0.024806201550387597,0.0481203007518797
North,2664,1,2600,1000,1.0,0.1,0.1,True,0.0,0.1,0.024806201550387597,0.08682170542635659
North,2664,1,2600,1000,1.0,0.2,0.01,False,,,,
North,2664,1,2600,1000,1.0,0.2,0.05,True,0.0,0.03759398496240601,0.024806201550387597,0.0481203007518797
North,2664,1,2600,1000,1.0,0.2,0.1,True,0.0,0.10441334768568353,0.024806201550387597,0.08955866523143165
North,2664,1,2600,1000,1.0,0.3,0.01,False,,,,
North,2664,1,2600,1000,1.0,0.3,0.05,True,0.0,0.03759398496240601,0.024806201550387597,0.0481203007518797
North,2664,1,2600,1000,1.0,0.3,0.1,True,0.0,0.10441334768568353,0.024806201550387597,0.08955866523143165
North,2664,1,2700,0,0.25,0,0.01,False,,,,
North,2664,1,2700,0,0.25,0,0.05,False,,,,
North,2664,1,2700,0,0.25,0,0.1,False,,,,
North,2664,1,2700,0,0.25,0.05,0.01,True,0.013333333333333334,0.01559382159485619,0.0,0.009844061784051145
North,2664,1,2700,0,0.25,0.05,0.05,True,0.013333333333333334,0.024533138044672283,0.0,0.0487733430977664
North,2664,1,2700,0,0.25,0.05,0.1,True,0.013333333333333334,0.03548153511947864,0.0,0.09645184648805212
North,2664,1,2700,0,0.25,0.1,0.01,True,0.013333333333333334,0.01559382159485619,0.0,0.009844061784051145
North,2664,1,2700,0,0.25,0.1,0.05,True,0.013333333333333334,0.024533138044672283,0.0,0.0487733430977664
North,2664,1,2700,0,0.25,0.1,0.1,True,0.013333333333333334,0.03548153511947864,0.0,0.09645184648805212
North,2664,1,2700,0,0.25,0.2,0.01,True,0.013333333333333334,0.01559382159485619,0.0,0.009844061784051145
North,2664,1,2700,0,0.25,0.2,0.05,True,0.013333333333333334,0.024533138044672283,0.0,0.0487733430977664
North,2664,1,2700,0,0.25,0.2,0.1,True,0.013333333333333334,0.03548153511947864,0.0,0.09645184648805212
North,2664,1,2700,0,0.25,0.3,0.01,True,0.013333333333333334,0.01559382159485619,0.0,0.009844061784051145
North,2664,1,2700,0,0.25,0.3,0.05,True,0.013333333333333334,0.024533138044672283,0.0,0.0487733430977664
North,2664,1,2700,0,0.25,0.3,0.1,True,0.013333333333333334,0.03548153511947864,0.0,0.09645184648805212
North,2664,1,2700,0,0.5,0,0.01,False,,,,
North,2664,1,2700,0,0.5,0,0.05,False,,,,
North,2664,1,2700,0,0.5,0,0.1,False,,,,
North,2664,1,2700,0,0.5,0.05,0.01,True,0.013333333333333334,0.017843975814776616,0.0,0.00982156024185231
North,2664,1,2700,0,0.5,0.05,0.05,True,0.013333333333333334,0.03548153511947864,0.0,0.04822592324402606
North,2664,1,2700,0,0.5,0.05,0.1,True,0.013333333333333334,0.05,0.0,0.07983870967741935
North,2664,1,2700,0,0.5,0.1,0.01,True,0.013333333333333334,0.017843975814776616,0.0,0.00982156024185231
North,2664,1,2700,0,0.5,0.1,0.05,True,0.013333333333333334,0.03548153511947864,0.0,0.04822592324402606
North,2664,1,2700,0,0.5,0.1,0.1,True,0.013333333333333334,0.056657223796033995,0.0,0.0943342776203966
North,2664,1,2700,0,0.5,0.2,0.01,True,0.013333333333333334,0.017843975814776616,0.0,0.00982156024185231
North,2664,1,2700,0,0.5,0.2,0.05,True,0.013333333333333334,0.03548153511947864,0.0,0.04822592324402606
North,2664,1,2700,0,0.5,0.2,0.1,True,0.013333333333333334,0.056657223796033995,0.0,0.0943342776203966
North,2664,1,2700,0,0.5,0.3,0.01,True,0.013333333333333334,0.017843975814776616,0.0,0.00982156024185231
North,2664,1,2700,0,0.5,0.3,0.05,True,0.013333333333333334,0.03548153511947864,0.0,0.04822592324402606
North,2664,1,2700,0,0.5,0.3,0.1,True,0.013333333333333334,0.056657223796033995,0.0,0.0943342776203966
North,2664,1,2700,0,1.0,0,0.01,False,,,,
North,2664,1,2700,0,1.0,0,0.05,False,,,,
North,2664,1,2700,0,1.0,0,0.1,False,,,,
North,2664,1,2700,0,1.0,0.05,0.01,True,0.013333333333333334,0.022313564298297187,0.0,0.0097768643570171
North,2664,1,2700,0,1.0,0.05,0.05,True,0.013333333333333334,0.05,0.0,0.039919354838709675
North,2664,1,2700,0,1.0,0.05,0.1,True,0.013333333333333334,0.05,0.0,0.039919354838709675
North,2664,1,2700,0,1.0,0.1,0.01,True,0.013333333333333334,0.022313564298297187,0.0,0.0097768643570171
North,2664,1,2700,0,1.0,0.1,0.05,True,0.013333333333333334,0.056657223796033995,0.0,0.0471671388101983
North,2664,1,2700,0,1.0,0.1,0.1,True,0.013333333333333334,0.09633649932157395,0.0,0.09036635006784262
North,2664,1,2700,0,1.0,0.2,0.01,True,0.013333333333333334,0.022313564298297187,0.0,0.0097768643570171
North,2664,1,2700,0,1.0,0.2,0.05,True,0.013333333333333334,0.056657223796033995,0.0,0.0471671388101983
North,2664,1,2700,0,1.0,0.2,0.1,True,0.013333333333333334,0.09633649932157395,0.0,0.09036635006784262
North,2664,1,2700,0,1.0,0.3,0.01,True,0.013333333333333334,0.022313564298297187,0.0,0.0097768643570171
North,2664,1,2700,0,1.0,0.3,0.05,True,0.013333333333333334,0.056657223796033995,0.0,0.0471671388101983
North,2664,1,2700,0,1.0,0.3,0.1,True,0.013333333333333334,0.09633649932157395,0.0,0.09036635006784262
North,2664,1,2700,1000,0.25,0,0.01,False,,,,
North,2664,1,2700,1000,0.25,0,0.05,False,,,,
North,2664,1,2700,1000,0.25,0,0.1,False,,,,
North,2664,1,2700,1000,0.25,0.05,0.01,True,0.021176470588235293,0.024733325518696416,0.0,0.00975266674481275
North,2664,1,2700,1000,0.25,0.05,0.05,True,0.021176470588235293,0.03870595031773541,0.0,0.04806470248411323
North,2664,1,2700,1000,0.25,0.05,0.1,True,0.021176470588235293,0.05,0.0,0.07903225806451612
North,2664,1,2700,1000,0.25,0.1,0.01,True,0.021176470588235293,0.024733325518696416,0.0,0.00975266674481275
North,2664,1,2700,1000,0.25,0.1,0.05,True,0.021176470588235293,0.03870595031773541,0.0,0.04806470248411323
North,2664,1,2700,1000,0.25,0.1,0.1,True,0.021176470588235293,0.05561861520998865,0.0,0.09443813847900112
North,2664,1,2700,1000,0.25,0.2,0.01,True,0.021176470588235293,0.024733325518696416,0.0,0.00975266674481275
North,2664,1,2700,1000,0.25,0.2,0.05,True,0.021176470588235293,0.03870595031773541,0.0,0.04806470248411323
North,2664,1,2700,1000,0.25,0.2,0.1,True,0.021176470588235293,0.05561861520998865,0.0,0.09443813847900112
North,2664,1,2700,1000,0.25,0.3,0.01,True,0.021176470588235293,0.024733325518696416,0.0,0.00975266674481275
North,2664,1,2700,1000,0.25,0.3,0.05,True,0.021176470588235293,0.03870595031773541,0.0,0.04806470248411323
North,2664,1,2700,1000,0.25,0.3,0.1,True,0.021176470588235293,0.05561861520998865,0.0,0.09443813847900112
North,2664,1,2700,1000,0.5,0,0.01,False,,,,
North,2664,1,2700,1000,0.5,0,0.05,False,,,,
North,2664,1,2700,1000,0.5,0,0.1,False,,,,
North,2664,1,2700,1000,0.5,0.05,0.01,True,0.021176470588235293,0.028264424199953335,0.0,0.009717355758000541
North,2664,1,2700,1000,0.5,0.05,0.05,True,0.021176470588235293,0.05,0.0,0.03951612903225806
North,2664,1,2700,1000,0.5,0.05,0.1,True,0.021176470588235293,0.05,0.0,0.03951612903225806
North,2664,1,2700,1000,0.5,0.1,0.01,True,0.021176470588235293,0.028264424199953335,0.0,0.009717355758000541
North,2664,1,2700,1000,0.5,0.1,0.05,True,0.021176470588235293,0.05561861520998865,0.0,0.04721906923950056
North,2664,1,2700,1000,0.5,0.1,0.1,True,0.021176470588235293,0.08771929824561403,0.0,0.0912280701754386
North,2664,1,2700,1000,0.5,0.2,0.01,True,0.021176470588235293,0.028264424199953335,0.0,0.009717355758000541
North,2664,1,2700,1000,0.5,0.2,0.05,True,0.021176470588235293,0.05561861520998865,0.0,0.04721906923950056
North,2664,1,2700,1000,0.5,0.2,0.1,True,0.021176470588235293,0.08771929824561403,0.0,0.0912280701754386
North,2664,1,2700,1000,0.5,0.3,0.01,True,0.021176470588235293,0.028264424199953335,0.0,0.009717355758000541
North,2664,1,2700,1000,0.5,0.3,0.05,True,0.021176470588235293,0.05561861520998865,0.0,0.04721906923950056
North,2664,1,2700,1000,0.5,0.3,0.1,True,0.021176470588235293,0.08771929824561403,0.0,0.0912280701754386
North,2664,1,2700,1000,1.0,0,0.01,False,,,,
North,2664,1,2700,1000,1.0,0,0.05,False,,,,
North,2664,1,2700,1000,1.0,0,0.1,False,,,,
North,2664,1,2700,1000,1.0,0.05,0.01,True,0.021176470588235293,0.035250463821892494,0.0,0.009647495361781146
North,2664,1,2700,1000,1.0,0.05,0.05,True,0.021176470588235293,0.05,0.0,0.01975806451612903
North,2664,1,2700,1000,1.0,0.05,0.1,True,0.021176470588235293,0.05,0.0,0.01975806451612903
North,2664,1,2700,1000,1.0,0.1,0.01,True,0.021176470588235293,0.035250463821892494,0.0,0.009647495361781146
North,2664,1,2700,1000,1.0,0.1,0.05,True,0.021176470588235293,0.08771929824561403,0.0,0.0456140350877193
North,2664,1,2700,1000,1.0,0.1,0.1,True,0.021176470588235293,0.1,0.0,0.05403225806451613
North,2664,1,2700,1000,1.0,0.2,0.01,True,0.021176470588235293,0.035250463821892494,0.0,0.009647495361781146
North,2664,1,2700,1000,1.0,0.2,0.05,True,0.021176470588235293,0.08771929824561403,0.0,0.0456140350877193
North,2664,1,2700,1000,1.0,0.2,0.1,True,0.021176470588235293,0.1457905544147844,0.0,0.08542094455852156
North,2664,1,2700,1000,1.0,0.3,0.01,True,0.021176470588235293,0.035250463821892494,0.0,0.009647495361781146
North,2664,1,2700,1000,1.0,0.3,0.05,True,0.021176470588235293,0.08771929824561403,0.0,0.0456140350877193
North,2664,1,2700,1000,1.0,0.3,0.1,True,0.021176470588235293,0.1457905544147844,0.0,0.08542094455852156
North,2664,1,2900,0,0.25,0,0.01,False,,,,
North,2664,1,2900,0,0.25,0,0.05,False,,,,
North,2664,1,2900,0,0.25,0,0.1,False,,,,
North,2664,1,2900,0,0.25,0.05,0.01,False,,,,
North,2664,1,2900,0,0.25,0.05,0.05,False,,,,
North,2664,1,2900,0,0.25,0.05,0.1,False,,,,
North,2664,1,2900,0,0.25,0.1,0.01,True,0.08137931034482758,0.08318133324155963,0.0,0.00916818666758409
North,2664,1,2900,0,0.25,0.1,0.05,True,0.08137931034482758,0.09031927607990439,0.0,0.045484036196004836
North,2664,1,2900,0,0.25,0.1,0.1,True,0.08137931034482758,0.09908691241122759,0.0,0.09009130875887723
North,2664,1,2900,0,0.25,0.2,0.01,True,0.08137931034482758,0.08318133324155963,0.0,0.00916818666758409
North,2664,1,2900,0,0.25,0.2,0.05,True,0.08137931034482758,0.09031927607990439,0.0,0.045484036196004836
North,2664,1,2900,0,0.25,0.2,0.1,True,0.08137931034482758,0.09908691241122759,0.0,0.09009130875887723
North,2664,1,2900,0,0.25,0.3,0.01,True,0.08137931034482758,0.08318133324155963,0.0,0.00916818666758409
North,2664,1,2900,0,0.25,0.3,0.05,True,0.08137931034482758,0.09031927607990439,0.0,0.045484036196004836
North,2664,1,2900,0,0.25,0.3,0.1,True,0.08137931034482758,0.09908691241122759,0.0,0.09009130875887723
North,2664,1,2900,0,0.5,0,0.01,False,,,,
North,2664,1,2900,0,0.5,0,0.05,False,,,,
North,2664,1,2900,0,0.5,0,0.1,False,,,,
North,2664,1,2900,0,0.5,0.05,0.01,False,,,,
North,2664,1,2900,0,0.5,0.05,0.05,False,,,,
North,2664,1,2900,0,0.5,0.05,0.1,False,,,,
North,2664,1,2900,0,0.5,0.1,0.01,True,0.08137931034482758,0.08497630006182595,0.0,0.009150236999381814
North,2664,1,2900,0,0.5,0.1,0.05,True,0.08137931034482758,0.09908691241122759,0.0,0.04504565437943862
North,2664,1,2900,0,0.5,0.1,0.1,True,0.08137931034482758,0.1,0.0,0.04736842105263158
North,2664,1,2900,0,0.5,0.2,0.01,True,0.08137931034482758,0.08497630006182595,0.0,0.009150236999381814
North,2664,1,2900,0,0.5,0.2,0.05,True,0.08137931034482758,0.09908691241122759,0.0,0.04504565437943862
North,2664,1,2900,0,0.5,0.2,0.1,True,0.08137931034482758,0.11612475116124751,0.0,0.08838752488387527
North,2664,1,2900,0,0.5,0.3,0.01,True,0.08137931034482758,0.08497630006182595,0.0,0.009150236999381814
North,2664,1,2900,0,0.5,0.3,0.05,True,0.08137931034482758,0.09908691241122759,0.0,0.04504565437943862
North,2664,1,2900,0,0.5,0.3,0.1,True,0.08137931034482758,0.11612475116124751,0.0,0.08838752488387527
North,2664,1,2900,0,1.0,0,0.01,False,,,,
North,2664,1,2900,0,1.0,0,0.05,False,,,,
North,2664,1,2900,0,1.0,0,0.1,False,,,,
North,2664,1,2900,0,1.0,0.05,0.01,False,,,,
North,2664,1,2900,0,1.0,0.05,0.05,False,,,,
North,2664,1,2900,0,1.0,0.05,0.1,False,,,,
North,2664,1,2900,0,1.0,0.1,0.01,True,0.08137931034482758,0.08854523060079382,0.0,0.009114547693992149
North,2664,1,2900,0,1.0,0.1,0.05,True,0.08137931034482758,0.1,0.0,0.02368421052631579
North,2664,1,2900,0,1.0,0.1,0.1,True,0.08137931034482758,0.1,0.0,0.02368421052631579
North,2664,1,2900,0,1.0,0.2,0.01,True,0.08137931034482758,0.08854523060079382,0.0,0.009114547693992149
North,2664,1,2900,0,1.0,0.2,0.05,True,0.08137931034482758,0.11612475116124751,0.0,0.04419376244193764
North,2664,1,2900,0,1.0,0.2,0.1,True,0.08137931034482758,0.1483375959079284,0.0,0.08516624040920714
North,2664,1,2900,0,1.0,0.3,0.01,True,0.08137931034482758,0.08854523060079382,0.0,0.009114547693992149
North,2664,1,2900,0,1.0,0.3,0.05,True,0.08137931034482758,0.11612475116124751,0.0,0.04419376244193764
North,2664,1,2900,0,1.0,0.3,0.1,True,0.08137931034482758,0.1483375959079284,0.0,0.08516624040920714
North,2664,1,2900,1000,0.25,0,0.01,False,,,,
North,2664,1,2900,1000,0.25,0,0.05,False,,,,
North,2664,1,2900,1000,0.25,0,0.1,False,,,,
North,2664,1,2900,1000,0.25,0.05,0.01,False,,,,
North,2664,1,2900,1000,0.25,0.05,0.05,False,,,,
North,2664,1,2900,1000,0.25,0.05,0.1,False,,,,
North,2664,1,2900,1000,0.25,0.1,0.01,False,,,,
North,2664,1,2900,1000,0.25,0.1,0.05,False,,,,
North,2664,1,2900,1000,0.25,0.1,0.1,False,,,,
North,2664,1,2900,1000,0.25,0.2,0.01,True,0.12421052631578948,0.12683003620716787,0.0,0.008731699637928015
North,2664,1,2900,1000,0.25,0.2,0.05,True,0.12421052631578948,0.13715322789732953,0.0,0.04314233860513354
North,2664,1,2900,1000,0.25,0.2,0.1,True,0.12421052631578948,0.14971895758814513,0.0,0.08502810424118555
North,2664,1,2900,1000,0.25,0.3,0.01,True,0.12421052631578948,0.12683003620716787,0.0,0.008731699637928015
North,2664,1,2900,1000,0.25,0.3,0.05,True,0.12421052631578948,0.13715322789732953,0.0,0.04314233860513354
North,2664,1,2900,1000,0.25,0.3,0.1,True,0.12421052631578948,0.14971895758814513,0.0,0.08502810424118555
North,2664,1,2900,1000,0.5,0,0.01,False,,,,
North,2664,1,2900,1000,0.5,0,0.05,False,,,,
North,2664,1,2900,1000,0.5,0,0.1,False,,,,
North,2664,1,2900,1000,0.5,0.05,0.01,False,,,,
North,2664,1,2900,1000,0.5,0.05,0.05,False,,,,
North,2664,1,2900,1000,0.5,0.05,0.1,False,,,,
North,2664,1,2900,1000,0.5,0.1,0.01,False,,,,
North,2664,1,2900,1000,0.5,0.1,0.05,False,,,,
North,2664,1,2900,1000,0.5,0.1,0.1,False,,,,
North,2664,1,2900,1000,0.5,0.2,0.01,True,0.12421052631578948,0.12943392277911484,0.0,0.008705660772208926
North,2664,1,2900,1000,0.5,0.2,0.05,True,0.12421052631578948,0.14971895758814513,0.0,0.042514052120592775
North,2664,1,2900,1000,0.5,0.2,0.1,True,0.12421052631578948,0.17378351539225423,0.0,0.08262164846077459
North,2664,1,2900,1000,0.5,0.3,0.01,True,0.12421052631578948,0.12943392277911484,0.0,0.008705660772208926
North,2664,1,2900,1000,0.5,0.3,0.05,True,0.12421052631578948,0.14971895758814513,0.0,0.042514052120592775
North,2664,1,2900,1000,0.5,0.3,0.1,True,0.12421052631578948,0.17378351539225423,0.0,0.08262164846077459
North,2664,1,2900,1000,1.0,0,0.01,False,,,,
North,2664,1,2900,1000,1.0,0,0.05,False,,,,
North,2664,1,2900,1000,1.0,0,0.1,False,,,,
North,2664,1,2900,1000,1.0,0.05,0.01,False,,,,
North,2664,1,2900,1000,1.0,0.05,0.05,False,,,,
North,2664,1,2900,1000,1.0,0.05,0.1,False,,,,
North,2664,1,2900,1000,1.0,0.1,0.01,False,,,,
North,2664,1,2900,1000,1.0,0.1,0.05,False,,,,
North,2664,1,2900,1000,1.0,0.1,0.1,False,,,,
North,2664,1,2900,1000,1.0,0.2,0.01,True,0.12421052631578948,0.1345953817349699,0.0,0.008654046182650364
North,2664,1,2900,1000,1.0,0.2,0.05,True,0.12421052631578948,0.17378351539225423,0.0,0.041310824230387296
North,2664,1,2900,1000,1.0,0.2,0.1,True,0.12421052631578948,0.2,0.0,0.06315789473684211
North,2664,1,2900,1000,1.0,0.3,0.01,True,0.12421052631578948,0.1345953817349699,0.0,0.008654046182650364
North,2664,1,2900,1000,1.0,0.3,0.05,True,0.12421052631578948,0.17378351539225423,0.0,0.041310824230387296
North,2664,1,2900,1000,1.0,0.3,0.1,True,0.12421052631578948,0.21804511278195488,0.0,0.07819548872180451
North,2664,1,3100,0,0.25,0,0.01,False,,,,
North,2664,1,3100,0,0.25,0,0.05,False,,,,
North,2664,1,3100,0,0.25,0,0.1,False,,,,
North,2664,1,3100,0,0.25,0.05,0.01,False,,,,
North,2664,1,3100,0,0.25,0.05,0.05,False,,,,
North,2664,1,3100,0,0.25,0.05,0.1,False,,,,
North,2664,1,3100,0,0.25,0.1,0.01,False,,,,
North,2664,1,3100,0,0.25,0.1,0.05,False,,,,
North,2664,1,3100,0,0.25,0.1,0.1,False,,,,
North,2664,1,3100,0,0.25,0.2,0.01,True,0.1406451612903226,0.14208424578127007,1.0931426704001542e-16,0.008579157542186959
North,2664,1,3100,0,0.25,0.2,0.05,True,0.1406451612903226,0.14779270633397312,1.0931426704001542e-16,0.04261036468330133
North,2664,1,3100,0,0.25,0.2,0.1,True,0.1406451612903226,0.1548223350253807,1.0931426704001542e-16,0.08451776649746191
North,2664,1,3100,0,0.25,0.3,0.01,True,0.1406451612903226,0.14208424578127007,1.0931426704001542e-16,0.008579157542186959
North,2664,1,3100,0,0.25,0.3,0.05,True,0.1406451612903226,0.14779270633397312,1.0931426704001542e-16,0.04261036468330133
North,2664,1,3100,0,0.25,0.3,0.1,True,0.1406451612903226,0.1548223350253807,1.0931426704001542e-16,0.08451776649746191
North,2664,1,3100,0,0.5,0,0.01,False,,,,
North,2664,1,3100,0,0.5,0,0.05,False,,,,
North,2664,1,3100,0,0.5,0,0.1,False,,,,
North,2664,1,3100,0,0.5,0.05,0.01,False,,,,
North,2664,1,3100,0,0.5,0.05,0.05,False,,,,
North,2664,1,3100,0,0.5,0.05,0.1,False,,,,
North,2664,1,3100,0,0.5,0.1,0.01,False,,,,
North,2664,1,3100,0,0.5,0.1,0.05,False,,,,
North,2664,1,3100,0,0.5,0.1,0.1,False,,,,
North,2664,1,3100,0,0.5,0.2,0.01,True,0.1406451612903226,0.14351851851851855,5.465713352000771e-17,0.008564814814814909
North,2664,1,3100,0,0.5,0.2,0.05,True,0.1406451612903226,0.1548223350253807,5.465713352000771e-17,0.042258883248730957
North,2664,1,3100,0,0.5,0.2,0.1,True,0.1406451612903226,0.16853932584269662,5.465713352000771e-17,0.08314606741573032
North,2664,1,3100,0,0.5,0.3,0.01,True,0.1406451612903226,0.14351851851851855,5.465713352000771e-17,0.008564814814814909
North,2664,1,3100,0,0.5,0.3,0.05,True,0.1406451612903226,0.1548223350253807,5.465713352000771e-17,0.042258883248730957
North,2664,1,3100,0,0.5,0.3,0.1,True,0.1406451612903226,0.16853932584269662,5.465713352000771e-17,0.08314606741573032
North,2664,1,3100,0,1.0,0,0.01,False,,,,
North,2664,1,3100,0,1.0,0,0.05,False,,,,
North,2664,1,3100,0,1.0,0,0.1,False,,,,
North,2664,1,3100,0,1.0,0.05,0.01,False,,,,
North,2664,1,3100,0,1.0,0.05,0.05,False,,,,
North,2664,1,3100,0,1.0,0.05,0.1,False,,,,
North,2664,1,3100,0,1.0,0.1,0.01,False,,,,
North,2664,1,3100,0,1.0,0.1,0.05,False,,,,
North,2664,1,3100,0,1.0,0.1,0.1,False,,,,
North,2664,1,3100,0,1.0,0.2,0.01,True,0.1406451612903226,0.14637272494232254,2.7328566760003855e-17,0.008536272750576866
North,2664,1,3100,0,1.0,0.2,0.05,True,0.1406451612903226,0.16853932584269662,2.7328566760003855e-17,0.04157303370786516
North,2664,1,3100,0,1.0,0.2,0.1,True,0.1406451612903226,0.1946795646916566,2.7328566760003855e-17,0.08053204353083436
North,2664,1,3100,0,1.0,0.3,0.01,True,0.1406451612903226,0.14637272494232254,2.7328566760003855e-17,0.008536272750576866
North,2664,1,3100,0,1.0,0.3,0.05,True,0.1406451612903226,0.16853932584269662,2.7328566760003855e-17,0.04157303370786516
North,2664,1,3100,0,1.0,0.3,0.1,True,0.1406451612903226,0.1946795646916566,2.7328566760003855e-17,0.08053204353083436
North,2664,1,3100,1000,0.25,0,0.01,False,,,,
North,2664,1,3100,1000,0.25,0,0.05,False,,,,
North,2664,1,3100,1000,0.25,0,0.1,False,,,,
North,2664,1,3100,1000,0.25,0.05,0.01,False,,,,
North,2664,1,3100,1000,0.25,0.05,0.05,False,,,,
North,2664,1,3100,1000,0.25,0.05,0.1,False,,,,
North,2664,1,3100,1000,0.25,0.1,0.01,False,,,,
North,2664,1,3100,1000,0.25,0.1,0.05,False,,,,
North,2664,1,3100,1000,0.25,0.1,0.1,False,,,,
North,2664,1,3100,1000,0.25,0.2,0.01,False,,,,
North,2664,1,3100,1000,0.25,0.2,0.05,False,,,,
North,2664,1,3100,1000,0.25,0.2,0.1,False,,,,
North,2664,1,3100,1000,0.25,0.3,0.01,True,0.20761904761904762,0.2095762872886186,0.0,0.007904237127113535
North,2664,1,3100,1000,0.25,0.3,0.05,True,0.20761904761904762,0.21730950141110067,0.0,0.03913452492944502
North,2664,1,3100,1000,0.25,0.3,0.1,True,0.20761904761904762,0.22676579925650558,0.0,0.07732342007434946
North,2664,1,3100,1000,0.5,0,0.01,False,,,,
North,2664,1,3100,1000,0.5,0,0.05,False,,,,
North,2664,1,3100,1000,0.5,0,0.1,False,,,,
North,2664,1,3100,1000,0.5,0.05,0.01,False,,,,
North,2664,1,3100,1000,0.5,0.05,0.05,False,,,,
North,2664,1,3100,1000,0.5,0.05,0.1,False,,,,
North,2664,1,3100,1000,0.5,0.1,0.01,False,,,,
North,2664,1,3100,1000,0.5,0.1,0.05,False,,,,
North,2664,1,3100,1000,0.5,0.1,0.1,False,,,,
North,2664,1,3100,1000,0.5,0.2,0.01,False,,,,
North,2664,1,3100,1000,0.5,0.2,0.05,False,,,,
North,2664,1,3100,1000,0.5,0.2,0.1,False,,,,
North,2664,1,3100,1000,0.5,0.3,0.01,True,0.20761904761904762,0.2115238817285823,0.0,0.007884761182714273
North,2664,1,3100,1000,0.5,0.3,0.05,True,0.20761904761904762,0.22676579925650558,0.0,0.03866171003717473
North,2664,1,3100,1000,0.5,0.3,0.1,True,0.20761904761904762,0.24500907441016334,0.0,0.07549909255898371
North,2664,1,3100,1000,1.0,0,0.01,False,,,,
North,2664,1,3100,1000,1.0,0,0.05,False,,,,
North,2664,1,3100,1000,1.0,0,0.1,False,,,,
North,2664,1,3100,1000,1.0,0.05,0.01,False,,,,
North,2664,1,3100,1000,1.0,0.05,0.05,False,,,,
North,2664,1,3100,1000,1.0,0.05,0.1,False,,,,
North,2664,1,3100,1000,1.0,0.1,0.01,False,,,,
North,2664,1,3100,1000,1.0,0.1,0.05,False,,,,
North,2664,1,3100,1000,1.0,0.1,0.1,False,,,,
North,2664,1,3100,1000,1.0,0.2,0.01,False,,,,
North,2664,1,3100,1000,1.0,0.2,0.05,False,,,,
North,2664,1,3100,1000,1.0,0.2,0.1,False,,,,
North,2664,1,3100,1000,1.0,0.3,0.01,True,0.20761904761904762,0.21539041870992084,0.0,0.007846095812900864
North,2664,1,3100,1000,1.0,0.3,0.05,True,0.20761904761904762,0.24500907441016334,0.0,0.037749546279491855
North,2664,1,3100,1000,1.0,0.3,0.1,True,0.20761904761904762,0.27902946273830154,0.0,0.07209705372616984
North,2706,2,2400,0,0.25,0,0.01,False,,,,
North,2706,2,2400,0,0.25,0,0.05,False,,,,
North,2706,2,2400,0,0.25,0,0.1,False,,,,
North,2706,2,2400,0,0.25,0.05,0.01,False,,,,
North,2706,2,2400,0,0.25,0.05,0.05,False,,,,
North,2706,2,2400,0,0.25,0.05,0.1,False,,,,
North,2706,2,2400,0,0.25,0.1,0.01,False,,,,
North,2706,2,2400,0,0.25,0.1,0.05,False,,,,
North,2706,2,2400,0,0.25,0.1,0.1,False,,,,
North,2706,2,2400,0,0.25,0.2,0.01,False,,,,
North,2706,2,2400,0,0.25,0.2,0.05,False,,,,
North,2706,2,2400,0,0.25,0.2,0.1,False,,,,
North,2706,2,2400,0,0.25,0.3,0.01,False,,,,
North,2706,2,2400,0,0.25,0.3,0.05,False,,,,
North,2706,2,2400,0,0.25,0.3,0.1,False,,,,
North,2706,2,2400,0,0.5,0,0.01,False,,,,
North,2706,2,2400,0,0.5,0,0.05,False,,,,
North,2706,2,2400,0,0.5,0,0.1,False,,,,
North,2706,2,2400,0,0.5,0.05,0.01,False,,,,
North,2706,2,2400,0,0.5,0.05,0.05,False,,,,
North,2706,2,2400,0,0.5,0.05,0.1,False,,,,
North,2706,2,2400,0,0.5,0.1,0.01,False,,,,
North,2706,2,2400,0,0.5,0.1,0.05,False,,,,
North,2706,2,2400,0,0.5,0.1,0.1,False,,,,
North,2706,2,2400,0,0.5,0.2,0.01,False,,,,
North,2706,2,2400,0,0.5,0.2,0.05,False,,,,
North,2706,2,2400,0,0.5,0.2,0.1,False,,,,
North,2706,2,2400,0,0.5,0.3,0.01,False,,,,
North,2706,2,2400,0,0.5,0.3,0.05,False,,,,
North,2706,2,2400,0,0.5,0.3,0.1,False,,,,
North,2706,2,2400,0,1.0,0,0.01,False,,,,
North,2706,2,2400,0,1.0,0,0.05,False,,,,
North,2706,2,2400,0,1.0,0,0.1,False,,,,
North,2706,2,2400,0,1.0,0.05,0.01,False,,,,
North,2706,2,2400,0,1.0,0.05,0.05,False,,,,
North,2706,2,2400,0,1.0,0.05,0.1,False,,,,
North,2706,2,2400,0,1.0,0.1,0.01,False,,,,
North,2706,2,2400,0,1.0,0.1,0.05,False,,,,
North,2706,2,2400,0,1.0,0.1,0.1,False,,,,
North,2706,2,2400,0,1.0,0.2,0.01,False,,,,
North,2706,2,2400,0,1.0,0.2,0.05,False,,,,
North,2706,2,2400,0,1.0,0.2,0.1,False,,,,
North,2706,2,2400,0,1.0,0.3,0.01,False,,,,
North,2706,2,2400,0,1.0,0.3,0.05,False,,,,
North,2706,2,2400,0,1.0,0.3,0.1,False,,,,
North,2706,2,2400,1000,0.25,0,0.01,False,,,,
North,2706,2,2400,1000,0.25,0,0.05,False,,,,
North,2706,2,2400,1000,0.25,0,0.1,False,,,,
North,2706,2,2400,1000,0.25,0.05,0.01,False,,,,
North,2706,2,2400,1000,0.25,0.05,0.05,False,,,,
North,2706,2,2400,1000,0.25,0.05,0.1,False,,,,
North,2706,2,2400,1000,0.25,0.1,0.01,False,,,,
North,2706,2,2400,1000,0.25,0.1,0.05,False,,,,
North,2706,2,2400,1000,0.25,0.1,0.1,False,,,,
North,2706,2,2400,1000,0.25,0.2,0.01,False,,,,
North,2706,2,2400,1000,0.25,0.2,0.05,False,,,,
North,2706,2,2400,1000,0.25,0.2,0.1,False,,,,
North,2706,2,2400,1000,0.25,0.3,0.01,False,,,,
North,2706,2,2400,1000,0.25,0.3,0.05,False,,,,
North,2706,2,2400,1000,0.25,0.3,0.1,False,,,,
North,2706,2,2400,1000,0.5,0,0.01,False,,,,
North,2706,2,2400,1000,0.5,0,0.05,False,,,,
North,2706,2,2400,1000,0.5,0,0.1,False,,,,
North,2706,2,2400,1000,0.5,0.05,0.01,False,,,,
North,2706,2,2400,1000,0.5,0.05,0.05,False,,,,
North,2706,2,2400,1000,0.5,0.05,0.1,False,,,,
North,2706,2,2400,1000,0.5,0.1,0.01,False,,,,
North,2706,2,2400,1000,0.5,0.1,0.05,False,,,,
North,2706,2,2400,1000,0.5,0.1,0.1,False,,,,
North,2706,2,2400,1000,0.5,0.2,0.01,False,,,,
North,2706,2,2400,1000,0.5,0.2,0.05,False,,,,
North,2706,2,2400,1000,0.5,0.2,0.1,False,,,,
North,2706,2,2400,1000,0.5,0.3,0.01,False,,,,
North,2706,2,2400,1000,0.5,0.3,0.05,False,,,,
North,2706,2,2400,1000,0.5,0.3,0.1,False,,,,
North,2706,2,2400,1000,1.0,0,0.01,False,,,,
North,2706,2,2400,1000,1.0,0,0.05,False,,,,
North,2706,2,2400,1000,1.0,0,0.1,False,,,,
North,2706,2,2400,1000,1.0,0.05,0.01,False,,,,
North,2706,2,2400,1000,1.0,0.05,0.05,False,,,,
North,2706,2,2400,1000,1.0,0.05,0.1,False,,,,
North,2706,2,2400,1000,1.0,0.1,0.01,False,,,,
North,2706,2,2400,1000,1.0,0.1,0.05,False,,,,
North,2706,2,2400,1000,1.0,0.1,0.1,False,,,,
North,2706,2,2400,1000,1.0,0.2,0.01,False,,,,
North,2706,2,2400,1000,1.0,0.2,0.05,False,,,,
North,2706,2,2400,1000,1.0,0.2,0.1,False,,,,
North,2706,2,2400,1000,1.0,0.3,0.01,False,,,,
North,2706,2,2400,1000,1.0,0.3,0.05,False,,,,
North,2706,2,2400,1000,1.0,0.3,0.1,False,,,,
North,2706,2,2600,0,0.25,0,0.01,False,,,,
North,2706,2,2600,0,0.25,0,0.05,False,,,,
North,2706,2,2600,0,0.25,0,0.1,False,,,,
North,2706,2,2600,0,0.25,0.05,0.01,False,,,,
North,2706,2,2600,0,0.25,0.05,0.05,False,,,,
North,2706,2,2600,0,0.25,0.05,0.1,False,,,,
North,2706,2,2600,0,0.25,0.1,0.01,False,,,,
North,2706,2,2600,0,0.25,0.1,0.05,False,,,,
North,2706,2,2600,0,0.25,0.1,0.1,False,,,,
North,2706,2,2600,0,0.25,0.2,0.01,False,,,,
North,2706,2,2600,0,0.25,0.2,0.05,False,,,,
North,2706,2,2600,0,0.25,0.2,0.1,False,,,,
North,2706,2,2600,0,0.25,0.3,0.01,False,,,,
North,2706,2,2600,0,0.25,0.3,0.05,False,,,,
North,2706,2,2600,0,0.25,0.3,0.1,False,,,,
North,2706,2,2600,0,0.5,0,0.01,False,,,,
North,2706,2,2600,0,0.5,0,0.05,False,,,,
North,2706,2,2600,0,0.5,0,0.1,True,0.0,0.0,0.08217054263565891,0.08217054263565891
North,2706,2,2600,0,0.5,0.05,0.01,False,,,,
North,2706,2,2600,0,0.5,0.05,0.05,False,,,,
North,2706,2,2600,0,0.5,0.05,0.1,True,0.0,0.008427995602784902,0.08217054263565891,0.0991572004397215
North,2706,2,2600,0,0.5,0.1,0.01,False,,,,
North,2706,2,2600,0,0.5,0.1,0.05,False,,,,
North,2706,2,2600,0,0.5,0.1,0.1,True,0.0,0.008427995602784902,0.08217054263565891,0.0991572004397215
North,2706,2,2600,0,0.5,0.2,0.01,False,,,,
North,2706,2,2600,0,0.5,0.2,0.05,False,,,,
North,2706,2,2600,0,0.5,0.2,0.1,True,0.0,0.008427995602784902,0.08217054263565891,0.0991572004397215
North,2706,2,2600,0,0.5,0.3,0.01,False,,,,
North,2706,2,2600,0,0.5,0.3,0.05,False,,,,
North,2706,2,2600,0,0.5,0.3,0.1,True,0.0,0.008427995602784902,0.08217054263565891,0.0991572004397215
North,2706,2,2600,0,1.0,0,0.01,False,,,,
North,2706,2,2600,0,1.0,0,0.05,True,0.0,0.0,0.04108527131782946,0.04108527131782946
North,2706,2,2600,0,1.0,0,0.1,True,0.0,0.0,0.04108527131782946,0.04108527131782946
North,2706,2,2600,0,1.0,0.05,0.01,False,,,,
North,2706,2,2600,0,1.0,0.05,0.05,True,0.0,0.008427995602784902,0.04108527131782946,0.04957860021986075
North,2706,2,2600,0,1.0,0.05,0.1,True,0.0,0.05,0.04108527131782946,0.09147286821705426
North,2706,2,2600,0,1.0,0.1,0.01,False,,,,
North,2706,2,2600,0,1.0,0.1,0.05,True,0.0,0.008427995602784902,0.04108527131782946,0.04957860021986075
North,2706,2,2600,0,1.0,0.1,0.1,True,0.0,0.05318404478656403,0.04108527131782946,0.0946815955213436
North,2706,2,2600,0,1.0,0.2,0.01,False,,,,
North,2706,2,2600,0,1.0,0.2,0.05,True,0.0,0.008427995602784902,0.04108527131782946,0.04957860021986075
North,2706,2,2600,0,1.0,0.2,0.1,True,0.0,0.05318404478656403,0.04108527131782946,0.0946815955213436
North,2706,2,2600,0,1.0,0.3,0.01,False,,,,
North,2706,2,2600,0,1.0,0.3,0.05,True,0.0,0.008427995602784902,0.04108527131782946,0.04957860021986075
North,2706,2,2600,0,1.0,0.3,0.1,True,0.0,0.05318404478656403,0.04108527131782946,0.0946815955213436
North,2706,2,2600,1000,0.25,0,0.01,False,,,,
North,2706,2,2600,1000,0.25,0,0.05,False,,,,
North,2706,2,2600,1000,0.25,0,0.1,False,,,,
North,2706,2,2600,1000,0.25,0.05,0.01,False,,,,
North,2706,2,2600,1000,0.25,0.05,0.05,False,,,,
North,2706,2,2600,1000,0.25,0.05,0.1,False,,,,
North,2706,2,2600,1000,0.25,0.1,0.01,False,,,,
North,2706,2,2600,1000,0.25,0.1,0.05,False,,,,
North,2706,2,2600,1000,0.25,0.1,0.1,False,,,,
North,2706,2,2600,1000,0.25,0.2,0.01,False,,,,
North,2706,2,2600,1000,0.25,0.2,0.05,False,,,,
North,2706,2,2600,1000,0.25,0.2,0.1,False,,,,
North,2706,2,2600,1000,0.25,0.3,0.01,False,,,,
North,2706,2,2600,1000,0.25,0.3,0.05,False,,,,
North,2706,2,2600,1000,0.25,0.3,0.1,False,,,,
North,2706,2,2600,1000,0.5,0,0.01,False,,,,
North,2706,2,2600,1000,0.5,0,0.05,False,,,,
North,2706,2,2600,1000,0.5,0,0.1,True,0.0,0.0,0.08217054263565891,0.08217054263565891
North,2706,2,2600,1000,0.5,0.05,0.01,False,,,,
North,2706,2,2600,1000,0.5,0.05,0.05,False,,,,
North,2706,2,2600,1000,0.5,0.05,0.1,True,0.0,0.013302486986697512,0.08217054263565891,0.09866975130133025
North,2706,2,2600,1000,0.5,0.1,0.01,False,,,,
North,2706,2,2600,1000,0.5,0.1,0.05,False,,,,
North,2706,2,2600,1000,0.5,0.1,0.1,True,0.0,0.013302486986697512,0.08217054263565891,0.09866975130133025
North,2706,2,2600,1000,0.5,0.2,0.01,False,,,,
North,2706,2,2600,1000,0.5,0.2,0.05,False,,,,
North,2706,2,2600,1000,0.5,0.2,0.1,True,0.0,0.013302486986697512,0.08217054263565891,0.09866975130133025
North,2706,2,2600,1000,0.5,0.3,0.01,False,,,,
North,2706,2,2600,1000,0.5,0.3,0.05,False,,,,
North,2706,2,2600,1000,0.5,0.3,0.1,True,0.0,0.013302486986697512,0.08217054263565891,0.09866975130133025
North,2706,2,2600,1000,1.0,0,0.01,False,,,,
North,2706,2,2600,1000,1.0,0,0.05,True,0.0,0.0,0.04108527131782946,0.04108527131782946
North,2706,2,2600,1000,1.0,0,0.1,True,0.0,0.0,0.04108527131782946,0.04108527131782946
North,2706,2,2600,1000,1.0,0.05,0.01,False,,,,
North,2706,2,2600,1000,1.0,0.05,0.05,True,0.0,0.013302486986697512,0.04108527131782946,0.049334875650665126
North,2706,2,2600,1000,1.0,0.05,0.1,True,0.0,0.05,0.04108527131782946,0.07209302325581396
North,2706,2,2600,1000,1.0,0.1,0.01,False,,,,
North,2706,2,2600,1000,1.0,0.1,0.05,True,0.0,0.013302486986697512,0.04108527131782946,0.049334875650665126
North,2706,2,2600,1000,1.0,0.1,0.1,True,0.0,0.08180839612486544,0.04108527131782946,0.09181916038751345
North,2706,2,2600,1000,1.0,0.2,0.01,False,,,,
North,2706,2,2600,1000,1.0,0.2,0.05,True,0.0,0.013302486986697512,0.04108527131782946,0.049334875650665126
North,2706,2,2600,1000,1.0,0.2,0.1,True,0.0,0.08180839612486544,0.04108527131782946,0.09181916038751345
North,2706,2,2600,1000,1.0,0.3,0.01,False,,,,
North,2706,2,2600,1000,1.0,0.3,0.05,True,0.0,0.013302486986697512,0.04108527131782946,0.049334875650665126
North,2706,2,2600,1000,1.0,0.3,0.1,True,0.0,0.08180839612486544,0.04108527131782946,0.09181916038751345
North,2706,2,2700,0,0.25,0,0.01,True,0.0,0.0,0.00967741935483871,0.00967741935483871
North,2706,2,2700,0,0.25,0,0.05,True,0.0,0.0,0.00967741935483871,0.00967741935483871
North,2706,2,2700,0,0.25,0,0.1,True,0.0,0.0,0.00967741935483871,0.00967741935483871
North,2706,2,2700,0,0.25,0.05,0.01,True,0.0,7.39043677480667e-05,0.00967741935483871,0.009999260956322227
North,2706,2,2700,0,0.25,0.05,0.05,True,0.0,0.009154155986818015,0.00967741935483871,0.049542292200659095
North,2706,2,2700,0,0.25,0.05,0.1,True,0.0,0.020275162925416364,0.00967741935483871,0.09797248370745837
North,2706,2,2700,0,0.25,0.1,0.01,True,0.0,7.39043677480667e-05,0.00967741935483871,0.009999260956322227
North,2706,2,2700,0,0.25,0.1,0.05,True,0.0,0.009154155986818015,0.00967741935483871,0.049542292200659095
North,2706,2,2700,0,0.25,0.1,0.1,True,0.0,0.020275162925416364,0.00967741935483871,0.09797248370745837
North,2706,2,2700,0,0.25,0.2,0.01,True,0.0,7.39043677480667e-05,0.00967741935483871,0.009999260956322227
North,2706,2,2700,0,0.25,0.2,0.05,True,0.0,0.009154155986818015,0.00967741935483871,0.049542292200659095
North,2706,2,2700,0,0.25,0.2,0.1,True,0.0,0.020275162925416364,0.00967741935483871,0.09797248370745837
North,2706,2,2700,0,0.25,0.3,0.01,True,0.0,7.39043677480667e-05,0.00967741935483871,0.009999260956322227
North,2706,2,2700,0,0.25,0.3,0.05,True,0.0,0.009154155986818015,0.00967741935483871,0.049542292200659095
North,2706,2,2700,0,0.25,0.3,0.1,True,0.0,0.020275162925416364,0.00967741935483871,0.09797248370745837
North,2706,2,2700,0,0.5,0,0.01,True,0.0,0.0,0.004838709677419355,0.004838709677419355
North,2706,2,2700,0,0.5,0,0.05,True,0.0,0.0,0.004838709677419355,0.004838709677419355
North,2706,2,2700,0,0.5,0,0.1,True,0.0,0.0,0.004838709677419355,0.004838709677419355
North,2706,2,2700,0,0.5,0.05,0.01,True,0.0,0.002359533992036606,0.004838709677419355,0.009976404660079706
North,2706,2,2700,0,0.5,0.05,0.05,True,0.0,0.020275162925416364,0.004838709677419355,0.048986241853729184
North,2706,2,2700,0,0.5,0.05,0.1,True,0.0,0.04178470254957507,0.004838709677419355,0.0958215297450425
North,2706,2,2700,0,0.5,0.1,0.01,True,0.0,0.002359533992036606,0.004838709677419355,0.009976404660079706
North,2706,2,2700,0,0.5,0.1,0.05,True,0.0,0.020275162925416364,0.004838709677419355,0.048986241853729184
North,2706,2,2700,0,0.5,0.1,0.1,True,0.0,0.04178470254957507,0.004838709677419355,0.0958215297450425
North,2706,2,2700,0,0.5,0.2,0.01,True,0.0,0.002359533992036606,0.004838709677419355,0.009976404660079706
North,2706,2,2700,0,0.5,0.2,0.05,True,0.0,0.020275162925416364,0.004838709677419355,0.048986241853729184
North,2706,2,2700,0,0.5,0.2,0.1,True,0.0,0.04178470254957507,0.004838709677419355,0.0958215297450425
North,2706,2,2700,0,0.5,0.3,0.01,True,0.0,0.002359533992036606,0.004838709677419355,0.009976404660079706
North,2706,2,2700,0,0.5,0.3,0.05,True,0.0,0.020275162925416364,0.004838709677419355,0.048986241853729184
North,2706,2,2700,0,0.5,0.3,0.1,True,0.0,0.04178470254957507,0.004838709677419355,0.0958215297450425
North,2706,2,2700,0,1.0,0,0.01,True,0.0,0.0,0.0024193548387096775,0.0024193548387096775
North,2706,2,2700,0,1.0,0,0.05,True,0.0,0.0,0.0024193548387096775,0.0024193548387096775
North,2706,2,2700,0,1.0,0,0.1,True,0.0,0.0,0.0024193548387096775,0.0024193548387096775
North,2706,2,2700,0,1.0,0.05,0.01,True,0.0,0.0068995889606577295,0.0024193548387096775,0.009931004110393497
North,2706,2,2700,0,1.0,0.05,0.05,True,0.0,0.04178470254957507,0.0024193548387096775,0.04791076487252125
North,2706,2,2700,0,1.0,0.05,0.1,True,0.0,0.05,0.0024193548387096775,0.05685483870967742
North,2706,2,2700,0,1.0,0.1,0.01,True,0.0,0.0068995889606577295,0.0024193548387096775,0.009931004110393497
North,2706,2,2700,0,1.0,0.1,0.05,True,0.0,0.04178470254957507,0.0024193548387096775,0.04791076487252125
North,2706,2,2700,0,1.0,0.1,0.1,True,0.0,0.08208955223880597,0.0024193548387096775,0.09179104477611941
North,2706,2,2700,0,1.0,0.2,0.01,True,0.0,0.0068995889606577295,0.0024193548387096775,0.009931004110393497
North,2706,2,2700,0,1.0,0.2,0.05,True,0.0,0.04178470254957507,0.0024193548387096775,0.04791076487252125
North,2706,2,2700,0,1.0,0.2,0.1,True,0.0,0.08208955223880597,0.0024193548387096775,0.09179104477611941
North,2706,2,2700,0,1.0,0.3,0.01,True,0.0,0.0068995889606577295,0.0024193548387096775,0.009931004110393497
North,2706,2,2700,0,1.0,0.3,0.05,True,0.0,0.04178470254957507,0.0024193548387096775,0.04791076487252125
North,2706,2,2700,0,1.0,0.3,0.1,True,0.0,0.08208955223880597,0.0024193548387096775,0.09179104477611941
North,2706,2,2700,1000,0.25,0,0.01,True,0.0,0.0,0.00967741935483871,0.00967741935483871
North,2706,2,2700,1000,0.25,0,0.05,True,0.0,0.0,0.00967741935483871,0.00967741935483871
North,2706,2,2700,1000,0.25,0,0.1,True,0.0,0.0,0.00967741935483871,0.00967741935483871
North,2706,2,2700,1000,0.25,0.05,0.01,True,0.0,0.00011721955222120392,0.00967741935483871,0.009998827804477495
North,2706,2,2700,1000,0.25,0.05,0.05,True,0.0,0.014442518775274409,0.00967741935483871,0.04927787406123628
North,2706,2,2700,1000,0.25,0.05,0.1,True,0.0,0.03178206583427923,0.00967741935483871,0.09682179341657207
North,2706,2,2700,1000,0.25,0.1,0.01,True,0.0,0.00011721955222120392,0.00967741935483871,0.009998827804477495
North,2706,2,2700,1000,0.25,0.1,0.05,True,0.0,0.014442518775274409,0.00967741935483871,0.04927787406123628
North,2706,2,2700,1000,0.25,0.1,0.1,True,0.0,0.03178206583427923,0.00967741935483871,0.09682179341657207
North,2706,2,2700,1000,0.25,0.2,0.01,True,0.0,0.00011721955222120392,0.00967741935483871,0.009998827804477495
North,2706,2,2700,1000,0.25,0.2,0.05,True,0.0,0.014442518775274409,0.00967741935483871,0.04927787406123628
North,2706,2,2700,1000,0.25,0.2,0.1,True,0.0,0.03178206583427923,0.00967741935483871,0.09682179341657207
North,2706,2,2700,1000,0.25,0.3,0.01,True,0.0,0.00011721955222120392,0.00967741935483871,0.009998827804477495
North,2706,2,2700,1000,0.25,0.3,0.05,True,0.0,0.014442518775274409,0.00967741935483871,0.04927787406123628
North,2706,2,2700,1000,0.25,0.3,0.1,True,0.0,0.03178206583427923,0.00967741935483871,0.09682179341657207
North,2706,2,2700,1000,0.5,0,0.01,True,0.0,0.0,0.004838709677419355,0.004838709677419355
North,2706,2,2700,1000,0.5,0,0.05,True,0.0,0.0,0.004838709677419355,0.004838709677419355
North,2706,2,2700,1000,0.5,0,0.1,True,0.0,0.0,0.004838709677419355,0.004838709677419355
North,2706,2,2700,1000,0.5,0.05,0.01,True,0.0,0.0037374445223079247,0.004838709677419355,0.009962625554776993
North,2706,2,2700,1000,0.5,0.05,0.05,True,0.0,0.03178206583427923,0.004838709677419355,0.048410896708286036
North,2706,2,2700,1000,0.5,0.05,0.1,True,0.0,0.05,0.004838709677419355,0.07338709677419354
North,2706,2,2700,1000,0.5,0.1,0.01,True,0.0,0.0037374445223079247,0.004838709677419355,0.009962625554776993
North,2706,2,2700,1000,0.5,0.1,0.05,True,0.0,0.03178206583427923,0.004838709677419355,0.048410896708286036
North,2706,2,2700,1000,0.5,0.1,0.1,True,0.0,0.06469298245614036,0.004838709677419355,0.09353070175438596
North,2706,2,2700,1000,0.5,0.2,0.01,True,0.0,0.0037374445223079247,0.004838709677419355,0.009962625554776993
North,2706,2,2700,1000,0.5,0.2,0.05,True,0.0,0.03178206583427923,0.004838709677419355,0.048410896708286036
North,2706,2,2700,1000,0.5,0.2,0.1,True,0.0,0.06469298245614036,0.004838709677419355,0.09353070175438596
North,2706,2,2700,1000,0.5,0.3,0.01,True,0.0,0.0037374445223079247,0.004838709677419355,0.009962625554776993
North,2706,2,2700,1000,0.5,0.3,0.05,True,0.0,0.03178206583427923,0.004838709677419355,0.048410896708286036
North,2706,2,2700,1000,0.5,0.3,0.1,True,0.0,0.06469298245614036,0.004838709677419355,0.09353070175438596
North,2706,2,2700,1000,1.0,0,0.01,True,0.0,0.0,0.0024193548387096775,0.0024193548387096775
North,2706,2,2700,1000,1.0,0,0.05,True,0.0,0.0,0.0024193548387096775,0.0024193548387096775
North,2706,2,2700,1000,1.0,0,0.1,True,0.0,0.0,0.0024193548387096775,0.0024193548387096775
North,2706,2,2700,1000,1.0,0.05,0.01,True,0.0,0.010899814471243148,0.0024193548387096775,0.009891001855287643
North,2706,2,2700,1000,1.0,0.05,0.05,True,0.0,0.05,0.0024193548387096775,0.03669354838709677
North,2706,2,2700,1000,1.0,0.05,0.1,True,0.0,0.05,0.0024193548387096775,0.03669354838709677
North,2706,2,2700,1000,1.0,0.1,0.01,True,0.0,0.010899814471243148,0.0024193548387096775,0.009891001855287643
North,2706,2,2700,1000,1.0,0.1,0.05,True,0.0,0.06469298245614036,0.0024193548387096775,0.04676535087719298
North,2706,2,2700,1000,1.0,0.1,0.1,True,0.0,0.1,0.0024193548387096775,0.07096774193548387
North,2706,2,2700,1000,1.0,0.2,0.01,True,0.0,0.010899814471243148,0.0024193548387096775,0.009891001855287643
North,2706,2,2700,1000,1.0,0.2,0.05,True,0.0,0.06469298245614036,0.0024193548387096775,0.04676535087719298
North,2706,2,2700,1000,1.0,0.2,0.1,True,0.0,0.12422997946611909,0.0024193548387096775,0.08757700205338809
North,2706,2,2700,1000,1.0,0.3,0.01,True,0.0,0.010899814471243148,0.0024193548387096775,0.009891001855287643
North,2706,2,2700,1000,1.0,0.3,0.05,True,0.0,0.06469298245614036,0.0024193548387096775,0.04676535087719298
North,2706,2,2700,1000,1.0,0.3,0.1,True,0.0,0.12422997946611909,0.0024193548387096775,0.08757700205338809
North,2706,2,2900,0,0.25,0,0.01,False,,,,
North,2706,2,2900,0,0.25,0,0.05,False,,,,
North,2706,2,2900,0,0.25,0,0.1,False,,,,
North,2706,2,2900,0,0.25,0.05,0.01,False,,,,
North,2706,2,2900,0,0.25,0.05,0.05,False,,,,
North,2706,2,2900,0,0.25,0.05,0.1,False,,,,
North,2706,2,2900,0,0.25,0.1,0.01,True,0.06689655172413793,0.0687269848917644,0.0,0.009312730151082069
North,2706,2,2900,0,0.25,0.1,0.05,True,0.06689655172413793,0.07597746286494793,0.0,0.046201126856752636
North,2706,2,2900,0,0.25,0.1,0.1,True,0.06689655172413793,0.0848833276969902,0.0,0.09151166723030099
North,2706,2,2900,0,0.25,0.2,0.01,True,0.06689655172413793,0.0687269848917644,0.0,0.009312730151082069
North,2706,2,2900,0,0.25,0.2,0.05,True,0.06689655172413793,0.07597746286494793,0.0,0.046201126856752636
North,2706,2,2900,0,0.25,0.2,0.1,True,0.06689655172413793,0.0848833276969902,0.0,0.09151166723030099
North,2706,2,2900,0,0.25,0.3,0.01,True,0.06689655172413793,0.0687269848917644,0.0,0.009312730151082069
North,2706,2,2900,0,0.25,0.3,0.05,True,0.06689655172413793,0.07597746286494793,0.0,0.046201126856752636
North,2706,2,2900,0,0.25,0.3,0.1,True,0.06689655172413793,0.0848833276969902,0.0,0.09151166723030099
North,2706,2,2900,0,0.5,0,0.01,False,,,,
North,2706,2,2900,0,0.5,0,0.05,False,,,,
North,2706,2,2900,0,0.5,0,0.1,False,,,,
North,2706,2,2900,0,0.5,0.05,0.01,False,,,,
North,2706,2,2900,0,0.5,0.05,0.05,False,,,,
North,2706,2,2900,0,0.5,0.05,0.1,False,,,,
North,2706,2,2900,0,0.5,0.1,0.01,True,0.06689655172413793,0.07055025073847636,0.0,0.009294497492615307
North,2706,2,2900,0,0.5,0.1,0.05,True,0.06689655172413793,0.0848833276969902,0.0,0.045755833615150496
North,2706,2,2900,0,0.5,0.1,0.1,True,0.06689655172413793,0.1,0.0,0.08421052631578947
North,2706,2,2900,0,0.5,0.2,0.01,True,0.06689655172413793,0.07055025073847636,0.0,0.009294497492615307
North,2706,2,2900,0,0.5,0.2,0.05,True,0.06689655172413793,0.0848833276969902,0.0,0.045755833615150496
North,2706,2,2900,0,0.5,0.2,0.1,True,0.06689655172413793,0.10218978102189781,0.0,0.0897810218978102
North,2706,2,2900,0,0.5,0.3,0.01,True,0.06689655172413793,0.07055025073847636,0.0,0.009294497492615307
North,2706,2,2900,0,0.5,0.3,0.05,True,0.06689655172413793,0.0848833276969902,0.0,0.045755833615150496
North,2706,2,2900,0,0.5,0.3,0.1,True,0.06689655172413793,0.10218978102189781,0.0,0.0897810218978102
North,2706,2,2900,0,1.0,0,0.01,False,,,,
North,2706,2,2900,0,1.0,0,0.05,False,,,,
North,2706,2,2900,0,1.0,0,0.1,False,,,,
North,2706,2,2900,0,1.0,0.05,0.01,False,,,,
North,2706,2,2900,0,1.0,0.05,0.05,False,,,,
North,2706,2,2900,0,1.0,0.05,0.1,False,,,,
North,2706,2,2900,0,1.0,0.1,0.01,True,0.06689655172413793,0.07417544820035588,0.0,0.009258245517996512
North,2706,2,2900,0,1.0,0.1,0.05,True,0.06689655172413793,0.1,0.0,0.042105263157894736
North,2706,2,2900,0,1.0,0.1,0.1,True,0.06689655172413793,0.1,0.0,0.042105263157894736
North,2706,2,2900,0,1.0,0.2,0.01,True,0.06689655172413793,0.07417544820035588,0.0,0.009258245517996512
North,2706,2,2900,0,1.0,0.2,0.05,True,0.06689655172413793,0.10218978102189781,0.0,0.0448905109489051
North,2706,2,2900,0,1.0,0.2,0.1,True,0.06689655172413793,0.13491048593350383,0.0,0.08650895140664962
North,2706,2,2900,0,1.0,0.3,0.01,True,0.06689655172413793,0.07417544820035588,0.0,0.009258245517996512
North,2706,2,2900,0,1.0,0.3,0.05,True,0.06689655172413793,0.10218978102189781,0.0,0.0448905109489051
North,2706,2,2900,0,1.0,0.3,0.1,True,0.06689655172413793,0.13491048593350383,0.0,0.08650895140664962
North,2706,2,2900,1000,0.25,0,0.01,False,,,,
North,2706,2,2900,1000,0.25,0,0.05,False,,,,
North,2706,2,2900,1000,0.25,0,0.1,False,,,,
North,2706,2,2900,1000,0.25,0.05,0.01,False,,,,
North,2706,2,2900,1000,0.25,0.05,0.05,False,,,,
North,2706,2,2900,1000,0.25,0.05,0.1,False,,,,
North,2706,2,2900,1000,0.25,0.1,0.01,False,,,,
North,2706,2,2900,1000,0.25,0.1,0.05,False,,,,
North,2706,2,2900,1000,0.25,0.1,0.1,False,,,,
North,2706,2,2900,1000,0.25,0.2,0.01,True,0.10210526315789474,0.10479089048643535,0.0,0.008952091095135391
North,2706,2,2900,1000,0.25,0.2,0.05,True,0.10210526315789474,0.11537464350531501,0.0,0.04423126782473427
North,2706,2,2900,1000,0.25,0.2,0.1,True,0.10210526315789474,0.12825753704649975,0.0,0.08717424629535005
North,2706,2,2900,1000,0.25,0.3,0.01,True,0.10210526315789474,0.10479089048643535,0.0,0.008952091095135391
North,2706,2,2900,1000,0.25,0.3,0.05,True,0.10210526315789474,0.11537464350531501,0.0,0.04423126782473427
North,2706,2,2900,1000,0.25,0.3,0.1,True,0.10210526315789474,0.12825753704649975,0.0,0.08717424629535005
North,2706,2,2900,1000,0.5,0,0.01,False,,,,
North,2706,2,2900,1000,0.5,0,0.05,False,,,,
North,2706,2,2900,1000,0.5,0,0.1,False,,,,
North,2706,2,2900,1000,0.5,0.05,0.01,False,,,,
North,2706,2,2900,1000,0.5,0.05,0.05,False,,,,
North,2706,2,2900,1000,0.5,0.05,0.1,False,,,,
North,2706,2,2900,1000,0.5,0.1,0.01,False,,,,
North,2706,2,2900,1000,0.5,0.1,0.05,False,,,,
North,2706,2,2900,1000,0.5,0.1,0.1,False,,,,
North,2706,2,2900,1000,0.5,0.2,0.01,True,0.10210526315789474,0.10746050015695306,0.0,0.008925394998430553
North,2706,2,2900,1000,0.5,0.2,0.05,True,0.10210526315789474,0.12825753704649975,0.0,0.04358712314767502
North,2706,2,2900,1000,0.5,0.2,0.1,True,0.10210526315789474,0.1529294935451837,0.0,0.0847070506454816
North,2706,2,2900,1000,0.5,0.3,0.01,True,0.10210526315789474,0.10746050015695306,0.0,0.008925394998430553
North,2706,2,2900,1000,0.5,0.3,0.05,True,0.10210526315789474,0.12825753704649975,0.0,0.04358712314767502
North,2706,2,2900,1000,0.5,0.3,0.1,True,0.10210526315789474,0.1529294935451837,0.0,0.0847070506454816
North,2706,2,2900,1000,1.0,0,0.01,False,,,,
North,2706,2,2900,1000,1.0,0,0.05,False,,,,
North,2706,2,2900,1000,1.0,0,0.1,False,,,,
North,2706,2,2900,1000,1.0,0.05,0.01,False,,,,
North,2706,2,2900,1000,1.0,0.05,0.05,False,,,,
North,2706,2,2900,1000,1.0,0.05,0.1,False,,,,
North,2706,2,2900,1000,1.0,0.1,0.01,False,,,,
North,2706,2,2900,1000,1.0,0.1,0.05,False,,,,
North,2706,2,2900,1000,1.0,0.1,0.1,False,,,,
North,2706,2,2900,1000,1.0,0.2,0.01,True,0.10210526315789474,0.11275223632203045,0.0,0.008872477636779763
North,2706,2,2900,1000,1.0,0.2,0.05,True,0.10210526315789474,0.1529294935451837,0.0,0.0423535253227408
North,2706,2,2900,1000,1.0,0.2,0.1,True,0.10210526315789474,0.19830827067669174,0.0,0.08016917293233082
North,2706,2,2900,1000,1.0,0.3,0.01,True,0.10210526315789474,0.11275223632203045,0.0,0.008872477636779763
North,2706,2,2900,1000,1.0,0.3,0.05,True,0.10210526315789474,0.1529294935451837,0.0,0.0423535253227408
North,2706,2,2900,1000,1.0,0.3,0.1,True,0.10210526315789474,0.19830827067669174,0.0,0.08016917293233082
North,2706,2,3100,0,0.25,0,0.01,False,,,,
North,2706,2,3100,0,0.25,0,0.05,False,,,,
North,2706,2,3100,0,0.25,0,0.1,False,,,,
North,2706,2,3100,0,0.25,0.05,0.01,False,,,,
North,2706,2,3100,0,0.25,0.05,0.05,False,,,,
North,2706,2,3100,0,0.25,0.05,0.1,False,,,,
North,2706,2,3100,0,0.25,0.1,0.01,False,,,,
North,2706,2,3100,0,0.25,0.1,0.05,False,,,,
North,2706,2,3100,0,0.25,0.1,0.1,False,,,,
North,2706,2,3100,0,0.25,0.2,0.01,True,0.1270967741935484,0.1285585469534973,0.0,0.008714414530464756
North,2706,2,3100,0,0.25,0.2,0.05,True,0.1270967741935484,0.1343570057581574,0.0,0.0432821497120922
North,2706,2,3100,0,0.25,0.2,0.1,True,0.1270967741935484,0.141497461928934,0.0,0.08585025380710658
North,2706,2,3100,0,0.25,0.3,0.01,True,0.1270967741935484,0.1285585469534973,0.0,0.008714414530464756
North,2706,2,3100,0,0.25,0.3,0.05,True,0.1270967741935484,0.1343570057581574,0.0,0.0432821497120922
North,2706,2,3100,0,0.25,0.3,0.1,True,0.1270967741935484,0.141497461928934,0.0,0.08585025380710658
North,2706,2,3100,0,0.5,0,0.01,False,,,,
North,2706,2,3100,0,0.5,0,0.05,False,,,,
North,2706,2,3100,0,0.5,0,0.1,False,,,,
North,2706,2,3100,0,0.5,0.05,0.01,False,,,,
North,2706,2,3100,0,0.5,0.05,0.05,False,,,,
North,2706,2,3100,0,0.5,0.05,0.1,False,,,,
North,2706,2,3100,0,0.5,0.1,0.01,False,,,,
North,2706,2,3100,0,0.5,0.1,0.05,False,,,,
North,2706,2,3100,0,0.5,0.1,0.1,False,,,,
North,2706,2,3100,0,0.5,0.2,0.01,True,0.1270967741935484,0.13001543209876545,0.0,0.008699845679012424
North,2706,2,3100,0,0.5,0.2,0.05,True,0.1270967741935484,0.141497461928934,0.0,0.04292512690355329
North,2706,2,3100,0,0.5,0.2,0.1,True,0.1270967741935484,0.15543071161048688,0.0,0.08445692883895127
North,2706,2,3100,0,0.5,0.3,0.01,True,0.1270967741935484,0.13001543209876545,0.0,0.008699845679012424
North,2706,2,3100,0,0.5,0.3,0.05,True,0.1270967741935484,0.141497461928934,0.0,0.04292512690355329
North,2706,2,3100,0,0.5,0.3,0.1,True,0.1270967741935484,0.15543071161048688,0.0,0.08445692883895127
North,2706,2,3100,0,1.0,0,0.01,False,,,,
North,2706,2,3100,0,1.0,0,0.05,False,,,,
North,2706,2,3100,0,1.0,0,0.1,False,,,,
North,2706,2,3100,0,1.0,0.05,0.01,False,,,,
North,2706,2,3100,0,1.0,0.05,0.05,False,,,,
North,2706,2,3100,0,1.0,0.05,0.1,False,,,,
North,2706,2,3100,0,1.0,0.1,0.01,False,,,,
North,2706,2,3100,0,1.0,0.1,0.05,False,,,,
North,2706,2,3100,0,1.0,0.1,0.1,False,,,,
North,2706,2,3100,0,1.0,0.2,0.01,True,0.1270967741935484,0.13291463727249428,0.0,0.008670853627275139
North,2706,2,3100,0,1.0,0.2,0.05,True,0.1270967741935484,0.15543071161048688,0.0,0.042228464419475635
North,2706,2,3100,0,1.0,0.2,0.1,True,0.1270967741935484,0.18198307134220074,0.0,0.08180169286577994
North,2706,2,3100,0,1.0,0.3,0.01,True,0.1270967741935484,0.13291463727249428,0.0,0.008670853627275139
North,2706,2,3100,0,1.0,0.3,0.05,True,0.1270967741935484,0.15543071161048688,0.0,0.042228464419475635
North,2706,2,3100,0,1.0,0.3,0.1,True,0.1270967741935484,0.18198307134220074,0.0,0.08180169286577994
North,2706,2,3100,1000,0.25,0,0.01,False,,,,
North,2706,2,3100,1000,0.25,0,0.05,False,,,,
North,2706,2,3100,1000,0.25,0,0.1,False,,,,
North,2706,2,3100,1000,0.25,0.05,0.01,False,,,,
North,2706,2,3100,1000,0.25,0.05,0.05,False,,,,
North,2706,2,3100,1000,0.25,0.05,0.1,False,,,,
North,2706,2,3100,1000,0.25,0.1,0.01,False,,,,
North,2706,2,3100,1000,0.25,0.1,0.05,False,,,,
North,2706,2,3100,1000,0.25,0.1,0.1,False,,,,
North,2706,2,3100,1000,0.25,0.2,0.01,True,0.18761904761904763,0.18962568877066305,0.0,0.008103743112293125
North,2706,2,3100,1000,0.25,0.2,0.05,True,0.18761904761904763,0.1975540921919097,0.0,0.040122295390404565
North,2706,2,3100,1000,0.25,0.2,0.1,True,0.18761904761904763,0.2,0.0,0.05
North,2706,2,3100,1000,0.25,0.3,0.01,True,0.18761904761904763,0.18962568877066305,0.0,0.008103743112293125
North,2706,2,3100,1000,0.25,0.3,0.05,True,0.18761904761904763,0.1975540921919097,0.0,0.040122295390404565
North,2706,2,3100,1000,0.25,0.3,0.1,True,0.18761904761904763,0.20724907063197026,0.0,0.07927509293680303
North,2706,2,3100,1000,0.5,0,0.01,False,,,,
North,2706,2,3100,1000,0.5,0,0.05,False,,,,
North,2706,2,3100,1000,0.5,0,0.1,False,,,,
North,2706,2,3100,1000,0.5,0.05,0.01,False,,,,
North,2706,2,3100,1000,0.5,0.05,0.05,False,,,,
North,2706,2,3100,1000,0.5,0.05,0.1,False,,,,
North,2706,2,3100,1000,0.5,0.1,0.01,False,,,,
North,2706,2,3100,1000,0.5,0.1,0.05,False,,,,
North,2706,2,3100,1000,0.5,0.1,0.1,False,,,,
North,2706,2,3100,1000,0.5,0.2,0.01,True,0.18761904761904763,0.19162244124336622,0.0,0.008083775587566431
North,2706,2,3100,1000,0.5,0.2,0.05,True,0.18761904761904763,0.2,0.0,0.025
North,2706,2,3100,1000,0.5,0.2,0.1,True,0.18761904761904763,0.2,0.0,0.025
North,2706,2,3100,1000,0.5,0.3,0.01,True,0.18761904761904763,0.19162244124336622,0.0,0.008083775587566431
North,2706,2,3100,1000,0.5,0.3,0.05,True,0.18761904761904763,0.20724907063197026,0.0,0.039637546468401515
North,2706,2,3100,1000,0.5,0.3,0.1,True,0.18761904761904763,0.22595281306715065,0.0,0.07740471869328495
North,2706,2,3100,1000,1.0,0,0.01,False,,,,
North,2706,2,3100,1000,1.0,0,0.05,False,,,,
North,2706,2,3100,1000,1.0,0,0.1,False,,,,
North,2706,2,3100,1000,1.0,0.05,0.01,False,,,,
North,2706,2,3100,1000,1.0,0.05,0.05,False,,,,
North,2706,2,3100,1000,1.0,0.05,0.1,False,,,,
North,2706,2,3100,1000,1.0,0.1,0.01,False,,,,
North,2706,2,3100,1000,1.0,0.1,0.05,False,,,,
North,2706,2,3100,1000,1.0,0.1,0.1,False,,,,
North,2706,2,3100,1000,1.0,0.2,0.01,True,0.18761904761904763,0.19558657110524338,0.0,0.008044134288947655
North,2706,2,3100,1000,1.0,0.2,0.05,True,0.18761904761904763,0.2,0.0,0.0125
North,2706,2,3100,1000,1.0,0.2,0.1,True,0.18761904761904763,0.2,0.0,0.0125
North,2706,2,3100,1000,1.0,0.3,0.01,True,0.18761904761904763,0.19558657110524338,0.0,0.008044134288947655
North,2706,2,3100,1000,1.0,0.3,0.05,True,0.18761904761904763,0.22595281306715065,0.0,0.03870235934664248
North,2706,2,3100,1000,1.0,0.3,0.1,True,0.18761904761904763,0.2608318890814558,0.0,0.07391681109185445
South,2420,-2,2400,0,0.25,0,0.01,False,,,,
South,2420,-2,2400,0,0.25,0,0.05,True,0.0,0.0,0.02877697841726619,0.02877697841726619
South,2420,-2,2400,0,0.25,0,0.1,True,0.0,0.0,0.02877697841726619,0.02877697841726619
South,2420,-2,2400,0,0.25,0.05,0.01,False,,,,
South,2420,-2,2400,0,0.25,0.05,0.05,True,0.0,0.006058116849779238,0.02877697841726619,0.049697094157511036
South,2420,-2,2400,0,0.25,0.05,0.1,True,0.0,0.0200445434298441,0.02877697841726619,0.09799554565701558
South,2420,-2,2400,0,0.25,0.1,0.01,False,,,,
South,2420,-2,2400,0,0.25,0.1,0.05,True,0.0,0.006058116849779238,0.02877697841726619,0.049697094157511036
South,2420,-2,2400,0,0.25,0.1,0.1,True,0.0,0.0200445434298441,0.02877697841726619,0.09799554565701558
South,2420,-2,2400,0,0.25,0.2,0.01,False,,,,
South,2420,-2,2400,0,0.25,0.2,0.05,True,0.0,0.006058116849779238,0.02877697841726619,0.049697094157511036
South,2420,-2,2400,0,0.25,0.2,0.1,True,0.0,0.0200445434298441,0.02877697841726619,0.09799554565701558
South,2420,-2,2400,0,0.25,0.3,0.01,False,,,,
South,2420,-2,2400,0,0.25,0.3,0.05,True,0.0,0.006058116849779238,0.02877697841726619,0.049697094157511036
South,2420,-2,2400,0,0.25,0.3,0.1,True,0.0,0.0200445434298441,0.02877697841726619,0.09799554565701558
South,2420,-2,2400,0,0.5,0,0.01,False,,,,
South,2420,-2,2400,0,0.5,0,0.05,True,0.0,0.0,0.014388489208633094,0.014388489208633094
South,2420,-2,2400,0,0.5,0,0.1,True,0.0,0.0,0.014388489208633094,0.014388489208633094
South,2420,-2,2400,0,0.5,0.05,0.01,False,,,,
South,2420,-2,2400,0,0.5,0.05,0.05,True,0.0,0.0200445434298441,0.014388489208633094,0.04899777282850779
South,2420,-2,2400,0,0.5,0.05,0.1,True,0.0,0.046868846002363136,0.014388489208633094,0.09531311539976368
South,2420,-2,2400,0,0.5,0.1,0.01,False,,,,
South,2420,-2,2400,0,0.5,0.1,0.05,True,0.0,0.0200445434298441,0.014388489208633094,0.04899777282850779
South,2420,-2,2400,0,0.5,0.1,0.1,True,0.0,0.046868846002363136,0.014388489208633094,0.09531311539976368
South,2420,-2,2400,0,0.5,0.2,0.01,False,,,,
South,2420,-2,2400,0,0.5,0.2,0.05,True,0.0,0.0200445434298441,0.014388489208633094,0.04899777282850779
South,2420,-2,2400,0,0.5,0.2,0.1,True,0.0,0.046868846002363136,0.014388489208633094,0.09531311539976368
South,2420,-2,2400,0,0.5,0.3,0.01,False,,,,
South,2420,-2,2400,0,0.5,0.3,0.05,True,0.0,0.0200445434298441,0.014388489208633094,0.04899777282850779
South,2420,-2,2400,0,0.5,0.3,0.1,True,0.0,0.046868846002363136,0.014388489208633094,0.09531311539976368
South,2420,-2,2400,0,1.0,0,0.01,True,0.0,0.0,0.007194244604316547,0.007194244604316547
South,2420,-2,2400,0,1.0,0,0.05,True,0.0,0.0,0.007194244604316547,0.007194244604316547
South,2420,-2,2400,0,1.0,0,0.1,True,0.0,0.0,0.007194244604316547,0.007194244604316547
South,2420,-2,2400,0,1.0,0.05,0.01,True,0.0,0.0032127852376638033,0.007194244604316547,0.009967872147623427
South,2420,-2,2400,0,1.0,0.05,0.05,True,0.0,0.046868846002363136,0.007194244604316547,0.04765655769988184
South,2420,-2,2400,0,1.0,0.05,0.1,True,0.0,0.05,0.007194244604316547,0.050359712230215826
South,2420,-2,2400,0,1.0,0.1,0.01,True,0.0,0.0032127852376638033,0.007194244604316547,0.009967872147623427
South,2420,-2,2400,0,1.0,0.1,0.05,True,0.0,0.046868846002363136,0.007194244604316547,0.04765655769988184
South,2420,-2,2400,0,1.0,0.1,0.1,True,0.0,0.09634055265123226,0.007194244604316547,0.09036594473487676
South,2420,-2,2400,0,1.0,0.2,0.01,True,0.0,0.0032127852376638033,0.007194244604316547,0.009967872147623427
South,2420,-2,2400,0,1.0,0.2,0.05,True,0.0,0.046868846002363136,0.007194244604316547,0.04765655769988184
South,2420,-2,2400,0,1.0,0.2,0.1,True,0.0,0.09634055265123226,0.007194244604316547,0.09036594473487676
South,2420,-2,2400,0,1.0,0.3,0.01,True,0.0,0.0032127852376638033,0.007194244604316547,0.009967872147623427
South,2420,-2,2400,0,1.0,0.3,0.05,True,0.0,0.046868846002363136,0.007194244604316547,0.04765655769988184
South,2420,-2,2400,0,1.0,0.3,0.1,True,0.0,0.09634055265123226,0.007194244604316547,0.09036594473487676
South,2420,-2,2400,1000,0.25,0,0.01,False,,,,
South,2420,-2,2400,1000,0.25,0,0.05,True,0.0,0.0,0.02877697841726619,0.02877697841726619
South,2420,-2,2400,1000,0.25,0,0.1,True,0.0,0.0,0.02877697841726619,0.02877697841726619
South,2420,-2,2400,1000,0.25,0.05,0.01,False,,,,
South,2420,-2,2400,1000,0.25,0.05,0.05,True,0.0,0.010280536678863913,0.02877697841726619,0.0494859731660568
South,2420,-2,2400,1000,0.25,0.05,0.1,True,0.0,0.033684926845865944,0.02877697841726619,0.09663150731541342
South,2420,-2,2400,1000,0.25,0.1,0.01,False,,,,
South,2420,-2,2400,1000,0.25,0.1,0.05,True,0.0,0.010280536678863913,0.02877697841726619,0.0494859731660568
South,2420,-2,2400,1000,0.25,0.1,0.1,True,0.0,0.033684926845865944,0.02877697841726619,0.09663150731541342
South,2420,-2,2400,1000,0.25,0.2,0.01,False,,,,
South,2420,-2,2400,1000,0.25,0.2,0.05,True,0.0,0.010280536678863913,0.02877697841726619,0.0494859731660568
South,2420,-2,2400,1000,0.25,0.2,0.1,True,0.0,0.033684926845865944,0.02877697841726619,0.09663150731541342
South,2420,-2,2400,1000,0.25,0.3,0.01,False,,,,
South,2420,-2,2400,1000,0.25,0.3,0.05,True,0.0,0.010280536678863913,0.02877697841726619,0.0494859731660568
South,2420,-2,2400,1000,0.25,0.3,0.1,True,0.0,0.033684926845865944,0.02877697841726619,0.09663150731541342
South,2420,-2,2400,1000,0.5,0,0.01,False,,,,
South,2420,-2,2400,1000,0.5,0,0.05,True,0.0,0.0,0.014388489208633094,0.014388489208633094
South,2420,-2,2400,1000,0.5,0,0.1,True,0.0,0.0,0.014388489208633094,0.014388489208633094
South,2420,-2,2400,1000,0.5,0.05,0.01,False,,,,
South,2420,-2,2400,1000,0.5,0.05,0.05,True,0.0,0.033684926845865944,0.014388489208633094,0.04831575365770671
South,2420,-2,2400,1000,0.5,0.05,0.1,True,0.0,0.05,0.014388489208633094,0.06474820143884892
South,2420,-2,2400,1000,0.5,0.1,0.01,False,,,,
South,2420,-2,2400,1000,0.5,0.1,0.05,True,0.0,0.033684926845865944,0.014388489208633094,0.04831575365770671
South,2420,-2,2400,1000,0.5,0.1,0.1,True,0.0,0.07732293697205977,0.014388489208633094,0.09226770630279402
South,2420,-2,2400,1000,0.5,0.2,0.01,False,,,,
South,2420,-2,2400,1000,0.5,0.2,0.05,True,0.0,0.033684926845865944,0.014388489208633094,0.04831575365770671
South,2420,-2,2400,1000,0.5,0.2,0.1,True,0.0,0.07732293697205977,0.014388489208633094,0.09226770630279402
South,2420,-2,2400,1000,0.5,0.3,0.01,False,,,,
South,2420,-2,2400,1000,0.5,0.3,0.05,True,0.0,0.033684926845865944,0.014388489208633094,0.04831575365770671
South,2420,-2,2400,1000,0.5,0.3,0.1,True,0.0,0.07732293697205977,0.014388489208633094,0.09226770630279402
South,2420,-2,2400,1000,1.0,0,0.01,True,0.0,0.0,0.007194244604316547,0.007194244604316547
South,2420,-2,2400,1000,1.0,0,0.05,True,0.0,0.0,0.007194244604316547,0.007194244604316547
South,2420,-2,2400,1000,1.0,0,0.1,True,0.0,0.0,0.007194244604316547,0.007194244604316547
South,2420,-2,2400,1000,1.0,0.05,0.01,True,0.0,0.005462949992996345,0.007194244604316547,0.009945370500070102
South,2420,-2,2400,1000,1.0,0.05,0.05,True,0.0,0.05,0.007194244604316547,0.03237410071942446
South,2420,-2,2400,1000,1.0,0.05,0.1,True,0.0,0.05,0.007194244604316547,0.03237410071942446
South,2420,-2,2400,1000,1.0,0.1,0.01,True,0.0,0.005462949992996345,0.007194244604316547,0.009945370500070102
South,2420,-2,2400,1000,1.0,0.1,0.05,True,0.0,0.07732293697205977,0.007194244604316547,0.04613385315139701
South,2420,-2,2400,1000,1.0,0.1,0.1,True,0.0,0.1,0.007194244604316547,0.05755395683453238
South,2420,-2,2400,1000,1.0,0.2,0.01,True,0.0,0.005462949992996345,0.007194244604316547,0.009945370500070102
South,2420,-2,2400,1000,1.0,0.2,0.05,True,0.0,0.07732293697205977,0.007194244604316547,0.04613385315139701
South,2420,-2,2400,1000,1.0,0.2,0.1,True,0.0,0.1537544696066746,0.007194244604316547,0.08462455303933253
South,2420,-2,2400,1000,1.0,0.3,0.01,True,0.0,0.005462949992996345,0.007194244604316547,0.009945370500070102
South,2420,-2,2400,1000,1.0,0.3,0.05,True,0.0,0.07732293697205977,0.007194244604316547,0.04613385315139701
South,2420,-2,2400,1000,1.0,0.3,0.1,True,0.0,0.1537544696066746,0.007194244604316547,0.08462455303933253
South,2420,-2,2600,0,0.25,0,0.01,False,,,,
South,2420,-2,2600,0,0.25,0,0.05,False,,,,
South,2420,-2,2600,0,0.25,0,0.1,False,,,,
South,2420,-2,2600,0,0.25,0.05,0.01,False,,,,
South,2420,-2,2600,0,0.25,0.05,0.05,False,,,,
South,2420,-2,2600,0,0.25,0.05,0.1,False,,,,
South,2420,-2,2600,0,0.25,0.1,0.01,True,0.06923076923076923,0.07153407891960323,0.0,0.00928465921080372
South,2420,-2,2600,0,0.25,0.1,0.05,True,0.06923076923076923,0.08063443821825435,0.0,0.04596827808908729
South,2420,-2,2600,0,0.25,0.1,0.1,True,0.06923076923076923,0.09176205667104523,0.0,0.09082379433289547
South,2420,-2,2600,0,0.25,0.2,0.01,True,0.06923076923076923,0.07153407891960323,0.0,0.00928465921080372
South,2420,-2,2600,0,0.25,0.2,0.05,True,0.06923076923076923,0.08063443821825435,0.0,0.04596827808908729
South,2420,-2,2600,0,0.25,0.2,0.1,True,0.06923076923076923,0.09176205667104523,0.0,0.09082379433289547
South,2420,-2,2600,0,0.25,0.3,0.01,True,0.06923076923076923,0.07153407891960323,0.0,0.00928465921080372
South,2420,-2,2600,0,0.25,0.3,0.05,True,0.06923076923076923,0.08063443821825435,0.0,0.04596827808908729
South,2420,-2,2600,0,0.25,0.3,0.1,True,0.06923076923076923,0.09176205667104523,0.0,0.09082379433289547
South,2420,-2,2600,0,0.5,0,0.01,False,,,,
South,2420,-2,2600,0,0.5,0,0.05,False,,,,
South,2420,-2,2600,0,0.5,0,0.1,False,,,,
South,2420,-2,2600,0,0.5,0.05,0.01,False,,,,
South,2420,-2,2600,0,0.5,0.05,0.05,False,,,,
South,2420,-2,2600,0,0.5,0.05,0.1,False,,,,
South,2420,-2,2600,0,0.5,0.1,0.01,True,0.06923076923076923,0.07382601706915691,0.0,0.009261739829308504
South,2420,-2,2600,0,0.5,0.1,0.05,True,0.06923076923076923,0.09176205667104523,0.0,0.04541189716644774
South,2420,-2,2600,0,0.5,0.1,0.1,True,0.06923076923076923,0.1,0.0,0.06201550387596899
South,2420,-2,2600,0,0.5,0.2,0.01,True,0.06923076923076923,0.07382601706915691,0.0,0.009261739829308504
South,2420,-2,2600,0,0.5,0.2,0.05,True,0.06923076923076923,0.09176205667104523,0.0,0.04541189716644774
South,2420,-2,2600,0,0.5,0.2,0.1,True,0.06923076923076923,0.11322828875045804,0.0,0.08867717112495418
South,2420,-2,2600,0,0.5,0.3,0.01,True,0.06923076923076923,0.07382601706915691,0.0,0.009261739829308504
South,2420,-2,2600,0,0.5,0.3,0.05,True,0.06923076923076923,0.09176205667104523,0.0,0.04541189716644774
South,2420,-2,2600,0,0.5,0.3,0.1,True,0.06923076923076923,0.11322828875045804,0.0,0.08867717112495418
South,2420,-2,2600,0,1.0,0,0.01,False,,,,
South,2420,-2,2600,0,1.0,0,0.05,False,,,,
South,2420,-2,2600,0,1.0,0,0.1,False,,,,
South,2420,-2,2600,0,1.0,0.05,0.01,False,,,,
South,2420,-2,2600,0,1.0,0.05,0.05,False,,,,
South,2420,-2,2600,0,1.0,0.05,0.1,False,,,,
South,2420,-2,2600,0,1.0,0.1,0.01,True,0.06923076923076923,0.07837611394622597,0.0,0.009216238860537802
South,2420,-2,2600,0,1.0,0.1,0.05,True,0.06923076923076923,0.1,0.0,0.031007751937984496
South,2420,-2,2600,0,1.0,0.1,0.1,True,0.06923076923076923,0.1,0.0,0.031007751937984496
South,2420,-2,2600,0,1.0,0.2,0.01,True,0.06923076923076923,0.07837611394622597,0.0,0.009216238860537802
South,2420,-2,2600,0,1.0,0.2,0.05,True,0.06923076923076923,0.11322828875045804,0.0,0.04433858556247709
South,2420,-2,2600,0,1.0,0.2,0.1,True,0.06923076923076923,0.15325402379286215,0.0,0.0846745976207138
South,2420,-2,2600,0,1.0,0.3,0.01,True,0.06923076923076923,0.07837611394622597,0.0,0.009216238860537802
South,2420,-2,2600,0,1.0,0.3,0.05,True,0.06923076923076923,0.11322828875045804,0.0,0.04433858556247709
South,2420,-2,2600,0,1.0,0.3,0.1,True,0.06923076923076923,0.15325402379286215,0.0,0.0846745976207138
South,2420,-2,2600,1000,0.25,0,0.01,False,,,,
South,2420,-2,2600,1000,0.25,0,0.05,False,,,,
South,2420,-2,2600,1000,0.25,0,0.1,False,,,,
South,2420,-2,2600,1000,0.25,0.05,0.01,False,,,,
South,2420,-2,2600,1000,0.25,0.05,0.05,False,,,,
South,2420,-2,2600,1000,0.25,0.05,0.1,False,,,,
South,2420,-2,2600,1000,0.25,0.1,0.01,False,,,,
South,2420,-2,2600,1000,0.25,0.1,0.05,False,,,,
South,2420,-2,2600,1000,0.25,0.1,0.1,False,,,,
South,2420,-2,2600,1000,0.25,0.2,0.01,True,0.1125,0.11606336954153558,0.0,0.008839366304584399
South,2420,-2,2600,1000,0.25,0.2,0.05,True,0.1125,0.13003522744677593,0.0,0.043498238627661216
South,2420,-2,2600,1000,0.25,0.2,0.1,True,0.1125,0.14689095824571943,0.0,0.08531090417542805
South,2420,-2,2600,1000,0.25,0.3,0.01,True,0.1125,0.11606336954153558,0.0,0.008839366304584399
South,2420,-2,2600,1000,0.25,0.3,0.05,True,0.1125,0.13003522744677593,0.0,0.043498238627661216
South,2420,-2,2600,1000,0.25,0.3,0.1,True,0.1125,0.14689095824571943,0.0,0.08531090417542805
South,2420,-2,2600,1000,0.5,0,0.01,False,,,,
South,2420,-2,2600,1000,0.5,0,0.05,False,,,,
South,2420,-2,2600,1000,0.5,0,0.1,False,,,,
South,2420,-2,2600,1000,0.5,0.05,0.01,False,,,,
South,2420,-2,2600,1000,0.5,0.05,0.05,False,,,,
South,2420,-2,2600,1000,0.5,0.05,0.1,False,,,,
South,2420,-2,2600,1000,0.5,0.1,0.01,False,,,,
South,2420,-2,2600,1000,0.5,0.1,0.05,False,,,,
South,2420,-2,2600,1000,0.5,0.1,0.1,False,,,,
South,2420,-2,2600,1000,0.5,0.2,0.01,True,0.1125,0.11959823919647844,0.0,0.008804017608035277
South,2420,-2,2600,1000,0.5,0.2,0.05,True,0.1125,0.14689095824571943,0.0,0.04265545208771403
South,2420,-2,2600,1000,0.5,0.2,0.1,True,0.1125,0.178716020821284,0.0,0.0821283979178716
South,2420,-2,2600,1000,0.5,0.3,0.01,True,0.1125,0.11959823919647844,0.0,0.008804017608035277
South,2420,-2,2600,1000,0.5,0.3,0.05,True,0.1125,0.14689095824571943,0.0,0.04265545208771403
South,2420,-2,2600,1000,0.5,0.3,0.1,True,0.1125,0.178716020821284,0.0,0.0821283979178716
South,2420,-2,2600,1000,1.0,0,0.01,False,,,,
South,2420,-2,2600,1000,1.0,0,0.05,False,,,,
South,2420,-2,2600,1000,1.0,0,0.1,False,,,,
South,2420,-2,2600,1000,1.0,0.05,0.01,False,,,,
South,2420,-2,2600,1000,1.0,0.05,0.05,False,,,,
South,2420,-2,2600,1000,1.0,0.05,0.1,False,,,,
South,2420,-2,2600,1000,1.0,0.1,0.01,False,,,,
South,2420,-2,2600,1000,1.0,0.1,0.05,False,,,,
South,2420,-2,2600,1000,1.0,0.1,0.1,False,,,,
South,2420,-2,2600,1000,1.0,0.2,0.01,True,0.1125,0.12658383565014156,0.0,0.008734161643498637
South,2420,-2,2600,1000,1.0,0.2,0.05,True,0.1125,0.178716020821284,0.0,0.0410641989589358
South,2420,-2,2600,1000,1.0,0.2,0.1,True,0.1125,0.2,0.0,0.05426356589147287
South,2420,-2,2600,1000,1.0,0.3,0.01,True,0.1125,0.12658383565014156,0.0,0.008734161643498637
South,2420,-2,2600,1000,1.0,0.3,0.05,True,0.1125,0.178716020821284,0.0,0.0410641989589358
South,2420,-2,2600,1000,1.0,0.3,0.1,True,0.1125,0.2357373519913886,0.0,0.07642626480086115
South,2420,-2,2700,0,0.25,0,0.01,False,,,,
South,2420,-2,2700,0,0.25,0,0.05,False,,,,
South,2420,-2,2700,0,0.25,0,0.1,False,,,,
South,2420,-2,2700,0,0.25,0.05,0.01,False,,,,
South,2420,-2,2700,0,0.25,0.05,0.05,False,,,,
South,2420,-2,2700,0,0.25,0.05,0.1,False,,,,
South,2420,-2,2700,0,0.25,0.1,0.01,False,,,,
South,2420,-2,2700,0,0.25,0.1,0.05,False,,,,
South,2420,-2,2700,0,0.25,0.1,0.1,False,,,,
South,2420,-2,2700,0,0.25,0.2,0.01,True,0.1037037037037037,0.10575715024757958,0.0,0.008942428497523965
South,2420,-2,2700,0,0.25,0.2,0.05,True,0.1037037037037037,0.11387770047601611,0.0,0.0443061149761992
South,2420,-2,2700,0,0.25,0.2,0.1,True,0.1037037037037037,0.12382331643736423,0.0,0.08761766835626356
South,2420,-2,2700,0,0.25,0.3,0.01,True,0.1037037037037037,0.10575715024757958,0.0,0.008942428497523965
South,2420,-2,2700,0,0.25,0.3,0.05,True,0.1037037037037037,0.11387770047601611,0.0,0.0443061149761992
South,2420,-2,2700,0,0.25,0.3,0.1,True,0.1037037037037037,0.12382331643736423,0.0,0.08761766835626356
South,2420,-2,2700,0,0.5,0,0.01,False,,,,
South,2420,-2,2700,0,0.5,0,0.05,False,,,,
South,2420,-2,2700,0,0.5,0,0.1,False,,,,
South,2420,-2,2700,0,0.5,0.05,0.01,False,,,,
South,2420,-2,2700,0,0.5,0.05,0.05,False,,,,
South,2420,-2,2700,0,0.5,0.05,0.1,False,,,,
South,2420,-2,2700,0,0.5,0.1,0.01,False,,,,
South,2420,-2,2700,0,0.5,0.1,0.05,False,,,,
South,2420,-2,2700,0,0.5,0.1,0.1,False,,,,
South,2420,-2,2700,0,0.5,0.2,0.01,True,0.1037037037037037,0.10780120926117095,0.0,0.00892198790738835
South,2420,-2,2700,0,0.5,0.2,0.05,True,0.1037037037037037,0.12382331643736423,0.0,0.04380883417813178
South,2420,-2,2700,0,0.5,0.2,0.1,True,0.1037037037037037,0.14305949008498584,0.0,0.08569405099150143
South,2420,-2,2700,0,0.5,0.3,0.01,True,0.1037037037037037,0.10780120926117095,0.0,0.00892198790738835
South,2420,-2,2700,0,0.5,0.3,0.05,True,0.1037037037037037,0.12382331643736423,0.0,0.04380883417813178
South,2420,-2,2700,0,0.5,0.3,0.1,True,0.1037037037037037,0.14305949008498584,0.0,0.08569405099150143
South,2420,-2,2700,0,1.0,0,0.01,False,,,,
South,2420,-2,2700,0,1.0,0,0.05,False,,,,
South,2420,-2,2700,0,1.0,0,0.1,False,,,,
South,2420,-2,2700,0,1.0,0.05,0.01,False,,,,
South,2420,-2,2700,0,1.0,0.05,0.05,False,,,,
South,2420,-2,2700,0,1.0,0.05,0.1,False,,,,
South,2420,-2,2700,0,1.0,0.1,0.01,False,,,,
South,2420,-2,2700,0,1.0,0.1,0.05,False,,,,
South,2420,-2,2700,0,1.0,0.1,0.1,False,,,,
South,2420,-2,2700,0,1.0,0.2,0.01,True,0.1037037037037037,0.11186142102172643,0.0,0.008881385789782799
South,2420,-2,2700,0,1.0,0.2,0.05,True,0.1037037037037037,0.14305949008498584,0.0,0.042847025495750715
South,2420,-2,2700,0,1.0,0.2,0.1,True,0.1037037037037037,0.1791044776119403,0.0,0.08208955223880594
South,2420,-2,2700,0,1.0,0.3,0.01,True,0.1037037037037037,0.11186142102172643,0.0,0.008881385789782799
South,2420,-2,2700,0,1.0,0.3,0.05,True,0.1037037037037037,0.14305949008498584,0.0,0.042847025495750715
South,2420,-2,2700,0,1.0,0.3,0.1,True,0.1037037037037037,0.1791044776119403,0.0,0.08208955223880594
South,2420,-2,2700,1000,0.25,0,0.01,False,,,,
South,2420,-2,2700,1000,0.25,0,0.05,False,,,,
South,2420,-2,2700,1000,0.25,0,0.1,False,,,,
South,2420,-2,2700,1000,0.25,0.05,0.01,False,,,,
South,2420,-2,2700,1000,0.25,0.05,0.05,False,,,,
South,2420,-2,2700,1000,0.25,0.05,0.1,False,,,,
South,2420,-2,2700,1000,0.25,0.1,0.01,False,,,,
South,2420,-2,2700,1000,0.25,0.1,0.05,False,,,,
South,2420,-2,2700,1000,0.25,0.1,0.1,False,,,,
South,2420,-2,2700,1000,0.25,0.2,0.01,True,0.16470588235294117,0.16774117922869525,0.0,0.008322588207712736
South,2420,-2,2700,1000,0.25,0.2,0.05,True,0.16470588235294117,0.17966493356441363,0.0,0.041016753321779315
South,2420,-2,2700,1000,0.25,0.2,0.1,True,0.16470588235294117,0.19409761634506242,0.0,0.08059023836549377
South,2420,-2,2700,1000,0.25,0.3,0.01,True,0.16470588235294117,0.16774117922869525,0.0,0.008322588207712736
South,2420,-2,2700,1000,0.25,0.3,0.05,True,0.16470588235294117,0.17966493356441363,0.0,0.041016753321779315
South,2420,-2,2700,1000,0.25,0.3,0.1,True,0.16470588235294117,0.19409761634506242,0.0,0.08059023836549377
South,2420,-2,2700,1000,0.5,0,0.01,False,,,,
South,2420,-2,2700,1000,0.5,0,0.05,False,,,,
South,2420,-2,2700,1000,0.5,0,0.1,False,,,,
South,2420,-2,2700,1000,0.5,0.05,0.01,False,,,,
South,2420,-2,2700,1000,0.5,0.05,0.05,False,,,,
South,2420,-2,2700,1000,0.5,0.05,0.1,False,,,,
South,2420,-2,2700,1000,0.5,0.1,0.01,False,,,,
South,2420,-2,2700,1000,0.5,0.1,0.05,False,,,,
South,2420,-2,2700,1000,0.5,0.1,0.1,False,,,,
South,2420,-2,2700,1000,0.5,0.2,0.01,True,0.16470588235294117,0.17075449661294095,0.0,0.00829245503387065
South,2420,-2,2700,1000,0.5,0.2,0.05,True,0.16470588235294117,0.19409761634506242,0.0,0.040295119182746884
South,2420,-2,2700,1000,0.5,0.2,0.1,True,0.16470588235294117,0.2,0.0,0.04838709677419355
South,2420,-2,2700,1000,0.5,0.3,0.01,True,0.16470588235294117,0.17075449661294095,0.0,0.00829245503387065
South,2420,-2,2700,1000,0.5,0.3,0.05,True,0.16470588235294117,0.19409761634506242,0.0,0.040295119182746884
South,2420,-2,2700,1000,0.5,0.3,0.1,True,0.16470588235294117,0.22149122807017543,0.0,0.07785087719298246
South,2420,-2,2700,1000,1.0,0,0.01,False,,,,
South,2420,-2,2700,1000,1.0,0,0.05,False,,,,
South,2420,-2,2700,1000,1.0,0,0.1,False,,,,
South,2420,-2,2700,1000,1.0,0.05,0.01,False,,,,
South,2420,-2,2700,1000,1.0,0.05,0.05,False,,,,
South,2420,-2,2700,1000,1.0,0.05,0.1,False,,,,
South,2420,-2,2700,1000,1.0,0.1,0.01,False,,,,
South,2420,-2,2700,1000,1.0,0.1,0.05,False,,,,
South,2420,-2,2700,1000,1.0,0.1,0.1,False,,,,
South,2420,-2,2700,1000,1.0,0.2,0.01,True,0.16470588235294117,0.17671614100185537,0.0,0.008232838589981499
South,2420,-2,2700,1000,1.0,0.2,0.05,True,0.16470588235294117,0.2,0.0,0.024193548387096774
South,2420,-2,2700,1000,1.0,0.2,0.1,True,0.16470588235294117,0.2,0.0,0.024193548387096774
South,2420,-2,2700,1000,1.0,0.3,0.01,True,0.16470588235294117,0.17671614100185537,0.0,0.008232838589981499
South,2420,-2,2700,1000,1.0,0.3,0.05,True,0.16470588235294117,0.22149122807017543,0.0,0.03892543859649123
South,2420,-2,2700,1000,1.0,0.3,0.1,True,0.16470588235294117,0.27104722792607805,0.0,0.07289527720739221
South,2420,-2,2900,0,0.25,0,0.01,False,,,,
South,2420,-2,2900,0,0.25,0,0.05,False,,,,
South,2420,-2,2900,0,0.25,0,0.1,False,,,,
South,2420,-2,2900,0,0.25,0.05,0.01,False,,,,
South,2420,-2,2900,0,0.25,0.05,0.05,False,,,,
South,2420,-2,2900,0,0.25,0.05,0.1,False,,,,
South,2420,-2,2900,0,0.25,0.1,0.01,False,,,,
South,2420,-2,2900,0,0.25,0.1,0.05,False,,,,
South,2420,-2,2900,0,0.25,0.1,0.1,False,,,,
South,2420,-2,2900,0,0.25,0.2,0.01,True,0.16551724137931034,0.16715421413084622,0.0,0.008328457858691277
South,2420,-2,2900,0,0.25,0.2,0.05,True,0.16551724137931034,0.17363838142393717,0.0,0.04131808092880317
South,2420,-2,2900,0,0.25,0.2,0.1,True,0.16551724137931034,0.1816029759891782,0.0,0.08183970240108222
South,2420,-2,2900,0,0.25,0.3,0.01,True,0.16551724137931034,0.16715421413084622,0.0,0.008328457858691277
South,2420,-2,2900,0,0.25,0.3,0.05,True,0.16551724137931034,0.17363838142393717,0.0,0.04131808092880317
South,2420,-2,2900,0,0.25,0.3,0.1,True,0.16551724137931034,0.1816029759891782,0.0,0.08183970240108222
South,2420,-2,2900,0,0.5,0,0.01,False,,,,
South,2420,-2,2900,0,0.5,0,0.05,False,,,,
South,2420,-2,2900,0,0.5,0,0.1,False,,,,
South,2420,-2,2900,0,0.5,0.05,0.01,False,,,,
South,2420,-2,2900,0,0.5,0.05,0.05,False,,,,
South,2420,-2,2900,0,0.5,0.05,0.1,False,,,,
South,2420,-2,2900,0,0.5,0.1,0.01,False,,,,
South,2420,-2,2900,0,0.5,0.1,0.05,False,,,,
South,2420,-2,2900,0,0.5,0.1,0.1,False,,,,
South,2420,-2,2900,0,0.5,0.2,0.01,True,0.16551724137931034,0.16878477708319026,0.0,0.008312152229168203
South,2420,-2,2900,0,0.5,0.2,0.05,True,0.16551724137931034,0.1816029759891782,0.0,0.04091985120054111
South,2420,-2,2900,0,0.5,0.2,0.1,True,0.16551724137931034,0.19708029197080293,0.0,0.0802919708029197
South,2420,-2,2900,0,0.5,0.3,0.01,True,0.16551724137931034,0.16878477708319026,0.0,0.008312152229168203
South,2420,-2,2900,0,0.5,0.3,0.05,True,0.16551724137931034,0.1816029759891782,0.0,0.04091985120054111
South,2420,-2,2900,0,0.5,0.3,0.1,True,0.16551724137931034,0.19708029197080293,0.0,0.0802919708029197
South,2420,-2,2900,0,1.0,0,0.01,False,,,,
South,2420,-2,2900,0,1.0,0,0.05,False,,,,
South,2420,-2,2900,0,1.0,0,0.1,False,,,,
South,2420,-2,2900,0,1.0,0.05,0.01,False,,,,
South,2420,-2,2900,0,1.0,0.05,0.05,False,,,,
South,2420,-2,2900,0,1.0,0.05,0.1,False,,,,
South,2420,-2,2900,0,1.0,0.1,0.01,False,,,,
South,2420,-2,2900,0,1.0,0.1,0.05,False,,,,
South,2420,-2,2900,0,1.0,0.1,0.1,False,,,,
South,2420,-2,2900,0,1.0,0.2,0.01,True,0.16551724137931034,0.17202682359381422,0.0,0.00827973176406193
South,2420,-2,2900,0,1.0,0.2,0.05,True,0.16551724137931034,0.19708029197080293,0.0,0.04014598540145985
South,2420,-2,2900,0,1.0,0.2,0.1,True,0.16551724137931034,0.2,0.0,0.043859649122807015
South,2420,-2,2900,0,1.0,0.3,0.01,True,0.16551724137931034,0.17202682359381422,0.0,0.00827973176406193
South,2420,-2,2900,0,1.0,0.3,0.05,True,0.16551724137931034,0.19708029197080293,0.0,0.04014598540145985
South,2420,-2,2900,0,1.0,0.3,0.1,True,0.16551724137931034,0.22634271099744246,0.0,0.07736572890025575
South,2420,-2,2900,1000,0.25,0,0.01,False,,,,
South,2420,-2,2900,1000,0.25,0,0.05,False,,,,
South,2420,-2,2900,1000,0.25,0,0.1,False,,,,
South,2420,-2,2900,1000,0.25,0.05,0.01,False,,,,
South,2420,-2,2900,1000,0.25,0.05,0.05,False,,,,
South,2420,-2,2900,1000,0.25,0.05,0.1,False,,,,
South,2420,-2,2900,1000,0.25,0.1,0.01,False,,,,
South,2420,-2,2900,1000,0.25,0.1,0.05,False,,,,
South,2420,-2,2900,1000,0.25,0.1,0.1,False,,,,
South,2420,-2,2900,1000,0.25,0.2,0.01,False,,,,
South,2420,-2,2900,1000,0.25,0.2,0.05,False,,,,
South,2420,-2,2900,1000,0.25,0.2,0.1,False,,,,
South,2420,-2,2900,1000,0.25,0.3,0.01,True,0.25263157894736843,0.25486697801332836,0.0,0.007451330219866473
South,2420,-2,2900,1000,0.25,0.3,0.05,True,0.25263157894736843,0.2636764324604615,0.0,0.03681617837697696
South,2420,-2,2900,1000,0.25,0.3,0.1,True,0.25263157894736843,0.2743995912110373,0.0,0.07256004087889618
South,2420,-2,2900,1000,0.5,0,0.01,False,,,,
South,2420,-2,2900,1000,0.5,0,0.05,False,,,,
South,2420,-2,2900,1000,0.5,0,0.1,False,,,,
South,2420,-2,2900,1000,0.5,0.05,0.01,False,,,,
South,2420,-2,2900,1000,0.5,0.05,0.05,False,,,,
South,2420,-2,2900,1000,0.5,0.05,0.1,False,,,,
South,2420,-2,2900,1000,0.5,0.1,0.01,False,,,,
South,2420,-2,2900,1000,0.5,0.1,0.05,False,,,,
South,2420,-2,2900,1000,0.5,0.1,0.1,False,,,,
South,2420,-2,2900,1000,0.5,0.2,0.01,False,,,,
South,2420,-2,2900,1000,0.5,0.2,0.05,False,,,,
South,2420,-2,2900,1000,0.5,0.2,0.1,False,,,,
South,2420,-2,2900,1000,0.5,0.3,0.01,True,0.25263157894736843,0.2570890446792927,0.0,0.007429109553207151
South,2420,-2,2900,1000,0.5,0.3,0.05,True,0.25263157894736843,0.2743995912110373,0.0,0.03628002043944809
South,2420,-2,2900,1000,0.5,0.3,0.1,True,0.25263157894736843,0.29493545183714004,0.0,0.07050645481628601
South,2420,-2,2900,1000,1.0,0,0.01,False,,,,
South,2420,-2,2900,1000,1.0,0,0.05,False,,,,
South,2420,-2,2900,1000,1.0,0,0.1,False,,,,
South,2420,-2,2900,1000,1.0,0.05,0.01,False,,,,
South,2420,-2,2900,1000,1.0,0.05,0.05,False,,,,
South,2420,-2,2900,1000,1.0,0.05,0.1,False,,,,
South,2420,-2,2900,1000,1.0,0.1,0.01,False,,,,
South,2420,-2,2900,1000,1.0,0.1,0.05,False,,,,
South,2420,-2,2900,1000,1.0,0.1,0.1,False,,,,
South,2420,-2,2900,1000,1.0,0.2,0.01,False,,,,
South,2420,-2,2900,1000,1.0,0.2,0.05,False,,,,
South,2420,-2,2900,1000,1.0,0.2,0.1,False,,,,
South,2420,-2,2900,1000,1.0,0.3,0.01,True,0.25263157894736843,0.2614936550863325,0.0,0.007385063449136728
South,2420,-2,2900,1000,1.0,0.3,0.05,True,0.25263157894736843,0.29493545183714004,0.0,0.035253227408143004
South,2420,-2,2900,1000,1.0,0.3,0.1,True,0.25263157894736843,0.3,0.0,0.039473684210526314
South,2420,-2,3100,0,0.25,0,0.01,False,,,,
South,2420,-2,3100,0,0.25,0,0.05,False,,,,
South,2420,-2,3100,0,0.25,0,0.1,False,,,,
South,2420,-2,3100,0,0.25,0.05,0.01,False,,,,
South,2420,-2,3100,0,0.25,0.05,0.05,False,,,,
South,2420,-2,3100,0,0.25,0.05,0.1,False,,,,
South,2420,-2,3100,0,0.25,0.1,0.01,False,,,,
South,2420,-2,3100,0,0.25,0.1,0.05,False,,,,
South,2420,-2,3100,0,0.25,0.1,0.1,False,,,,
South,2420,-2,3100,0,0.25,0.2,0.01,False,,,,
South,2420,-2,3100,0,0.25,0.2,0.05,False,,,,
South,2420,-2,3100,0,0.25,0.2,0.1,False,,,,
South,2420,-2,3100,0,0.25,0.3,0.01,True,0.21935483870967742,0.22066211516166426,0.0,0.007793378848383161
South,2420,-2,3100,0,0.25,0.3,0.05,True,0.21935483870967742,0.22584772872680742,0.0,0.0387076135636597
South,2420,-2,3100,0,0.25,0.3,0.1,True,0.21935483870967742,0.23223350253807107,0.0,0.07677664974619282
South,2420,-2,3100,0,0.5,0,0.01,False,,,,
South,2420,-2,3100,0,0.5,0,0.05,False,,,,
South,2420,-2,3100,0,0.5,0,0.1,False,,,,
South,2420,-2,3100,0,0.5,0.05,0.01,False,,,,
South,2420,-2,3100,0,0.5,0.05,0.05,False,,,,
South,2420,-2,3100,0,0.5,0.05,0.1,False,,,,
South,2420,-2,3100,0,0.5,0.1,0.01,False,,,,
South,2420,-2,3100,0,0.5,0.1,0.05,False,,,,
South,2420,-2,3100,0,0.5,0.1,0.1,False,,,,
South,2420,-2,3100,0,0.5,0.2,0.01,False,,,,
South,2420,-2,3100,0,0.5,0.2,0.05,False,,,,
South,2420,-2,3100,0,0.5,0.2,0.1,False,,,,
South,2420,-2,3100,0,0.5,0.3,0.01,True,0.21935483870967742,0.2219650205761317,0.0,0.007780349794238799
South,2420,-2,3100,0,0.5,0.3,0.05,True,0.21935483870967742,0.23223350253807107,0.0,0.03838832487309641
South,2420,-2,3100,0,0.5,0.3,0.1,True,0.21935483870967742,0.24469413233458176,0.0,0.07553058676654176
South,2420,-2,3100,0,1.0,0,0.01,False,,,,
South,2420,-2,3100,0,1.0,0,0.05,False,,,,
South,2420,-2,3100,0,1.0,0,0.1,False,,,,
South,2420,-2,3100,0,1.0,0.05,0.01,False,,,,
South,2420,-2,3100,0,1.0,0.05,0.05,False,,,,
South,2420,-2,3100,0,1.0,0.05,0.1,False,,,,
South,2420,-2,3100,0,1.0,0.1,0.01,False,,,,
South,2420,-2,3100,0,1.0,0.1,0.05,False,,,,
South,2420,-2,3100,0,1.0,0.1,0.1,False,,,,
South,2420,-2,3100,0,1.0,0.2,0.01,False,,,,
South,2420,-2,3100,0,1.0,0.2,0.05,False,,,,
South,2420,-2,3100,0,1.0,0.2,0.1,False,,,,
South,2420,-2,3100,0,1.0,0.3,0.01,True,0.21935483870967742,0.22455780569084854,0.0,0.007754421943091599
South,2420,-2,3100,0,1.0,0.3,0.05,True,0.21935483870967742,0.24469413233458176,0.0,0.03776529338327088
South,2420,-2,3100,0,1.0,0.3,0.1,True,0.21935483870967742,0.26844014510278114,0.0,0.07315598548972188
South,2420,-2,3100,1000,0.25,0,0.01,False,,,,
South,2420,-2,3100,1000,0.25,0,0.05,False,,,,
South,2420,-2,3100,1000,0.25,0,0.1,False,,,,
South,2420,-2,3100,1000,0.25,0.05,0.01,False,,,,
South,2420,-2,3100,1000,0.25,0.05,0.05,False,,,,
South,2420,-2,3100,1000,0.25,0.05,0.1,False,,,,
South,2420,-2,3100,1000,0.25,0.1,0.01,False,,,,
South,2420,-2,3100,1000,0.25,0.1,0.05,False,,,,
South,2420,-2,3100,1000,0.25,0.1,0.1,False,,,,
South,2420,-2,3100,1000,0.25,0.2,0.01,False,,,,
South,2420,-2,3100,1000,0.25,0.2,0.05,False,,,,
South,2420,-2,3100,1000,0.25,0.2,0.1,False,,,,
South,2420,-2,3100,1000,0.25,0.3,0.01,False,,,,
South,2420,-2,3100,1000,0.25,0.3,0.05,False,,,,
South,2420,-2,3100,1000,0.25,0.3,0.1,False,,,,
South,2420,-2,3100,1000,0.5,0,0.01,False,,,,
South,2420,-2,3100,1000,0.5,0,0.05,False,,,,
South,2420,-2,3100,1000,0.5,0,0.1,False,,,,
South,2420,-2,3100,1000,0.5,0.05,0.01,False,,,,
South,2420,-2,3100,1000,0.5,0.05,0.05,False,,,,
South,2420,-2,3100,1000,0.5,0.05,0.1,False,,,,
South,2420,-2,3100,1000,0.5,0.1,0.01,False,,,,
South,2420,-2,3100,1000,0.5,0.1,0.05,False,,,,
South,2420,-2,3100,1000,0.5,0.1,0.1,False,,,,
South,2420,-2,3100,1000,0.5,0.2,0.01,False,,,,
South,2420,-2,3100,1000,0.5,0.2,0.05,False,,,,
South,2420,-2,3100,1000,0.5,0.2,0.1,False,,,,
South,2420,-2,3100,1000,0.5,0.3,0.01,False,,,,
South,2420,-2,3100,1000,0.5,0.3,0.05,False,,,,
South,2420,-2,3100,1000,0.5,0.3,0.1,False,,,,
South,2420,-2,3100,1000,1.0,0,0.01,False,,,,
South,2420,-2,3100,1000,1.0,0,0.05,False,,,,
South,2420,-2,3100,1000,1.0,0,0.1,False,,,,
South,2420,-2,3100,1000,1.0,0.05,0.01,False,,,,
South,2420,-2,3100,1000,1.0,0.05,0.05,False,,,,
South,2420,-2,3100,1000,1.0,0.05,0.1,False,,,,
South,2420,-2,3100,1000,1.0,0.1,0.01,False,,,,
South,2420,-2,3100,1000,1.0,0.1,0.05,False,,,,
South,2420,-2,3100,1000,1.0,0.1,0.1,False,,,,
South,2420,-2,3100,1000,1.0,0.2,0.01,False,,,,
South,2420,-2,3100,1000,1.0,0.2,0.05,False,,,,
South,2420,-2,3100,1000,1.0,0.2,0.1,False,,,,
South,2420,-2,3100,1000,1.0,0.3,0.01,False,,,,
South,2420,-2,3100,1000,1.0,0.3,0.05,False,,,,
South,2420,-2,3100,1000,1.0,0.3,0.1,False,,,,
South,2456,-1,2400,0,0.25,0,0.01,False,,,,
South,2456,-1,2400,0,0.25,0,0.05,False,,,,
South,2456,-1,2400,0,0.25,0,0.1,True,0.0,0.0,0.08057553956834532,0.08057553956834532
South,2456,-1,2400,0,0.25,0.05,0.01,False,,,,
South,2456,-1,2400,0,0.25,0.05,0.05,False,,,,
South,2456,-1,2400,0,0.25,0.05,0.1,True,0.0,0.005466693662684754,0.08057553956834532,0.09945333063373152
South,2456,-1,2400,0,0.25,0.1,0.01,False,,,,
South,2456,-1,2400,0,0.25,0.1,0.05,False,,,,
South,2456,-1,2400,0,0.25,0.1,0.1,True,0.0,0.005466693662684754,0.08057553956834532,0.09945333063373152
South,2456,-1,2400,0,0.25,0.2,0.01,False,,,,
South,2456,-1,2400,0,0.25,0.2,0.05,False,,,,
South,2456,-1,2400,0,0.25,0.2,0.1,True,0.0,0.005466693662684754,0.08057553956834532,0.09945333063373152
South,2456,-1,2400,0,0.25,0.3,0.01,False,,,,
South,2456,-1,2400,0,0.25,0.3,0.05,False,,,,
South,2456,-1,2400,0,0.25,0.3,0.1,True,0.0,0.005466693662684754,0.08057553956834532,0.09945333063373152
South,2456,-1,2400,0,0.5,0,0.01,False,,,,
South,2456,-1,2400,0,0.5,0,0.05,True,0.0,0.0,0.04028776978417266,0.04028776978417266
South,2456,-1,2400,0,0.5,0,0.1,True,0.0,0.0,0.04028776978417266,0.04028776978417266
South,2456,-1,2400,0,0.5,0.05,0.01,False,,,,
South,2456,-1,2400,0,0.5,0.05,0.05,True,0.0,0.005466693662684754,0.04028776978417266,0.04972666531686576
South,2456,-1,2400,0,0.5,0.05,0.1,True,0.0,0.03269003544702639,0.04028776978417266,0.09673099645529737
South,2456,-1,2400,0,0.5,0.1,0.01,False,,,,
South,2456,-1,2400,0,0.5,0.1,0.05,True,0.0,0.005466693662684754,0.04028776978417266,0.04972666531686576
South,2456,-1,2400,0,0.5,0.1,0.1,True,0.0,0.03269003544702639,0.04028776978417266,0.09673099645529737
South,2456,-1,2400,0,0.5,0.2,0.01,False,,,,
South,2456,-1,2400,0,0.5,0.2,0.05,True,0.0,0.005466693662684754,0.04028776978417266,0.04972666531686576
South,2456,-1,2400,0,0.5,0.2,0.1,True,0.0,0.03269003544702639,0.04028776978417266,0.09673099645529737
South,2456,-1,2400,0,0.5,0.3,0.01,False,,,,
South,2456,-1,2400,0,0.5,0.3,0.05,True,0.0,0.005466693662684754,0.04028776978417266,0.04972666531686576
South,2456,-1,2400,0,0.5,0.3,0.1,True,0.0,0.03269003544702639,0.04028776978417266,0.09673099645529737
South,2456,-1,2400,0,1.0,0,0.01,False,,,,
South,2456,-1,2400,0,1.0,0,0.05,True,0.0,0.0,0.02014388489208633,0.02014388489208633
South,2456,-1,2400,0,1.0,0,0.1,True,0.0,0.0,0.02014388489208633,0.02014388489208633
South,2456,-1,2400,0,1.0,0.05,0.01,False,,,,
South,2456,-1,2400,0,1.0,0.05,0.05,True,0.0,0.03269003544702639,0.02014388489208633,0.048365498227648684
South,2456,-1,2400,0,1.0,0.05,0.1,True,0.0,0.05,0.02014388489208633,0.06330935251798561
South,2456,-1,2400,0,1.0,0.1,0.01,False,,,,
South,2456,-1,2400,0,1.0,0.1,0.05,True,0.0,0.03269003544702639,0.02014388489208633,0.048365498227648684
South,2456,-1,2400,0,1.0,0.1,0.1,True,0.0,0.08289768483943241,0.02014388489208633,0.09171023151605676
South,2456,-1,2400,0,1.0,0.2,0.01,False,,,,
South,2456,-1,2400,0,1.0,0.2,0.05,True,0.0,0.03269003544702639,0.02014388489208633,0.048365498227648684
South,2456,-1,2400,0,1.0,0.2,0.1,True,0.0,0.08289768483943241,0.02014388489208633,0.09171023151605676
South,2456,-1,2400,0,1.0,0.3,0.01,False,,,,
South,2456,-1,2400,0,1.0,0.3,0.05,True,0.0,0.03269003544702639,0.02014388489208633,0.048365498227648684
South,2456,-1,2400,0,1.0,0.3,0.1,True,0.0,0.08289768483943241,0.02014388489208633,0.09171023151605676
South,2456,-1,2400,1000,0.25,0,0.01,False,,,,
South,2456,-1,2400,1000,0.25,0,0.05,False,,,,
South,2456,-1,2400,1000,0.25,0,0.1,True,0.0,0.0,0.08057553956834532,0.08057553956834532
South,2456,-1,2400,1000,0.25,0.05,0.01,False,,,,
South,2456,-1,2400,1000,0.25,0.05,0.05,False,,,,
South,2456,-1,2400,1000,0.25,0.05,0.1,True,0.0,0.00918679823069071,0.08057553956834532,0.09908132017693093
South,2456,-1,2400,1000,0.25,0.1,0.01,False,,,,
South,2456,-1,2400,1000,0.25,0.1,0.05,False,,,,
South,2456,-1,2400,1000,0.25,0.1,0.1,True,0.0,0.00918679823069071,0.08057553956834532,0.09908132017693093
South,2456,-1,2400,1000,0.25,0.2,0.01,False,,,,
South,2456,-1,2400,1000,0.25,0.2,0.05,False,,,,
South,2456,-1,2400,1000,0.25,0.2,0.1,True,0.0,0.00918679823069071,0.08057553956834532,0.09908132017693093
South,2456,-1,2400,1000,0.25,0.3,0.01,False,,,,
South,2456,-1,2400,1000,0.25,0.3,0.05,False,,,,
South,2456,-1,2400,1000,0.25,0.3,0.1,True,0.0,0.00918679823069071,0.08057553956834532,0.09908132017693093
South,2456,-1,2400,1000,0.5,0,0.01,False,,,,
South,2456,-1,2400,1000,0.5,0,0.05,True,0.0,0.0,0.04028776978417266,0.04028776978417266
South,2456,-1,2400,1000,0.5,0,0.1,True,0.0,0.0,0.04028776978417266,0.04028776978417266
South,2456,-1,2400,1000,0.5,0.05,0.01,False,,,,
South,2456,-1,2400,1000,0.5,0.05,0.05,True,0.0,0.00918679823069071,0.04028776978417266,0.049540660088465464
South,2456,-1,2400,1000,0.5,0.05,0.1,True,0.0,0.05,0.04028776978417266,0.09064748201438849
South,2456,-1,2400,1000,0.5,0.1,0.01,False,,,,
South,2456,-1,2400,1000,0.5,0.1,0.05,True,0.0,0.00918679823069071,0.04028776978417266,0.049540660088465464
South,2456,-1,2400,1000,0.5,0.1,0.1,True,0.0,0.0539311241065627,0.04028776978417266,0.09460688758934373
South,2456,-1,2400,1000,0.5,0.2,0.01,False,,,,
South,2456,-1,2400,1000,0.5,0.2,0.05,True,0.0,0.00918679823069071,0.04028776978417266,0.049540660088465464
South,2456,-1,2400,1000,0.5,0.2,0.1,True,0.0,0.0539311241065627,0.04028776978417266,0.09460688758934373
South,2456,-1,2400,1000,0.5,0.3,0.01,False,,,,
South,2456,-1,2400,1000,0.5,0.3,0.05,True,0.0,0.00918679823069071,0.04028776978417266,0.049540660088465464
South,2456,-1,2400,1000,0.5,0.3,0.1,True,0.0,0.0539311241065627,0.04028776978417266,0.09460688758934373
South,2456,-1,2400,1000,1.0,0,0.01,False,,,,
South,2456,-1,2400,1000,1.0,0,0.05,True,0.0,0.0,0.02014388489208633,0.02014388489208633
South,2456,-1,2400,1000,1.0,0,0.1,True,0.0,0.0,0.02014388489208633,0.02014388489208633
South,2456,-1,2400,1000,1.0,0.05,0.01,False,,,,
South,2456,-1,2400,1000,1.0,0.05,0.05,True,0.0,0.05,0.02014388489208633,0.045323741007194246
South,2456,-1,2400,1000,1.0,0.05,0.1,True,0.0,0.05,0.02014388489208633,0.045323741007194246
South,2456,-1,2400,1000,1.0,0.1,0.01,False,,,,
South,2456,-1,2400,1000,1.0,0.1,0.05,True,0.0,0.0539311241065627,0.02014388489208633,0.047303443794671864
South,2456,-1,2400,1000,1.0,0.1,0.1,True,0.0,0.1,0.02014388489208633,0.07050359712230216
South,2456,-1,2400,1000,1.0,0.2,0.01,False,,,,
South,2456,-1,2400,1000,1.0,0.2,0.05,True,0.0,0.0539311241065627,0.02014388489208633,0.047303443794671864
South,2456,-1,2400,1000,1.0,0.2,0.1,True,0.0,0.13230035756853398,0.02014388489208633,0.0867699642431466
South,2456,-1,2400,1000,1.0,0.3,0.01,False,,,,
South,2456,-1,2400,1000,1.0,0.3,0.05,True,0.0,0.0539311241065627,0.02014388489208633,0.047303443794671864
South,2456,-1,2400,1000,1.0,0.3,0.1,True,0.0,0.13230035756853398,0.02014388489208633,0.0867699642431466
South,2456,-1,2600,0,0.25,0,0.01,False,,,,
South,2456,-1,2600,0,0.25,0,0.05,False,,,,
South,2456,-1,2600,0,0.25,0,0.1,False,,,,
South,2456,-1,2600,0,0.25,0.05,0.01,False,,,,
South,2456,-1,2600,0,0.25,0.05,0.05,False,,,,
South,2456,-1,2600,0,0.25,0.05,0.1,False,,,,
South,2456,-1,2600,0,0.25,0.1,0.01,True,0.055384615384615386,0.057722189184522946,0.0,0.009422778108154527
South,2456,-1,2600,0,0.25,0.1,0.05,True,0.055384615384615386,0.06695792572893912,0.0,0.04665210371355303
South,2456,-1,2600,0,0.25,0.1,0.1,True,0.055384615384615386,0.07825107900168887,0.0,0.0921748920998311
South,2456,-1,2600,0,0.25,0.2,0.01,True,0.055384615384615386,0.057722189184522946,0.0,0.009422778108154527
South,2456,-1,2600,0,0.25,0.2,0.05,True,0.055384615384615386,0.06695792572893912,0.0,0.04665210371355303
South,2456,-1,2600,0,0.25,0.2,0.1,True,0.055384615384615386,0.07825107900168887,0.0,0.0921748920998311
South,2456,-1,2600,0,0.25,0.3,0.01,True,0.055384615384615386,0.057722189184522946,0.0,0.009422778108154527
South,2456,-1,2600,0,0.25,0.3,0.05,True,0.055384615384615386,0.06695792572893912,0.0,0.04665210371355303
South,2456,-1,2600,0,0.25,0.3,0.1,True,0.055384615384615386,0.07825107900168887,0.0,0.0921748920998311
South,2456,-1,2600,0,0.5,0,0.01,False,,,,
South,2456,-1,2600,0,0.5,0,0.05,False,,,,
South,2456,-1,2600,0,0.5,0,0.1,False,,,,
South,2456,-1,2600,0,0.5,0.05,0.01,False,,,,
South,2456,-1,2600,0,0.5,0.05,0.05,False,,,,
South,2456,-1,2600,0,0.5,0.05,0.1,False,,,,
South,2456,-1,2600,0,0.5,0.1,0.01,True,0.055384615384615386,0.060048222281755936,0.0,0.009399517777182512
South,2456,-1,2600,0,0.5,0.1,0.05,True,0.055384615384615386,0.07825107900168887,0.0,0.04608744604991555
South,2456,-1,2600,0,0.5,0.1,0.1,True,0.055384615384615386,0.1,0.0,0.08992248062015504
South,2456,-1,2600,0,0.5,0.2,0.01,True,0.055384615384615386,0.060048222281755936,0.0,0.009399517777182512
South,2456,-1,2600,0,0.5,0.2,0.05,True,0.055384615384615386,0.07825107900168887,0.0,0.04608744604991555
South,2456,-1,2600,0,0.5,0.2,0.1,True,0.055384615384615386,0.10003664345914254,0.0,0.08999633565408574
South,2456,-1,2600,0,0.5,0.3,0.01,True,0.055384615384615386,0.060048222281755936,0.0,0.009399517777182512
South,2456,-1,2600,0,0.5,0.3,0.05,True,0.055384615384615386,0.07825107900168887,0.0,0.04608744604991555
South,2456,-1,2600,0,0.5,0.3,0.1,True,0.055384615384615386,0.10003664345914254,0.0,0.08999633565408574
South,2456,-1,2600,0,1.0,0,0.01,False,,,,
South,2456,-1,2600,0,1.0,0,0.05,False,,,,
South,2456,-1,2600,0,1.0,0,0.1,False,,,,
South,2456,-1,2600,0,1.0,0.05,0.01,False,,,,
South,2456,-1,2600,0,1.0,0.05,0.05,False,,,,
South,2456,-1,2600,0,1.0,0.05,0.1,False,,,,
South,2456,-1,2600,0,1.0,0.1,0.01,True,0.055384615384615386,0.06466600655038471,0.0,0.009353339934496219
South,2456,-1,2600,0,1.0,0.1,0.05,True,0.055384615384615386,0.1,0.0,0.04496124031007752
South,2456,-1,2600,0,1.0,0.1,0.1,True,0.055384615384615386,0.1,0.0,0.04496124031007752
South,2456,-1,2600,0,1.0,0.2,0.01,True,0.055384615384615386,0.06466600655038471,0.0,0.009353339934496219
South,2456,-1,2600,0,1.0,0.2,0.05,True,0.055384615384615386,0.10003664345914254,0.0,0.04499816782704287
South,2456,-1,2600,0,1.0,0.2,0.1,True,0.055384615384615386,0.14065780265920225,0.0,0.08593421973407979
South,2456,-1,2600,0,1.0,0.3,0.01,True,0.055384615384615386,0.06466600655038471,0.0,0.009353339934496219
South,2456,-1,2600,0,1.0,0.3,0.05,True,0.055384615384615386,0.10003664345914254,0.0,0.04499816782704287
South,2456,-1,2600,0,1.0,0.3,0.1,True,0.055384615384615386,0.14065780265920225,0.0,0.08593421973407979
South,2456,-1,2600,1000,0.25,0,0.01,False,,,,
South,2456,-1,2600,1000,0.25,0,0.05,False,,,,
South,2456,-1,2600,1000,0.25,0,0.1,False,,,,
South,2456,-1,2600,1000,0.25,0.05,0.01,False,,,,
South,2456,-1,2600,1000,0.25,0.05,0.05,False,,,,
South,2456,-1,2600,1000,0.25,0.05,0.1,False,,,,
South,2456,-1,2600,1000,0.25,0.1,0.01,True,0.09,0.09365370848765903,0.0,0.00906346291512316
South,2456,-1,2600,1000,0.25,0.1,0.05,True,0.09,0.1,0.0,0.024806201550387597
South,2456,-1,2600,1000,0.25,0.1,0.1,True,0.09,0.1,0.0,0.024806201550387597
South,2456,-1,2600,1000,0.25,0.2,0.01,True,0.09,0.09365370848765903,0.0,0.00906346291512316
South,2456,-1,2600,1000,0.25,0.2,0.05,True,0.09,0.10797978250880687,0.0,0.044601010874559685
South,2456,-1,2600,1000,0.25,0.2,0.1,True,0.09,0.12526284169420246,0.0,0.08747371583057972
South,2456,-1,2600,1000,0.25,0.3,0.01,True,0.09,0.09365370848765903,0.0,0.00906346291512316
South,2456,-1,2600,1000,0.25,0.3,0.05,True,0.09,0.10797978250880687,0.0,0.044601010874559685
South,2456,-1,2600,1000,0.25,0.3,0.1,True,0.09,0.12526284169420246,0.0,0.08747371583057972
South,2456,-1,2600,1000,0.5,0,0.01,False,,,,
South,2456,-1,2600,1000,0.5,0,0.05,False,,,,
South,2456,-1,2600,1000,0.5,0,0.1,False,,,,
South,2456,-1,2600,1000,0.5,0.05,0.01,False,,,,
South,2456,-1,2600,1000,0.5,0.05,0.05,False,,,,
South,2456,-1,2600,1000,0.5,0.05,0.1,False,,,,
South,2456,-1,2600,1000,0.5,0.1,0.01,True,0.09,0.09727819455638917,0.0,0.00902721805443618
South,2456,-1,2600,1000,0.5,0.1,0.05,True,0.09,0.1,0.0,0.012403100775193798
South,2456,-1,2600,1000,0.5,0.1,0.1,True,0.09,0.1,0.0,0.012403100775193798
South,2456,-1,2600,1000,0.5,0.2,0.01,True,0.09,0.09727819455638917,0.0,0.00902721805443618
South,2456,-1,2600,1000,0.5,0.2,0.05,True,0.09,0.12526284169420246,0.0,0.04373685791528986
South,2456,-1,2600,1000,0.5,0.2,0.1,True,0.09,0.15789473684210525,0.0,0.08421052631578947
South,2456,-1,2600,1000,0.5,0.3,0.01,True,0.09,0.09727819455638917,0.0,0.00902721805443618
South,2456,-1,2600,1000,0.5,0.3,0.05,True,0.09,0.12526284169420246,0.0,0.04373685791528986
South,2456,-1,2600,1000,0.5,0.3,0.1,True,0.09,0.15789473684210525,0.0,0.08421052631578947
South,2456,-1,2600,1000,1.0,0,0.01,False,,,,
South,2456,-1,2600,1000,1.0,0,0.05,False,,,,
South,2456,-1,2600,1000,1.0,0,0.1,False,,,,
South,2456,-1,2600,1000,1.0,0.05,0.01,False,,,,
South,2456,-1,2600,1000,1.0,0.05,0.05,False,,,,
South,2456,-1,2600,1000,1.0,0.05,0.1,False,,,,
South,2456,-1,2600,1000,1.0,0.1,0.01,True,0.09,0.1,0.0,0.006201550387596899
South,2456,-1,2600,1000,1.0,0.1,0.05,True,0.09,0.1,0.0,0.006201550387596899
South,2456,-1,2600,1000,1.0,0.1,0.1,True,0.09,0.1,0.0,0.006201550387596899
South,2456,-1,2600,1000,1.0,0.2,0.01,True,0.09,0.10444089063845502,0.0,0.008955591093615512
South,2456,-1,2600,1000,1.0,0.2,0.05,True,0.09,0.15789473684210525,0.0,0.042105263157894736
South,2456,-1,2600,1000,1.0,0.2,0.1,True,0.09,0.2,0.0,0.06821705426356589
South,2456,-1,2600,1000,1.0,0.3,0.01,True,0.09,0.10444089063845502,0.0,0.008955591093615512
South,2456,-1,2600,1000,1.0,0.3,0.05,True,0.09,0.15789473684210525,0.0,0.042105263157894736
South,2456,-1,2600,1000,1.0,0.3,0.1,True,0.09,0.2163616792249731,0.0,0.07836383207750271
South,2456,-1,2700,0,0.25,0,0.01,False,,,,
South,2456,-1,2700,0,0.25,0,0.05,False,,,,
South,2456,-1,2700,0,0.25,0,0.1,False,,,,
South,2456,-1,2700,0,0.25,0.05,0.01,False,,,,
South,2456,-1,2700,0,0.25,0.05,0.05,False,,,,
South,2456,-1,2700,0,0.25,0.05,0.1,False,,,,
South,2456,-1,2700,0,0.25,0.1,0.01,True,0.09037037037037036,0.09245436405291546,0.0,0.009075456359470574
South,2456,-1,2700,0,0.25,0.1,0.05,True,0.09037037037037036,0.1,0.0,0.041935483870967745
South,2456,-1,2700,0,0.25,0.1,0.1,True,0.09037037037037036,0.1,0.0,0.041935483870967745
South,2456,-1,2700,0,0.25,0.2,0.01,True,0.09037037037037036,0.09245436405291546,0.0,0.009075456359470574
South,2456,-1,2700,0,0.25,0.2,0.05,True,0.09037037037037036,0.10069571585499817,0.0,0.0449652142072501
South,2456,-1,2700,0,0.25,0.2,0.1,True,0.09037037037037036,0.11078928312816799,0.0,0.0889210716871832
South,2456,-1,2700,0,0.25,0.3,0.01,True,0.09037037037037036,0.09245436405291546,0.0,0.009075456359470574
South,2456,-1,2700,0,0.25,0.3,0.05,True,0.09037037037037036,0.10069571585499817,0.0,0.0449652142072501
South,2456,-1,2700,0,0.25,0.3,0.1,True,0.09037037037037036,0.11078928312816799,0.0,0.0889210716871832
South,2456,-1,2700,0,0.5,0,0.01,False,,,,
South,2456,-1,2700,0,0.5,0,0.05,False,,,,
South,2456,-1,2700,0,0.5,0,0.1,False,,,,
South,2456,-1,2700,0,0.5,0.05,0.01,False,,,,
South,2456,-1,2700,0,0.5,0.05,0.05,False,,,,
South,2456,-1,2700,0,0.5,0.05,0.1,False,,,,
South,2456,-1,2700,0,0.5,0.1,0.01,True,0.09037037037037036,0.09452883055596523,0.0,0.009054711694440424
South,2456,-1,2700,0,0.5,0.1,0.05,True,0.09037037037037036,0.1,0.0,0.020967741935483872
South,2456,-1,2700,0,0.5,0.1,0.1,True,0.09037037037037036,0.1,0.0,0.020967741935483872
South,2456,-1,2700,0,0.5,0.2,0.01,True,0.09037037037037036,0.09452883055596523,0.0,0.009054711694440424
South,2456,-1,2700,0,0.5,0.2,0.05,True,0.09037037037037036,0.11078928312816799,0.0,0.0444605358435916
South,2456,-1,2700,0,0.5,0.2,0.1,True,0.09037037037037036,0.13031161473087818,0.0,0.08696883852691217
South,2456,-1,2700,0,0.5,0.3,0.01,True,0.09037037037037036,0.09452883055596523,0.0,0.009054711694440424
South,2456,-1,2700,0,0.5,0.3,0.05,True,0.09037037037037036,0.11078928312816799,0.0,0.0444605358435916
South,2456,-1,2700,0,0.5,0.3,0.1,True,0.09037037037037036,0.13031161473087818,0.0,0.08696883852691217
South,2456,-1,2700,0,1.0,0,0.01,False,,,,
South,2456,-1,2700,0,1.0,0,0.05,False,,,,
South,2456,-1,2700,0,1.0,0,0.1,False,,,,
South,2456,-1,2700,0,1.0,0.05,0.01,False,,,,
South,2456,-1,2700,0,1.0,0.05,0.05,False,,,,
South,2456,-1,2700,0,1.0,0.05,0.1,False,,,,
South,2456,-1,2700,0,1.0,0.1,0.01,True,0.09037037037037036,0.09864944216089261,0.0,0.009013505578391135
South,2456,-1,2700,0,1.0,0.1,0.05,True,0.09037037037037036,0.1,0.0,0.010483870967741936
South,2456,-1,2700,0,1.0,0.1,0.1,True,0.09037037037037036,0.1,0.0,0.010483870967741936
South,2456,-1,2700,0,1.0,0.2,0.01,True,0.09037037037037036,0.09864944216089261,0.0,0.009013505578391135
South,2456,-1,2700,0,1.0,0.2,0.05,True,0.09037037037037036,0.13031161473087818,0.0,0.04348441926345609
South,2456,-1,2700,0,1.0,0.2,0.1,True,0.09037037037037036,0.16689280868385345,0.0,0.08331071913161463
South,2456,-1,2700,0,1.0,0.3,0.01,True,0.09037037037037036,0.09864944216089261,0.0,0.009013505578391135
South,2456,-1,2700,0,1.0,0.3,0.05,True,0.09037037037037036,0.13031161473087818,0.0,0.04348441926345609
South,2456,-1,2700,0,1.0,0.3,0.1,True,0.09037037037037036,0.16689280868385345,0.0,0.08331071913161463
South,2456,-1,2700,1000,0.25,0,0.01,False,,,,
South,2456,-1,2700,1000,0.25,0,0.05,False,,,,
South,2456,-1,2700,1000,0.25,0,0.1,False,,,,
South,2456,-1,2700,1000,0.25,0.05,0.01,False,,,,
South,2456,-1,2700,1000,0.25,0.05,0.05,False,,,,
South,2456,-1,2700,1000,0.25,0.05,0.1,False,,,,
South,2456,-1,2700,1000,0.25,0.1,0.01,False,,,,
South,2456,-1,2700,1000,0.25,0.1,0.05,False,,,,
South,2456,-1,2700,1000,0.25,0.1,0.1,False,,,,
South,2456,-1,2700,1000,0.25,0.2,0.01,True,0.14352941176470588,0.14664165982885935,0.0,0.008533583401711141
South,2456,-1,2700,1000,0.25,0.2,0.05,True,0.14352941176470588,0.1588677065280185,0.0,0.042056614673599085
South,2456,-1,2700,1000,0.25,0.2,0.1,True,0.14352941176470588,0.17366628830874006,0.0,0.08263337116912596
South,2456,-1,2700,1000,0.25,0.3,0.01,True,0.14352941176470588,0.14664165982885935,0.0,0.008533583401711141
South,2456,-1,2700,1000,0.25,0.3,0.05,True,0.14352941176470588,0.1588677065280185,0.0,0.042056614673599085
South,2456,-1,2700,1000,0.25,0.3,0.1,True,0.14352941176470588,0.17366628830874006,0.0,0.08263337116912596
South,2456,-1,2700,1000,0.5,0,0.01,False,,,,
South,2456,-1,2700,1000,0.5,0,0.05,False,,,,
South,2456,-1,2700,1000,0.5,0,0.1,False,,,,
South,2456,-1,2700,1000,0.5,0.05,0.01,False,,,,
South,2456,-1,2700,1000,0.5,0.05,0.05,False,,,,
South,2456,-1,2700,1000,0.5,0.05,0.1,False,,,,
South,2456,-1,2700,1000,0.5,0.1,0.01,False,,,,
South,2456,-1,2700,1000,0.5,0.1,0.05,False,,,,
South,2456,-1,2700,1000,0.5,0.1,0.1,False,,,,
South,2456,-1,2700,1000,0.5,0.2,0.01,True,0.14352941176470588,0.14973137117495916,0.0,0.00850268628825045
South,2456,-1,2700,1000,0.5,0.2,0.05,True,0.14352941176470588,0.17366628830874006,0.0,0.04131668558456298
South,2456,-1,2700,1000,0.5,0.2,0.1,True,0.14352941176470588,0.2,0.0,0.07741935483870968
South,2456,-1,2700,1000,0.5,0.3,0.01,True,0.14352941176470588,0.14973137117495916,0.0,0.00850268628825045
South,2456,-1,2700,1000,0.5,0.3,0.05,True,0.14352941176470588,0.17366628830874006,0.0,0.04131668558456298
South,2456,-1,2700,1000,0.5,0.3,0.1,True,0.14352941176470588,0.20175438596491227,0.0,0.07982456140350874
South,2456,-1,2700,1000,1.0,0,0.01,False,,,,
South,2456,-1,2700,1000,1.0,0,0.05,False,,,,
South,2456,-1,2700,1000,1.0,0,0.1,False,,,,
South,2456,-1,2700,1000,1.0,0.05,0.01,False,,,,
South,2456,-1,2700,1000,1.0,0.05,0.05,False,,,,
South,2456,-1,2700,1000,1.0,0.05,0.1,False,,,,
South,2456,-1,2700,1000,1.0,0.1,0.01,False,,,,
South,2456,-1,2700,1000,1.0,0.1,0.05,False,,,,
South,2456,-1,2700,1000,1.0,0.1,0.1,False,,,,
South,2456,-1,2700,1000,1.0,0.2,0.01,True,0.14352941176470588,0.15584415584415592,0.0,0.008441558441558484
South,2456,-1,2700,1000,1.0,0.2,0.05,True,0.14352941176470588,0.2,0.0,0.03870967741935484
South,2456,-1,2700,1000,1.0,0.2,0.1,True,0.14352941176470588,0.2,0.0,0.03870967741935484
South,2456,-1,2700,1000,1.0,0.3,0.01,True,0.14352941176470588,0.15584415584415592,0.0,0.008441558441558484
South,2456,-1,2700,1000,1.0,0.3,0.05,True,0.14352941176470588,0.20175438596491227,0.0,0.03991228070175437
South,2456,-1,2700,1000,1.0,0.3,0.1,True,0.14352941176470588,0.25256673511293637,0.0,0.07474332648870638
South,2456,-1,2900,0,0.25,0,0.01,False,,,,
South,2456,-1,2900,0,0.25,0,0.05,False,,,,
South,2456,-1,2900,0,0.25,0,0.1,False,,,,
South,2456,-1,2900,0,0.25,0.05,0.01,False,,,,
South,2456,-1,2900,0,0.25,0.05,0.05,False,,,,
South,2456,-1,2900,0,0.25,0.05,0.1,False,,,,
South,2456,-1,2900,0,0.25,0.1,0.01,False,,,,
South,2456,-1,2900,0,0.25,0.1,0.05,False,,,,
South,2456,-1,2900,0,0.25,0.1,0.1,False,,,,
South,2456,-1,2900,0,0.25,0.2,0.01,True,0.15310344827586206,0.15476477268816458,0.0,0.008452352273118044
South,2456,-1,2900,0,0.25,0.2,0.05,True,0.15310344827586206,0.1613453986682602,0.0,0.041932730066586925
South,2456,-1,2900,0,0.25,0.2,0.1,True,0.15310344827586206,0.16942847480554615,0.0,0.08305715251944534
South,2456,-1,2900,0,0.25,0.3,0.01,True,0.15310344827586206,0.15476477268816458,0.0,0.008452352273118044
South,2456,-1,2900,0,0.25,0.3,0.05,True,0.15310344827586206,0.1613453986682602,0.0,0.041932730066586925
South,2456,-1,2900,0,0.25,0.3,0.1,True,0.15310344827586206,0.16942847480554615,0.0,0.08305715251944534
South,2456,-1,2900,0,0.5,0,0.01,False,,,,
South,2456,-1,2900,0,0.5,0,0.05,False,,,,
South,2456,-1,2900,0,0.5,0,0.1,False,,,,
South,2456,-1,2900,0,0.5,0.05,0.01,False,,,,
South,2456,-1,2900,0,0.5,0.05,0.05,False,,,,
South,2456,-1,2900,0,0.5,0.05,0.1,False,,,,
South,2456,-1,2900,0,0.5,0.1,0.01,False,,,,
South,2456,-1,2900,0,0.5,0.1,0.05,False,,,,
South,2456,-1,2900,0,0.5,0.1,0.1,False,,,,
South,2456,-1,2900,0,0.5,0.2,0.01,True,0.15310344827586206,0.1564195919488906,0.0,0.00843580408051119
South,2456,-1,2900,0,0.5,0.2,0.05,True,0.15310344827586206,0.16942847480554615,0.0,0.04152857625972267
South,2456,-1,2900,0,0.5,0.2,0.1,True,0.15310344827586206,0.18513603185136032,0.0,0.081486396814864
South,2456,-1,2900,0,0.5,0.3,0.01,True,0.15310344827586206,0.1564195919488906,0.0,0.00843580408051119
South,2456,-1,2900,0,0.5,0.3,0.05,True,0.15310344827586206,0.16942847480554615,0.0,0.04152857625972267
South,2456,-1,2900,0,0.5,0.3,0.1,True,0.15310344827586206,0.18513603185136032,0.0,0.081486396814864
South,2456,-1,2900,0,1.0,0,0.01,False,,,,
South,2456,-1,2900,0,1.0,0,0.05,False,,,,
South,2456,-1,2900,0,1.0,0,0.1,False,,,,
South,2456,-1,2900,0,1.0,0.05,0.01,False,,,,
South,2456,-1,2900,0,1.0,0.05,0.05,False,,,,
South,2456,-1,2900,0,1.0,0.05,0.1,False,,,,
South,2456,-1,2900,0,1.0,0.1,0.01,False,,,,
South,2456,-1,2900,0,1.0,0.1,0.05,False,,,,
South,2456,-1,2900,0,1.0,0.1,0.1,False,,,,
South,2456,-1,2900,0,1.0,0.2,0.01,True,0.15310344827586206,0.1597098672505817,0.0,0.008402901327494255
South,2456,-1,2900,0,1.0,0.2,0.05,True,0.15310344827586206,0.18513603185136032,0.0,0.040743198407432
South,2456,-1,2900,0,1.0,0.2,0.1,True,0.15310344827586206,0.2,0.0,0.05964912280701754
South,2456,-1,2900,0,1.0,0.3,0.01,True,0.15310344827586206,0.1597098672505817,0.0,0.008402901327494255
South,2456,-1,2900,0,1.0,0.3,0.05,True,0.15310344827586206,0.18513603185136032,0.0,0.040743198407432
South,2456,-1,2900,0,1.0,0.3,0.1,True,0.15310344827586206,0.21483375959079284,0.0,0.0785166240409207
South,2456,-1,2900,1000,0.25,0,0.01,False,,,,
South,2456,-1,2900,1000,0.25,0,0.05,False,,,,
South,2456,-1,2900,1000,0.25,0,0.1,False,,,,
South,2456,-1,2900,1000,0.25,0.05,0.01,False,,,,
South,2456,-1,2900,1000,0.25,0.05,0.05,False,,,,
South,2456,-1,2900,1000,0.25,0.05,0.1,False,,,,
South,2456,-1,2900,1000,0.25,0.1,0.01,False,,,,
South,2456,-1,2900,1000,0.25,0.1,0.05,False,,,,
South,2456,-1,2900,1000,0.25,0.1,0.1,False,,,,
South,2456,-1,2900,1000,0.25,0.2,0.01,False,,,,
South,2456,-1,2900,1000,0.25,0.2,0.05,False,,,,
South,2456,-1,2900,1000,0.25,0.2,0.1,False,,,,
South,2456,-1,2900,1000,0.25,0.3,0.01,True,0.2336842105263158,0.2359762816812719,0.0,0.007640237183187039
South,2456,-1,2900,1000,0.25,0.3,0.05,True,0.2336842105263158,0.24500907441016334,0.0,0.03774954627949184
South,2456,-1,2900,1000,0.25,0.3,0.1,True,0.2336842105263158,0.256004087889627,0.0,0.07439959121103726
South,2456,-1,2900,1000,0.5,0,0.01,False,,,,
South,2456,-1,2900,1000,0.5,0,0.05,False,,,,
South,2456,-1,2900,1000,0.5,0,0.1,False,,,,
South,2456,-1,2900,1000,0.5,0.05,0.01,False,,,,
South,2456,-1,2900,1000,0.5,0.05,0.05,False,,,,
South,2456,-1,2900,1000,0.5,0.05,0.1,False,,,,
South,2456,-1,2900,1000,0.5,0.1,0.01,False,,,,
South,2456,-1,2900,1000,0.5,0.1,0.05,False,,,,
South,2456,-1,2900,1000,0.5,0.1,0.1,False,,,,
South,2456,-1,2900,1000,0.5,0.2,0.01,False,,,,
South,2456,-1,2900,1000,0.5,0.2,0.05,False,,,,
South,2456,-1,2900,1000,0.5,0.2,0.1,False,,,,
South,2456,-1,2900,1000,0.5,0.3,0.01,True,0.2336842105263158,0.23825468243172548,0.0,0.00761745317568281
South,2456,-1,2900,1000,0.5,0.3,0.05,True,0.2336842105263158,0.256004087889627,0.0,0.03719979560551863
South,2456,-1,2900,1000,0.5,0.3,0.1,True,0.2336842105263158,0.2770605759682224,0.0,0.07229394240317769
South,2456,-1,2900,1000,1.0,0,0.01,False,,,,
South,2456,-1,2900,1000,1.0,0,0.05,False,,,,
South,2456,-1,2900,1000,1.0,0,0.1,False,,,,
South,2456,-1,2900,1000,1.0,0.05,0.01,False,,,,
South,2456,-1,2900,1000,1.0,0.05,0.05,False,,,,
South,2456,-1,2900,1000,1.0,0.05,0.1,False,,,,
South,2456,-1,2900,1000,1.0,0.1,0.01,False,,,,
South,2456,-1,2900,1000,1.0,0.1,0.05,False,,,,
South,2456,-1,2900,1000,1.0,0.1,0.1,False,,,,
South,2456,-1,2900,1000,1.0,0.2,0.01,False,,,,
South,2456,-1,2900,1000,1.0,0.2,0.05,False,,,,
South,2456,-1,2900,1000,1.0,0.2,0.1,False,,,,
South,2456,-1,2900,1000,1.0,0.3,0.01,True,0.2336842105263158,0.24277095901809867,0.0,0.007572290409819073
South,2456,-1,2900,1000,1.0,0.3,0.05,True,0.2336842105263158,0.2770605759682224,0.0,0.03614697120158884
South,2456,-1,2900,1000,1.0,0.3,0.1,True,0.2336842105263158,0.3,0.0,0.05526315789473684
South,2456,-1,3100,0,0.25,0,0.01,False,,,,
South,2456,-1,3100,0,0.25,0,0.05,False,,,,
South,2456,-1,3100,0,0.25,0,0.1,False,,,,
South,2456,-1,3100,0,0.25,0.05,0.01,False,,,,
South,2456,-1,3100,0,0.25,0.05,0.05,False,,,,
South,2456,-1,3100,0,0.25,0.05,0.1,False,,,,
South,2456,-1,3100,0,0.25,0.1,0.01,False,,,,
South,2456,-1,3100,0,0.25,0.1,0.05,False,,,,
South,2456,-1,3100,0,0.25,0.1,0.1,False,,,,
South,2456,-1,3100,0,0.25,0.2,0.01,False,,,,
South,2456,-1,3100,0,0.25,0.2,0.05,False,,,,
South,2456,-1,3100,0,0.25,0.2,0.1,False,,,,
South,2456,-1,3100,0,0.25,0.3,0.01,True,0.20774193548387096,0.20906865902357333,0.0,0.00790931340976416
South,2456,-1,3100,0,0.25,0.3,0.05,True,0.20774193548387096,0.2143314139475368,0.0,0.03928342930262326
South,2456,-1,3100,0,0.25,0.3,0.1,True,0.20774193548387096,0.22081218274111675,0.0,0.07791878172588834
South,2456,-1,3100,0,0.5,0,0.01,False,,,,
South,2456,-1,3100,0,0.5,0,0.05,False,,,,
South,2456,-1,3100,0,0.5,0,0.1,False,,,,
South,2456,-1,3100,0,0.5,0.05,0.01,False,,,,
South,2456,-1,3100,0,0.5,0.05,0.05,False,,,,
South,2456,-1,3100,0,0.5,0.05,0.1,False,,,,
South,2456,-1,3100,0,0.5,0.1,0.01,False,,,,
South,2456,-1,3100,0,0.5,0.1,0.05,False,,,,
South,2456,-1,3100,0,0.5,0.1,0.1,False,,,,
South,2456,-1,3100,0,0.5,0.2,0.01,False,,,,
South,2456,-1,3100,0,0.5,0.2,0.05,False,,,,
South,2456,-1,3100,0,0.5,0.2,0.1,False,,,,
South,2456,-1,3100,0,0.5,0.3,0.01,True,0.20774193548387096,0.21039094650205764,0.0,0.007896090534979494
South,2456,-1,3100,0,0.5,0.3,0.05,True,0.20774193548387096,0.22081218274111675,0.0,0.03895939086294417
South,2456,-1,3100,0,0.5,0.3,0.1,True,0.20774193548387096,0.23345817727840198,0.0,0.07665418227215978
South,2456,-1,3100,0,1.0,0,0.01,False,,,,
South,2456,-1,3100,0,1.0,0,0.05,False,,,,
South,2456,-1,3100,0,1.0,0,0.1,False,,,,
South,2456,-1,3100,0,1.0,0.05,0.01,False,,,,
South,2456,-1,3100,0,1.0,0.05,0.05,False,,,,
South,2456,-1,3100,0,1.0,0.05,0.1,False,,,,
South,2456,-1,3100,0,1.0,0.1,0.01,False,,,,
South,2456,-1,3100,0,1.0,0.1,0.05,False,,,,
South,2456,-1,3100,0,1.0,0.1,0.1,False,,,,
South,2456,-1,3100,0,1.0,0.2,0.01,False,,,,
South,2456,-1,3100,0,1.0,0.2,0.05,False,,,,
South,2456,-1,3100,0,1.0,0.2,0.1,False,,,,
South,2456,-1,3100,0,1.0,0.3,0.01,True,0.20774193548387096,0.2130223019738529,0.0,0.007869776980261579
South,2456,-1,3100,0,1.0,0.3,0.05,True,0.20774193548387096,0.23345817727840198,0.0,0.03832709113607989
South,2456,-1,3100,0,1.0,0.3,0.1,True,0.20774193548387096,0.25755743651753327,0.0,0.07424425634824668
South,2456,-1,3100,1000,0.25,0,0.01,False,,,,
South,2456,-1,3100,1000,0.25,0,0.05,False,,,,
South,2456,-1,3100,1000,0.25,0,0.1,False,,,,
South,2456,-1,3100,1000,0.25,0.05,0.01,False,,,,
South,2456,-1,3100,1000,0.25,0.05,0.05,False,,,,
South,2456,-1,3100,1000,0.25,0.05,0.1,False,,,,
South,2456,-1,3100,1000,0.25,0.1,0.01,False,,,,
South,2456,-1,3100,1000,0.25,0.1,0.05,False,,,,
South,2456,-1,3100,1000,0.25,0.1,0.1,False,,,,
South,2456,-1,3100,1000,0.25,0.2,0.01,False,,,,
South,2456,-1,3100,1000,0.25,0.2,0.05,False,,,,
South,2456,-1,3100,1000,0.25,0.2,0.1,False,,,,
South,2456,-1,3100,1000,0.25,0.3,0.01,False,,,,
South,2456,-1,3100,1000,0.25,0.3,0.05,False,,,,
South,2456,-1,3100,1000,0.25,0.3,0.1,False,,,,
South,2456,-1,3100,1000,0.5,0,0.01,False,,,,
South,2456,-1,3100,1000,0.5,0,0.05,False,,,,
South,2456,-1,3100,1000,0.5,0,0.1,False,,,,
South,2456,-1,3100,1000,0.5,0.05,0.01,False,,,,
South,2456,-1,3100,1000,0.5,0.05,0.05,False,,,,
South,2456,-1,3100,1000,0.5,0.05,0.1,False,,,,
South,2456,-1,3100,1000,0.5,0.1,0.01,False,,,,
South,2456,-1,3100,1000,0.5,0.1,0.05,False,,,,
South,2456,-1,3100,1000,0.5,0.1,0.1,False,,,,
South,2456,-1,3100,1000,0.5,0.2,0.01,False,,,,
South,2456,-1,3100,1000,0.5,0.2,0.05,False,,,,
South,2456,-1,3100,1000,0.5,0.2,0.1,False,,,,
South,2456,-1,3100,1000,0.5,0.3,0.01,False,,,,
South,2456,-1,3100,1000,0.5,0.3,0.05,False,,,,
South,2456,-1,3100,1000,0.5,0.3,0.1,False,,,,
South,2456,-1,3100,1000,1.0,0,0.01,False,,,,
South,2456,-1,3100,1000,1.0,0,0.05,False,,,,
South,2456,-1,3100,1000,1.0,0,0.1,False,,,,
South,2456,-1,3100,1000,1.0,0.05,0.01,False,,,,
South,2456,-1,3100,1000,1.0,0.05,0.05,False,,,,
South,2456,-1,3100,1000,1.0,0.05,0.1,False,,,,
South,2456,-1,3100,1000,1.0,0.1,0.01,False,,,,
South,2456,-1,3100,1000,1.0,0.1,0.05,False,,,,
South,2456,-1,3100,1000,1.0,0.1,0.1,False,,,,
South,2456,-1,3100,1000,1.0,0.2,0.01,False,,,,
South,2456,-1,3100,1000,1.0,0.2,0.05,False,,,,
South,2456,-1,3100,1000,1.0,0.2,0.1,False,,,,
South,2456,-1,3100,1000,1.0,0.3,0.01,False,,,,
South,2456,-1,3100,1000,1.0,0.3,0.05,False,,,,
South,2456,-1,3100,1000,1.0,0.3,0.1,False,,,,
South,2492,0,2400,0,0.25,0,0.01,False,,,,
South,2492,0,2400,0,0.25,0,0.05,False,,,,
South,2492,0,2400,0,0.25,0,0.1,False,,,,
South,2492,0,2400,0,0.25,0.05,0.01,False,,,,
South,2492,0,2400,0,0.25,0.05,0.05,False,,,,
South,2492,0,2400,0,0.25,0.05,0.1,False,,,,
South,2492,0,2400,0,0.25,0.1,0.01,False,,,,
South,2492,0,2400,0,0.25,0.1,0.05,False,,,,
South,2492,0,2400,0,0.25,0.1,0.1,False,,,,
South,2492,0,2400,0,0.25,0.2,0.01,False,,,,
South,2492,0,2400,0,0.25,0.2,0.05,False,,,,
South,2492,0,2400,0,0.25,0.2,0.1,False,,,,
South,2492,0,2400,0,0.25,0.3,0.01,False,,,,
South,2492,0,2400,0,0.25,0.3,0.05,False,,,,
South,2492,0,2400,0,0.25,0.3,0.1,False,,,,
South,2492,0,2400,0,0.5,0,0.01,False,,,,
South,2492,0,2400,0,0.5,0,0.05,False,,,,
South,2492,0,2400,0,0.5,0,0.1,True,0.0,0.0,0.06618705035971223,0.06618705035971223
South,2492,0,2400,0,0.5,0.05,0.01,False,,,,
South,2492,0,2400,0,0.5,0.05,0.05,False,,,,
South,2492,0,2400,0,0.5,0.05,0.1,True,0.0,0.018511224891689642,0.06618705035971223,0.09814887751083103
South,2492,0,2400,0,0.5,0.1,0.01,False,,,,
South,2492,0,2400,0,0.5,0.1,0.05,False,,,,
South,2492,0,2400,0,0.5,0.1,0.1,True,0.0,0.018511224891689642,0.06618705035971223,0.09814887751083103
South,2492,0,2400,0,0.5,0.2,0.01,False,,,,
South,2492,0,2400,0,0.5,0.2,0.05,False,,,,
South,2492,0,2400,0,0.5,0.2,0.1,True,0.0,0.018511224891689642,0.06618705035971223,0.09814887751083103
South,2492,0,2400,0,0.5,0.3,0.01,False,,,,
South,2492,0,2400,0,0.5,0.3,0.05,False,,,,
South,2492,0,2400,0,0.5,0.3,0.1,True,0.0,0.018511224891689642,0.06618705035971223,0.09814887751083103
South,2492,0,2400,0,1.0,0,0.01,False,,,,
South,2492,0,2400,0,1.0,0,0.05,True,0.0,0.0,0.033093525179856115,0.033093525179856115
South,2492,0,2400,0,1.0,0,0.1,True,0.0,0.0,0.033093525179856115,0.033093525179856115
South,2492,0,2400,0,1.0,0.05,0.01,False,,,,
South,2492,0,2400,0,1.0,0.05,0.05,True,0.0,0.018511224891689642,0.033093525179856115,0.04907443875541551
South,2492,0,2400,0,1.0,0.05,0.1,True,0.0,0.05,0.033093525179856115,0.07625899280575539
South,2492,0,2400,0,1.0,0.1,0.01,False,,,,
South,2492,0,2400,0,1.0,0.1,0.05,True,0.0,0.018511224891689642,0.033093525179856115,0.04907443875541551
South,2492,0,2400,0,1.0,0.1,0.1,True,0.0,0.06945481702763256,0.033093525179856115,0.09305451829723674
South,2492,0,2400,0,1.0,0.2,0.01,False,,,,
South,2492,0,2400,0,1.0,0.2,0.05,True,0.0,0.018511224891689642,0.033093525179856115,0.04907443875541551
South,2492,0,2400,0,1.0,0.2,0.1,True,0.0,0.06945481702763256,0.033093525179856115,0.09305451829723674
South,2492,0,2400,0,1.0,0.3,0.01,False,,,,
South,2492,0,2400,0,1.0,0.3,0.05,True,0.0,0.018511224891689642,0.033093525179856115,0.04907443875541551
South,2492,0,2400,0,1.0,0.3,0.1,True,0.0,0.06945481702763256,0.033093525179856115,0.09305451829723674
South,2492,0,2400,1000,0.25,0,0.01,False,,,,
South,2492,0,2400,1000,0.25,0,0.05,False,,,,
South,2492,0,2400,1000,0.25,0,0.1,False,,,,
South,2492,0,2400,1000,0.25,0.05,0.01,False,,,,
South,2492,0,2400,1000,0.25,0.05,0.05,False,,,,
South,2492,0,2400,1000,0.25,0.05,0.1,False,,,,
South,2492,0,2400,1000,0.25,0.1,0.01,False,,,,
South,2492,0,2400,1000,0.25,0.1,0.05,False,,,,
South,2492,0,2400,1000,0.25,0.1,0.1,False,,,,
South,2492,0,2400,1000,0.25,0.2,0.01,False,,,,
South,2492,0,2400,1000,0.25,0.2,0.05,False,,,,
South,2492,0,2400,1000,0.25,0.2,0.1,False,,,,
South,2492,0,2400,1000,0.25,0.3,0.01,False,,,,
South,2492,0,2400,1000,0.25,0.3,0.05,False,,,,
South,2492,0,2400,1000,0.25,0.3,0.1,False,,,,
South,2492,0,2400,1000,0.5,0,0.01,False,,,,
South,2492,0,2400,1000,0.5,0,0.05,False,,,,
South,2492,0,2400,1000,0.5,0,0.1,True,0.0,0.0,0.06618705035971223,0.06618705035971223
South,2492,0,2400,1000,0.5,0.05,0.01,False,,,,
South,2492,0,2400,1000,0.5,0.05,0.05,False,,,,
South,2492,0,2400,1000,0.5,0.05,0.1,True,0.0,0.030539311241065625,0.06618705035971223,0.09694606887589344
South,2492,0,2400,1000,0.5,0.1,0.01,False,,,,
South,2492,0,2400,1000,0.5,0.1,0.05,False,,,,
South,2492,0,2400,1000,0.5,0.1,0.1,True,0.0,0.030539311241065625,0.06618705035971223,0.09694606887589344
South,2492,0,2400,1000,0.5,0.2,0.01,False,,,,
South,2492,0,2400,1000,0.5,0.2,0.05,False,,,,
South,2492,0,2400,1000,0.5,0.2,0.1,True,0.0,0.030539311241065625,0.06618705035971223,0.09694606887589344
South,2492,0,2400,1000,0.5,0.3,0.01,False,,,,
South,2492,0,2400,1000,0.5,0.3,0.05,False,,,,
South,2492,0,2400,1000,0.5,0.3,0.1,True,0.0,0.030539311241065625,0.06618705035971223,0.09694606887589344
South,2492,0,2400,1000,1.0,0,0.01,False,,,,
South,2492,0,2400,1000,1.0,0,0.05,True,0.0,0.0,0.033093525179856115,0.033093525179856115
South,2492,0,2400,1000,1.0,0,0.1,True,0.0,0.0,0.033093525179856115,0.033093525179856115
South,2492,0,2400,1000,1.0,0.05,0.01,False,,,,
South,2492,0,2400,1000,1.0,0.05,0.05,True,0.0,0.030539311241065625,0.033093525179856115,0.04847303443794672
South,2492,0,2400,1000,1.0,0.05,0.1,True,0.0,0.05,0.033093525179856115,0.05827338129496403
South,2492,0,2400,1000,1.0,0.1,0.01,False,,,,
South,2492,0,2400,1000,1.0,0.1,0.05,True,0.0,0.030539311241065625,0.033093525179856115,0.04847303443794672
South,2492,0,2400,1000,1.0,0.1,0.1,True,0.0,0.1,0.033093525179856115,0.08345323741007195
South,2492,0,2400,1000,1.0,0.2,0.01,False,,,,
South,2492,0,2400,1000,1.0,0.2,0.05,True,0.0,0.030539311241065625,0.033093525179856115,0.04847303443794672
South,2492,0,2400,1000,1.0,0.2,0.1,True,0.0,0.11084624553039332,0.033093525179856115,0.08891537544696067
South,2492,0,2400,1000,1.0,0.3,0.01,False,,,,
South,2492,0,2400,1000,1.0,0.3,0.05,True,0.0,0.030539311241065625,0.033093525179856115,0.04847303443794672
South,2492,0,2400,1000,1.0,0.3,0.1,True,0.0,0.11084624553039332,0.033093525179856115,0.08891537544696067
South,2492,0,2600,0,0.25,0,0.01,False,,,,
South,2492,0,2600,0,0.25,0,0.05,False,,,,
South,2492,0,2600,0,0.25,0,0.1,False,,,,
South,2492,0,2600,0,0.25,0.05,0.01,True,0.04153846153846154,0.043910299449442663,0.0,0.009560897005505309
South,2492,0,2600,0,0.25,0.05,0.05,True,0.04153846153846154,0.05,0.0,0.034108527131782945
South,2492,0,2600,0,0.25,0.05,0.1,True,0.04153846153846154,0.05,0.0,0.034108527131782945
South,2492,0,2600,0,0.25,0.1,0.01,True,0.04153846153846154,0.043910299449442663,0.0,0.009560897005505309
South,2492,0,2600,0,0.25,0.1,0.05,True,0.04153846153846154,0.0532814132396239,0.0,0.04733592933801882
South,2492,0,2600,0,0.25,0.1,0.1,True,0.04153846153846154,0.06474010133233252,0.0,0.09352598986676676
South,2492,0,2600,0,0.25,0.2,0.01,True,0.04153846153846154,0.043910299449442663,0.0,0.009560897005505309
South,2492,0,2600,0,0.25,0.2,0.05,True,0.04153846153846154,0.0532814132396239,0.0,0.04733592933801882
South,2492,0,2600,0,0.25,0.2,0.1,True,0.04153846153846154,0.06474010133233252,0.0,0.09352598986676676
South,2492,0,2600,0,0.25,0.3,0.01,True,0.04153846153846154,0.043910299449442663,0.0,0.009560897005505309
South,2492,0,2600,0,0.25,0.3,0.05,True,0.04153846153846154,0.0532814132396239,0.0,0.04733592933801882
South,2492,0,2600,0,0.25,0.3,0.1,True,0.04153846153846154,0.06474010133233252,0.0,0.09352598986676676
South,2492,0,2600,0,0.5,0,0.01,False,,,,
South,2492,0,2600,0,0.5,0,0.05,False,,,,
South,2492,0,2600,0,0.5,0,0.1,False,,,,
South,2492,0,2600,0,0.5,0.05,0.01,True,0.04153846153846154,0.04627042749435496,0.0,0.009537295725056513
South,2492,0,2600,0,0.5,0.05,0.05,True,0.04153846153846154,0.05,0.0,0.017054263565891473
South,2492,0,2600,0,0.5,0.05,0.1,True,0.04153846153846154,0.05,0.0,0.017054263565891473
South,2492,0,2600,0,0.5,0.1,0.01,True,0.04153846153846154,0.04627042749435496,0.0,0.009537295725056513
South,2492,0,2600,0,0.5,0.1,0.05,True,0.04153846153846154,0.06474010133233252,0.0,0.04676299493338338
South,2492,0,2600,0,0.5,0.1,0.1,True,0.04153846153846154,0.08684499816782704,0.0,0.09131550018321727
South,2492,0,2600,0,0.5,0.2,0.01,True,0.04153846153846154,0.04627042749435496,0.0,0.009537295725056513
South,2492,0,2600,0,0.5,0.2,0.05,True,0.04153846153846154,0.06474010133233252,0.0,0.04676299493338338
South,2492,0,2600,0,0.5,0.2,0.1,True,0.04153846153846154,0.08684499816782704,0.0,0.09131550018321727
South,2492,0,2600,0,0.5,0.3,0.01,True,0.04153846153846154,0.04627042749435496,0.0,0.009537295725056513
South,2492,0,2600,0,0.5,0.3,0.05,True,0.04153846153846154,0.06474010133233252,0.0,0.04676299493338338
South,2492,0,2600,0,0.5,0.3,0.1,True,0.04153846153846154,0.08684499816782704,0.0,0.09131550018321727
South,2492,0,2600,0,1.0,0,0.01,False,,,,
South,2492,0,2600,0,1.0,0,0.05,False,,,,
South,2492,0,2600,0,1.0,0,0.1,False,,,,
South,2492,0,2600,0,1.0,0.05,0.01,True,0.04153846153846154,0.05,0.0,0.008527131782945736
South,2492,0,2600,0,1.0,0.05,0.05,True,0.04153846153846154,0.05,0.0,0.008527131782945736
South,2492,0,2600,0,1.0,0.05,0.1,True,0.04153846153846154,0.05,0.0,0.008527131782945736
South,2492,0,2600,0,1.0,0.1,0.01,True,0.04153846153846154,0.050955899154543446,0.0,0.009490441008454635
South,2492,0,2600,0,1.0,0.1,0.05,True,0.04153846153846154,0.08684499816782704,0.0,0.045657750091608634
South,2492,0,2600,0,1.0,0.1,0.1,True,0.04153846153846154,0.1,0.0,0.05891472868217054
South,2492,0,2600,0,1.0,0.2,0.01,True,0.04153846153846154,0.050955899154543446,0.0,0.009490441008454635
South,2492,0,2600,0,1.0,0.2,0.05,True,0.04153846153846154,0.08684499816782704,0.0,0.045657750091608634
South,2492,0,2600,0,1.0,0.2,0.1,True,0.04153846153846154,0.12806158152554234,0.0,0.08719384184744576
South,2492,0,2600,0,1.0,0.3,0.01,True,0.04153846153846154,0.050955899154543446,0.0,0.009490441008454635
South,2492,0,2600,0,1.0,0.3,0.05,True,0.04153846153846154,0.08684499816782704,0.0,0.045657750091608634
South,2492,0,2600,0,1.0,0.3,0.1,True,0.04153846153846154,0.12806158152554234,0.0,0.08719384184744576
South,2492,0,2600,1000,0.25,0,0.01,False,,,,
South,2492,0,2600,1000,0.25,0,0.05,False,,,,
South,2492,0,2600,1000,0.25,0,0.1,False,,,,
South,2492,0,2600,1000,0.25,0.05,0.01,False,,,,
South,2492,0,2600,1000,0.25,0.05,0.05,False,,,,
South,2492,0,2600,1000,0.25,0.05,0.1,False,,,,
South,2492,0,2600,1000,0.25,0.1,0.01,True,0.0675,0.07124404743378246,0.0,0.009287559525661923
South,2492,0,2600,1000,0.25,0.1,0.05,True,0.0675,0.0859243375708378,0.0,0.04570378312145812
South,2492,0,2600,1000,0.25,0.1,0.1,True,0.0675,0.1,0.0,0.08062015503875969
South,2492,0,2600,1000,0.25,0.2,0.01,True,0.0675,0.07124404743378246,0.0,0.009287559525661923
South,2492,0,2600,1000,0.25,0.2,0.05,True,0.0675,0.0859243375708378,0.0,0.04570378312145812
South,2492,0,2600,1000,0.25,0.2,0.1,True,0.0675,0.10363472514268549,0.0,0.08963652748573146
South,2492,0,2600,1000,0.25,0.3,0.01,True,0.0675,0.07124404743378246,0.0,0.009287559525661923
South,2492,0,2600,1000,0.25,0.3,0.05,True,0.0675,0.0859243375708378,0.0,0.04570378312145812
South,2492,0,2600,1000,0.25,0.3,0.1,True,0.0675,0.10363472514268549,0.0,0.08963652748573146
South,2492,0,2600,1000,0.5,0,0.01,False,,,,
South,2492,0,2600,1000,0.5,0,0.05,False,,,,
South,2492,0,2600,1000,0.5,0,0.1,False,,,,
South,2492,0,2600,1000,0.5,0.05,0.01,False,,,,
South,2492,0,2600,1000,0.5,0.05,0.05,False,,,,
South,2492,0,2600,1000,0.5,0.05,0.1,False,,,,
South,2492,0,2600,1000,0.5,0.1,0.01,True,0.0675,0.07495814991629988,0.0,0.009250418500837061
South,2492,0,2600,1000,0.5,0.1,0.05,True,0.0675,0.1,0.0,0.040310077519379844
South,2492,0,2600,1000,0.5,0.1,0.1,True,0.0675,0.1,0.0,0.040310077519379844
South,2492,0,2600,1000,0.5,0.2,0.01,True,0.0675,0.07495814991629988,0.0,0.009250418500837061
South,2492,0,2600,1000,0.5,0.2,0.05,True,0.0675,0.10363472514268549,0.0,0.04481826374286573
South,2492,0,2600,1000,0.5,0.2,0.1,True,0.0675,0.13707345286292655,0.0,0.08629265471370735
South,2492,0,2600,1000,0.5,0.3,0.01,True,0.0675,0.07495814991629988,0.0,0.009250418500837061
South,2492,0,2600,1000,0.5,0.3,0.05,True,0.0675,0.10363472514268549,0.0,0.04481826374286573
South,2492,0,2600,1000,0.5,0.3,0.1,True,0.0675,0.13707345286292655,0.0,0.08629265471370735
South,2492,0,2600,1000,1.0,0,0.01,False,,,,
South,2492,0,2600,1000,1.0,0,0.05,False,,,,
South,2492,0,2600,1000,1.0,0,0.1,False,,,,
South,2492,0,2600,1000,1.0,0.05,0.01,False,,,,
South,2492,0,2600,1000,1.0,0.05,0.05,False,,,,
South,2492,0,2600,1000,1.0,0.05,0.1,False,,,,
South,2492,0,2600,1000,1.0,0.1,0.01,True,0.0675,0.08229794562676847,0.0,0.009177020543732387
South,2492,0,2600,1000,1.0,0.1,0.05,True,0.0675,0.1,0.0,0.020155038759689922
South,2492,0,2600,1000,1.0,0.1,0.1,True,0.0675,0.1,0.0,0.020155038759689922
South,2492,0,2600,1000,1.0,0.2,0.01,True,0.0675,0.08229794562676847,0.0,0.009177020543732387
South,2492,0,2600,1000,1.0,0.2,0.05,True,0.0675,0.13707345286292655,0.0,0.04314632735685368
South,2492,0,2600,1000,1.0,0.2,0.1,True,0.0675,0.1969860064585576,0.0,0.08030139935414424
South,2492,0,2600,1000,1.0,0.3,0.01,True,0.0675,0.08229794562676847,0.0,0.009177020543732387
South,2492,0,2600,1000,1.0,0.3,0.05,True,0.0675,0.13707345286292655,0.0,0.04314632735685368
South,2492,0,2600,1000,1.0,0.3,0.1,True,0.0675,0.1969860064585576,0.0,0.08030139935414424
South,2492,0,2700,0,0.25,0,0.01,False,,,,
South,2492,0,2700,0,0.25,0,0.05,False,,,,
South,2492,0,2700,0,0.25,0,0.1,False,,,,
South,2492,0,2700,0,0.25,0.05,0.01,False,,,,
South,2492,0,2700,0,0.25,0.05,0.05,False,,,,
South,2492,0,2700,0,0.25,0.05,0.1,False,,,,
South,2492,0,2700,0,0.25,0.1,0.01,True,0.07703703703703704,0.07915157785825136,4.584146682323227e-17,0.00920848422141723
South,2492,0,2700,0,0.25,0.1,0.05,True,0.07703703703703704,0.08751373123398022,4.584146682323227e-17,0.04562431343830096
South,2492,0,2700,0,0.25,0.1,0.1,True,0.07703703703703704,0.09775524981897175,4.584146682323227e-17,0.09022447501810277
South,2492,0,2700,0,0.25,0.2,0.01,True,0.07703703703703704,0.07915157785825136,4.584146682323227e-17,0.00920848422141723
South,2492,0,2700,0,0.25,0.2,0.05,True,0.07703703703703704,0.08751373123398022,4.584146682323227e-17,0.04562431343830096
South,2492,0,2700,0,0.25,0.2,0.1,True,0.07703703703703704,0.09775524981897175,4.584146682323227e-17,0.09022447501810277
South,2492,0,2700,0,0.25,0.3,0.01,True,0.07703703703703704,0.07915157785825136,4.584146682323227e-17,0.00920848422141723
South,2492,0,2700,0,0.25,0.3,0.05,True,0.07703703703703704,0.08751373123398022,4.584146682323227e-17,0.04562431343830096
South,2492,0,2700,0,0.25,0.3,0.1,True,0.07703703703703704,0.09775524981897175,4.584146682323227e-17,0.09022447501810277
South,2492,0,2700,0,0.5,0,0.01,False,,,,
South,2492,0,2700,0,0.5,0,0.05,False,,,,
South,2492,0,2700,0,0.5,0,0.1,False,,,,
South,2492,0,2700,0,0.5,0.05,0.01,False,,,,
South,2492,0,2700,0,0.5,0.05,0.05,False,,,,
South,2492,0,2700,0,0.5,0.05,0.1,False,,,,
South,2492,0,2700,0,0.5,0.1,0.01,True,0.07703703703703704,0.08125645185075951,2.2920733411616135e-17,0.009187435481492496
South,2492,0,2700,0,0.5,0.1,0.05,True,0.07703703703703704,0.09775524981897175,2.2920733411616135e-17,0.045112237509051384
South,2492,0,2700,0,0.5,0.1,0.1,True,0.07703703703703704,0.1,2.2920733411616135e-17,0.05
South,2492,0,2700,0,0.5,0.2,0.01,True,0.07703703703703704,0.08125645185075951,2.2920733411616135e-17,0.009187435481492496
South,2492,0,2700,0,0.5,0.2,0.05,True,0.07703703703703704,0.09775524981897175,2.2920733411616135e-17,0.045112237509051384
South,2492,0,2700,0,0.5,0.2,0.1,True,0.07703703703703704,0.11756373937677053,2.2920733411616135e-17,0.08824362606232292
South,2492,0,2700,0,0.5,0.3,0.01,True,0.07703703703703704,0.08125645185075951,2.2920733411616135e-17,0.009187435481492496
South,2492,0,2700,0,0.5,0.3,0.05,True,0.07703703703703704,0.09775524981897175,2.2920733411616135e-17,0.045112237509051384
South,2492,0,2700,0,0.5,0.3,0.1,True,0.07703703703703704,0.11756373937677053,2.2920733411616135e-17,0.08824362606232292
South,2492,0,2700,0,1.0,0,0.01,False,,,,
South,2492,0,2700,0,1.0,0,0.05,False,,,,
South,2492,0,2700,0,1.0,0,0.1,False,,,,
South,2492,0,2700,0,1.0,0.05,0.01,False,,,,
South,2492,0,2700,0,1.0,0.05,0.05,False,,,,
South,2492,0,2700,0,1.0,0.05,0.1,False,,,,
South,2492,0,2700,0,1.0,0.1,0.01,True,0.07703703703703704,0.08543746330005877,1.1460366705808068e-17,0.009145625366999473
South,2492,0,2700,0,1.0,0.1,0.05,True,0.07703703703703704,0.1,1.1460366705808068e-17,0.025
South,2492,0,2700,0,1.0,0.1,0.1,True,0.07703703703703704,0.1,1.1460366705808068e-17,0.025
South,2492,0,2700,0,1.0,0.2,0.01,True,0.07703703703703704,0.08543746330005877,1.1460366705808068e-17,0.009145625366999473
South,2492,0,2700,0,1.0,0.2,0.05,True,0.07703703703703704,0.11756373937677053,1.1460366705808068e-17,0.04412181303116146
South,2492,0,2700,0,1.0,0.2,0.1,True,0.07703703703703704,0.1546811397557666,1.1460366705808068e-17,0.08453188602442331
South,2492,0,2700,0,1.0,0.3,0.01,True,0.07703703703703704,0.08543746330005877,1.1460366705808068e-17,0.009145625366999473
South,2492,0,2700,0,1.0,0.3,0.05,True,0.07703703703703704,0.11756373937677053,1.1460366705808068e-17,0.04412181303116146
South,2492,0,2700,0,1.0,0.3,0.1,True,0.07703703703703704,0.1546811397557666,1.1460366705808068e-17,0.08453188602442331
South,2492,0,2700,1000,0.25,0,0.01,False,,,,
South,2492,0,2700,1000,0.25,0,0.05,False,,,,
South,2492,0,2700,1000,0.25,0,0.1,False,,,,
South,2492,0,2700,1000,0.25,0.05,0.01,False,,,,
South,2492,0,2700,1000,0.25,0.05,0.05,False,,,,
South,2492,0,2700,1000,0.25,0.05,0.1,False,,,,
South,2492,0,2700,1000,0.25,0.1,0.01,False,,,,
South,2492,0,2700,1000,0.25,0.1,0.05,False,,,,
South,2492,0,2700,1000,0.25,0.1,0.1,False,,,,
South,2492,0,2700,1000,0.25,0.2,0.01,True,0.1223529411764706,0.12554214042902348,0.0,0.008744578595709545
South,2492,0,2700,1000,0.25,0.2,0.05,True,0.1223529411764706,0.13807047949162335,0.0,0.04309647602541885
South,2492,0,2700,1000,0.25,0.2,0.1,True,0.1223529411764706,0.1532349602724177,0.0,0.08467650397275825
South,2492,0,2700,1000,0.25,0.3,0.01,True,0.1223529411764706,0.12554214042902348,0.0,0.008744578595709545
South,2492,0,2700,1000,0.25,0.3,0.05,True,0.1223529411764706,0.13807047949162335,0.0,0.04309647602541885
South,2492,0,2700,1000,0.25,0.3,0.1,True,0.1223529411764706,0.1532349602724177,0.0,0.08467650397275825
South,2492,0,2700,1000,0.5,0,0.01,False,,,,
South,2492,0,2700,1000,0.5,0,0.05,False,,,,
South,2492,0,2700,1000,0.5,0,0.1,False,,,,
South,2492,0,2700,1000,0.5,0.05,0.01,False,,,,
South,2492,0,2700,1000,0.5,0.05,0.05,False,,,,
South,2492,0,2700,1000,0.5,0.05,0.1,False,,,,
South,2492,0,2700,1000,0.5,0.1,0.01,False,,,,
South,2492,0,2700,1000,0.5,0.1,0.05,False,,,,
South,2492,0,2700,1000,0.5,0.1,0.1,False,,,,
South,2492,0,2700,1000,0.5,0.2,0.01,True,0.1223529411764706,0.1287082457369774,0.0,0.008712917542630297
South,2492,0,2700,1000,0.5,0.2,0.05,True,0.1223529411764706,0.1532349602724177,0.0,0.042338251986379125
South,2492,0,2700,1000,0.5,0.2,0.1,True,0.1223529411764706,0.18201754385964913,0.0,0.08179824561403509
South,2492,0,2700,1000,0.5,0.3,0.01,True,0.1223529411764706,0.1287082457369774,0.0,0.008712917542630297
South,2492,0,2700,1000,0.5,0.3,0.05,True,0.1223529411764706,0.1532349602724177,0.0,0.042338251986379125
South,2492,0,2700,1000,0.5,0.3,0.1,True,0.1223529411764706,0.18201754385964913,0.0,0.08179824561403509
South,2492,0,2700,1000,1.0,0,0.01,False,,,,
South,2492,0,2700,1000,1.0,0,0.05,False,,,,
South,2492,0,2700,1000,1.0,0,0.1,False,,,,
South,2492,0,2700,1000,1.0,0.05,0.01,False,,,,
South,2492,0,2700,1000,1.0,0.05,0.05,False,,,,
South,2492,0,2700,1000,1.0,0.05,0.1,False,,,,
South,2492,0,2700,1000,1.0,0.1,0.01,False,,,,
South,2492,0,2700,1000,1.0,0.1,0.05,False,,,,
South,2492,0,2700,1000,1.0,0.1,0.1,False,,,,
South,2492,0,2700,1000,1.0,0.2,0.01,True,0.1223529411764706,0.1349721706864565,0.0,0.008650278293135506
South,2492,0,2700,1000,1.0,0.2,0.05,True,0.1223529411764706,0.18201754385964913,0.0,0.040899122807017546
South,2492,0,2700,1000,1.0,0.2,0.1,True,0.1223529411764706,0.2,0.0,0.0532258064516129
South,2492,0,2700,1000,1.0,0.3,0.01,True,0.1223529411764706,0.1349721706864565,0.0,0.008650278293135506
South,2492,0,2700,1000,1.0,0.3,0.05,True,0.1223529411764706,0.18201754385964913,0.0,0.040899122807017546
South,2492,0,2700,1000,1.0,0.3,0.1,True,0.1223529411764706,0.23408624229979466,0.0,0.07659137577002054
South,2492,0,2900,0,0.25,0,0.01,False,,,,
South,2492,0,2900,0,0.25,0,0.05,False,,,,
South,2492,0,2900,0,0.25,0,0.1,False,,,,
South,2492,0,2900,0,0.25,0.05,0.01,False,,,,
South,2492,0,2900,0,0.25,0.05,0.05,False,,,,
South,2492,0,2900,0,0.25,0.05,0.1,False,,,,
South,2492,0,2900,0,0.25,0.1,0.01,False,,,,
South,2492,0,2900,0,0.25,0.1,0.05,False,,,,
South,2492,0,2900,0,0.25,0.1,0.1,False,,,,
South,2492,0,2900,0,0.25,0.2,0.01,True,0.1406896551724138,0.14237533124548296,0.0,0.008576246687544909
South,2492,0,2900,0,0.25,0.2,0.05,True,0.1406896551724138,0.14905241591258322,0.0,0.042547379204370774
South,2492,0,2900,0,0.25,0.2,0.1,True,0.1406896551724138,0.1572539736219141,0.0,0.08427460263780856
South,2492,0,2900,0,0.25,0.3,0.01,True,0.1406896551724138,0.14237533124548296,0.0,0.008576246687544909
South,2492,0,2900,0,0.25,0.3,0.05,True,0.1406896551724138,0.14905241591258322,0.0,0.042547379204370774
South,2492,0,2900,0,0.25,0.3,0.1,True,0.1406896551724138,0.1572539736219141,0.0,0.08427460263780856
South,2492,0,2900,0,0.5,0,0.01,False,,,,
South,2492,0,2900,0,0.5,0,0.05,False,,,,
South,2492,0,2900,0,0.5,0,0.1,False,,,,
South,2492,0,2900,0,0.5,0.05,0.01,False,,,,
South,2492,0,2900,0,0.5,0.05,0.05,False,,,,
South,2492,0,2900,0,0.5,0.05,0.1,False,,,,
South,2492,0,2900,0,0.5,0.1,0.01,False,,,,
South,2492,0,2900,0,0.5,0.1,0.05,False,,,,
South,2492,0,2900,0,0.5,0.1,0.1,False,,,,
South,2492,0,2900,0,0.5,0.2,0.01,True,0.1406896551724138,0.14405440681459095,0.0,0.008559455931854176
South,2492,0,2900,0,0.5,0.2,0.05,True,0.1406896551724138,0.1572539736219141,0.0,0.04213730131890428
South,2492,0,2900,0,0.5,0.2,0.1,True,0.1406896551724138,0.17319177173191772,0.0,0.08268082282680825
South,2492,0,2900,0,0.5,0.3,0.01,True,0.1406896551724138,0.14405440681459095,0.0,0.008559455931854176
South,2492,0,2900,0,0.5,0.3,0.05,True,0.1406896551724138,0.1572539736219141,0.0,0.04213730131890428
South,2492,0,2900,0,0.5,0.3,0.1,True,0.1406896551724138,0.17319177173191772,0.0,0.08268082282680825
South,2492,0,2900,0,1.0,0,0.01,False,,,,
South,2492,0,2900,0,1.0,0,0.05,False,,,,
South,2492,0,2900,0,1.0,0,0.1,False,,,,
South,2492,0,2900,0,1.0,0.05,0.01,False,,,,
South,2492,0,2900,0,1.0,0.05,0.05,False,,,,
South,2492,0,2900,0,1.0,0.05,0.1,False,,,,
South,2492,0,2900,0,1.0,0.1,0.01,False,,,,
South,2492,0,2900,0,1.0,0.1,0.05,False,,,,
South,2492,0,2900,0,1.0,0.1,0.1,False,,,,
South,2492,0,2900,0,1.0,0.2,0.01,True,0.1406896551724138,0.14739291090734918,0.0,0.008526070890926605
South,2492,0,2900,0,1.0,0.2,0.05,True,0.1406896551724138,0.17319177173191772,0.0,0.041340411413404124
South,2492,0,2900,0,1.0,0.2,0.1,True,0.1406896551724138,0.2,0.0,0.07543859649122807
South,2492,0,2900,0,1.0,0.3,0.01,True,0.1406896551724138,0.14739291090734918,0.0,0.008526070890926605
South,2492,0,2900,0,1.0,0.3,0.05,True,0.1406896551724138,0.17319177173191772,0.0,0.041340411413404124
South,2492,0,2900,0,1.0,0.3,0.1,True,0.1406896551724138,0.20332480818414322,0.0,0.0796675191815857
South,2492,0,2900,1000,0.25,0,0.01,False,,,,
South,2492,0,2900,1000,0.25,0,0.05,False,,,,
South,2492,0,2900,1000,0.25,0,0.1,False,,,,
South,2492,0,2900,1000,0.25,0.05,0.01,False,,,,
South,2492,0,2900,1000,0.25,0.05,0.05,False,,,,
South,2492,0,2900,1000,0.25,0.05,0.1,False,,,,
South,2492,0,2900,1000,0.25,0.1,0.01,False,,,,
South,2492,0,2900,1000,0.25,0.1,0.05,False,,,,
South,2492,0,2900,1000,0.25,0.1,0.1,False,,,,
South,2492,0,2900,1000,0.25,0.2,0.01,False,,,,
South,2492,0,2900,1000,0.25,0.2,0.05,False,,,,
South,2492,0,2900,1000,0.25,0.2,0.1,False,,,,
South,2492,0,2900,1000,0.25,0.3,0.01,True,0.21473684210526317,0.21708558534921543,0.0,0.007829144146507604
South,2492,0,2900,1000,0.25,0.3,0.05,True,0.21473684210526317,0.2263417163598652,0.0,0.03868291418200682
South,2492,0,2900,1000,0.25,0.3,0.1,True,0.21473684210526317,0.23760858456821665,0.0,0.07623914154317833
South,2492,0,2900,1000,0.5,0,0.01,False,,,,
South,2492,0,2900,1000,0.5,0,0.05,False,,,,
South,2492,0,2900,1000,0.5,0,0.1,False,,,,
South,2492,0,2900,1000,0.5,0.05,0.01,False,,,,
South,2492,0,2900,1000,0.5,0.05,0.05,False,,,,
South,2492,0,2900,1000,0.5,0.05,0.1,False,,,,
South,2492,0,2900,1000,0.5,0.1,0.01,False,,,,
South,2492,0,2900,1000,0.5,0.1,0.05,False,,,,
South,2492,0,2900,1000,0.5,0.1,0.1,False,,,,
South,2492,0,2900,1000,0.5,0.2,0.01,False,,,,
South,2492,0,2900,1000,0.5,0.2,0.05,False,,,,
South,2492,0,2900,1000,0.5,0.2,0.1,False,,,,
South,2492,0,2900,1000,0.5,0.3,0.01,True,0.21473684210526317,0.21942032018415825,0.0,0.007805796798158469
South,2492,0,2900,1000,0.5,0.3,0.05,True,0.21473684210526317,0.23760858456821665,0.0,0.038119570771589166
South,2492,0,2900,1000,0.5,0.3,0.1,True,0.21473684210526317,0.25918570009930486,0.0,0.0740814299900695
South,2492,0,2900,1000,1.0,0,0.01,False,,,,
South,2492,0,2900,1000,1.0,0,0.05,False,,,,
South,2492,0,2900,1000,1.0,0,0.1,False,,,,
South,2492,0,2900,1000,1.0,0.05,0.01,False,,,,
South,2492,0,2900,1000,1.0,0.05,0.05,False,,,,
South,2492,0,2900,1000,1.0,0.05,0.1,False,,,,
South,2492,0,2900,1000,1.0,0.1,0.01,False,,,,
South,2492,0,2900,1000,1.0,0.1,0.05,False,,,,
South,2492,0,2900,1000,1.0,0.1,0.1,False,,,,
South,2492,0,2900,1000,1.0,0.2,0.01,False,,,,
South,2492,0,2900,1000,1.0,0.2,0.05,False,,,,
South,2492,0,2900,1000,1.0,0.2,0.1,False,,,,
South,2492,0,2900,1000,1.0,0.3,0.01,True,0.21473684210526317,0.22404826294986485,0.0,0.007759517370501419
South,2492,0,2900,1000,1.0,0.3,0.05,True,0.21473684210526317,0.25918570009930486,0.0,0.03704071499503475
South,2492,0,2900,1000,1.0,0.3,0.1,True,0.21473684210526317,0.29887218045112784,0.0,0.07011278195488724
South,2492,0,3100,0,0.25,0,0.01,False,,,,
South,2492,0,3100,0,0.25,0,0.05,False,,,,
South,2492,0,3100,0,0.25,0,0.1,False,,,,
South,2492,0,3100,0,0.25,0.05,0.01,False,,,,
South,2492,0,3100,0,0.25,0.05,0.05,False,,,,
South,2492,0,3100,0,0.25,0.05,0.1,False,,,,
South,2492,0,3100,0,0.25,0.1,0.01,False,,,,
South,2492,0,3100,0,0.25,0.1,0.05,False,,,,
South,2492,0,3100,0,0.25,0.1,0.1,False,,,,
South,2492,0,3100,0,0.25,0.2,0.01,True,0.19612903225806452,0.19747520288548237,0.0,0.008025247971144941
South,2492,0,3100,0,0.25,0.2,0.05,True,0.19612903225806452,0.2,0.0,0.023076923076923078
South,2492,0,3100,0,0.25,0.2,0.1,True,0.19612903225806452,0.2,0.0,0.023076923076923078
South,2492,0,3100,0,0.25,0.3,0.01,True,0.19612903225806452,0.19747520288548237,0.0,0.008025247971144941
South,2492,0,3100,0,0.25,0.3,0.05,True,0.19612903225806452,0.20281509916826615,0.0,0.03985924504158662
South,2492,0,3100,0,0.25,0.3,0.1,True,0.19612903225806452,0.20939086294416243,0.0,0.07906091370558364
South,2492,0,3100,0,0.5,0,0.01,False,,,,
South,2492,0,3100,0,0.5,0,0.05,False,,,,
South,2492,0,3100,0,0.5,0,0.1,False,,,,
South,2492,0,3100,0,0.5,0.05,0.01,False,,,,
South,2492,0,3100,0,0.5,0.05,0.05,False,,,,
South,2492,0,3100,0,0.5,0.05,0.1,False,,,,
South,2492,0,3100,0,0.5,0.1,0.01,False,,,,
South,2492,0,3100,0,0.5,0.1,0.05,False,,,,
South,2492,0,3100,0,0.5,0.1,0.1,False,,,,
South,2492,0,3100,0,0.5,0.2,0.01,True,0.19612903225806452,0.19881687242798357,0.0,0.008011831275720301
South,2492,0,3100,0,0.5,0.2,0.05,True,0.19612903225806452,0.2,0.0,0.011538461538461539
South,2492,0,3100,0,0.5,0.2,0.1,True,0.19612903225806452,0.2,0.0,0.011538461538461539
South,2492,0,3100,0,0.5,0.3,0.01,True,0.19612903225806452,0.19881687242798357,0.0,0.008011831275720301
South,2492,0,3100,0,0.5,0.3,0.05,True,0.19612903225806452,0.20939086294416243,0.0,0.03953045685279182
South,2492,0,3100,0,0.5,0.3,0.1,True,0.19612903225806452,0.2222222222222222,0.0,0.0777777777777777
South,2492,0,3100,0,1.0,0,0.01,False,,,,
South,2492,0,3100,0,1.0,0,0.05,False,,,,
South,2492,0,3100,0,1.0,0,0.1,False,,,,
South,2492,0,3100,0,1.0,0.05,0.01,False,,,,
South,2492,0,3100,0,1.0,0.05,0.05,False,,,,
South,2492,0,3100,0,1.0,0.05,0.1,False,,,,
South,2492,0,3100,0,1.0,0.1,0.01,False,,,,
South,2492,0,3100,0,1.0,0.1,0.05,False,,,,
South,2492,0,3100,0,1.0,0.1,0.1,False,,,,
South,2492,0,3100,0,1.0,0.2,0.01,True,0.19612903225806452,0.2,0.0,0.0057692307692307696
South,2492,0,3100,0,1.0,0.2,0.05,True,0.19612903225806452,0.2,0.0,0.0057692307692307696
South,2492,0,3100,0,1.0,0.2,0.1,True,0.19612903225806452,0.2,0.0,0.0057692307692307696
South,2492,0,3100,0,1.0,0.3,0.01,True,0.19612903225806452,0.20148679825685725,0.0,0.007985132017431505
South,2492,0,3100,0,1.0,0.3,0.05,True,0.19612903225806452,0.2222222222222222,0.0,0.03888888888888885
South,2492,0,3100,0,1.0,0.3,0.1,True,0.19612903225806452,0.24667472793228537,0.0,0.07533252720677149
South,2492,0,3100,1000,0.25,0,0.01,False,,,,
South,2492,0,3100,1000,0.25,0,0.05,False,,,,
South,2492,0,3100,1000,0.25,0,0.1,False,,,,
South,2492,0,3100,1000,0.25,0.05,0.01,False,,,,
South,2492,0,3100,1000,0.25,0.05,0.05,False,,,,
South,2492,0,3100,1000,0.25,0.05,0.1,False,,,,
South,2492,0,3100,1000,0.25,0.1,0.01,False,,,,
South,2492,0,3100,1000,0.25,0.1,0.05,False,,,,
South,2492,0,3100,1000,0.25,0.1,0.1,False,,,,
South,2492,0,3100,1000,0.25,0.2,0.01,False,,,,
South,2492,0,3100,1000,0.25,0.2,0.05,False,,,,
South,2492,0,3100,1000,0.25,0.2,0.1,False,,,,
South,2492,0,3100,1000,0.25,0.3,0.01,True,0.2895238095238095,0.2912787383621508,0.0,0.007087212616378207
South,2492,0,3100,1000,0.25,0.3,0.05,True,0.2895238095238095,0.2982126058325494,0.0,0.03508936970837252
South,2492,0,3100,1000,0.25,0.3,0.1,True,0.2895238095238095,0.3,0.0,0.04230769230769231
South,2492,0,3100,1000,0.5,0,0.01,False,,,,
South,2492,0,3100,1000,0.5,0,0.05,False,,,,
South,2492,0,3100,1000,0.5,0,0.1,False,,,,
South,2492,0,3100,1000,0.5,0.05,0.01,False,,,,
South,2492,0,3100,1000,0.5,0.05,0.05,False,,,,
South,2492,0,3100,1000,0.5,0.05,0.1,False,,,,
South,2492,0,3100,1000,0.5,0.1,0.01,False,,,,
South,2492,0,3100,1000,0.5,0.1,0.05,False,,,,
South,2492,0,3100,1000,0.5,0.1,0.1,False,,,,
South,2492,0,3100,1000,0.5,0.2,0.01,False,,,,
South,2492,0,3100,1000,0.5,0.2,0.05,False,,,,
South,2492,0,3100,1000,0.5,0.2,0.1,False,,,,
South,2492,0,3100,1000,0.5,0.3,0.01,True,0.2895238095238095,0.2930250189537529,0.0,0.007069749810462593
South,2492,0,3100,1000,0.5,0.3,0.05,True,0.2895238095238095,0.3,0.0,0.021153846153846155
South,2492,0,3100,1000,0.5,0.3,0.1,True,0.2895238095238095,0.3,0.0,0.021153846153846155
South,2492,0,3100,1000,1.0,0,0.01,False,,,,
South,2492,0,3100,1000,1.0,0,0.05,False,,,,
South,2492,0,3100,1000,1.0,0,0.1,False,,,,
South,2492,0,3100,1000,1.0,0.05,0.01,False,,,,
South,2492,0,3100,1000,1.0,0.05,0.05,False,,,,
South,2492,0,3100,1000,1.0,0.05,0.1,False,,,,
South,2492,0,3100,1000,1.0,0.1,0.01,False,,,,
South,2492,0,3100,1000,1.0,0.1,0.05,False,,,,
South,2492,0,3100,1000,1.0,0.1,0.1,False,,,,
South,2492,0,3100,1000,1.0,0.2,0.01,False,,,,
South,2492,0,3100,1000,1.0,0.2,0.05,False,,,,
South,2492,0,3100,1000,1.0,0.2,0.1,False,,,,
South,2492,0,3100,1000,1.0,0.3,0.01,True,0.2895238095238095,0.29649188985288577,0.0,0.0070350811014712085
South,2492,0,3100,1000,1.0,0.3,0.05,True,0.2895238095238095,0.3,0.0,0.010576923076923078
South,2492,0,3100,1000,1.0,0.3,0.1,True,0.2895238095238095,0.3,0.0,0.010576923076923078
South,2528,1,2400,0,0.25,0,0.01,False,,,,
South,2528,1,2400,0,0.25,0,0.05,False,,,,
South,2528,1,2400,0,0.25,0,0.1,False,,,,
South,2528,1,2400,0,0.25,0.05,0.01,False,,,,
South,2528,1,2400,0,0.25,0.05,0.05,False,,,,
South,2528,1,2400,0,0.25,0.05,0.1,False,,,,
South,2528,1,2400,0,0.25,0.1,0.01,False,,,,
South,2528,1,2400,0,0.25,0.1,0.05,False,,,,
South,2528,1,2400,0,0.25,0.1,0.1,False,,,,
South,2528,1,2400,0,0.25,0.2,0.01,False,,,,
South,2528,1,2400,0,0.25,0.2,0.05,False,,,,
South,2528,1,2400,0,0.25,0.2,0.1,False,,,,
South,2528,1,2400,0,0.25,0.3,0.01,False,,,,
South,2528,1,2400,0,0.25,0.3,0.05,False,,,,
South,2528,1,2400,0,0.25,0.3,0.1,False,,,,
South,2528,1,2400,0,0.5,0,0.01,False,,,,
South,2528,1,2400,0,0.5,0,0.05,False,,,,
South,2528,1,2400,0,0.5,0,0.1,True,0.0,0.0,0.0920863309352518,0.0920863309352518
South,2528,1,2400,0,0.5,0.05,0.01,False,,,,
South,2528,1,2400,0,0.5,0.05,0.05,False,,,,
South,2528,1,2400,0,0.5,0.05,0.1,True,0.0,0.004332414336352895,0.0920863309352518,0.09956675856636471
South,2528,1,2400,0,0.5,0.1,0.01,False,,,,
South,2528,1,2400,0,0.5,0.1,0.05,False,,,,
South,2528,1,2400,0,0.5,0.1,0.1,True,0.0,0.004332414336352895,0.0920863309352518,0.09956675856636471
South,2528,1,2400,0,0.5,0.2,0.01,False,,,,
South,2528,1,2400,0,0.5,0.2,0.05,False,,,,
South,2528,1,2400,0,0.5,0.2,0.1,True,0.0,0.004332414336352895,0.0920863309352518,0.09956675856636471
South,2528,1,2400,0,0.5,0.3,0.01,False,,,,
South,2528,1,2400,0,0.5,0.3,0.05,False,,,,
South,2528,1,2400,0,0.5,0.3,0.1,True,0.0,0.004332414336352895,0.0920863309352518,0.09956675856636471
South,2528,1,2400,0,1.0,0,0.01,False,,,,
South,2528,1,2400,0,1.0,0,0.05,True,0.0,0.0,0.0460431654676259,0.0460431654676259
South,2528,1,2400,0,1.0,0,0.1,True,0.0,0.0,0.0460431654676259,0.0460431654676259
South,2528,1,2400,0,1.0,0.05,0.01,False,,,,
South,2528,1,2400,0,1.0,0.05,0.05,True,0.0,0.004332414336352895,0.0460431654676259,0.049783379283182355
South,2528,1,2400,0,1.0,0.05,0.1,True,0.0,0.05,0.0460431654676259,0.08920863309352518
South,2528,1,2400,0,1.0,0.1,0.01,False,,,,
South,2528,1,2400,0,1.0,0.1,0.05,True,0.0,0.004332414336352895,0.0460431654676259,0.049783379283182355
South,2528,1,2400,0,1.0,0.1,0.1,True,0.0,0.05601194921583271,0.0460431654676259,0.09439880507841673
South,2528,1,2400,0,1.0,0.2,0.01,False,,,,
South,2528,1,2400,0,1.0,0.2,0.05,True,0.0,0.004332414336352895,0.0460431654676259,0.049783379283182355
South,2528,1,2400,0,1.0,0.2,0.1,True,0.0,0.05601194921583271,0.0460431654676259,0.09439880507841673
South,2528,1,2400,0,1.0,0.3,0.01,False,,,,
South,2528,1,2400,0,1.0,0.3,0.05,True,0.0,0.004332414336352895,0.0460431654676259,0.049783379283182355
South,2528,1,2400,0,1.0,0.3,0.1,True,0.0,0.05601194921583271,0.0460431654676259,0.09439880507841673
South,2528,1,2400,1000,0.25,0,0.01,False,,,,
South,2528,1,2400,1000,0.25,0,0.05,False,,,,
South,2528,1,2400,1000,0.25,0,0.1,False,,,,
South,2528,1,2400,1000,0.25,0.05,0.01,False,,,,
South,2528,1,2400,1000,0.25,0.05,0.05,False,,,,
South,2528,1,2400,1000,0.25,0.05,0.1,False,,,,
South,2528,1,2400,1000,0.25,0.1,0.01,False,,,,
South,2528,1,2400,1000,0.25,0.1,0.05,False,,,,
South,2528,1,2400,1000,0.25,0.1,0.1,False,,,,
South,2528,1,2400,1000,0.25,0.2,0.01,False,,,,
South,2528,1,2400,1000,0.25,0.2,0.05,False,,,,
South,2528,1,2400,1000,0.25,0.2,0.1,False,,,,
South,2528,1,2400,1000,0.25,0.3,0.01,False,,,,
South,2528,1,2400,1000,0.25,0.3,0.05,False,,,,
South,2528,1,2400,1000,0.25,0.3,0.1,False,,,,
South,2528,1,2400,1000,0.5,0,0.01,False,,,,
South,2528,1,2400,1000,0.5,0,0.05,False,,,,
South,2528,1,2400,1000,0.5,0,0.1,True,0.0,0.0,0.0920863309352518,0.0920863309352518
South,2528,1,2400,1000,0.5,0.05,0.01,False,,,,
South,2528,1,2400,1000,0.5,0.05,0.05,False,,,,
South,2528,1,2400,1000,0.5,0.05,0.1,True,0.0,0.007147498375568551,0.0920863309352518,0.09928525016244315
South,2528,1,2400,1000,0.5,0.1,0.01,False,,,,
South,2528,1,2400,1000,0.5,0.1,0.05,False,,,,
South,2528,1,2400,1000,0.5,0.1,0.1,True,0.0,0.007147498375568551,0.0920863309352518,0.09928525016244315
South,2528,1,2400,1000,0.5,0.2,0.01,False,,,,
South,2528,1,2400,1000,0.5,0.2,0.05,False,,,,
South,2528,1,2400,1000,0.5,0.2,0.1,True,0.0,0.007147498375568551,0.0920863309352518,0.09928525016244315
South,2528,1,2400,1000,0.5,0.3,0.01,False,,,,
South,2528,1,2400,1000,0.5,0.3,0.05,False,,,,
South,2528,1,2400,1000,0.5,0.3,0.1,True,0.0,0.007147498375568551,0.0920863309352518,0.09928525016244315
South,2528,1,2400,1000,1.0,0,0.01,False,,,,
South,2528,1,2400,1000,1.0,0,0.05,True,0.0,0.0,0.0460431654676259,0.0460431654676259
South,2528,1,2400,1000,1.0,0,0.1,True,0.0,0.0,0.0460431654676259,0.0460431654676259
South,2528,1,2400,1000,1.0,0.05,0.01,False,,,,
South,2528,1,2400,1000,1.0,0.05,0.05,True,0.0,0.007147498375568551,0.0460431654676259,0.049642625081221574
South,2528,1,2400,1000,1.0,0.05,0.1,True,0.0,0.05,0.0460431654676259,0.07122302158273382
South,2528,1,2400,1000,1.0,0.1,0.01,False,,,,
South,2528,1,2400,1000,1.0,0.1,0.05,True,0.0,0.007147498375568551,0.0460431654676259,0.049642625081221574
South,2528,1,2400,1000,1.0,0.1,0.1,True,0.0,0.08939213349225268,0.0460431654676259,0.09106078665077474
South,2528,1,2400,1000,1.0,0.2,0.01,False,,,,
South,2528,1,2400,1000,1.0,0.2,0.05,True,0.0,0.007147498375568551,0.0460431654676259,0.049642625081221574
South,2528,1,2400,1000,1.0,0.2,0.1,True,0.0,0.08939213349225268,0.0460431654676259,0.09106078665077474
South,2528,1,2400,1000,1.0,0.3,0.01,False,,,,
South,2528,1,2400,1000,1.0,0.3,0.05,True,0.0,0.007147498375568551,0.0460431654676259,0.049642625081221574
South,2528,1,2400,1000,1.0,0.3,0.1,True,0.0,0.08939213349225268,0.0460431654676259,0.09106078665077474
South,2528,1,2600,0,0.25,0,0.01,False,,,,
South,2528,1,2600,0,0.25,0,0.05,False,,,,
South,2528,1,2600,0,0.25,0,0.1,False,,,,
South,2528,1,2600,0,0.25,0.05,0.01,True,0.027692307692307693,0.030098409714362378,0.0,0.009699015902856092
South,2528,1,2600,0,0.25,0.05,0.05,True,0.027692307692307693,0.039604900750308675,0.0,0.04801975496248458
South,2528,1,2600,0,0.25,0.05,0.1,True,0.027692307692307693,0.05,0.0,0.08992248062015504
South,2528,1,2600,0,0.25,0.1,0.01,True,0.027692307692307693,0.030098409714362378,0.0,0.009699015902856092
South,2528,1,2600,0,0.25,0.1,0.05,True,0.027692307692307693,0.039604900750308675,0.0,0.04801975496248458
South,2528,1,2600,0,0.25,0.1,0.1,True,0.027692307692307693,0.05122912366297617,0.0,0.09487708763370237
South,2528,1,2600,0,0.25,0.2,0.01,True,0.027692307692307693,0.030098409714362378,0.0,0.009699015902856092
South,2528,1,2600,0,0.25,0.2,0.05,True,0.027692307692307693,0.039604900750308675,0.0,0.04801975496248458
South,2528,1,2600,0,0.25,0.2,0.1,True,0.027692307692307693,0.05122912366297617,0.0,0.09487708763370237
South,2528,1,2600,0,0.25,0.3,0.01,True,0.027692307692307693,0.030098409714362378,0.0,0.009699015902856092
South,2528,1,2600,0,0.25,0.3,0.05,True,0.027692307692307693,0.039604900750308675,0.0,0.04801975496248458
South,2528,1,2600,0,0.25,0.3,0.1,True,0.027692307692307693,0.05122912366297617,0.0,0.09487708763370237
South,2528,1,2600,0,0.5,0,0.01,False,,,,
South,2528,1,2600,0,0.5,0,0.05,False,,,,
South,2528,1,2600,0,0.5,0,0.1,False,,,,
South,2528,1,2600,0,0.5,0.05,0.01,True,0.027692307692307693,0.032492632706953996,0.0,0.009675073672930534
South,2528,1,2600,0,0.5,0.05,0.05,True,0.027692307692307693,0.05,0.0,0.04496124031007752
South,2528,1,2600,0,0.5,0.05,0.1,True,0.027692307692307693,0.05,0.0,0.04496124031007752
South,2528,1,2600,0,0.5,0.1,0.01,True,0.027692307692307693,0.032492632706953996,0.0,0.009675073672930534
South,2528,1,2600,0,0.5,0.1,0.05,True,0.027692307692307693,0.05122912366297617,0.0,0.047438543816851184
South,2528,1,2600,0,0.5,0.1,0.1,True,0.027692307692307693,0.07365335287651155,0.0,0.09263466471234885
South,2528,1,2600,0,0.5,0.2,0.01,True,0.027692307692307693,0.032492632706953996,0.0,0.009675073672930534
South,2528,1,2600,0,0.5,0.2,0.05,True,0.027692307692307693,0.05122912366297617,0.0,0.047438543816851184
South,2528,1,2600,0,0.5,0.2,0.1,True,0.027692307692307693,0.07365335287651155,0.0,0.09263466471234885
South,2528,1,2600,0,0.5,0.3,0.01,True,0.027692307692307693,0.032492632706953996,0.0,0.009675073672930534
South,2528,1,2600,0,0.5,0.3,0.05,True,0.027692307692307693,0.05122912366297617,0.0,0.047438543816851184
South,2528,1,2600,0,0.5,0.3,0.1,True,0.027692307692307693,0.07365335287651155,0.0,0.09263466471234885
South,2528,1,2600,0,1.0,0,0.01,False,,,,
South,2528,1,2600,0,1.0,0,0.05,False,,,,
South,2528,1,2600,0,1.0,0,0.1,False,,,,
South,2528,1,2600,0,1.0,0.05,0.01,True,0.027692307692307693,0.03724579175870218,0.0,0.009627542082413046
South,2528,1,2600,0,1.0,0.05,0.05,True,0.027692307692307693,0.05,0.0,0.02248062015503876
South,2528,1,2600,0,1.0,0.05,0.1,True,0.027692307692307693,0.05,0.0,0.02248062015503876
South,2528,1,2600,0,1.0,0.1,0.01,True,0.027692307692307693,0.03724579175870218,0.0,0.009627542082413046
South,2528,1,2600,0,1.0,0.1,0.05,True,0.027692307692307693,0.07365335287651155,0.0,0.046317332356174426
South,2528,1,2600,0,1.0,0.1,0.1,True,0.027692307692307693,0.1,0.0,0.07286821705426356
South,2528,1,2600,0,1.0,0.2,0.01,True,0.027692307692307693,0.03724579175870218,0.0,0.009627542082413046
South,2528,1,2600,0,1.0,0.2,0.05,True,0.027692307692307693,0.07365335287651155,0.0,0.046317332356174426
South,2528,1,2600,0,1.0,0.2,0.1,True,0.027692307692307693,0.11546536039188243,0.0,0.08845346396081176
South,2528,1,2600,0,1.0,0.3,0.01,True,0.027692307692307693,0.03724579175870218,0.0,0.009627542082413046
South,2528,1,2600,0,1.0,0.3,0.05,True,0.027692307692307693,0.07365335287651155,0.0,0.046317332356174426
South,2528,1,2600,0,1.0,0.3,0.1,True,0.027692307692307693,0.11546536039188243,0.0,0.08845346396081176
South,2528,1,2600,1000,0.25,0,0.01,False,,,,
South,2528,1,2600,1000,0.25,0,0.05,False,,,,
South,2528,1,2600,1000,0.25,0,0.1,False,,,,
South,2528,1,2600,1000,0.25,0.05,0.01,True,0.045,0.0488343863799059,0.0,0.009511656136200685
South,2528,1,2600,1000,0.25,0.05,0.05,True,0.045,0.05,0.0,0.012403100775193798
South,2528,1,2600,1000,0.25,0.05,0.1,True,0.045,0.05,0.0,0.012403100775193798
South,2528,1,2600,1000,0.25,0.1,0.01,True,0.045,0.0488343863799059,0.0,0.009511656136200685
South,2528,1,2600,1000,0.25,0.1,0.05,True,0.045,0.06386889263286874,0.0,0.04680655536835657
South,2528,1,2600,1000,0.25,0.1,0.1,True,0.045,0.08200660859116853,0.0,0.09179933914088319
South,2528,1,2600,1000,0.25,0.2,0.01,True,0.045,0.0488343863799059,0.0,0.009511656136200685
South,2528,1,2600,1000,0.25,0.2,0.05,True,0.045,0.06386889263286874,0.0,0.04680655536835657
South,2528,1,2600,1000,0.25,0.2,0.1,True,0.045,0.08200660859116853,0.0,0.09179933914088319
South,2528,1,2600,1000,0.25,0.3,0.01,True,0.045,0.0488343863799059,0.0,0.009511656136200685
South,2528,1,2600,1000,0.25,0.3,0.05,True,0.045,0.06386889263286874,0.0,0.04680655536835657
South,2528,1,2600,1000,0.25,0.3,0.1,True,0.045,0.08200660859116853,0.0,0.09179933914088319
South,2528,1,2600,1000,0.5,0,0.01,False,,,,
South,2528,1,2600,1000,0.5,0,0.05,False,,,,
South,2528,1,2600,1000,0.5,0,0.1,False,,,,
South,2528,1,2600,1000,0.5,0.05,0.01,True,0.045,0.05,0.0,0.006201550387596899
South,2528,1,2600,1000,0.5,0.05,0.05,True,0.045,0.05,0.0,0.006201550387596899
South,2528,1,2600,1000,0.5,0.05,0.1,True,0.045,0.05,0.0,0.006201550387596899
South,2528,1,2600,1000,0.5,0.1,0.01,True,0.045,0.05263810527621061,0.0,0.009473618947237965
South,2528,1,2600,1000,0.5,0.1,0.05,True,0.045,0.08200660859116853,0.0,0.045899669570441594
South,2528,1,2600,1000,0.5,0.1,0.1,True,0.045,0.1,0.0,0.06821705426356589
South,2528,1,2600,1000,0.5,0.2,0.01,True,0.045,0.05263810527621061,0.0,0.009473618947237965
South,2528,1,2600,1000,0.5,0.2,0.05,True,0.045,0.08200660859116853,0.0,0.045899669570441594
South,2528,1,2600,1000,0.5,0.2,0.1,True,0.045,0.11625216888374783,0.0,0.08837478311162522
South,2528,1,2600,1000,0.5,0.3,0.01,True,0.045,0.05263810527621061,0.0,0.009473618947237965
South,2528,1,2600,1000,0.5,0.3,0.05,True,0.045,0.08200660859116853,0.0,0.045899669570441594
South,2528,1,2600,1000,0.5,0.3,0.1,True,0.045,0.11625216888374783,0.0,0.08837478311162522
South,2528,1,2600,1000,1.0,0,0.01,False,,,,
South,2528,1,2600,1000,1.0,0,0.05,False,,,,
South,2528,1,2600,1000,1.0,0,0.1,False,,,,
South,2528,1,2600,1000,1.0,0.05,0.01,True,0.045,0.05,0.0,0.0031007751937984496
South,2528,1,2600,1000,1.0,0.05,0.05,True,0.045,0.05,0.0,0.0031007751937984496
South,2528,1,2600,1000,1.0,0.05,0.1,True,0.045,0.05,0.0,0.0031007751937984496
South,2528,1,2600,1000,1.0,0.1,0.01,True,0.045,0.06015500061508191,0.0,0.009398449993849246
South,2528,1,2600,1000,1.0,0.1,0.05,True,0.045,0.1,0.0,0.034108527131782945
South,2528,1,2600,1000,1.0,0.1,0.1,True,0.045,0.1,0.0,0.034108527131782945
South,2528,1,2600,1000,1.0,0.2,0.01,True,0.045,0.06015500061508191,0.0,0.009398449993849246
South,2528,1,2600,1000,1.0,0.2,0.05,True,0.045,0.11625216888374783,0.0,0.04418739155581261
South,2528,1,2600,1000,1.0,0.2,0.1,True,0.045,0.17761033369214208,0.0,0.08223896663078578
South,2528,1,2600,1000,1.0,0.3,0.01,True,0.045,0.06015500061508191,0.0,0.009398449993849246
South,2528,1,2600,1000,1.0,0.3,0.05,True,0.045,0.11625216888374783,0.0,0.04418739155581261
South,2528,1,2600,1000,1.0,0.3,0.1,True,0.045,0.17761033369214208,0.0,0.08223896663078578
South,2528,1,2700,0,0.25,0,0.01,False,,,,
South,2528,1,2700,0,0.25,0,0.05,False,,,,
South,2528,1,2700,0,0.25,0,0.1,False,,,,
South,2528,1,2700,0,0.25,0.05,0.01,False,,,,
South,2528,1,2700,0,0.25,0.05,0.05,False,,,,
South,2528,1,2700,0,0.25,0.05,0.1,False,,,,
South,2528,1,2700,0,0.25,0.1,0.01,True,0.0637037037037037,0.06584879166358726,0.0,0.009341512083363885
South,2528,1,2700,0,0.25,0.1,0.05,True,0.0637037037037037,0.07433174661296228,0.0,0.04628341266935186
South,2528,1,2700,0,0.25,0.1,0.1,True,0.0637037037037037,0.08472121650977553,0.0,0.09152787834902246
South,2528,1,2700,0,0.25,0.2,0.01,True,0.0637037037037037,0.06584879166358726,0.0,0.009341512083363885
South,2528,1,2700,0,0.25,0.2,0.05,True,0.0637037037037037,0.07433174661296228,0.0,0.04628341266935186
South,2528,1,2700,0,0.25,0.2,0.1,True,0.0637037037037037,0.08472121650977553,0.0,0.09152787834902246
South,2528,1,2700,0,0.25,0.3,0.01,True,0.0637037037037037,0.06584879166358726,0.0,0.009341512083363885
South,2528,1,2700,0,0.25,0.3,0.05,True,0.0637037037037037,0.07433174661296228,0.0,0.04628341266935186
South,2528,1,2700,0,0.25,0.3,0.1,True,0.0637037037037037,0.08472121650977553,0.0,0.09152787834902246
South,2528,1,2700,0,0.5,0,0.01,False,,,,
South,2528,1,2700,0,0.5,0,0.05,False,,,,
South,2528,1,2700,0,0.5,0,0.1,False,,,,
South,2528,1,2700,0,0.5,0.05,0.01,False,,,,
South,2528,1,2700,0,0.5,0.05,0.05,False,,,,
South,2528,1,2700,0,0.5,0.05,0.1,False,,,,
South,2528,1,2700,0,0.5,0.1,0.01,True,0.0637037037037037,0.06798407314555378,0.0,0.009320159268544523
South,2528,1,2700,0,0.5,0.1,0.05,True,0.0637037037037037,0.08472121650977553,0.0,0.04576393917451123
South,2528,1,2700,0,0.5,0.1,0.1,True,0.0637037037037037,0.1,0.0,0.07903225806451612
South,2528,1,2700,0,0.5,0.2,0.01,True,0.0637037037037037,0.06798407314555378,0.0,0.009320159268544523
South,2528,1,2700,0,0.5,0.2,0.05,True,0.0637037037037037,0.08472121650977553,0.0,0.04576393917451123
South,2528,1,2700,0,0.5,0.2,0.1,True,0.0637037037037037,0.1048158640226629,0.0,0.08951841359773371
South,2528,1,2700,0,0.5,0.3,0.01,True,0.0637037037037037,0.06798407314555378,0.0,0.009320159268544523
South,2528,1,2700,0,0.5,0.3,0.05,True,0.0637037037037037,0.08472121650977553,0.0,0.04576393917451123
South,2528,1,2700,0,0.5,0.3,0.1,True,0.0637037037037037,0.1048158640226629,0.0,0.08951841359773371
South,2528,1,2700,0,1.0,0,0.01,False,,,,
South,2528,1,2700,0,1.0,0,0.05,False,,,,
South,2528,1,2700,0,1.0,0,0.1,False,,,,
South,2528,1,2700,0,1.0,0.05,0.01,False,,,,
South,2528,1,2700,0,1.0,0.05,0.05,False,,,,
South,2528,1,2700,0,1.0,0.05,0.1,False,,,,
South,2528,1,2700,0,1.0,0.1,0.01,True,0.0637037037037037,0.07222548443922495,0.0,0.00927774515560781
South,2528,1,2700,0,1.0,0.1,0.05,True,0.0637037037037037,0.1,0.0,0.03951612903225806
South,2528,1,2700,0,1.0,0.1,0.1,True,0.0637037037037037,0.1,0.0,0.03951612903225806
South,2528,1,2700,0,1.0,0.2,0.01,True,0.0637037037037037,0.07222548443922495,0.0,0.00927774515560781
South,2528,1,2700,0,1.0,0.2,0.05,True,0.0637037037037037,0.1048158640226629,0.0,0.04475920679886686
South,2528,1,2700,0,1.0,0.2,0.1,True,0.0637037037037037,0.14246947082767977,0.0,0.085753052917232
South,2528,1,2700,0,1.0,0.3,0.01,True,0.0637037037037037,0.07222548443922495,0.0,0.00927774515560781
South,2528,1,2700,0,1.0,0.3,0.05,True,0.0637037037037037,0.1048158640226629,0.0,0.04475920679886686
South,2528,1,2700,0,1.0,0.3,0.1,True,0.0637037037037037,0.14246947082767977,0.0,0.085753052917232
South,2528,1,2700,1000,0.25,0,0.01,False,,,,
South,2528,1,2700,1000,0.25,0,0.05,False,,,,
South,2528,1,2700,1000,0.25,0,0.1,False,,,,
South,2528,1,2700,1000,0.25,0.05,0.01,False,,,,
South,2528,1,2700,1000,0.25,0.05,0.05,False,,,,
South,2528,1,2700,1000,0.25,0.05,0.1,False,,,,
South,2528,1,2700,1000,0.25,0.1,0.01,False,,,,
South,2528,1,2700,1000,0.25,0.1,0.05,False,,,,
South,2528,1,2700,1000,0.25,0.1,0.1,False,,,,
South,2528,1,2700,1000,0.25,0.2,0.01,True,0.1011764705882353,0.10444262102918757,0.0,0.008955573789707858
South,2528,1,2700,1000,0.25,0.2,0.05,True,0.1011764705882353,0.1172732524552282,0.0,0.04413633737723862
South,2528,1,2700,1000,0.25,0.2,0.1,True,0.1011764705882353,0.13280363223609534,0.0,0.08671963677639044
South,2528,1,2700,1000,0.25,0.3,0.01,True,0.1011764705882353,0.10444262102918757,0.0,0.008955573789707858
South,2528,1,2700,1000,0.25,0.3,0.05,True,0.1011764705882353,0.1172732524552282,0.0,0.04413633737723862
South,2528,1,2700,1000,0.25,0.3,0.1,True,0.1011764705882353,0.13280363223609534,0.0,0.08671963677639044
South,2528,1,2700,1000,0.5,0,0.01,False,,,,
South,2528,1,2700,1000,0.5,0,0.05,False,,,,
South,2528,1,2700,1000,0.5,0,0.1,False,,,,
South,2528,1,2700,1000,0.5,0.05,0.01,False,,,,
South,2528,1,2700,1000,0.5,0.05,0.05,False,,,,
South,2528,1,2700,1000,0.5,0.05,0.1,False,,,,
South,2528,1,2700,1000,0.5,0.1,0.01,False,,,,
South,2528,1,2700,1000,0.5,0.1,0.05,False,,,,
South,2528,1,2700,1000,0.5,0.1,0.1,False,,,,
South,2528,1,2700,1000,0.5,0.2,0.01,True,0.1011764705882353,0.10768512029899562,0.0,0.008923148797010122
South,2528,1,2700,1000,0.5,0.2,0.05,True,0.1011764705882353,0.13280363223609534,0.0,0.04335981838819522
South,2528,1,2700,1000,0.5,0.2,0.1,True,0.1011764705882353,0.16228070175438597,0.0,0.08377192982456143
South,2528,1,2700,1000,0.5,0.3,0.01,True,0.1011764705882353,0.10768512029899562,0.0,0.008923148797010122
South,2528,1,2700,1000,0.5,0.3,0.05,True,0.1011764705882353,0.13280363223609534,0.0,0.04335981838819522
South,2528,1,2700,1000,0.5,0.3,0.1,True,0.1011764705882353,0.16228070175438597,0.0,0.08377192982456143
South,2528,1,2700,1000,1.0,0,0.01,False,,,,
South,2528,1,2700,1000,1.0,0,0.05,False,,,,
South,2528,1,2700,1000,1.0,0,0.1,False,,,,
South,2528,1,2700,1000,1.0,0.05,0.01,False,,,,
South,2528,1,2700,1000,1.0,0.05,0.05,False,,,,
South,2528,1,2700,1000,1.0,0.05,0.1,False,,,,
South,2528,1,2700,1000,1.0,0.1,0.01,False,,,,
South,2528,1,2700,1000,1.0,0.1,0.05,False,,,,
South,2528,1,2700,1000,1.0,0.1,0.1,False,,,,
South,2528,1,2700,1000,1.0,0.2,0.01,True,0.1011764705882353,0.11410018552875704,0.0,0.008858998144712492
South,2528,1,2700,1000,1.0,0.2,0.05,True,0.1011764705882353,0.16228070175438597,0.0,0.041885964912280714
South,2528,1,2700,1000,1.0,0.2,0.1,True,0.1011764705882353,0.2,0.0,0.06774193548387097
South,2528,1,2700,1000,1.0,0.3,0.01,True,0.1011764705882353,0.11410018552875704,0.0,0.008858998144712492
South,2528,1,2700,1000,1.0,0.3,0.05,True,0.1011764705882353,0.16228070175438597,0.0,0.041885964912280714
South,2528,1,2700,1000,1.0,0.3,0.1,True,0.1011764705882353,0.21560574948665298,0.0,0.07843942505133471
South,2528,1,2900,0,0.25,0,0.01,False,,,,
South,2528,1,2900,0,0.25,0,0.05,False,,,,
South,2528,1,2900,0,0.25,0,0.1,False,,,,
South,2528,1,2900,0,0.25,0.05,0.01,False,,,,
South,2528,1,2900,0,0.25,0.05,0.05,False,,,,
South,2528,1,2900,0,0.25,0.05,0.1,False,,,,
South,2528,1,2900,0,0.25,0.1,0.01,False,,,,
South,2528,1,2900,0,0.25,0.1,0.05,False,,,,
South,2528,1,2900,0,0.25,0.1,0.1,False,,,,
South,2528,1,2900,0,0.25,0.2,0.01,True,0.12827586206896552,0.12998588980280135,0.0,0.008700141101971775
South,2528,1,2900,0,0.25,0.2,0.05,True,0.12827586206896552,0.13675943315690628,0.0,0.04316202834215472
South,2528,1,2900,0,0.25,0.2,0.1,True,0.12827586206896552,0.14507947243828204,0.0,0.08549205275617179
South,2528,1,2900,0,0.25,0.3,0.01,True,0.12827586206896552,0.12998588980280135,0.0,0.008700141101971775
South,2528,1,2900,0,0.25,0.3,0.05,True,0.12827586206896552,0.13675943315690628,0.0,0.04316202834215472
South,2528,1,2900,0,0.25,0.3,0.1,True,0.12827586206896552,0.14507947243828204,0.0,0.08549205275617179
South,2528,1,2900,0,0.5,0,0.01,False,,,,
South,2528,1,2900,0,0.5,0,0.05,False,,,,
South,2528,1,2900,0,0.5,0,0.1,False,,,,
South,2528,1,2900,0,0.5,0.05,0.01,False,,,,
South,2528,1,2900,0,0.5,0.05,0.05,False,,,,
South,2528,1,2900,0,0.5,0.05,0.1,False,,,,
South,2528,1,2900,0,0.5,0.1,0.01,False,,,,
South,2528,1,2900,0,0.5,0.1,0.05,False,,,,
South,2528,1,2900,0,0.5,0.1,0.1,False,,,,
South,2528,1,2900,0,0.5,0.2,0.01,True,0.12827586206896552,0.1316892216802913,0.0,0.00868310778319716
South,2528,1,2900,0,0.5,0.2,0.05,True,0.12827586206896552,0.14507947243828204,0.0,0.042746026378085895
South,2528,1,2900,0,0.5,0.2,0.1,True,0.12827586206896552,0.1612475116124751,0.0,0.08387524883875246
South,2528,1,2900,0,0.5,0.3,0.01,True,0.12827586206896552,0.1316892216802913,0.0,0.00868310778319716
South,2528,1,2900,0,0.5,0.3,0.05,True,0.12827586206896552,0.14507947243828204,0.0,0.042746026378085895
South,2528,1,2900,0,0.5,0.3,0.1,True,0.12827586206896552,0.1612475116124751,0.0,0.08387524883875246
South,2528,1,2900,0,1.0,0,0.01,False,,,,
South,2528,1,2900,0,1.0,0,0.05,False,,,,
South,2528,1,2900,0,1.0,0,0.1,False,,,,
South,2528,1,2900,0,1.0,0.05,0.01,False,,,,
South,2528,1,2900,0,1.0,0.05,0.05,False,,,,
South,2528,1,2900,0,1.0,0.05,0.1,False,,,,
South,2528,1,2900,0,1.0,0.1,0.01,False,,,,
South,2528,1,2900,0,1.0,0.1,0.05,False,,,,
South,2528,1,2900,0,1.0,0.1,0.1,False,,,,
South,2528,1,2900,0,1.0,0.2,0.01,True,0.12827586206896552,0.13507595456411667,0.0,0.008649240454358931
South,2528,1,2900,0,1.0,0.2,0.05,True,0.12827586206896552,0.1612475116124751,0.0,0.04193762441937623
South,2528,1,2900,0,1.0,0.2,0.1,True,0.12827586206896552,0.1918158567774936,0.0,0.08081841432225065
South,2528,1,2900,0,1.0,0.3,0.01,True,0.12827586206896552,0.13507595456411667,0.0,0.008649240454358931
South,2528,1,2900,0,1.0,0.3,0.05,True,0.12827586206896552,0.1612475116124751,0.0,0.04193762441937623
South,2528,1,2900,0,1.0,0.3,0.1,True,0.12827586206896552,0.1918158567774936,0.0,0.08081841432225065
South,2528,1,2900,1000,0.25,0,0.01,False,,,,
South,2528,1,2900,1000,0.25,0,0.05,False,,,,
South,2528,1,2900,1000,0.25,0,0.1,False,,,,
South,2528,1,2900,1000,0.25,0.05,0.01,False,,,,
South,2528,1,2900,1000,0.25,0.05,0.05,False,,,,
South,2528,1,2900,1000,0.25,0.05,0.1,False,,,,
South,2528,1,2900,1000,0.25,0.1,0.01,False,,,,
South,2528,1,2900,1000,0.25,0.1,0.05,False,,,,
South,2528,1,2900,1000,0.25,0.1,0.1,False,,,,
South,2528,1,2900,1000,0.25,0.2,0.01,True,0.1957894736842105,0.19819488901715898,0.0,0.008018051109828169
South,2528,1,2900,1000,0.25,0.2,0.05,True,0.1957894736842105,0.2,0.0,0.014035087719298246
South,2528,1,2900,1000,0.25,0.2,0.1,True,0.1957894736842105,0.2,0.0,0.014035087719298246
South,2528,1,2900,1000,0.25,0.3,0.01,True,0.1957894736842105,0.19819488901715898,0.0,0.008018051109828169
South,2528,1,2900,1000,0.25,0.3,0.05,True,0.1957894736842105,0.20767435830956701,0.0,0.039616282084521594
South,2528,1,2900,1000,0.25,0.3,0.1,True,0.1957894736842105,0.21921308124680633,0.0,0.0780786918753193
South,2528,1,2900,1000,0.5,0,0.01,False,,,,
South,2528,1,2900,1000,0.5,0,0.05,False,,,,
South,2528,1,2900,1000,0.5,0,0.1,False,,,,
South,2528,1,2900,1000,0.5,0.05,0.01,False,,,,
South,2528,1,2900,1000,0.5,0.05,0.05,False,,,,
South,2528,1,2900,1000,0.5,0.05,0.1,False,,,,
South,2528,1,2900,1000,0.5,0.1,0.01,False,,,,
South,2528,1,2900,1000,0.5,0.1,0.05,False,,,,
South,2528,1,2900,1000,0.5,0.1,0.1,False,,,,
South,2528,1,2900,1000,0.5,0.2,0.01,True,0.1957894736842105,0.2,0.0,0.007017543859649123
South,2528,1,2900,1000,0.5,0.2,0.05,True,0.1957894736842105,0.2,0.0,0.007017543859649123
South,2528,1,2900,1000,0.5,0.2,0.1,True,0.1957894736842105,0.2,0.0,0.007017543859649123
South,2528,1,2900,1000,0.5,0.3,0.01,True,0.1957894736842105,0.200585957936591,0.0,0.007994140420634128
South,2528,1,2900,1000,0.5,0.3,0.05,True,0.1957894736842105,0.21921308124680633,0.0,0.03903934593765965
South,2528,1,2900,1000,0.5,0.3,0.1,True,0.1957894736842105,0.2413108242303873,0.0,0.07586891757696126
South,2528,1,2900,1000,1.0,0,0.01,False,,,,
South,2528,1,2900,1000,1.0,0,0.05,False,,,,
South,2528,1,2900,1000,1.0,0,0.1,False,,,,
South,2528,1,2900,1000,1.0,0.05,0.01,False,,,,
South,2528,1,2900,1000,1.0,0.05,0.05,False,,,,
South,2528,1,2900,1000,1.0,0.05,0.1,False,,,,
South,2528,1,2900,1000,1.0,0.1,0.01,False,,,,
South,2528,1,2900,1000,1.0,0.1,0.05,False,,,,
South,2528,1,2900,1000,1.0,0.1,0.1,False,,,,
South,2528,1,2900,1000,1.0,0.2,0.01,True,0.1957894736842105,0.2,0.0,0.0035087719298245615
South,2528,1,2900,1000,1.0,0.2,0.05,True,0.1957894736842105,0.2,0.0,0.0035087719298245615
South,2528,1,2900,1000,1.0,0.2,0.1,True,0.1957894736842105,0.2,0.0,0.0035087719298245615
South,2528,1,2900,1000,1.0,0.3,0.01,True,0.1957894736842105,0.20532556688163103,0.0,0.007946744331183765
South,2528,1,2900,1000,1.0,0.3,0.05,True,0.1957894736842105,0.2413108242303873,0.0,0.03793445878848063
South,2528,1,2900,1000,1.0,0.3,0.1,True,0.1957894736842105,0.2819548872180451,0.0,0.07180451127819552
South,2528,1,3100,0,0.25,0,0.01,False,,,,
South,2528,1,3100,0,0.25,0,0.05,False,,,,
South,2528,1,3100,0,0.25,0,0.1,False,,,,
South,2528,1,3100,0,0.25,0.05,0.01,False,,,,
South,2528,1,3100,0,0.25,0.05,0.05,False,,,,
South,2528,1,3100,0,0.25,0.05,0.1,False,,,,
South,2528,1,3100,0,0.25,0.1,0.01,False,,,,
South,2528,1,3100,0,0.25,0.1,0.05,False,,,,
South,2528,1,3100,0,0.25,0.1,0.1,False,,,,
South,2528,1,3100,0,0.25,0.2,0.01,True,0.18451612903225806,0.1858817467473914,0.0,0.008141182532525722
South,2528,1,3100,0,0.25,0.2,0.05,True,0.18451612903225806,0.19129878438899553,0.0,0.04043506078055018
South,2528,1,3100,0,0.25,0.2,0.1,True,0.18451612903225806,0.19796954314720813,0.0,0.08020304568527915
South,2528,1,3100,0,0.25,0.3,0.01,True,0.18451612903225806,0.1858817467473914,0.0,0.008141182532525722
South,2528,1,3100,0,0.25,0.3,0.05,True,0.18451612903225806,0.19129878438899553,0.0,0.04043506078055018
South,2528,1,3100,0,0.25,0.3,0.1,True,0.18451612903225806,0.19796954314720813,0.0,0.08020304568527915
South,2528,1,3100,0,0.5,0,0.01,False,,,,
South,2528,1,3100,0,0.5,0,0.05,False,,,,
South,2528,1,3100,0,0.5,0,0.1,False,,,,
South,2528,1,3100,0,0.5,0.05,0.01,False,,,,
South,2528,1,3100,0,0.5,0.05,0.05,False,,,,
South,2528,1,3100,0,0.5,0.05,0.1,False,,,,
South,2528,1,3100,0,0.5,0.1,0.01,False,,,,
South,2528,1,3100,0,0.5,0.1,0.05,False,,,,
South,2528,1,3100,0,0.5,0.1,0.1,False,,,,
South,2528,1,3100,0,0.5,0.2,0.01,True,0.18451612903225806,0.1872427983539095,0.0,0.008127572016460997
South,2528,1,3100,0,0.5,0.2,0.05,True,0.18451612903225806,0.19796954314720813,0.0,0.04010152284263958
South,2528,1,3100,0,0.5,0.2,0.1,True,0.18451612903225806,0.2,0.0,0.046153846153846156
South,2528,1,3100,0,0.5,0.3,0.01,True,0.18451612903225806,0.1872427983539095,0.0,0.008127572016460997
South,2528,1,3100,0,0.5,0.3,0.05,True,0.18451612903225806,0.19796954314720813,0.0,0.04010152284263958
South,2528,1,3100,0,0.5,0.3,0.1,True,0.18451612903225806,0.21098626716604243,0.0,0.07890137328339572
South,2528,1,3100,0,1.0,0,0.01,False,,,,
South,2528,1,3100,0,1.0,0,0.05,False,,,,
South,2528,1,3100,0,1.0,0,0.1,False,,,,
South,2528,1,3100,0,1.0,0.05,0.01,False,,,,
South,2528,1,3100,0,1.0,0.05,0.05,False,,,,
South,2528,1,3100,0,1.0,0.05,0.1,False,,,,
South,2528,1,3100,0,1.0,0.1,0.01,False,,,,
South,2528,1,3100,0,1.0,0.1,0.05,False,,,,
South,2528,1,3100,0,1.0,0.1,0.1,False,,,,
South,2528,1,3100,0,1.0,0.2,0.01,True,0.18451612903225806,0.18995129453986162,0.0,0.00810048705460143
South,2528,1,3100,0,1.0,0.2,0.05,True,0.18451612903225806,0.2,0.0,0.023076923076923078
South,2528,1,3100,0,1.0,0.2,0.1,True,0.18451612903225806,0.2,0.0,0.023076923076923078
South,2528,1,3100,0,1.0,0.3,0.01,True,0.18451612903225806,0.18995129453986162,0.0,0.00810048705460143
South,2528,1,3100,0,1.0,0.3,0.05,True,0.18451612903225806,0.21098626716604243,0.0,0.03945068664169786
South,2528,1,3100,0,1.0,0.3,0.1,True,0.18451612903225806,0.23579201934703747,0.0,0.07642079806529622
South,2528,1,3100,1000,0.25,0,0.01,False,,,,
South,2528,1,3100,1000,0.25,0,0.05,False,,,,
South,2528,1,3100,1000,0.25,0,0.1,False,,,,
South,2528,1,3100,1000,0.25,0.05,0.01,False,,,,
South,2528,1,3100,1000,0.25,0.05,0.05,False,,,,
South,2528,1,3100,1000,0.25,0.05,0.1,False,,,,
South,2528,1,3100,1000,0.25,0.1,0.01,False,,,,
South,2528,1,3100,1000,0.25,0.1,0.05,False,,,,
South,2528,1,3100,1000,0.25,0.1,0.1,False,,,,
South,2528,1,3100,1000,0.25,0.2,0.01,False,,,,
South,2528,1,3100,1000,0.25,0.2,0.05,False,,,,
South,2528,1,3100,1000,0.25,0.2,0.1,False,,,,
South,2528,1,3100,1000,0.25,0.3,0.01,True,0.2723809523809524,0.27417822534676034,0.0,0.0072582177465322344
South,2528,1,3100,1000,0.25,0.3,0.05,True,0.2723809523809524,0.2812793979303857,0.0,0.03593603010348064
South,2528,1,3100,1000,0.25,0.3,0.1,True,0.2723809523809524,0.2899628252788104,0.0,0.07100371747211882
South,2528,1,3100,1000,0.5,0,0.01,False,,,,
South,2528,1,3100,1000,0.5,0,0.05,False,,,,
South,2528,1,3100,1000,0.5,0,0.1,False,,,,
South,2528,1,3100,1000,0.5,0.05,0.01,False,,,,
South,2528,1,3100,1000,0.5,0.05,0.05,False,,,,
South,2528,1,3100,1000,0.5,0.05,0.1,False,,,,
South,2528,1,3100,1000,0.5,0.1,0.01,False,,,,
South,2528,1,3100,1000,0.5,0.1,0.05,False,,,,
South,2528,1,3100,1000,0.5,0.1,0.1,False,,,,
South,2528,1,3100,1000,0.5,0.2,0.01,False,,,,
South,2528,1,3100,1000,0.5,0.2,0.05,False,,,,
South,2528,1,3100,1000,0.5,0.2,0.1,False,,,,
South,2528,1,3100,1000,0.5,0.3,0.01,True,0.2723809523809524,0.2759666413949962,0.0,0.007240333586050095
South,2528,1,3100,1000,0.5,0.3,0.05,True,0.2723809523809524,0.2899628252788104,0.0,0.03550185873605941
South,2528,1,3100,1000,0.5,0.3,0.1,True,0.2723809523809524,0.3,0.0,0.05576923076923077
South,2528,1,3100,1000,1.0,0,0.01,False,,,,
South,2528,1,3100,1000,1.0,0,0.05,False,,,,
South,2528,1,3100,1000,1.0,0,0.1,False,,,,
South,2528,1,3100,1000,1.0,0.05,0.01,False,,,,
South,2528,1,3100,1000,1.0,0.05,0.05,False,,,,
South,2528,1,3100,1000,1.0,0.05,0.1,False,,,,
South,2528,1,3100,1000,1.0,0.1,0.01,False,,,,
South,2528,1,3100,1000,1.0,0.1,0.05,False,,,,
South,2528,1,3100,1000,1.0,0.1,0.1,False,,,,
South,2528,1,3100,1000,1.0,0.2,0.01,False,,,,
South,2528,1,3100,1000,1.0,0.2,0.05,False,,,,
South,2528,1,3100,1000,1.0,0.2,0.1,False,,,,
South,2528,1,3100,1000,1.0,0.3,0.01,True,0.2723809523809524,0.27951716333459076,0.0,0.007204828366654134
South,2528,1,3100,1000,1.0,0.3,0.05,True,0.2723809523809524,0.3,0.0,0.027884615384615386
South,2528,1,3100,1000,1.0,0.3,0.1,True,0.2723809523809524,0.3,0.0,0.027884615384615386
South,2564,2,2400,0,0.25,0,0.01,False,,,,
South,2564,2,2400,0,0.25,0,0.05,False,,,,
South,2564,2,2400,0,0.25,0,0.1,False,,,,
South,2564,2,2400,0,0.25,0.05,0.01,False,,,,
South,2564,2,2400,0,0.25,0.05,0.05,False,,,,
South,2564,2,2400,0,0.25,0.05,0.1,False,,,,
South,2564,2,2400,0,0.25,0.1,0.01,False,,,,
South,2564,2,2400,0,0.25,0.1,0.05,False,,,,
South,2564,2,2400,0,0.25,0.1,0.1,False,,,,
South,2564,2,2400,0,0.25,0.2,0.01,False,,,,
South,2564,2,2400,0,0.25,0.2,0.05,False,,,,
South,2564,2,2400,0,0.25,0.2,0.1,False,,,,
South,2564,2,2400,0,0.25,0.3,0.01,False,,,,
South,2564,2,2400,0,0.25,0.3,0.05,False,,,,
South,2564,2,2400,0,0.25,0.3,0.1,False,,,,
South,2564,2,2400,0,0.5,0,0.01,False,,,,
South,2564,2,2400,0,0.5,0,0.05,False,,,,
South,2564,2,2400,0,0.5,0,0.1,False,,,,
South,2564,2,2400,0,0.5,0.05,0.01,False,,,,
South,2564,2,2400,0,0.5,0.05,0.05,False,,,,
South,2564,2,2400,0,0.5,0.05,0.1,False,,,,
South,2564,2,2400,0,0.5,0.1,0.01,False,,,,
South,2564,2,2400,0,0.5,0.1,0.05,False,,,,
South,2564,2,2400,0,0.5,0.1,0.1,False,,,,
South,2564,2,2400,0,0.5,0.2,0.01,False,,,,
South,2564,2,2400,0,0.5,0.2,0.05,False,,,,
South,2564,2,2400,0,0.5,0.2,0.1,False,,,,
South,2564,2,2400,0,0.5,0.3,0.01,False,,,,
South,2564,2,2400,0,0.5,0.3,0.05,False,,,,
South,2564,2,2400,0,0.5,0.3,0.1,False,,,,
South,2564,2,2400,0,1.0,0,0.01,False,,,,
South,2564,2,2400,0,1.0,0,0.05,False,,,,
South,2564,2,2400,0,1.0,0,0.1,True,0.0,0.0,0.058992805755395686,0.058992805755395686
South,2564,2,2400,0,1.0,0.05,0.01,False,,,,
South,2564,2,2400,0,1.0,0.05,0.05,False,,,,
South,2564,2,2400,0,1.0,0.05,0.1,True,0.0,0.04256908140403286,0.058992805755395686,0.0957430918595967
South,2564,2,2400,0,1.0,0.1,0.01,False,,,,
South,2564,2,2400,0,1.0,0.1,0.05,False,,,,
South,2564,2,2400,0,1.0,0.1,0.1,True,0.0,0.04256908140403286,0.058992805755395686,0.0957430918595967
South,2564,2,2400,0,1.0,0.2,0.01,False,,,,
South,2564,2,2400,0,1.0,0.2,0.05,False,,,,
South,2564,2,2400,0,1.0,0.2,0.1,True,0.0,0.04256908140403286,0.058992805755395686,0.0957430918595967
South,2564,2,2400,0,1.0,0.3,0.01,False,,,,
South,2564,2,2400,0,1.0,0.3,0.05,False,,,,
South,2564,2,2400,0,1.0,0.3,0.1,True,0.0,0.04256908140403286,0.058992805755395686,0.0957430918595967
South,2564,2,2400,1000,0.25,0,0.01,False,,,,
South,2564,2,2400,1000,0.25,0,0.05,False,,,,
South,2564,2,2400,1000,0.25,0,0.1,False,,,,
South,2564,2,2400,1000,0.25,0.05,0.01,False,,,,
South,2564,2,2400,1000,0.25,0.05,0.05,False,,,,
South,2564,2,2400,1000,0.25,0.05,0.1,False,,,,
South,2564,2,2400,1000,0.25,0.1,0.01,False,,,,
South,2564,2,2400,1000,0.25,0.1,0.05,False,,,,
South,2564,2,2400,1000,0.25,0.1,0.1,False,,,,
South,2564,2,2400,1000,0.25,0.2,0.01,False,,,,
South,2564,2,2400,1000,0.25,0.2,0.05,False,,,,
South,2564,2,2400,1000,0.25,0.2,0.1,False,,,,
South,2564,2,2400,1000,0.25,0.3,0.01,False,,,,
South,2564,2,2400,1000,0.25,0.3,0.05,False,,,,
South,2564,2,2400,1000,0.25,0.3,0.1,False,,,,
South,2564,2,2400,1000,0.5,0,0.01,False,,,,
South,2564,2,2400,1000,0.5,0,0.05,False,,,,
South,2564,2,2400,1000,0.5,0,0.1,False,,,,
South,2564,2,2400,1000,0.5,0.05,0.01,False,,,,
South,2564,2,2400,1000,0.5,0.05,0.05,False,,,,
South,2564,2,2400,1000,0.5,0.05,0.1,False,,,,
South,2564,2,2400,1000,0.5,0.1,0.01,False,,,,
South,2564,2,2400,1000,0.5,0.1,0.05,False,,,,
South,2564,2,2400,1000,0.5,0.1,0.1,False,,,,
South,2564,2,2400,1000,0.5,0.2,0.01,False,,,,
South,2564,2,2400,1000,0.5,0.2,0.05,False,,,,
South,2564,2,2400,1000,0.5,0.2,0.1,False,,,,
South,2564,2,2400,1000,0.5,0.3,0.01,False,,,,
South,2564,2,2400,1000,0.5,0.3,0.05,False,,,,
South,2564,2,2400,1000,0.5,0.3,0.1,False,,,,
South,2564,2,2400,1000,1.0,0,0.01,False,,,,
South,2564,2,2400,1000,1.0,0,0.05,False,,,,
South,2564,2,2400,1000,1.0,0,0.1,True,0.0,0.0,0.058992805755395686,0.058992805755395686
South,2564,2,2400,1000,1.0,0.05,0.01,False,,,,
South,2564,2,2400,1000,1.0,0.05,0.05,False,,,,
South,2564,2,2400,1000,1.0,0.05,0.1,True,0.0,0.05,0.058992805755395686,0.0841726618705036
South,2564,2,2400,1000,1.0,0.1,0.01,False,,,,
South,2564,2,2400,1000,1.0,0.1,0.05,False,,,,
South,2564,2,2400,1000,1.0,0.1,0.1,True,0.0,0.06793802145411204,0.058992805755395686,0.0932061978545888
South,2564,2,2400,1000,1.0,0.2,0.01,False,,,,
South,2564,2,2400,1000,1.0,0.2,0.05,False,,,,
South,2564,2,2400,1000,1.0,0.2,0.1,True,0.0,0.06793802145411204,0.058992805755395686,0.0932061978545888
South,2564,2,2400,1000,1.0,0.3,0.01,False,,,,
South,2564,2,2400,1000,1.0,0.3,0.05,False,,,,
South,2564,2,2400,1000,1.0,0.3,0.1,True,0.0,0.06793802145411204,0.058992805755395686,0.0932061978545888
South,2564,2,2600,0,0.25,0,0.01,False,,,,
South,2564,2,2600,0,0.25,0,0.05,False,,,,
South,2564,2,2600,0,0.25,0,0.1,False,,,,
South,2564,2,2600,0,0.25,0.05,0.01,True,0.013846153846153847,0.016286519979282096,0.0,0.009837134800206898
South,2564,2,2600,0,0.25,0.05,0.05,True,0.013846153846153847,0.025928388260993446,0.0,0.04870358058695033
South,2564,2,2600,0,0.25,0.05,0.1,True,0.013846153846153847,0.03771814599361981,0.0,0.096228185400638
South,2564,2,2600,0,0.25,0.1,0.01,True,0.013846153846153847,0.016286519979282096,0.0,0.009837134800206898
South,2564,2,2600,0,0.25,0.1,0.05,True,0.013846153846153847,0.025928388260993446,0.0,0.04870358058695033
South,2564,2,2600,0,0.25,0.1,0.1,True,0.013846153846153847,0.03771814599361981,0.0,0.096228185400638
South,2564,2,2600,0,0.25,0.2,0.01,True,0.013846153846153847,0.016286519979282096,0.0,0.009837134800206898
South,2564,2,2600,0,0.25,0.2,0.05,True,0.013846153846153847,0.025928388260993446,0.0,0.04870358058695033
South,2564,2,2600,0,0.25,0.2,0.1,True,0.013846153846153847,0.03771814599361981,0.0,0.096228185400638
South,2564,2,2600,0,0.25,0.3,0.01,True,0.013846153846153847,0.016286519979282096,0.0,0.009837134800206898
South,2564,2,2600,0,0.25,0.3,0.05,True,0.013846153846153847,0.025928388260993446,0.0,0.04870358058695033
South,2564,2,2600,0,0.25,0.3,0.1,True,0.013846153846153847,0.03771814599361981,0.0,0.096228185400638
South,2564,2,2600,0,0.5,0,0.01,False,,,,
South,2564,2,2600,0,0.5,0,0.05,False,,,,
South,2564,2,2600,0,0.5,0,0.1,False,,,,
South,2564,2,2600,0,0.5,0.05,0.01,True,0.013846153846153847,0.018714837919553022,0.0,0.009812851620804539
South,2564,2,2600,0,0.5,0.05,0.05,True,0.013846153846153847,0.03771814599361981,0.0,0.048114092700319
South,2564,2,2600,0,0.5,0.05,0.1,True,0.013846153846153847,0.05,0.0,0.07286821705426356
South,2564,2,2600,0,0.5,0.1,0.01,True,0.013846153846153847,0.018714837919553022,0.0,0.009812851620804539
South,2564,2,2600,0,0.5,0.1,0.05,True,0.013846153846153847,0.03771814599361981,0.0,0.048114092700319
South,2564,2,2600,0,0.5,0.1,0.1,True,0.013846153846153847,0.06046170758519604,0.0,0.09395382924148038
South,2564,2,2600,0,0.5,0.2,0.01,True,0.013846153846153847,0.018714837919553022,0.0,0.009812851620804539
South,2564,2,2600,0,0.5,0.2,0.05,True,0.013846153846153847,0.03771814599361981,0.0,0.048114092700319
South,2564,2,2600,0,0.5,0.2,0.1,True,0.013846153846153847,0.06046170758519604,0.0,0.09395382924148038
South,2564,2,2600,0,0.5,0.3,0.01,True,0.013846153846153847,0.018714837919553022,0.0,0.009812851620804539
South,2564,2,2600,0,0.5,0.3,0.05,True,0.013846153846153847,0.03771814599361981,0.0,0.048114092700319
South,2564,2,2600,0,0.5,0.3,0.1,True,0.013846153846153847,0.06046170758519604,0.0,0.09395382924148038
South,2564,2,2600,0,1.0,0,0.01,False,,,,
South,2564,2,2600,0,1.0,0,0.05,False,,,,
South,2564,2,2600,0,1.0,0,0.1,False,,,,
South,2564,2,2600,0,1.0,0.05,0.01,True,0.013846153846153847,0.02353568436286091,0.0,0.009764643156371457
South,2564,2,2600,0,1.0,0.05,0.05,True,0.013846153846153847,0.05,0.0,0.03643410852713178
South,2564,2,2600,0,1.0,0.05,0.1,True,0.013846153846153847,0.05,0.0,0.03643410852713178
South,2564,2,2600,0,1.0,0.1,0.01,True,0.013846153846153847,0.02353568436286091,0.0,0.009764643156371457
South,2564,2,2600,0,1.0,0.1,0.05,True,0.013846153846153847,0.06046170758519604,0.0,0.04697691462074019
South,2564,2,2600,0,1.0,0.1,0.1,True,0.013846153846153847,0.1,0.0,0.08682170542635659
South,2564,2,2600,0,1.0,0.2,0.01,True,0.013846153846153847,0.02353568436286091,0.0,0.009764643156371457
South,2564,2,2600,0,1.0,0.2,0.05,True,0.013846153846153847,0.06046170758519604,0.0,0.04697691462074019
South,2564,2,2600,0,1.0,0.2,0.1,True,0.013846153846153847,0.10286913925822254,0.0,0.08971308607417774
South,2564,2,2600,0,1.0,0.3,0.01,True,0.013846153846153847,0.02353568436286091,0.0,0.009764643156371457
South,2564,2,2600,0,1.0,0.3,0.05,True,0.013846153846153847,0.06046170758519604,0.0,0.04697691462074019
South,2564,2,2600,0,1.0,0.3,0.1,True,0.013846153846153847,0.10286913925822254,0.0,0.08971308607417774
South,2564,2,2600,1000,0.25,0,0.01,False,,,,
South,2564,2,2600,1000,0.25,0,0.05,False,,,,
South,2564,2,2600,1000,0.25,0,0.1,False,,,,
South,2564,2,2600,1000,0.25,0.05,0.01,True,0.0225,0.026424725326029335,0.0,0.009735752746739434
South,2564,2,2600,1000,0.25,0.05,0.05,True,0.0225,0.041813447694899676,0.0,0.047909327615255015
South,2564,2,2600,1000,0.25,0.05,0.1,True,0.0225,0.05,0.0,0.06821705426356589
South,2564,2,2600,1000,0.25,0.1,0.01,True,0.0225,0.026424725326029335,0.0,0.009735752746739434
South,2564,2,2600,1000,0.25,0.1,0.05,True,0.0225,0.041813447694899676,0.0,0.047909327615255015
South,2564,2,2600,1000,0.25,0.1,0.1,True,0.0225,0.060378492039651545,0.0,0.09396215079603484
South,2564,2,2600,1000,0.25,0.2,0.01,True,0.0225,0.026424725326029335,0.0,0.009735752746739434
South,2564,2,2600,1000,0.25,0.2,0.05,True,0.0225,0.041813447694899676,0.0,0.047909327615255015
South,2564,2,2600,1000,0.25,0.2,0.1,True,0.0225,0.060378492039651545,0.0,0.09396215079603484
South,2564,2,2600,1000,0.25,0.3,0.01,True,0.0225,0.026424725326029335,0.0,0.009735752746739434
South,2564,2,2600,1000,0.25,0.3,0.05,True,0.0225,0.041813447694899676,0.0,0.047909327615255015
South,2564,2,2600,1000,0.25,0.3,0.1,True,0.0225,0.060378492039651545,0.0,0.09396215079603484
South,2564,2,2600,1000,0.5,0,0.01,False,,,,
South,2564,2,2600,1000,0.5,0,0.05,False,,,,
South,2564,2,2600,1000,0.5,0,0.1,False,,,,
South,2564,2,2600,1000,0.5,0.05,0.01,True,0.0225,0.030318060636121327,0.0,0.009696819393638851
South,2564,2,2600,1000,0.5,0.05,0.05,True,0.0225,0.05,0.0,0.034108527131782945
South,2564,2,2600,1000,0.5,0.05,0.1,True,0.0225,0.05,0.0,0.034108527131782945
South,2564,2,2600,1000,0.5,0.1,0.01,True,0.0225,0.030318060636121327,0.0,0.009696819393638851
South,2564,2,2600,1000,0.5,0.1,0.05,True,0.0225,0.060378492039651545,0.0,0.04698107539801742
South,2564,2,2600,1000,0.5,0.1,0.1,True,0.0225,0.09543088490456912,0.0,0.09045691150954309
South,2564,2,2600,1000,0.5,0.2,0.01,True,0.0225,0.030318060636121327,0.0,0.009696819393638851
South,2564,2,2600,1000,0.5,0.2,0.05,True,0.0225,0.060378492039651545,0.0,0.04698107539801742
South,2564,2,2600,1000,0.5,0.2,0.1,True,0.0225,0.09543088490456912,0.0,0.09045691150954309
South,2564,2,2600,1000,0.5,0.3,0.01,True,0.0225,0.030318060636121327,0.0,0.009696819393638851
South,2564,2,2600,1000,0.5,0.3,0.05,True,0.0225,0.060378492039651545,0.0,0.04698107539801742
South,2564,2,2600,1000,0.5,0.3,0.1,True,0.0225,0.09543088490456912,0.0,0.09045691150954309
South,2564,2,2600,1000,1.0,0,0.01,False,,,,
South,2564,2,2600,1000,1.0,0,0.05,False,,,,
South,2564,2,2600,1000,1.0,0,0.1,False,,,,
South,2564,2,2600,1000,1.0,0.05,0.01,True,0.0225,0.03801205560339536,0.0,0.009619879443966112
South,2564,2,2600,1000,1.0,0.05,0.05,True,0.0225,0.05,0.0,0.017054263565891473
South,2564,2,2600,1000,1.0,0.05,0.1,True,0.0225,0.05,0.0,0.017054263565891473
South,2564,2,2600,1000,1.0,0.1,0.01,True,0.0225,0.03801205560339536,0.0,0.009619879443966112
South,2564,2,2600,1000,1.0,0.1,0.05,True,0.0225,0.09543088490456912,0.0,0.045228455754771545
South,2564,2,2600,1000,1.0,0.1,0.1,True,0.0225,0.1,0.0,0.04806201550387597
South,2564,2,2600,1000,1.0,0.2,0.01,True,0.0225,0.03801205560339536,0.0,0.009619879443966112
South,2564,2,2600,1000,1.0,0.2,0.05,True,0.0225,0.09543088490456912,0.0,0.045228455754771545
South,2564,2,2600,1000,1.0,0.2,0.1,True,0.0225,0.15823466092572658,0.0,0.08417653390742734
South,2564,2,2600,1000,1.0,0.3,0.01,True,0.0225,0.03801205560339536,0.0,0.009619879443966112
South,2564,2,2600,1000,1.0,0.3,0.05,True,0.0225,0.09543088490456912,0.0,0.045228455754771545
South,2564,2,2600,1000,1.0,0.3,0.1,True,0.0225,0.15823466092572658,0.0,0.08417653390742734
South,2564,2,2700,0,0.25,0,0.01,False,,,,
South,2564,2,2700,0,0.25,0,0.05,False,,,,
South,2564,2,2700,0,0.25,0,0.1,False,,,,
South,2564,2,2700,0,0.25,0.05,0.01,False,,,,
South,2564,2,2700,0,0.25,0.05,0.05,False,,,,
South,2564,2,2700,0,0.25,0.05,0.1,False,,,,
South,2564,2,2700,0,0.25,0.1,0.01,True,0.05037037037037037,0.05254600546892315,0.0,0.009474539945310495
South,2564,2,2700,0,0.25,0.1,0.05,True,0.05037037037037037,0.06114976199194434,0.0,0.046942511900402766
South,2564,2,2700,0,0.25,0.1,0.1,True,0.05037037037037037,0.07168718320057929,0.0,0.09283128167994206
South,2564,2,2700,0,0.25,0.2,0.01,True,0.05037037037037037,0.05254600546892315,0.0,0.009474539945310495
South,2564,2,2700,0,0.25,0.2,0.05,True,0.05037037037037037,0.06114976199194434,0.0,0.046942511900402766
South,2564,2,2700,0,0.25,0.2,0.1,True,0.05037037037037037,0.07168718320057929,0.0,0.09283128167994206
South,2564,2,2700,0,0.25,0.3,0.01,True,0.05037037037037037,0.05254600546892315,0.0,0.009474539945310495
South,2564,2,2700,0,0.25,0.3,0.05,True,0.05037037037037037,0.06114976199194434,0.0,0.046942511900402766
South,2564,2,2700,0,0.25,0.3,0.1,True,0.05037037037037037,0.07168718320057929,0.0,0.09283128167994206
South,2564,2,2700,0,0.5,0,0.01,False,,,,
South,2564,2,2700,0,0.5,0,0.05,False,,,,
South,2564,2,2700,0,0.5,0,0.1,False,,,,
South,2564,2,2700,0,0.5,0.05,0.01,False,,,,
South,2564,2,2700,0,0.5,0.05,0.05,False,,,,
South,2564,2,2700,0,0.5,0.05,0.1,False,,,,
South,2564,2,2700,0,0.5,0.1,0.01,True,0.05037037037037037,0.05471169444034806,0.0,0.009452883055596596
South,2564,2,2700,0,0.5,0.1,0.05,True,0.05037037037037037,0.07168718320057929,0.0,0.04641564083997103
South,2564,2,2700,0,0.5,0.1,0.1,True,0.05037037037037037,0.09206798866855524,0.0,0.09079320113314449
South,2564,2,2700,0,0.5,0.2,0.01,True,0.05037037037037037,0.05471169444034806,0.0,0.009452883055596596
South,2564,2,2700,0,0.5,0.2,0.05,True,0.05037037037037037,0.07168718320057929,0.0,0.04641564083997103
South,2564,2,2700,0,0.5,0.2,0.1,True,0.05037037037037037,0.09206798866855524,0.0,0.09079320113314449
South,2564,2,2700,0,0.5,0.3,0.01,True,0.05037037037037037,0.05471169444034806,0.0,0.009452883055596596
South,2564,2,2700,0,0.5,0.3,0.05,True,0.05037037037037037,0.07168718320057929,0.0,0.04641564083997103
South,2564,2,2700,0,0.5,0.3,0.1,True,0.05037037037037037,0.09206798866855524,0.0,0.09079320113314449
South,2564,2,2700,0,1.0,0,0.01,False,,,,
South,2564,2,2700,0,1.0,0,0.05,False,,,,
South,2564,2,2700,0,1.0,0,0.1,False,,,,
South,2564,2,2700,0,1.0,0.05,0.01,False,,,,
South,2564,2,2700,0,1.0,0.05,0.05,False,,,,
South,2564,2,2700,0,1.0,0.05,0.1,False,,,,
South,2564,2,2700,0,1.0,0.1,0.01,True,0.05037037037037037,0.059013505578391134,0.0,0.009409864944216157
South,2564,2,2700,0,1.0,0.1,0.05,True,0.05037037037037037,0.09206798866855524,0.0,0.04539660056657224
South,2564,2,2700,0,1.0,0.1,0.1,True,0.05037037037037037,0.1,0.0,0.05403225806451613
South,2564,2,2700,0,1.0,0.2,0.01,True,0.05037037037037037,0.059013505578391134,0.0,0.009409864944216157
South,2564,2,2700,0,1.0,0.2,0.05,True,0.05037037037037037,0.09206798866855524,0.0,0.04539660056657224
South,2564,2,2700,0,1.0,0.2,0.1,True,0.05037037037037037,0.13025780189959293,0.0,0.08697421981004068
South,2564,2,2700,0,1.0,0.3,0.01,True,0.05037037037037037,0.059013505578391134,0.0,0.009409864944216157
South,2564,2,2700,0,1.0,0.3,0.05,True,0.05037037037037037,0.09206798866855524,0.0,0.04539660056657224
South,2564,2,2700,0,1.0,0.3,0.1,True,0.05037037037037037,0.13025780189959293,0.0,0.08697421981004068
South,2564,2,2700,1000,0.25,0,0.01,False,,,,
South,2564,2,2700,1000,0.25,0,0.05,False,,,,
South,2564,2,2700,1000,0.25,0,0.1,False,,,,
South,2564,2,2700,1000,0.25,0.05,0.01,False,,,,
South,2564,2,2700,1000,0.25,0.05,0.05,False,,,,
South,2564,2,2700,1000,0.25,0.05,0.1,False,,,,
South,2564,2,2700,1000,0.25,0.1,0.01,True,0.08,0.08334310162935168,0.0,0.009166568983706217
South,2564,2,2700,1000,0.25,0.1,0.05,True,0.08,0.09647602541883304,0.0,0.04517619872905834
South,2564,2,2700,1000,0.25,0.1,0.1,True,0.08,0.1,0.0,0.054838709677419356
South,2564,2,2700,1000,0.25,0.2,0.01,True,0.08,0.08334310162935168,0.0,0.009166568983706217
South,2564,2,2700,1000,0.25,0.2,0.05,True,0.08,0.09647602541883304,0.0,0.04517619872905834
South,2564,2,2700,1000,0.25,0.2,0.1,True,0.08,0.11237230419977298,0.0,0.08876276958002267
South,2564,2,2700,1000,0.25,0.3,0.01,True,0.08,0.08334310162935168,0.0,0.009166568983706217
South,2564,2,2700,1000,0.25,0.3,0.05,True,0.08,0.09647602541883304,0.0,0.04517619872905834
South,2564,2,2700,1000,0.25,0.3,0.1,True,0.08,0.11237230419977298,0.0,0.08876276958002267
South,2564,2,2700,1000,0.5,0,0.01,False,,,,
South,2564,2,2700,1000,0.5,0,0.05,False,,,,
South,2564,2,2700,1000,0.5,0,0.1,False,,,,
South,2564,2,2700,1000,0.5,0.05,0.01,False,,,,
South,2564,2,2700,1000,0.5,0.05,0.05,False,,,,
South,2564,2,2700,1000,0.5,0.05,0.1,False,,,,
South,2564,2,2700,1000,0.5,0.1,0.01,True,0.08,0.08666199486101384,0.0,0.009133380051389944
South,2564,2,2700,1000,0.5,0.1,0.05,True,0.08,0.1,0.0,0.027419354838709678
South,2564,2,2700,1000,0.5,0.1,0.1,True,0.08,0.1,0.0,0.027419354838709678
South,2564,2,2700,1000,0.5,0.2,0.01,True,0.08,0.08666199486101384,0.0,0.009133380051389944
South,2564,2,2700,1000,0.5,0.2,0.05,True,0.08,0.11237230419977298,0.0,0.04438138479001134
South,2564,2,2700,1000,0.5,0.2,0.1,True,0.08,0.1425438596491228,0.0,0.08574561403508772
South,2564,2,2700,1000,0.5,0.3,0.01,True,0.08,0.08666199486101384,0.0,0.009133380051389944
South,2564,2,2700,1000,0.5,0.3,0.05,True,0.08,0.11237230419977298,0.0,0.04438138479001134
South,2564,2,2700,1000,0.5,0.3,0.1,True,0.08,0.1425438596491228,0.0,0.08574561403508772
South,2564,2,2700,1000,1.0,0,0.01,False,,,,
South,2564,2,2700,1000,1.0,0,0.05,False,,,,
South,2564,2,2700,1000,1.0,0,0.1,False,,,,
South,2564,2,2700,1000,1.0,0.05,0.01,False,,,,
South,2564,2,2700,1000,1.0,0.05,0.05,False,,,,
South,2564,2,2700,1000,1.0,0.05,0.1,False,,,,
South,2564,2,2700,1000,1.0,0.1,0.01,True,0.08,0.09322820037105761,0.0,0.009067717996289491
South,2564,2,2700,1000,1.0,0.1,0.05,True,0.08,0.1,0.0,0.013709677419354839
South,2564,2,2700,1000,1.0,0.1,0.1,True,0.08,0.1,0.0,0.013709677419354839
South,2564,2,2700,1000,1.0,0.2,0.01,True,0.08,0.09322820037105761,0.0,0.009067717996289491
South,2564,2,2700,1000,1.0,0.2,0.05,True,0.08,0.1425438596491228,0.0,0.04287280701754386
South,2564,2,2700,1000,1.0,0.2,0.1,True,0.08,0.1971252566735113,0.0,0.08028747433264888
South,2564,2,2700,1000,1.0,0.3,0.01,True,0.08,0.09322820037105761,0.0,0.009067717996289491
South,2564,2,2700,1000,1.0,0.3,0.05,True,0.08,0.1425438596491228,0.0,0.04287280701754386
South,2564,2,2700,1000,1.0,0.3,0.1,True,0.08,0.1971252566735113,0.0,0.08028747433264888
South,2564,2,2900,0,0.25,0,0.01,False,,,,
South,2564,2,2900,0,0.25,0,0.05,False,,,,
South,2564,2,2900,0,0.25,0,0.1,False,,,,
South,2564,2,2900,0,0.25,0.05,0.01,False,,,,
South,2564,2,2900,0,0.25,0.05,0.05,False,,,,
South,2564,2,2900,0,0.25,0.05,0.1,False,,,,
South,2564,2,2900,0,0.25,0.1,0.01,False,,,,
South,2564,2,2900,0,0.25,0.1,0.05,False,,,,
South,2564,2,2900,0,0.25,0.1,0.1,False,,,,
South,2564,2,2900,0,0.25,0.2,0.01,True,0.11586206896551725,0.1175964483601197,0.0,0.008824035516398541
South,2564,2,2900,0,0.25,0.2,0.05,True,0.11586206896551725,0.12446645040122929,0.0,0.043776677479938464
South,2564,2,2900,0,0.25,0.2,0.1,True,0.11586206896551725,0.13290497125464998,0.0,0.08670950287453501
South,2564,2,2900,0,0.25,0.3,0.01,True,0.11586206896551725,0.1175964483601197,0.0,0.008824035516398541
South,2564,2,2900,0,0.25,0.3,0.05,True,0.11586206896551725,0.12446645040122929,0.0,0.043776677479938464
South,2564,2,2900,0,0.25,0.3,0.1,True,0.11586206896551725,0.13290497125464998,0.0,0.08670950287453501
South,2564,2,2900,0,0.5,0,0.01,False,,,,
South,2564,2,2900,0,0.5,0,0.05,False,,,,
South,2564,2,2900,0,0.5,0,0.1,False,,,,
South,2564,2,2900,0,0.5,0.05,0.01,False,,,,
South,2564,2,2900,0,0.5,0.05,0.05,False,,,,
South,2564,2,2900,0,0.5,0.05,0.1,False,,,,
South,2564,2,2900,0,0.5,0.1,0.01,False,,,,
South,2564,2,2900,0,0.5,0.1,0.05,False,,,,
South,2564,2,2900,0,0.5,0.1,0.1,False,,,,
South,2564,2,2900,0,0.5,0.2,0.01,True,0.11586206896551725,0.11932403654599165,0.0,0.008806759634540147
South,2564,2,2900,0,0.5,0.2,0.05,True,0.11586206896551725,0.13290497125464998,0.0,0.043354751437267504
South,2564,2,2900,0,0.5,0.2,0.1,True,0.11586206896551725,0.1493032514930325,0.0,0.0850696748506967
South,2564,2,2900,0,0.5,0.3,0.01,True,0.11586206896551725,0.11932403654599165,0.0,0.008806759634540147
South,2564,2,2900,0,0.5,0.3,0.05,True,0.11586206896551725,0.13290497125464998,0.0,0.043354751437267504
South,2564,2,2900,0,0.5,0.3,0.1,True,0.11586206896551725,0.1493032514930325,0.0,0.0850696748506967
South,2564,2,2900,0,1.0,0,0.01,False,,,,
South,2564,2,2900,0,1.0,0,0.05,False,,,,
South,2564,2,2900,0,1.0,0,0.1,False,,,,
South,2564,2,2900,0,1.0,0.05,0.01,False,,,,
South,2564,2,2900,0,1.0,0.05,0.05,False,,,,
South,2564,2,2900,0,1.0,0.05,0.1,False,,,,
South,2564,2,2900,0,1.0,0.1,0.01,False,,,,
South,2564,2,2900,0,1.0,0.1,0.05,False,,,,
South,2564,2,2900,0,1.0,0.1,0.1,False,,,,
South,2564,2,2900,0,1.0,0.2,0.01,True,0.11586206896551725,0.12275899822088414,0.0,0.008772410017791232
South,2564,2,2900,0,1.0,0.2,0.05,True,0.11586206896551725,0.1493032514930325,0.0,0.04253483742534835
South,2564,2,2900,0,1.0,0.2,0.1,True,0.11586206896551725,0.18030690537084398,0.0,0.0819693094629156
South,2564,2,2900,0,1.0,0.3,0.01,True,0.11586206896551725,0.12275899822088414,0.0,0.008772410017791232
South,2564,2,2900,0,1.0,0.3,0.05,True,0.11586206896551725,0.1493032514930325,0.0,0.04253483742534835
South,2564,2,2900,0,1.0,0.3,0.1,True,0.11586206896551725,0.18030690537084398,0.0,0.0819693094629156
South,2564,2,2900,1000,0.25,0,0.01,False,,,,
South,2564,2,2900,1000,0.25,0,0.05,False,,,,
South,2564,2,2900,1000,0.25,0,0.1,False,,,,
South,2564,2,2900,1000,0.25,0.05,0.01,False,,,,
South,2564,2,2900,1000,0.25,0.05,0.05,False,,,,
South,2564,2,2900,1000,0.25,0.05,0.1,False,,,,
South,2564,2,2900,1000,0.25,0.1,0.01,False,,,,
South,2564,2,2900,1000,0.25,0.1,0.05,False,,,,
South,2564,2,2900,1000,0.25,0.1,0.1,False,,,,
South,2564,2,2900,1000,0.25,0.2,0.01,True,0.17684210526315788,0.1793041926851025,0.0,0.008206958073148734
South,2564,2,2900,1000,0.25,0.2,0.05,True,0.17684210526315788,0.18900700025926886,0.0,0.04054964998703657
South,2564,2,2900,1000,0.25,0.2,0.1,True,0.17684210526315788,0.2,0.0,0.07719298245614035
South,2564,2,2900,1000,0.25,0.3,0.01,True,0.17684210526315788,0.1793041926851025,0.0,0.008206958073148734
South,2564,2,2900,1000,0.25,0.3,0.05,True,0.17684210526315788,0.18900700025926886,0.0,0.04054964998703657
South,2564,2,2900,1000,0.25,0.3,0.1,True,0.17684210526315788,0.200817577925396,0.0,0.07991824220746037
South,2564,2,2900,1000,0.5,0,0.01,False,,,,
South,2564,2,2900,1000,0.5,0,0.05,False,,,,
South,2564,2,2900,1000,0.5,0,0.1,False,,,,
South,2564,2,2900,1000,0.5,0.05,0.01,False,,,,
South,2564,2,2900,1000,0.5,0.05,0.05,False,,,,
South,2564,2,2900,1000,0.5,0.05,0.1,False,,,,
South,2564,2,2900,1000,0.5,0.1,0.01,False,,,,
South,2564,2,2900,1000,0.5,0.1,0.05,False,,,,
South,2564,2,2900,1000,0.5,0.1,0.1,False,,,,
South,2564,2,2900,1000,0.5,0.2,0.01,True,0.17684210526315788,0.1817515956890238,0.0,0.008182484043109839
South,2564,2,2900,1000,0.5,0.2,0.05,True,0.17684210526315788,0.2,0.0,0.03859649122807018
South,2564,2,2900,1000,0.5,0.2,0.1,True,0.17684210526315788,0.2,0.0,0.03859649122807018
South,2564,2,2900,1000,0.5,0.3,0.01,True,0.17684210526315788,0.1817515956890238,0.0,0.008182484043109839
South,2564,2,2900,1000,0.5,0.3,0.05,True,0.17684210526315788,0.200817577925396,0.0,0.039959121103730184
South,2564,2,2900,1000,0.5,0.3,0.1,True,0.17684210526315788,0.2234359483614697,0.0,0.07765640516385304
South,2564,2,2900,1000,1.0,0,0.01,False,,,,
South,2564,2,2900,1000,1.0,0,0.05,False,,,,
South,2564,2,2900,1000,1.0,0,0.1,False,,,,
South,2564,2,2900,1000,1.0,0.05,0.01,False,,,,
South,2564,2,2900,1000,1.0,0.05,0.05,False,,,,
South,2564,2,2900,1000,1.0,0.05,0.1,False,,,,
South,2564,2,2900,1000,1.0,0.1,0.01,False,,,,
South,2564,2,2900,1000,1.0,0.1,0.05,False,,,,
South,2564,2,2900,1000,1.0,0.1,0.1,False,,,,
South,2564,2,2900,1000,1.0,0.2,0.01,True,0.17684210526315788,0.18660287081339721,0.0,0.00813397129186611
South,2564,2,2900,1000,1.0,0.2,0.05,True,0.17684210526315788,0.2,0.0,0.01929824561403509
South,2564,2,2900,1000,1.0,0.2,0.1,True,0.17684210526315788,0.2,0.0,0.01929824561403509
South,2564,2,2900,1000,1.0,0.3,0.01,True,0.17684210526315788,0.18660287081339721,0.0,0.00813397129186611
South,2564,2,2900,1000,1.0,0.3,0.05,True,0.17684210526315788,0.2234359483614697,0.0,0.03882820258192652
South,2564,2,2900,1000,1.0,0.3,0.1,True,0.17684210526315788,0.2650375939849624,0.0,0.07349624060150375
South,2564,2,3100,0,0.25,0,0.01,False,,,,
South,2564,2,3100,0,0.25,0,0.05,False,,,,
South,2564,2,3100,0,0.25,0,0.1,False,,,,
South,2564,2,3100,0,0.25,0.05,0.01,False,,,,
South,2564,2,3100,0,0.25,0.05,0.05,False,,,,
South,2564,2,3100,0,0.25,0.05,0.1,False,,,,
South,2564,2,3100,0,0.25,0.1,0.01,False,,,,
South,2564,2,3100,0,0.25,0.1,0.05,False,,,,
South,2564,2,3100,0,0.25,0.1,0.1,False,,,,
South,2564,2,3100,0,0.25,0.2,0.01,True,0.17290322580645162,0.17428829060930048,0.0,0.00825711709390672
South,2564,2,3100,0,0.25,0.2,0.05,True,0.17290322580645162,0.17978246960972488,0.0,0.04101087651951375
South,2564,2,3100,0,0.25,0.2,0.1,True,0.17290322580645162,0.1865482233502538,0.0,0.08134517766497468
South,2564,2,3100,0,0.25,0.3,0.01,True,0.17290322580645162,0.17428829060930048,0.0,0.00825711709390672
South,2564,2,3100,0,0.25,0.3,0.05,True,0.17290322580645162,0.17978246960972488,0.0,0.04101087651951375
South,2564,2,3100,0,0.25,0.3,0.1,True,0.17290322580645162,0.1865482233502538,0.0,0.08134517766497468
South,2564,2,3100,0,0.5,0,0.01,False,,,,
South,2564,2,3100,0,0.5,0,0.05,False,,,,
South,2564,2,3100,0,0.5,0,0.1,False,,,,
South,2564,2,3100,0,0.5,0.05,0.01,False,,,,
South,2564,2,3100,0,0.5,0.05,0.05,False,,,,
South,2564,2,3100,0,0.5,0.05,0.1,False,,,,
South,2564,2,3100,0,0.5,0.1,0.01,False,,,,
South,2564,2,3100,0,0.5,0.1,0.05,False,,,,
South,2564,2,3100,0,0.5,0.1,0.1,False,,,,
South,2564,2,3100,0,0.5,0.2,0.01,True,0.17290322580645162,0.1756687242798354,0.0,0.008243312757201693
South,2564,2,3100,0,0.5,0.2,0.05,True,0.17290322580645162,0.1865482233502538,0.0,0.04067258883248734
South,2564,2,3100,0,0.5,0.2,0.1,True,0.17290322580645162,0.19975031210986266,0.0,0.08002496878901375
South,2564,2,3100,0,0.5,0.3,0.01,True,0.17290322580645162,0.1756687242798354,0.0,0.008243312757201693
South,2564,2,3100,0,0.5,0.3,0.05,True,0.17290322580645162,0.1865482233502538,0.0,0.04067258883248734
South,2564,2,3100,0,0.5,0.3,0.1,True,0.17290322580645162,0.19975031210986266,0.0,0.08002496878901375
South,2564,2,3100,0,1.0,0,0.01,False,,,,
South,2564,2,3100,0,1.0,0,0.05,False,,,,
South,2564,2,3100,0,1.0,0,0.1,False,,,,
South,2564,2,3100,0,1.0,0.05,0.01,False,,,,
South,2564,2,3100,0,1.0,0.05,0.05,False,,,,
South,2564,2,3100,0,1.0,0.05,0.1,False,,,,
South,2564,2,3100,0,1.0,0.1,0.01,False,,,,
South,2564,2,3100,0,1.0,0.1,0.05,False,,,,
South,2564,2,3100,0,1.0,0.1,0.1,False,,,,
South,2564,2,3100,0,1.0,0.2,0.01,True,0.17290322580645162,0.178415790822866,0.0,0.00821584209177141
South,2564,2,3100,0,1.0,0.2,0.05,True,0.17290322580645162,0.19975031210986266,0.0,0.04001248439450687
South,2564,2,3100,0,1.0,0.2,0.1,True,0.17290322580645162,0.2,0.0,0.04038461538461539
South,2564,2,3100,0,1.0,0.3,0.01,True,0.17290322580645162,0.178415790822866,0.0,0.00821584209177141
South,2564,2,3100,0,1.0,0.3,0.05,True,0.17290322580645162,0.19975031210986266,0.0,0.04001248439450687
South,2564,2,3100,0,1.0,0.3,0.1,True,0.17290322580645162,0.2249093107617896,0.0,0.07750906892382102
South,2564,2,3100,1000,0.25,0,0.01,False,,,,
South,2564,2,3100,1000,0.25,0,0.05,False,,,,
South,2564,2,3100,1000,0.25,0,0.1,False,,,,
South,2564,2,3100,1000,0.25,0.05,0.01,False,,,,
South,2564,2,3100,1000,0.25,0.05,0.05,False,,,,
South,2564,2,3100,1000,0.25,0.05,0.1,False,,,,
South,2564,2,3100,1000,0.25,0.1,0.01,False,,,,
South,2564,2,3100,1000,0.25,0.1,0.05,False,,,,
South,2564,2,3100,1000,0.25,0.1,0.1,False,,,,
South,2564,2,3100,1000,0.25,0.2,0.01,False,,,,
South,2564,2,3100,1000,0.25,0.2,0.05,False,,,,
South,2564,2,3100,1000,0.25,0.2,0.1,False,,,,
South,2564,2,3100,1000,0.25,0.3,0.01,True,0.25523809523809526,0.2570777123313699,0.0,0.007429222876686043
South,2564,2,3100,1000,0.25,0.3,0.05,True,0.25523809523809526,0.264346190028222,0.0,0.036782690498588975
South,2564,2,3100,1000,0.25,0.3,0.1,True,0.25523809523809526,0.2732342007434944,0.0,0.07267657992565044
South,2564,2,3100,1000,0.5,0,0.01,False,,,,
South,2564,2,3100,1000,0.5,0,0.05,False,,,,
South,2564,2,3100,1000,0.5,0,0.1,False,,,,
South,2564,2,3100,1000,0.5,0.05,0.01,False,,,,
South,2564,2,3100,1000,0.5,0.05,0.05,False,,,,
South,2564,2,3100,1000,0.5,0.05,0.1,False,,,,
South,2564,2,3100,1000,0.5,0.1,0.01,False,,,,
South,2564,2,3100,1000,0.5,0.1,0.05,False,,,,
South,2564,2,3100,1000,0.5,0.1,0.1,False,,,,
South,2564,2,3100,1000,0.5,0.2,0.01,False,,,,
South,2564,2,3100,1000,0.5,0.2,0.05,False,,,,
South,2564,2,3100,1000,0.5,0.2,0.1,False,,,,
South,2564,2,3100,1000,0.5,0.3,0.01,True,0.25523809523809526,0.2589082638362396,0.0,0.007410917361637705
South,2564,2,3100,1000,0.5,0.3,0.05,True,0.25523809523809526,0.2732342007434944,0.0,0.03633828996282522
South,2564,2,3100,1000,0.5,0.3,0.1,True,0.25523809523809526,0.29038112522686027,0.0,0.07096188747731395
South,2564,2,3100,1000,1.0,0,0.01,False,,,,
South,2564,2,3100,1000,1.0,0,0.05,False,,,,
South,2564,2,3100,1000,1.0,0,0.1,False,,,,
South,2564,2,3100,1000,1.0,0.05,0.01,False,,,,
South,2564,2,3100,1000,1.0,0.05,0.05,False,,,,
South,2564,2,3100,1000,1.0,0.05,0.1,False,,,,
South,2564,2,3100,1000,1.0,0.1,0.01,False,,,,
South,2564,2,3100,1000,1.0,0.1,0.05,False,,,,
South,2564,2,3100,1000,1.0,0.1,0.1,False,,,,
South,2564,2,3100,1000,1.0,0.2,0.01,False,,,,
South,2564,2,3100,1000,1.0,0.2,0.05,False,,,,
South,2564,2,3100,1000,1.0,0.2,0.1,False,,,,
South,2564,2,3100,1000,1.0,0.3,0.01,True,0.25523809523809526,0.2625424368162958,0.0,0.007374575631837114
South,2564,2,3100,1000,1.0,0.3,0.05,True,0.25523809523809526,0.29038112522686027,0.0,0.03548094373865698
South,2564,2,3100,1000,1.0,0.3,0.1,True,0.25523809523809526,0.3,0.0,0.04519230769230769
